1629135701.000000, IBI
11.781250,0.671875
12.484375,0.703125
13.156250,0.671875
13.828125,0.671875
14.515625,0.687500
15.203125,0.687500
15.906250,0.703125
16.578125,0.671875
17.281250,0.703125
17.937500,0.656250
18.625000,0.687500
19.281250,0.656250
67.453125,0.734375
68.125000,0.671875
102.031250,0.718750
102.718750,0.687500
103.421875,0.703125
104.140625,0.718750
104.796875,0.656250
105.484375,0.687500
106.171875,0.687500
106.859375,0.687500
107.562500,0.703125
154.625000,0.765625
155.375000,0.750000
156.140625,0.765625
156.937500,0.796875
157.765625,0.828125
158.531250,0.765625
159.281250,0.750000
160.031250,0.750000
160.765625,0.734375
161.484375,0.718750
162.187500,0.703125
162.890625,0.703125
163.625000,0.734375
164.406250,0.781250
165.156250,0.750000
165.921875,0.765625
166.687500,0.765625
167.437500,0.750000
168.203125,0.765625
168.984375,0.781250
169.750000,0.765625
170.515625,0.765625
171.312500,0.796875
172.078125,0.765625
172.843750,0.765625
173.640625,0.796875
198.421875,0.828125
199.218750,0.796875
199.984375,0.765625
200.781250,0.796875
201.546875,0.765625
202.343750,0.796875
203.140625,0.796875
203.937500,0.796875
204.718750,0.781250
205.531250,0.812500
206.296875,0.765625
207.062500,0.765625
207.812500,0.750000
208.593750,0.781250
209.375000,0.781250
210.093750,0.718750
210.796875,0.703125
211.515625,0.718750
212.218750,0.703125
212.953125,0.734375
213.656250,0.703125
214.390625,0.734375
215.156250,0.765625
216.000000,0.843750
235.687500,0.718750
236.437500,0.750000
237.156250,0.718750
237.890625,0.734375
238.640625,0.750000
239.359375,0.718750
240.093750,0.734375
240.828125,0.734375
241.578125,0.750000
242.343750,0.765625
243.078125,0.734375
243.796875,0.718750
244.515625,0.718750
245.234375,0.718750
245.921875,0.687500
246.609375,0.687500
247.312500,0.703125
248.015625,0.703125
248.750000,0.734375
249.515625,0.765625
250.281250,0.765625
251.093750,0.812500
251.875000,0.781250
252.656250,0.781250
253.375000,0.718750
254.062500,0.687500
254.734375,0.671875
255.421875,0.687500
256.109375,0.687500
256.781250,0.671875
257.515625,0.734375
258.250000,0.734375
259.000000,0.750000
268.906250,0.765625
269.656250,0.750000
270.390625,0.734375
271.125000,0.734375
271.828125,0.703125
272.531250,0.703125
273.265625,0.734375
273.984375,0.718750
274.734375,0.750000
275.453125,0.718750
276.171875,0.718750
276.875000,0.703125
277.562500,0.687500
278.250000,0.687500
278.921875,0.671875
279.640625,0.718750
280.375000,0.734375
281.171875,0.796875
281.921875,0.750000
282.687500,0.765625
283.468750,0.781250
284.250000,0.781250
285.000000,0.750000
285.750000,0.750000
286.500000,0.750000
287.250000,0.750000
287.968750,0.718750
288.734375,0.765625
289.500000,0.765625
290.265625,0.765625
291.046875,0.781250
291.750000,0.703125
292.453125,0.703125
293.171875,0.718750
293.875000,0.703125
294.578125,0.703125
295.343750,0.765625
306.843750,0.812500
307.578125,0.734375
308.312500,0.734375
309.046875,0.734375
309.796875,0.750000
310.562500,0.765625
311.375000,0.812500
312.171875,0.796875
312.984375,0.812500
313.765625,0.781250
314.531250,0.765625
315.328125,0.796875
316.125000,0.796875
316.906250,0.781250
317.671875,0.765625
318.437500,0.765625
319.171875,0.734375
319.921875,0.750000
320.671875,0.750000
321.406250,0.734375
322.171875,0.765625
322.953125,0.781250
323.718750,0.765625
324.500000,0.781250
325.296875,0.796875
326.062500,0.765625
326.828125,0.765625
327.593750,0.765625
328.343750,0.750000
329.078125,0.734375
329.843750,0.765625
330.578125,0.734375
331.312500,0.734375
332.078125,0.765625
332.812500,0.734375
333.546875,0.734375
334.296875,0.750000
335.015625,0.718750
335.750000,0.734375
336.484375,0.734375
337.218750,0.734375
337.921875,0.703125
338.593750,0.671875
339.265625,0.671875
339.968750,0.703125
340.656250,0.687500
341.375000,0.718750
342.078125,0.703125
342.796875,0.718750
343.531250,0.734375
344.265625,0.734375
345.031250,0.765625
345.781250,0.750000
346.515625,0.734375
347.296875,0.781250
348.078125,0.781250
348.875000,0.796875
349.640625,0.765625
350.421875,0.781250
351.187500,0.765625
351.906250,0.718750
352.625000,0.718750
353.343750,0.718750
354.062500,0.718750
354.781250,0.718750
355.515625,0.734375
356.265625,0.750000
356.968750,0.703125
357.687500,0.718750
358.359375,0.671875
359.046875,0.687500
359.750000,0.703125
360.453125,0.703125
361.171875,0.718750
361.906250,0.734375
362.625000,0.718750
363.328125,0.703125
364.062500,0.734375
364.781250,0.718750
365.531250,0.750000
366.281250,0.750000
367.015625,0.734375
367.750000,0.734375
368.484375,0.734375
369.218750,0.734375
369.953125,0.734375
370.703125,0.750000
371.437500,0.734375
372.187500,0.750000
372.953125,0.765625
373.718750,0.765625
374.484375,0.765625
375.250000,0.765625
376.031250,0.781250
376.812500,0.781250
377.593750,0.781250
378.375000,0.781250
379.140625,0.765625
379.906250,0.765625
380.687500,0.781250
381.437500,0.750000
382.234375,0.796875
383.062500,0.828125
383.859375,0.796875
384.656250,0.796875
385.468750,0.812500
386.234375,0.765625
387.000000,0.765625
387.750000,0.750000
388.515625,0.765625
389.250000,0.734375
389.968750,0.718750
390.687500,0.718750
391.343750,0.656250
392.031250,0.687500
392.718750,0.687500
393.437500,0.718750
394.218750,0.781250
395.015625,0.796875
395.812500,0.796875
396.593750,0.781250
397.406250,0.812500
398.203125,0.796875
398.984375,0.781250
399.796875,0.812500
400.609375,0.812500
401.375000,0.765625
402.140625,0.765625
402.921875,0.781250
403.687500,0.765625
404.453125,0.765625
405.218750,0.765625
405.968750,0.750000
406.718750,0.750000
407.500000,0.781250
408.281250,0.781250
409.062500,0.781250
409.843750,0.781250
410.640625,0.796875
411.437500,0.796875
412.234375,0.796875
413.078125,0.843750
441.796875,0.734375
442.500000,0.703125
443.218750,0.718750
443.921875,0.703125
444.609375,0.687500
445.296875,0.687500
446.000000,0.703125
446.718750,0.718750
447.437500,0.718750
448.156250,0.718750
448.906250,0.750000
449.703125,0.796875
450.515625,0.812500
451.296875,0.781250
452.109375,0.812500
452.921875,0.812500
453.671875,0.750000
454.421875,0.750000
455.171875,0.750000
455.875000,0.703125
456.593750,0.718750
457.312500,0.718750
458.046875,0.734375
458.765625,0.718750
459.500000,0.734375
460.234375,0.734375
460.968750,0.734375
461.703125,0.734375
462.468750,0.765625
463.218750,0.750000
477.984375,0.750000
478.750000,0.765625
479.515625,0.765625
480.265625,0.750000
481.015625,0.750000
481.781250,0.765625
482.531250,0.750000
483.250000,0.718750
484.000000,0.750000
484.718750,0.718750
485.437500,0.718750
486.140625,0.703125
511.750000,0.734375
512.500000,0.750000
513.265625,0.765625
534.859375,0.703125
535.593750,0.734375
536.265625,0.671875
536.968750,0.703125
537.671875,0.703125
538.406250,0.734375
539.140625,0.734375
555.609375,0.718750
556.328125,0.718750
557.046875,0.718750
557.750000,0.703125
558.468750,0.718750
578.218750,0.671875
578.906250,0.687500
579.609375,0.703125
580.296875,0.687500
581.046875,0.750000
581.843750,0.796875
582.593750,0.750000
583.328125,0.734375
584.046875,0.718750
584.765625,0.718750
585.468750,0.703125
586.171875,0.703125
586.921875,0.750000
587.656250,0.734375
588.421875,0.765625
589.203125,0.781250
590.015625,0.812500
590.843750,0.828125
591.640625,0.796875
592.375000,0.734375
593.109375,0.734375
593.859375,0.750000
594.640625,0.781250
595.437500,0.796875
607.109375,0.781250
633.718750,0.718750
634.468750,0.750000
652.734375,0.765625
653.515625,0.781250
654.328125,0.812500
655.093750,0.765625
655.859375,0.765625
656.640625,0.781250
657.421875,0.781250
658.218750,0.796875
659.015625,0.796875
659.812500,0.796875
660.593750,0.781250
661.390625,0.796875
662.156250,0.765625
662.906250,0.750000
663.687500,0.781250
664.421875,0.734375
665.156250,0.734375
665.890625,0.734375
666.562500,0.671875
667.312500,0.750000
668.031250,0.718750
668.765625,0.734375
669.500000,0.734375
670.281250,0.781250
671.031250,0.750000
671.781250,0.750000
672.531250,0.750000
673.265625,0.734375
674.000000,0.734375
674.750000,0.750000
675.500000,0.750000
676.234375,0.734375
677.000000,0.765625
677.750000,0.750000
678.500000,0.750000
679.265625,0.765625
680.015625,0.750000
680.750000,0.734375
681.515625,0.765625
682.281250,0.765625
683.015625,0.734375
683.750000,0.734375
684.515625,0.765625
685.250000,0.734375
686.000000,0.750000
686.765625,0.765625
687.515625,0.750000
688.265625,0.750000
689.031250,0.765625
689.781250,0.750000
690.531250,0.750000
691.312500,0.781250
692.093750,0.781250
692.859375,0.765625
693.656250,0.796875
694.437500,0.781250
695.203125,0.765625
696.000000,0.796875
696.796875,0.796875
705.187500,0.781250
705.921875,0.734375
706.625000,0.703125
707.343750,0.718750
708.078125,0.734375
708.812500,0.734375
726.156250,0.765625
726.921875,0.765625
727.734375,0.812500
728.515625,0.781250
729.281250,0.765625
730.078125,0.796875
730.828125,0.750000
731.593750,0.765625
732.406250,0.812500
733.218750,0.812500
734.031250,0.812500
734.843750,0.812500
735.656250,0.812500
736.437500,0.781250
737.218750,0.781250
738.000000,0.781250
738.765625,0.765625
739.531250,0.765625
740.281250,0.750000
741.046875,0.765625
741.812500,0.765625
742.578125,0.765625
743.343750,0.765625
744.109375,0.765625
755.859375,0.750000
770.156250,0.781250
770.937500,0.781250
771.703125,0.765625
772.453125,0.750000
773.218750,0.765625
773.937500,0.718750
774.671875,0.734375
775.390625,0.718750
776.109375,0.718750
776.828125,0.718750
777.562500,0.734375
778.296875,0.734375
779.000000,0.703125
779.734375,0.734375
780.468750,0.734375
781.218750,0.750000
781.953125,0.734375
782.718750,0.765625
783.468750,0.750000
784.218750,0.750000
784.968750,0.750000
785.718750,0.750000
786.453125,0.734375
787.218750,0.765625
787.968750,0.750000
788.718750,0.750000
789.484375,0.765625
790.218750,0.734375
790.968750,0.750000
791.703125,0.734375
792.437500,0.734375
793.171875,0.734375
793.906250,0.734375
794.671875,0.765625
795.406250,0.734375
796.156250,0.750000
796.937500,0.781250
797.671875,0.734375
798.406250,0.734375
799.156250,0.750000
805.859375,0.734375
806.593750,0.734375
807.296875,0.703125
808.015625,0.718750
808.718750,0.703125
809.406250,0.687500
810.109375,0.703125
810.828125,0.718750
811.546875,0.718750
812.265625,0.718750
812.984375,0.718750
813.703125,0.718750
814.421875,0.718750
815.156250,0.734375
815.890625,0.734375
816.625000,0.734375
817.390625,0.765625
818.125000,0.734375
818.875000,0.750000
819.625000,0.750000
820.375000,0.750000
821.109375,0.734375
821.843750,0.734375
822.593750,0.750000
823.328125,0.734375
824.046875,0.718750
824.812500,0.765625
825.546875,0.734375
826.296875,0.750000
827.015625,0.718750
827.765625,0.750000
828.484375,0.718750
829.203125,0.718750
829.937500,0.734375
830.640625,0.703125
831.359375,0.718750
832.109375,0.750000
832.843750,0.734375
833.593750,0.750000
834.343750,0.750000
835.125000,0.781250
835.890625,0.765625
836.656250,0.765625
837.437500,0.781250
838.187500,0.750000
838.937500,0.750000
839.671875,0.734375
840.406250,0.734375
841.140625,0.734375
841.859375,0.718750
842.625000,0.765625
843.359375,0.734375
844.109375,0.750000
844.875000,0.765625
845.640625,0.765625
846.375000,0.734375
847.125000,0.750000
847.875000,0.750000
848.625000,0.750000
849.359375,0.734375
850.125000,0.765625
850.890625,0.765625
851.640625,0.750000
852.390625,0.750000
853.140625,0.750000
853.890625,0.750000
854.625000,0.734375
855.375000,0.750000
856.125000,0.750000
856.875000,0.750000
857.609375,0.734375
858.343750,0.734375
859.078125,0.734375
859.796875,0.718750
860.531250,0.734375
861.281250,0.750000
862.015625,0.734375
862.750000,0.734375
863.500000,0.750000
864.250000,0.750000
864.984375,0.734375
865.734375,0.750000
866.468750,0.734375
867.187500,0.718750
867.906250,0.718750
868.625000,0.718750
869.343750,0.718750
870.078125,0.734375
870.812500,0.734375
871.562500,0.750000
872.296875,0.734375
873.031250,0.734375
873.796875,0.765625
874.515625,0.718750
875.203125,0.687500
875.906250,0.703125
876.609375,0.703125
877.343750,0.734375
883.656250,0.703125
884.406250,0.750000
885.171875,0.765625
885.937500,0.765625
886.687500,0.750000
887.468750,0.781250
888.218750,0.750000
888.968750,0.750000
889.718750,0.750000
890.484375,0.765625
891.250000,0.765625
891.984375,0.734375
892.718750,0.734375
893.453125,0.734375
894.156250,0.703125
894.875000,0.718750
895.593750,0.718750
896.296875,0.703125
897.000000,0.703125
897.718750,0.718750
898.437500,0.718750
899.203125,0.765625
899.921875,0.718750
900.640625,0.718750
901.375000,0.734375
902.093750,0.718750
902.843750,0.750000
903.562500,0.718750
904.296875,0.734375
905.015625,0.718750
905.734375,0.718750
906.453125,0.718750
907.171875,0.718750
907.906250,0.734375
908.640625,0.734375
909.375000,0.734375
910.140625,0.765625
910.859375,0.718750
911.578125,0.718750
912.296875,0.718750
913.031250,0.734375
913.750000,0.718750
914.484375,0.734375
915.234375,0.750000
915.968750,0.734375
916.687500,0.718750
917.421875,0.734375
918.140625,0.718750
918.859375,0.718750
919.593750,0.734375
920.328125,0.734375
921.046875,0.718750
921.750000,0.703125
922.437500,0.687500
923.125000,0.687500
923.812500,0.687500
924.515625,0.703125
925.250000,0.734375
925.953125,0.703125
926.687500,0.734375
927.437500,0.750000
928.203125,0.765625
928.968750,0.765625
929.718750,0.750000
930.468750,0.750000
931.234375,0.765625
931.968750,0.734375
932.718750,0.750000
933.500000,0.781250
934.281250,0.781250
935.031250,0.750000
935.781250,0.750000
936.515625,0.734375
937.265625,0.750000
937.984375,0.718750
938.734375,0.750000
939.484375,0.750000
940.234375,0.750000
940.968750,0.734375
941.734375,0.765625
942.484375,0.750000
943.218750,0.734375
943.968750,0.750000
944.718750,0.750000
945.453125,0.734375
946.187500,0.734375
946.937500,0.750000
947.703125,0.765625
948.437500,0.734375
949.140625,0.703125
949.859375,0.718750
950.578125,0.718750
951.296875,0.718750
952.015625,0.718750
952.765625,0.750000
953.515625,0.750000
954.250000,0.734375
954.968750,0.718750
955.687500,0.718750
956.406250,0.718750
957.125000,0.718750
957.828125,0.703125
958.546875,0.718750
959.265625,0.718750
959.984375,0.718750
960.703125,0.718750
961.437500,0.734375
962.171875,0.734375
962.890625,0.718750
963.625000,0.734375
964.359375,0.734375
965.093750,0.734375
965.828125,0.734375
966.562500,0.734375
967.312500,0.750000
968.031250,0.718750
968.781250,0.750000
969.515625,0.734375
970.250000,0.734375
971.000000,0.750000
971.734375,0.734375
972.453125,0.718750
973.203125,0.750000
973.937500,0.734375
974.656250,0.718750
975.375000,0.718750
976.109375,0.734375
976.828125,0.718750
977.546875,0.718750
978.250000,0.703125
978.968750,0.718750
979.656250,0.687500
980.375000,0.718750
981.093750,0.718750
981.812500,0.718750
982.531250,0.718750
983.265625,0.734375
984.000000,0.734375
984.703125,0.703125
985.437500,0.734375
986.156250,0.718750
986.859375,0.703125
987.593750,0.734375
988.312500,0.718750
989.015625,0.703125
989.750000,0.734375
990.468750,0.718750
991.187500,0.718750
991.890625,0.703125
992.625000,0.734375
993.343750,0.718750
994.062500,0.718750
994.781250,0.718750
995.500000,0.718750
996.218750,0.718750
996.937500,0.718750
997.671875,0.734375
998.390625,0.718750
999.093750,0.703125
999.812500,0.718750
1000.515625,0.703125
1001.218750,0.703125
1001.906250,0.687500
1002.625000,0.718750
1003.312500,0.687500
1004.015625,0.703125
1004.718750,0.703125
1005.406250,0.687500
1006.125000,0.718750
1006.781250,0.656250
1007.484375,0.703125
1008.156250,0.671875
1008.843750,0.687500
1045.828125,0.734375
1046.531250,0.703125
1047.250000,0.718750
1048.000000,0.750000
1048.750000,0.750000
1049.421875,0.671875
1050.140625,0.718750
1050.843750,0.703125
1051.546875,0.703125
1052.250000,0.703125
1052.906250,0.656250
1053.593750,0.687500
1054.250000,0.656250
1054.921875,0.671875
1055.609375,0.687500
1056.296875,0.687500
1057.000000,0.703125
1057.750000,0.750000
1058.484375,0.734375
1059.234375,0.750000
1060.000000,0.765625
1060.781250,0.781250
1061.562500,0.781250
1062.312500,0.750000
1063.031250,0.718750
1063.781250,0.750000
1064.515625,0.734375
1065.250000,0.734375
1065.984375,0.734375
1066.718750,0.734375
1067.468750,0.750000
1068.203125,0.734375
1079.671875,0.781250
1080.453125,0.781250
1081.187500,0.734375
1081.921875,0.734375
1082.625000,0.703125
1083.359375,0.734375
1084.062500,0.703125
1084.750000,0.687500
1085.437500,0.687500
1086.156250,0.718750
1086.953125,0.796875
1087.765625,0.812500
1088.562500,0.796875
1089.296875,0.734375
1090.031250,0.734375
1090.781250,0.750000
1091.546875,0.765625
1092.281250,0.734375
1093.000000,0.718750
1093.718750,0.718750
1094.421875,0.703125
1095.156250,0.734375
1095.890625,0.734375
1096.625000,0.734375
1097.359375,0.734375
1098.078125,0.718750
1098.781250,0.703125
1099.484375,0.703125
1100.203125,0.718750
1100.921875,0.718750
1101.687500,0.765625
1102.406250,0.718750
1103.125000,0.718750
1103.875000,0.750000
1104.609375,0.734375
1105.390625,0.781250
1106.140625,0.750000
1106.906250,0.765625
1107.625000,0.718750
1108.312500,0.687500
1109.000000,0.687500
1109.703125,0.703125
1110.406250,0.703125
1111.125000,0.718750
1111.890625,0.765625
1112.687500,0.796875
1113.500000,0.812500
1114.281250,0.781250
1115.046875,0.765625
1115.828125,0.781250
1116.609375,0.781250
1117.343750,0.734375
1118.078125,0.734375
1118.796875,0.718750
1119.500000,0.703125
1120.203125,0.703125
1120.906250,0.703125
1121.640625,0.734375
1122.359375,0.718750
1123.062500,0.703125
1123.796875,0.734375
1124.484375,0.687500
1125.203125,0.718750
1125.875000,0.671875
1126.562500,0.687500
1127.218750,0.656250
1127.875000,0.656250
1128.546875,0.671875
1129.156250,0.609375
1129.812500,0.656250
1130.500000,0.687500
1131.250000,0.750000
1131.953125,0.703125
1132.656250,0.703125
1133.359375,0.703125
1134.078125,0.718750
1134.812500,0.734375
1135.562500,0.750000
1136.343750,0.781250
1157.046875,0.765625
1157.859375,0.812500
1158.625000,0.765625
1159.406250,0.781250
1160.171875,0.765625
1160.953125,0.781250
1161.734375,0.781250
1162.453125,0.718750
1163.171875,0.718750
1163.906250,0.734375
1164.640625,0.734375
1165.375000,0.734375
1166.125000,0.750000
1166.890625,0.765625
1167.656250,0.765625
1168.421875,0.765625
1169.203125,0.781250
1169.984375,0.781250
1170.734375,0.750000
1171.515625,0.781250
1172.281250,0.765625
1173.062500,0.781250
1176.515625,0.687500
1177.234375,0.718750
1177.953125,0.718750
1178.640625,0.687500
1179.328125,0.687500
1179.984375,0.656250
1180.625000,0.640625
1181.312500,0.687500
1181.984375,0.671875
1182.687500,0.703125
1183.375000,0.687500
1184.062500,0.687500
1184.781250,0.718750
1185.484375,0.703125
1186.234375,0.750000
1187.000000,0.765625
1187.750000,0.750000
1188.484375,0.734375
1189.265625,0.781250
1190.031250,0.765625
1190.765625,0.734375
1191.531250,0.765625
1192.296875,0.765625
1193.046875,0.750000
1193.781250,0.734375
1194.546875,0.765625
1195.312500,0.765625
1196.046875,0.734375
1196.781250,0.734375
1197.515625,0.734375
1198.234375,0.718750
1198.968750,0.734375
1199.718750,0.750000
1200.468750,0.750000
1201.187500,0.718750
1201.937500,0.750000
1202.671875,0.734375
1203.406250,0.734375
1204.156250,0.750000
1204.921875,0.765625
1205.671875,0.750000
1206.421875,0.750000
1207.187500,0.765625
1207.921875,0.734375
1208.640625,0.718750
1209.359375,0.718750
1210.078125,0.718750
1210.781250,0.703125
1211.453125,0.671875
1212.140625,0.687500
1212.828125,0.687500
1213.515625,0.687500
1214.203125,0.687500
1214.890625,0.687500
1215.593750,0.703125
1216.312500,0.718750
1217.046875,0.734375
1217.828125,0.781250
1218.562500,0.734375
1219.296875,0.734375
1220.046875,0.750000
1220.750000,0.703125
1221.484375,0.734375
1222.187500,0.703125
1222.906250,0.718750
1223.625000,0.718750
1224.328125,0.703125
1225.031250,0.703125
1225.750000,0.718750
1226.468750,0.718750
1227.187500,0.718750
1227.921875,0.734375
1228.656250,0.734375
1229.390625,0.734375
1230.140625,0.750000
1230.890625,0.750000
1231.625000,0.734375
1232.406250,0.781250
1233.156250,0.750000
1233.890625,0.734375
1234.640625,0.750000
1235.375000,0.734375
1236.062500,0.687500
1236.765625,0.703125
1237.484375,0.718750
1238.187500,0.703125
1238.859375,0.671875
1239.515625,0.656250
1240.156250,0.640625
1240.828125,0.671875
1241.453125,0.625000
1242.093750,0.640625
1242.703125,0.609375
1243.343750,0.640625
1244.000000,0.656250
1244.687500,0.687500
1245.390625,0.703125
1246.125000,0.734375
1246.843750,0.718750
1247.578125,0.734375
1248.328125,0.750000
1249.078125,0.750000
1249.812500,0.734375
1250.546875,0.734375
1251.312500,0.765625
1252.031250,0.718750
1252.734375,0.703125
1253.437500,0.703125
1254.140625,0.703125
1254.843750,0.703125
1255.531250,0.687500
1256.265625,0.734375
1257.000000,0.734375
1257.750000,0.750000
1258.500000,0.750000
1259.265625,0.765625
1260.000000,0.734375
1260.750000,0.750000
1261.500000,0.750000
1262.218750,0.718750
1262.953125,0.734375
1263.687500,0.734375
1264.406250,0.718750
1265.109375,0.703125
1265.812500,0.703125
1266.546875,0.734375
1267.250000,0.703125
1267.968750,0.718750
1268.703125,0.734375
1269.437500,0.734375
1270.171875,0.734375
1270.906250,0.734375
1271.656250,0.750000
1272.375000,0.718750
1273.109375,0.734375
1273.828125,0.718750
1274.546875,0.718750
1275.250000,0.703125
1275.953125,0.703125
1276.656250,0.703125
1277.359375,0.703125
1278.062500,0.703125
1278.750000,0.687500
1279.437500,0.687500
1280.140625,0.703125
1280.875000,0.734375
1281.593750,0.718750
1282.281250,0.687500
1283.000000,0.718750
1283.687500,0.687500
1284.359375,0.671875
1285.046875,0.687500
1285.718750,0.671875
1286.421875,0.703125
1287.156250,0.734375
1287.921875,0.765625
1288.703125,0.781250
1289.453125,0.750000
1290.203125,0.750000
1290.968750,0.765625
1291.703125,0.734375
1292.406250,0.703125
1293.109375,0.703125
1293.828125,0.718750
1294.562500,0.734375
1295.296875,0.734375
1296.062500,0.765625
1296.828125,0.765625
1297.578125,0.750000
1298.296875,0.718750
1299.000000,0.703125
1299.671875,0.671875
1300.359375,0.687500
1301.046875,0.687500
1301.750000,0.703125
1302.484375,0.734375
1303.234375,0.750000
1303.984375,0.750000
1304.765625,0.781250
1305.531250,0.765625
1306.312500,0.781250
1307.109375,0.796875
1307.921875,0.812500
1308.703125,0.781250
1309.437500,0.734375
1310.187500,0.750000
1310.921875,0.734375
1311.671875,0.750000
1312.375000,0.703125
1313.109375,0.734375
1313.828125,0.718750
1314.562500,0.734375
1315.296875,0.734375
1316.031250,0.734375
1316.750000,0.718750
1317.468750,0.718750
1318.203125,0.734375
1318.921875,0.718750
1319.656250,0.734375
1320.375000,0.718750
1321.078125,0.703125
1321.796875,0.718750
1322.515625,0.718750
1323.203125,0.687500
1323.875000,0.671875
1324.562500,0.687500
1325.234375,0.671875
1325.921875,0.687500
1326.593750,0.671875
1327.281250,0.687500
1327.984375,0.703125
1328.687500,0.703125
1329.375000,0.687500
1330.093750,0.718750
1330.781250,0.687500
1331.468750,0.687500
1332.140625,0.671875
1332.812500,0.671875
1333.515625,0.703125
1334.203125,0.687500
1334.937500,0.734375
1335.703125,0.765625
1336.468750,0.765625
1337.203125,0.734375
1337.937500,0.734375
1338.671875,0.734375
1339.390625,0.718750
1340.109375,0.718750
1340.828125,0.718750
1341.562500,0.734375
1342.296875,0.734375
1343.031250,0.734375
1343.781250,0.750000
1344.531250,0.750000
1345.265625,0.734375
1346.000000,0.734375
1346.734375,0.734375
1347.453125,0.718750
1348.187500,0.734375
1348.906250,0.718750
1349.625000,0.718750
1350.359375,0.734375
1351.093750,0.734375
1351.812500,0.718750
1352.515625,0.703125
1353.234375,0.718750
1353.953125,0.718750
1354.671875,0.718750
1355.375000,0.703125
1356.093750,0.718750
1356.812500,0.718750
1357.515625,0.703125
1358.187500,0.671875
1358.906250,0.718750
1359.625000,0.718750
1360.359375,0.734375
1361.046875,0.687500
1361.750000,0.703125
1362.453125,0.703125
1363.156250,0.703125
1363.843750,0.687500
1364.531250,0.687500
1365.234375,0.703125
1365.937500,0.703125
1366.640625,0.703125
1367.375000,0.734375
1368.093750,0.718750
1368.828125,0.734375
1369.562500,0.734375
1377.281250,0.750000
1378.000000,0.718750
1378.718750,0.718750
1379.437500,0.718750
1380.156250,0.718750
1380.859375,0.703125
1381.562500,0.703125
1382.281250,0.718750
1382.984375,0.703125
1383.718750,0.734375
1384.421875,0.703125
1385.140625,0.718750
1385.843750,0.703125
1386.562500,0.718750
1387.265625,0.703125
1387.968750,0.703125
1388.671875,0.703125
1389.359375,0.687500
1390.062500,0.703125
1390.765625,0.703125
1391.484375,0.718750
1392.187500,0.703125
1392.906250,0.718750
1393.625000,0.718750
1394.328125,0.703125
1395.031250,0.703125
1395.718750,0.687500
1396.421875,0.703125
1397.093750,0.671875
1397.781250,0.687500
1398.468750,0.687500
1399.171875,0.703125
1399.859375,0.687500
1400.546875,0.687500
1401.265625,0.718750
1401.968750,0.703125
1402.656250,0.687500
1403.343750,0.687500
1404.031250,0.687500
1404.703125,0.671875
1405.390625,0.687500
1406.078125,0.687500
1406.750000,0.671875
1407.437500,0.687500
1408.109375,0.671875
1408.812500,0.703125
1409.500000,0.687500
1410.203125,0.703125
1410.906250,0.703125
1411.609375,0.703125
1412.312500,0.703125
1413.015625,0.703125
1413.734375,0.718750
1414.421875,0.687500
1415.125000,0.703125
1415.828125,0.703125
1416.500000,0.671875
1417.187500,0.687500
1417.890625,0.703125
1418.562500,0.671875
1419.234375,0.671875
1419.906250,0.671875
1420.593750,0.687500
1421.281250,0.687500
1421.984375,0.703125
1422.718750,0.734375
1423.421875,0.703125
1424.140625,0.718750
1424.859375,0.718750
1425.562500,0.703125
1426.250000,0.687500
1426.984375,0.734375
1427.703125,0.718750
1428.421875,0.718750
1429.140625,0.718750
1429.875000,0.734375
1430.578125,0.703125
1431.296875,0.718750
1432.015625,0.718750
1432.718750,0.703125
1433.421875,0.703125
1434.109375,0.687500
1434.843750,0.734375
1435.546875,0.703125
1436.234375,0.687500
1436.953125,0.718750
1437.656250,0.703125
1438.359375,0.703125
1439.062500,0.703125
1439.765625,0.703125
1440.453125,0.687500
1441.125000,0.671875
1441.781250,0.656250
1442.437500,0.656250
1443.093750,0.656250
1471.078125,0.593750
1471.609375,0.531250
1529.468750,0.656250
1530.140625,0.671875
1530.812500,0.671875
1531.484375,0.671875
1532.125000,0.640625
1532.781250,0.656250
1533.468750,0.687500
1534.171875,0.703125
1534.875000,0.703125
1535.578125,0.703125
1536.312500,0.734375
1537.015625,0.703125
1537.703125,0.687500
1538.343750,0.640625
1538.984375,0.640625
1539.656250,0.671875
1540.312500,0.656250
1541.031250,0.718750
1541.765625,0.734375
1542.500000,0.734375
1543.203125,0.703125
1543.906250,0.703125
1544.640625,0.734375
1545.343750,0.703125
1546.031250,0.687500
1546.687500,0.656250
1547.375000,0.687500
1548.062500,0.687500
1548.750000,0.687500
1549.406250,0.656250
1550.031250,0.625000
1550.718750,0.687500
1551.390625,0.671875
1552.093750,0.703125
1552.812500,0.718750
1553.468750,0.656250
1554.156250,0.687500
1554.859375,0.703125
1555.578125,0.718750
1556.265625,0.687500
1556.937500,0.671875
1557.609375,0.671875
1558.250000,0.640625
1558.906250,0.656250
1559.593750,0.687500
1560.296875,0.703125
1560.984375,0.687500
1561.640625,0.656250
1562.343750,0.703125
1563.046875,0.703125
1563.718750,0.671875
1564.406250,0.687500
1565.078125,0.671875
1565.703125,0.625000
1566.359375,0.656250
1567.015625,0.656250
1567.687500,0.671875
1568.359375,0.671875
1569.062500,0.703125
1569.796875,0.734375
1570.578125,0.781250
1571.343750,0.765625
1572.093750,0.750000
1572.859375,0.765625
1573.546875,0.687500
1574.250000,0.703125
1574.937500,0.687500
1575.625000,0.687500
1576.281250,0.656250
1576.937500,0.656250
1577.562500,0.625000
1578.218750,0.656250
1578.890625,0.671875
1579.562500,0.671875
1580.265625,0.703125
1580.968750,0.703125
1581.671875,0.703125
1582.359375,0.687500
1583.046875,0.687500
1583.750000,0.703125
1584.421875,0.671875
1585.125000,0.703125
1585.828125,0.703125
1586.531250,0.703125
1587.250000,0.718750
1587.937500,0.687500
1588.609375,0.671875
1589.296875,0.687500
1590.000000,0.703125
1590.687500,0.687500
1607.546875,0.656250
1608.187500,0.640625
1608.812500,0.625000
1609.468750,0.656250
1610.140625,0.671875
1610.812500,0.671875
1611.515625,0.703125
1612.218750,0.703125
1612.906250,0.687500
1613.625000,0.718750
1614.265625,0.640625
1614.937500,0.671875
1615.625000,0.687500
1616.343750,0.718750
1617.046875,0.703125
1617.765625,0.718750
1618.515625,0.750000
1619.218750,0.703125
1619.921875,0.703125
1626.578125,0.671875
1627.312500,0.734375
1628.046875,0.734375
1628.781250,0.734375
1629.562500,0.781250
1630.328125,0.765625
1631.093750,0.765625
1631.828125,0.734375
1632.546875,0.718750
1633.218750,0.671875
1633.859375,0.640625
1634.531250,0.671875
1635.218750,0.687500
1635.906250,0.687500
1636.593750,0.687500
1637.312500,0.718750
1638.062500,0.750000
1638.796875,0.734375
1639.531250,0.734375
1640.250000,0.718750
1640.937500,0.687500
1673.843750,0.796875
1674.625000,0.781250
1675.375000,0.750000
1676.125000,0.750000
1676.875000,0.750000
1677.609375,0.734375
1678.312500,0.703125
1691.859375,0.734375
1692.578125,0.718750
1693.328125,0.750000
1694.109375,0.781250
1694.859375,0.750000
1695.609375,0.750000
1696.375000,0.765625
1697.156250,0.781250
1697.890625,0.734375
1698.625000,0.734375
1699.359375,0.734375
1700.093750,0.734375
1700.828125,0.734375
1701.531250,0.703125
1702.296875,0.765625
1703.015625,0.718750
1703.718750,0.703125
1704.484375,0.765625
1705.234375,0.750000
1705.953125,0.718750
1706.718750,0.765625
1707.468750,0.750000
1708.218750,0.750000
1708.968750,0.750000
1709.734375,0.765625
1710.484375,0.750000
1711.250000,0.765625
1712.015625,0.765625
1712.765625,0.750000
1713.515625,0.750000
1714.296875,0.781250
1715.000000,0.703125
1715.734375,0.734375
1716.468750,0.734375
1717.218750,0.750000
1717.968750,0.750000
1718.703125,0.734375
1719.390625,0.687500
1720.109375,0.718750
1720.796875,0.687500
1721.453125,0.656250
1722.125000,0.671875
1722.796875,0.671875
1723.484375,0.687500
1724.156250,0.671875
1724.828125,0.671875
1725.468750,0.640625
1726.093750,0.625000
1726.781250,0.687500
1727.500000,0.718750
1728.218750,0.718750
1728.906250,0.687500
1729.609375,0.703125
1730.343750,0.734375
1731.078125,0.734375
1731.781250,0.703125
1732.468750,0.687500
1733.140625,0.671875
1733.843750,0.703125
1734.531250,0.687500
1735.203125,0.671875
1735.859375,0.656250
1754.734375,0.656250
1755.390625,0.656250
1756.078125,0.687500
1756.765625,0.687500
1757.484375,0.718750
1758.203125,0.718750
1759.000000,0.796875
1759.765625,0.765625
1760.390625,0.625000
1761.265625,0.875000
1762.031250,0.765625
1762.812500,0.781250
1763.531250,0.718750
1764.109375,0.578125
1764.921875,0.812500
1765.640625,0.718750
1766.328125,0.687500
1767.015625,0.687500
1767.765625,0.750000
1768.484375,0.718750
1769.203125,0.718750
1769.890625,0.687500
1770.609375,0.718750
1771.328125,0.718750
1772.062500,0.734375
1772.718750,0.656250
1773.421875,0.703125
1774.046875,0.625000
1774.718750,0.671875
1775.375000,0.656250
1776.015625,0.640625
1776.687500,0.671875
1777.406250,0.718750
1778.140625,0.734375
1778.843750,0.703125
1779.593750,0.750000
1780.218750,0.625000
1781.078125,0.859375
1781.687500,0.609375
1782.500000,0.812500
1783.187500,0.687500
1783.890625,0.703125
1784.546875,0.656250
1788.781250,0.812500
1789.578125,0.796875
1790.406250,0.828125
1791.218750,0.812500
1792.046875,0.828125
1792.875000,0.828125
1793.640625,0.765625
1794.437500,0.796875
1795.218750,0.781250
1795.921875,0.703125
1796.656250,0.734375
1797.390625,0.734375
1798.140625,0.750000
1798.843750,0.703125
1799.500000,0.656250
1800.234375,0.734375
1800.875000,0.640625
1801.656250,0.781250
1802.406250,0.750000
1803.140625,0.734375
1803.875000,0.734375
1804.671875,0.796875
1805.437500,0.765625
1806.062500,0.625000
1806.953125,0.890625
1807.734375,0.781250
1808.531250,0.796875
1809.296875,0.765625
1810.046875,0.750000
1810.765625,0.718750
1811.546875,0.781250
1812.328125,0.781250
1813.078125,0.750000
1813.828125,0.750000
1814.578125,0.750000
1815.328125,0.750000
1816.078125,0.750000
1816.750000,0.671875
1817.468750,0.718750
1818.125000,0.656250
1822.875000,0.703125
1823.546875,0.671875
1824.093750,0.546875
1824.859375,0.765625
1825.531250,0.671875
1826.109375,0.578125
1826.906250,0.796875
1827.593750,0.687500
1828.265625,0.671875
1829.000000,0.734375
1829.703125,0.703125
1830.468750,0.765625
1831.281250,0.812500
1832.109375,0.828125
1832.906250,0.796875
1833.593750,0.687500
1834.359375,0.765625
1835.109375,0.750000
1835.796875,0.687500
1836.640625,0.843750
1837.390625,0.750000
1838.109375,0.718750
1838.812500,0.703125
1839.546875,0.734375
1840.218750,0.671875
1840.921875,0.703125
1841.609375,0.687500
1842.328125,0.718750
1842.984375,0.656250
1843.703125,0.718750
1844.359375,0.656250
1845.062500,0.703125
1845.828125,0.765625
1846.531250,0.703125
1854.140625,0.718750
1854.875000,0.734375
1855.625000,0.750000
1856.375000,0.750000
1857.109375,0.734375
1857.921875,0.812500
1858.687500,0.765625
1859.437500,0.750000
1860.234375,0.796875
1860.968750,0.734375
1861.734375,0.765625
1862.515625,0.781250
1863.265625,0.750000
1864.015625,0.750000
1864.750000,0.734375
1865.500000,0.750000
1866.250000,0.750000
1866.984375,0.734375
1867.765625,0.781250
1878.125000,0.734375
1878.828125,0.703125
1879.531250,0.703125
1880.203125,0.671875
1880.890625,0.687500
1881.578125,0.687500
1882.328125,0.750000
1890.546875,0.625000
1891.359375,0.812500
1892.109375,0.750000
1892.859375,0.750000
1893.578125,0.718750
1894.406250,0.828125
1895.203125,0.796875
1895.984375,0.781250
1896.765625,0.781250
1897.593750,0.828125
1898.250000,0.656250
1899.093750,0.843750
1899.843750,0.750000
1900.500000,0.656250
1901.390625,0.890625
1902.171875,0.781250
1902.906250,0.734375
1903.625000,0.718750
1904.406250,0.781250
1905.156250,0.750000
1905.875000,0.718750
1906.625000,0.750000
1907.390625,0.765625
1908.046875,0.656250
1908.875000,0.828125
1909.593750,0.718750
1910.250000,0.656250
1910.984375,0.734375
1911.640625,0.656250
1912.343750,0.703125
1913.000000,0.656250
1913.687500,0.687500
1914.406250,0.718750
1915.109375,0.703125
1915.781250,0.671875
1916.484375,0.703125
1917.250000,0.765625
1917.937500,0.687500
1918.671875,0.734375
1919.421875,0.750000
1920.187500,0.765625
1920.937500,0.750000
1921.671875,0.734375
1922.453125,0.781250
1923.171875,0.718750
1923.921875,0.750000
1924.671875,0.750000
1925.406250,0.734375
1926.140625,0.734375
1926.859375,0.718750
1927.609375,0.750000
1928.312500,0.703125
1929.015625,0.703125
1929.750000,0.734375
1930.406250,0.656250
1930.968750,0.562500
1931.781250,0.812500
1932.484375,0.703125
1933.203125,0.718750
1933.875000,0.671875
1934.718750,0.843750
1935.484375,0.765625
1936.218750,0.734375
1936.984375,0.765625
1937.781250,0.796875
1938.546875,0.765625
1939.265625,0.718750
1940.062500,0.796875
1940.859375,0.796875
1941.625000,0.765625
1942.390625,0.765625
1943.156250,0.765625
1943.937500,0.781250
1944.671875,0.734375
1945.406250,0.734375
1946.187500,0.781250
1946.937500,0.750000
1947.671875,0.734375
1948.437500,0.765625
1949.218750,0.781250
1950.000000,0.781250
1950.656250,0.656250
1951.546875,0.890625
1952.328125,0.781250
1953.000000,0.671875
1961.171875,0.734375
1961.953125,0.781250
1962.640625,0.687500
1963.453125,0.812500
1964.250000,0.796875
1964.937500,0.687500
1965.734375,0.796875
1966.437500,0.703125
1967.125000,0.687500
1967.718750,0.593750
1968.484375,0.765625
1969.171875,0.687500
1969.828125,0.656250
1970.375000,0.546875
1971.062500,0.687500
1971.906250,0.843750
1972.593750,0.687500
1973.328125,0.734375
1974.046875,0.718750
1974.812500,0.765625
1975.578125,0.765625
1984.250000,0.765625
1984.953125,0.703125
1985.656250,0.703125
1986.531250,0.875000
1987.250000,0.718750
1988.031250,0.781250
1988.781250,0.750000
1989.578125,0.796875
1990.359375,0.781250
1991.140625,0.781250
1991.906250,0.765625
1992.703125,0.796875
1993.484375,0.781250
1994.250000,0.765625
1995.031250,0.781250
1995.812500,0.781250
1996.609375,0.796875
1997.406250,0.796875
1998.171875,0.765625
1998.968750,0.796875
2003.968750,0.734375
2004.703125,0.734375
2005.421875,0.718750
2006.140625,0.718750
2006.921875,0.781250
2007.656250,0.734375
2008.390625,0.734375
2009.093750,0.703125
2009.890625,0.796875
2010.625000,0.734375
2011.343750,0.718750
2012.109375,0.765625
2019.750000,0.671875
2020.500000,0.750000
2021.218750,0.718750
2021.953125,0.734375
2022.734375,0.781250
2023.531250,0.796875
2024.250000,0.718750
2025.015625,0.765625
2025.843750,0.828125
2026.593750,0.750000
2027.265625,0.671875
2028.078125,0.812500
2028.796875,0.718750
2029.453125,0.656250
2030.203125,0.750000
2030.921875,0.718750
2031.640625,0.718750
2036.031250,0.781250
2036.765625,0.734375
2037.468750,0.703125
2038.250000,0.781250
2039.031250,0.781250
2039.750000,0.718750
2040.453125,0.703125
2041.281250,0.828125
2042.046875,0.765625
2042.765625,0.718750
2043.578125,0.812500
2061.937500,0.687500
2067.625000,0.781250
2068.437500,0.812500
2069.250000,0.812500
2070.140625,0.890625
2071.031250,0.890625
2071.734375,0.703125
2072.687500,0.953125
2073.406250,0.718750
2074.312500,0.906250
2078.187500,0.734375
2078.937500,0.750000
2079.750000,0.812500
2080.437500,0.687500
2081.250000,0.812500
2081.953125,0.703125
2082.718750,0.765625
2083.421875,0.703125
2084.171875,0.750000
2084.875000,0.703125
2085.609375,0.734375
2086.312500,0.703125
2087.015625,0.703125
2087.593750,0.578125
2095.890625,0.718750
2096.531250,0.640625
2097.312500,0.781250
2115.421875,0.734375
2116.171875,0.750000
2116.953125,0.781250
2117.703125,0.750000
2118.515625,0.812500
2119.265625,0.750000
2120.046875,0.781250
2120.859375,0.812500
2121.609375,0.750000
2122.406250,0.796875
2123.156250,0.750000
2123.875000,0.718750
2128.265625,0.750000
2129.015625,0.750000
2129.703125,0.687500
2130.484375,0.781250
2131.265625,0.781250
2131.953125,0.687500
2132.687500,0.734375
2133.437500,0.750000
2134.140625,0.703125
2134.843750,0.703125
2135.546875,0.703125
2136.250000,0.703125
2136.968750,0.718750
2137.687500,0.718750
2138.406250,0.718750
2139.109375,0.703125
2139.859375,0.750000
2140.593750,0.734375
2159.671875,0.640625
2160.312500,0.640625
2160.984375,0.671875
2161.703125,0.718750
2162.437500,0.734375
2163.234375,0.796875
2164.015625,0.781250
2164.843750,0.828125
2165.609375,0.765625
2166.421875,0.812500
2167.156250,0.734375
2167.906250,0.750000
2168.687500,0.781250
2169.453125,0.765625
2170.187500,0.734375
2170.953125,0.765625
2171.703125,0.750000
2172.468750,0.765625
2173.234375,0.765625
2174.000000,0.765625
2174.750000,0.750000
2175.500000,0.750000
2176.265625,0.765625
2177.000000,0.734375
2177.781250,0.781250
2178.515625,0.734375
2179.281250,0.765625
2180.000000,0.718750
2180.750000,0.750000
2181.437500,0.687500
2182.140625,0.703125
2182.859375,0.718750
2183.546875,0.687500
2184.312500,0.765625
2185.000000,0.687500
2185.593750,0.593750
2186.437500,0.843750
2187.156250,0.718750
2187.890625,0.734375
2188.625000,0.734375
2189.406250,0.781250
2190.156250,0.750000
2190.953125,0.796875
2191.765625,0.812500
2192.515625,0.750000
2193.328125,0.812500
2194.109375,0.781250
2201.406250,0.703125
2202.125000,0.718750
2202.875000,0.750000
2217.843750,0.703125
2218.546875,0.703125
2219.250000,0.703125
2219.968750,0.718750
2220.703125,0.734375
2221.406250,0.703125
2222.125000,0.718750
2222.890625,0.765625
2223.625000,0.734375
2224.343750,0.718750
2225.093750,0.750000
2225.859375,0.765625
2226.625000,0.765625
2227.359375,0.734375
2228.125000,0.765625
2228.828125,0.703125
2229.593750,0.765625
2236.812500,0.734375
2237.515625,0.703125
2242.000000,0.734375
2242.718750,0.718750
2243.437500,0.718750
2244.171875,0.734375
2244.906250,0.734375
2245.625000,0.718750
2246.281250,0.656250
2250.703125,0.640625
2251.453125,0.750000
2252.125000,0.671875
2252.703125,0.578125
2256.343750,0.703125
2257.062500,0.718750
2257.812500,0.750000
2258.515625,0.703125
2265.031250,0.718750
2265.781250,0.750000
2266.484375,0.703125
2267.218750,0.734375
2267.937500,0.718750
2268.671875,0.734375
2269.375000,0.703125
2270.093750,0.718750
2275.125000,0.765625
2275.828125,0.703125
2276.515625,0.687500
2277.218750,0.703125
2277.937500,0.718750
2278.656250,0.718750
2279.328125,0.671875
2280.031250,0.703125
2280.718750,0.687500
2281.406250,0.687500
2282.031250,0.625000
2282.718750,0.687500
2283.406250,0.687500
2284.093750,0.687500
2284.843750,0.750000
2285.593750,0.750000
2286.375000,0.781250
2287.187500,0.812500
2287.968750,0.781250
2288.750000,0.781250
2289.515625,0.765625
2290.296875,0.781250
2291.046875,0.750000
2291.828125,0.781250
2292.609375,0.781250
2293.312500,0.703125
2299.843750,0.718750
2300.531250,0.687500
2301.265625,0.734375
2302.031250,0.765625
2302.796875,0.765625
2303.531250,0.734375
2304.296875,0.765625
2305.093750,0.796875
2305.859375,0.765625
2306.578125,0.718750
2307.343750,0.765625
2308.093750,0.750000
2308.812500,0.718750
2309.468750,0.656250
2310.296875,0.828125
2311.046875,0.750000
2311.765625,0.718750
2312.578125,0.812500
2313.343750,0.765625
2314.078125,0.734375
2314.828125,0.750000
2315.609375,0.781250
2316.390625,0.781250
2317.031250,0.640625
2317.921875,0.890625
2318.656250,0.734375
2319.390625,0.734375
2320.109375,0.718750
2320.875000,0.765625
2321.609375,0.734375
2322.375000,0.765625
2323.156250,0.781250
2323.890625,0.734375
2324.656250,0.765625
2325.453125,0.796875
2326.218750,0.765625
2326.937500,0.718750
2327.625000,0.687500
2328.406250,0.781250
2329.171875,0.765625
2329.906250,0.734375
2330.671875,0.765625
2331.406250,0.734375
2332.156250,0.750000
2332.875000,0.718750
2333.578125,0.703125
2334.265625,0.687500
2334.968750,0.703125
2335.640625,0.671875
2336.328125,0.687500
2337.015625,0.687500
2337.640625,0.625000
2338.312500,0.671875
2339.000000,0.687500
2339.703125,0.703125
2340.406250,0.703125
2341.078125,0.671875
2341.812500,0.734375
2342.562500,0.750000
2343.203125,0.640625
2344.031250,0.828125
2344.750000,0.718750
2345.468750,0.718750
2346.125000,0.656250
2346.812500,0.687500
2347.515625,0.703125
2348.203125,0.687500
2348.890625,0.687500
2349.562500,0.671875
2350.265625,0.703125
2350.968750,0.703125
2351.671875,0.703125
2352.468750,0.796875
2353.250000,0.781250
2353.984375,0.734375
2354.765625,0.781250
2355.578125,0.812500
2356.296875,0.718750
2357.078125,0.781250
2357.812500,0.734375
2358.562500,0.750000
2359.281250,0.718750
2359.968750,0.687500
2360.656250,0.687500
2361.390625,0.734375
2362.109375,0.718750
2362.828125,0.718750
2363.562500,0.734375
2364.328125,0.765625
2365.062500,0.734375
2365.796875,0.734375
2366.562500,0.765625
2367.312500,0.750000
2368.062500,0.750000
2368.796875,0.734375
2369.578125,0.781250
2370.328125,0.750000
2371.093750,0.765625
2371.859375,0.765625
2372.609375,0.750000
2373.375000,0.765625
2374.156250,0.781250
2374.921875,0.765625
2375.656250,0.734375
2376.406250,0.750000
2377.187500,0.781250
2377.906250,0.718750
2378.671875,0.765625
2379.437500,0.765625
2380.218750,0.781250
2380.984375,0.765625
2381.750000,0.765625
2382.531250,0.781250
2383.265625,0.734375
2384.046875,0.781250
2384.843750,0.796875
2385.625000,0.781250
2386.390625,0.765625
2387.187500,0.796875
2387.968750,0.781250
2388.703125,0.734375
2389.406250,0.703125
2390.250000,0.843750
2391.000000,0.750000
2391.734375,0.734375
2392.500000,0.765625
2393.250000,0.750000
2394.000000,0.750000
2394.765625,0.765625
2395.562500,0.796875
2396.312500,0.750000
2397.078125,0.765625
2397.843750,0.765625
2398.593750,0.750000
2399.343750,0.750000
2406.078125,0.656250
2406.734375,0.656250
2407.359375,0.625000
2411.359375,0.703125
2412.078125,0.718750
2412.796875,0.718750
2413.484375,0.687500
2414.171875,0.687500
2414.859375,0.687500
2415.531250,0.671875
2416.250000,0.718750
2417.000000,0.750000
2417.781250,0.781250
2418.593750,0.812500
2419.343750,0.750000
2420.062500,0.718750
2420.781250,0.718750
2421.531250,0.750000
2422.328125,0.796875
2423.078125,0.750000
2423.843750,0.765625
2437.375000,0.640625
2438.015625,0.640625
2438.671875,0.656250
2439.375000,0.703125
2440.078125,0.703125
2440.828125,0.750000
2441.546875,0.718750
2442.296875,0.750000
2443.093750,0.796875
2443.796875,0.703125
2444.546875,0.750000
2445.265625,0.718750
2445.984375,0.718750
2446.734375,0.750000
2447.484375,0.750000
2448.265625,0.781250
2449.078125,0.812500
2514.484375,0.671875
2515.187500,0.703125
2521.593750,0.750000
2522.390625,0.796875
2523.171875,0.781250
2523.937500,0.765625
2524.656250,0.718750
2528.890625,0.734375
2529.656250,0.765625
2530.406250,0.750000
2531.093750,0.687500
2531.875000,0.781250
2532.578125,0.703125
2533.343750,0.765625
2534.093750,0.750000
2534.828125,0.734375
2535.578125,0.750000
2536.343750,0.765625
2537.156250,0.812500
2537.906250,0.750000
2538.656250,0.750000
2539.406250,0.750000
2540.156250,0.750000
2540.906250,0.750000
2541.687500,0.781250
2542.453125,0.765625
2543.234375,0.781250
2543.984375,0.750000
2544.718750,0.734375
2545.453125,0.734375
2546.171875,0.718750
2546.859375,0.687500
2547.531250,0.671875
2548.281250,0.750000
2548.968750,0.687500
2554.500000,0.765625
2573.015625,0.750000
2573.734375,0.718750
2574.453125,0.718750
2575.156250,0.703125
2575.875000,0.718750
2576.578125,0.703125
2577.250000,0.671875
2577.968750,0.718750
2578.687500,0.718750
2579.375000,0.687500
2580.093750,0.718750
2580.812500,0.718750
2581.515625,0.703125
2582.218750,0.703125
2582.921875,0.703125
2583.609375,0.687500
2584.296875,0.687500
2584.984375,0.687500
2585.687500,0.703125
2586.375000,0.687500
2587.062500,0.687500
2587.734375,0.671875
2588.375000,0.640625
2589.031250,0.656250
2589.687500,0.656250
2590.328125,0.640625
2590.984375,0.656250
2591.671875,0.687500
2592.390625,0.718750
2593.093750,0.703125
2593.812500,0.718750
2594.562500,0.750000
2595.312500,0.750000
2596.046875,0.734375
2596.796875,0.750000
2597.531250,0.734375
2598.281250,0.750000
2599.031250,0.750000
2599.812500,0.781250
2600.546875,0.734375
2601.265625,0.718750
2602.000000,0.734375
2602.734375,0.734375
2609.125000,0.703125
2609.796875,0.671875
2614.671875,0.718750
2615.390625,0.718750
2616.062500,0.671875
2616.765625,0.703125
2617.421875,0.656250
2618.093750,0.671875
2618.718750,0.625000
2619.343750,0.625000
2620.000000,0.656250
2620.640625,0.640625
2621.343750,0.703125
2622.093750,0.750000
2623.015625,0.921875
2623.859375,0.843750
2624.656250,0.796875
2636.656250,0.781250
2637.390625,0.734375
2638.125000,0.734375
2638.875000,0.750000
2639.656250,0.781250
2640.406250,0.750000
2641.156250,0.750000
2641.906250,0.750000
2642.640625,0.734375
2643.375000,0.734375
2644.093750,0.718750
2644.812500,0.718750
2645.531250,0.718750
2646.265625,0.734375
2647.015625,0.750000
2647.765625,0.750000
2648.515625,0.750000
2649.281250,0.765625
2650.062500,0.781250
2650.812500,0.750000
2651.562500,0.750000
2652.343750,0.781250
2653.078125,0.734375
2653.796875,0.718750
2654.531250,0.734375
2655.265625,0.734375
2655.984375,0.718750
2656.718750,0.734375
2657.468750,0.750000
2658.203125,0.734375
2658.968750,0.765625
2659.718750,0.750000
2660.484375,0.765625
2661.203125,0.718750
2661.968750,0.765625
2662.703125,0.734375
2663.437500,0.734375
2664.171875,0.734375
2664.875000,0.703125
2665.625000,0.750000
2666.343750,0.718750
2667.031250,0.687500
2667.750000,0.718750
2668.468750,0.718750
2669.171875,0.703125
2669.890625,0.718750
2670.609375,0.718750
2671.312500,0.703125
2672.015625,0.703125
2672.734375,0.718750
2673.468750,0.734375
2674.187500,0.718750
2674.937500,0.750000
2675.671875,0.734375
2676.421875,0.750000
2677.156250,0.734375
2677.875000,0.718750
2678.625000,0.750000
2679.359375,0.734375
2680.109375,0.750000
2680.843750,0.734375
2681.562500,0.718750
2682.265625,0.703125
2682.984375,0.718750
2683.703125,0.718750
2684.406250,0.703125
2685.109375,0.703125
2685.828125,0.718750
2686.531250,0.703125
2687.281250,0.750000
2687.968750,0.687500
2688.687500,0.718750
2689.390625,0.703125
2690.093750,0.703125
2690.796875,0.703125
2691.546875,0.750000
2692.281250,0.734375
2692.984375,0.703125
2693.734375,0.750000
2694.453125,0.718750
2695.187500,0.734375
2695.937500,0.750000
2696.687500,0.750000
2697.437500,0.750000
2698.187500,0.750000
2698.937500,0.750000
2699.703125,0.765625
2700.421875,0.718750
2701.218750,0.796875
2701.921875,0.703125
2702.671875,0.750000
2703.421875,0.750000
2704.218750,0.796875
2705.000000,0.781250
2705.750000,0.750000
2706.515625,0.765625
2707.281250,0.765625
2708.046875,0.765625
2708.828125,0.781250
2709.671875,0.843750
2710.453125,0.781250
2711.218750,0.765625
2712.015625,0.796875
2712.781250,0.765625
2713.546875,0.765625
2714.343750,0.796875
2715.140625,0.796875
2715.906250,0.765625
2716.656250,0.750000
2717.437500,0.781250
2718.203125,0.765625
2718.953125,0.750000
2719.718750,0.765625
2720.468750,0.750000
2721.203125,0.734375
2721.937500,0.734375
2722.687500,0.750000
2723.406250,0.718750
2724.156250,0.750000
2724.921875,0.765625
2725.656250,0.734375
2726.390625,0.734375
2727.140625,0.750000
2727.890625,0.750000
2728.640625,0.750000
2729.359375,0.718750
2730.062500,0.703125
2730.781250,0.718750
2731.484375,0.703125
2732.156250,0.671875
2732.828125,0.671875
2733.546875,0.718750
2734.250000,0.703125
2734.953125,0.703125
2735.640625,0.687500
2736.328125,0.687500
2736.984375,0.656250
2737.656250,0.671875
2738.359375,0.703125
2739.046875,0.687500
2739.734375,0.687500
2740.453125,0.718750
2741.171875,0.718750
2741.875000,0.703125
2742.593750,0.718750
2743.343750,0.750000
2744.046875,0.703125
2744.640625,0.593750
2745.468750,0.828125
2746.171875,0.703125
2746.859375,0.687500
2747.562500,0.703125
2748.312500,0.750000
2749.062500,0.750000
2749.828125,0.765625
2750.640625,0.812500
2767.578125,0.765625
2768.343750,0.765625
2769.093750,0.750000
2769.828125,0.734375
2770.578125,0.750000
2771.312500,0.734375
2772.093750,0.781250
2772.843750,0.750000
2773.593750,0.750000
2774.375000,0.781250
2775.140625,0.765625
2775.890625,0.750000
2776.671875,0.781250
2777.421875,0.750000
2778.171875,0.750000
2778.921875,0.750000
2779.640625,0.718750
2780.390625,0.750000
2781.140625,0.750000
2781.890625,0.750000
2790.359375,0.734375
2791.078125,0.718750
2791.812500,0.734375
2792.531250,0.718750
2793.296875,0.765625
2794.062500,0.765625
2794.843750,0.781250
2795.625000,0.781250
2796.406250,0.781250
2797.156250,0.750000
2797.906250,0.750000
2798.671875,0.765625
2799.421875,0.750000
2800.171875,0.750000
2800.953125,0.781250
2801.718750,0.765625
2802.484375,0.765625
2803.265625,0.781250
2804.031250,0.765625
2804.781250,0.750000
2805.546875,0.765625
2806.296875,0.750000
2807.062500,0.765625
2807.796875,0.734375
2808.531250,0.734375
2809.281250,0.750000
2810.031250,0.750000
2810.750000,0.718750
2811.484375,0.734375
2812.187500,0.703125
2812.906250,0.718750
2813.609375,0.703125
2814.281250,0.671875
2814.968750,0.687500
2815.671875,0.703125
2816.375000,0.703125
2817.046875,0.671875
2817.750000,0.703125
2818.437500,0.687500
2819.156250,0.718750
2819.828125,0.671875
2820.515625,0.687500
2821.203125,0.687500
2821.906250,0.703125
2822.640625,0.734375
2823.343750,0.703125
2824.031250,0.687500
2824.734375,0.703125
2825.437500,0.703125
2826.140625,0.703125
2826.859375,0.718750
2827.609375,0.750000
2828.359375,0.750000
2829.109375,0.750000
2829.875000,0.765625
2830.671875,0.796875
2831.484375,0.812500
2832.234375,0.750000
2833.000000,0.765625
2833.750000,0.750000
2834.500000,0.750000
2835.250000,0.750000
2836.000000,0.750000
2836.750000,0.750000
2837.500000,0.750000
2838.265625,0.765625
2839.046875,0.781250
2839.796875,0.750000
2840.531250,0.734375
2841.296875,0.765625
2842.046875,0.750000
2842.765625,0.718750
2843.484375,0.718750
2844.234375,0.750000
2845.000000,0.765625
2845.750000,0.750000
2846.515625,0.765625
2847.296875,0.781250
2848.062500,0.765625
2848.843750,0.781250
2849.625000,0.781250
2850.359375,0.734375
2851.125000,0.765625
2851.875000,0.750000
2852.640625,0.765625
2853.375000,0.734375
2854.093750,0.718750
2854.890625,0.796875
2855.593750,0.703125
2856.328125,0.734375
2857.046875,0.718750
2857.781250,0.734375
2858.484375,0.703125
2859.171875,0.687500
2876.718750,0.781250
2877.468750,0.750000
2878.250000,0.781250
2878.968750,0.718750
2882.703125,0.859375
2883.484375,0.781250
2884.265625,0.781250
2885.046875,0.781250
2885.843750,0.796875
2886.609375,0.765625
2887.390625,0.781250
2888.140625,0.750000
2888.906250,0.765625
2889.656250,0.750000
2890.406250,0.750000
2891.125000,0.718750
2891.843750,0.718750
2892.546875,0.703125
2893.234375,0.687500
2894.093750,0.859375
2894.843750,0.750000
2895.578125,0.734375
2896.312500,0.734375
2897.062500,0.750000
2897.828125,0.765625
2898.562500,0.734375
2899.296875,0.734375
2900.046875,0.750000
2900.812500,0.765625
2901.578125,0.765625
2902.375000,0.796875
2903.171875,0.796875
2903.968750,0.796875
2904.765625,0.796875
2905.546875,0.781250
2906.312500,0.765625
2907.062500,0.750000
2907.828125,0.765625
2908.593750,0.765625
2909.328125,0.734375
2910.093750,0.765625
2910.859375,0.765625
2911.578125,0.718750
2912.312500,0.734375
2913.000000,0.687500
2913.671875,0.671875
2914.375000,0.703125
2915.109375,0.734375
2915.859375,0.750000
2916.593750,0.734375
2917.359375,0.765625
2918.109375,0.750000
2918.890625,0.781250
2919.671875,0.781250
2920.437500,0.765625
2921.203125,0.765625
2921.984375,0.781250
2922.765625,0.781250
2923.546875,0.781250
2924.328125,0.781250
2925.109375,0.781250
2925.890625,0.781250
2926.671875,0.781250
2927.468750,0.796875
2928.250000,0.781250
2929.015625,0.765625
2929.796875,0.781250
2930.578125,0.781250
2931.343750,0.765625
2932.093750,0.750000
2932.875000,0.781250
2933.671875,0.796875
2934.437500,0.765625
2935.218750,0.781250
2936.000000,0.781250
2936.765625,0.765625
2937.515625,0.750000
2938.281250,0.765625
2939.046875,0.765625
2939.796875,0.750000
2940.546875,0.750000
2941.328125,0.781250
2942.109375,0.781250
2942.843750,0.734375
2943.593750,0.750000
2944.359375,0.765625
2945.109375,0.750000
2945.843750,0.734375
2946.578125,0.734375
2947.312500,0.734375
2948.031250,0.718750
2948.750000,0.718750
2949.500000,0.750000
2950.234375,0.734375
2950.968750,0.734375
2951.687500,0.718750
2952.421875,0.734375
2953.125000,0.703125
2953.843750,0.718750
2954.546875,0.703125
2955.250000,0.703125
2956.000000,0.750000
2956.750000,0.750000
2957.484375,0.734375
2958.218750,0.734375
2958.968750,0.750000
2959.687500,0.718750
2960.390625,0.703125
2961.140625,0.750000
2961.812500,0.671875
2962.500000,0.687500
2963.156250,0.656250
2963.796875,0.640625
2964.484375,0.687500
2965.171875,0.687500
2965.875000,0.703125
2966.578125,0.703125
2967.328125,0.750000
2968.093750,0.765625
2968.859375,0.765625
2969.656250,0.796875
2970.437500,0.781250
2971.187500,0.750000
2971.953125,0.765625
2972.734375,0.781250
2973.453125,0.718750
2974.187500,0.734375
2974.937500,0.750000
2975.687500,0.750000
2976.406250,0.718750
2977.156250,0.750000
2977.906250,0.750000
2978.625000,0.718750
2979.375000,0.750000
2980.140625,0.765625
2980.859375,0.718750
2981.562500,0.703125
2982.296875,0.734375
2983.046875,0.750000
2983.781250,0.734375
2984.484375,0.703125
2985.156250,0.671875
2985.875000,0.718750
2986.546875,0.671875
2987.203125,0.656250
2987.843750,0.640625
2988.500000,0.656250
2989.203125,0.703125
2989.906250,0.703125
2997.734375,0.734375
2998.500000,0.765625
2999.265625,0.765625
2999.906250,0.640625
3000.703125,0.796875
3001.468750,0.765625
3002.203125,0.734375
3002.875000,0.671875
3003.593750,0.718750
3004.359375,0.765625
3005.109375,0.750000
3005.859375,0.750000
3006.640625,0.781250
3007.421875,0.781250
3008.203125,0.781250
3008.953125,0.750000
3009.734375,0.781250
3010.515625,0.781250
3011.281250,0.765625
3012.062500,0.781250
3012.843750,0.781250
3013.625000,0.781250
3014.375000,0.750000
3015.171875,0.796875
3015.937500,0.765625
3016.703125,0.765625
3017.453125,0.750000
3018.234375,0.781250
3018.984375,0.750000
3019.750000,0.765625
3020.515625,0.765625
3021.281250,0.765625
3022.031250,0.750000
3022.812500,0.781250
3023.578125,0.765625
3024.343750,0.765625
3025.125000,0.781250
3025.906250,0.781250
3026.671875,0.765625
3027.437500,0.765625
3028.218750,0.781250
3028.968750,0.750000
3029.703125,0.734375
3030.468750,0.765625
3031.203125,0.734375
3031.921875,0.718750
3032.671875,0.750000
3033.468750,0.796875
3034.218750,0.750000
3035.000000,0.781250
3035.765625,0.765625
3036.515625,0.750000
3037.250000,0.734375
3038.000000,0.750000
3038.750000,0.750000
3039.500000,0.750000
3040.265625,0.765625
3041.031250,0.765625
3041.781250,0.750000
3042.531250,0.750000
3043.265625,0.734375
3044.000000,0.734375
3044.703125,0.703125
3045.437500,0.734375
3046.171875,0.734375
3046.890625,0.718750
3047.625000,0.734375
3048.343750,0.718750
3049.078125,0.734375
3049.796875,0.718750
3050.546875,0.750000
3051.281250,0.734375
3052.000000,0.718750
3052.734375,0.734375
3053.484375,0.750000
3054.218750,0.734375
3054.921875,0.703125
3055.625000,0.703125
3056.359375,0.734375
3057.062500,0.703125
3057.765625,0.703125
3058.484375,0.718750
3059.203125,0.718750
3059.906250,0.703125
3060.625000,0.718750
3061.359375,0.734375
3062.078125,0.718750
3062.796875,0.718750
3063.500000,0.703125
3064.203125,0.703125
3064.875000,0.671875
3065.578125,0.703125
3066.265625,0.687500
3066.937500,0.671875
3067.640625,0.703125
3068.343750,0.703125
3069.031250,0.687500
3069.718750,0.687500
3070.421875,0.703125
3071.125000,0.703125
3071.843750,0.718750
3072.562500,0.718750
3073.296875,0.734375
3074.031250,0.734375
3074.765625,0.734375
3075.500000,0.734375
3076.250000,0.750000
3076.984375,0.734375
3077.718750,0.734375
3078.421875,0.703125
3079.140625,0.718750
3079.828125,0.687500
3080.531250,0.703125
3081.203125,0.671875
3081.906250,0.703125
3082.562500,0.656250
3083.328125,0.765625
3084.031250,0.703125
3084.703125,0.671875
3085.406250,0.703125
3086.109375,0.703125
3086.812500,0.703125
3087.515625,0.703125
3088.265625,0.750000
3088.984375,0.718750
3089.718750,0.734375
3090.468750,0.750000
3091.234375,0.765625
3091.968750,0.734375
3092.687500,0.718750
3093.437500,0.750000
3094.171875,0.734375
3094.906250,0.734375
3095.609375,0.703125
3096.375000,0.765625
3097.109375,0.734375
3097.828125,0.718750
3098.562500,0.734375
3099.296875,0.734375
3100.000000,0.703125
3100.734375,0.734375
3101.484375,0.750000
3102.203125,0.718750
3102.937500,0.734375
3103.687500,0.750000
3104.421875,0.734375
3105.140625,0.718750
3105.875000,0.734375
3106.625000,0.750000
3107.375000,0.750000
3108.093750,0.718750
3108.812500,0.718750
3109.531250,0.718750
3110.234375,0.703125
3110.953125,0.718750
3111.625000,0.671875
3112.328125,0.703125
3113.015625,0.687500
3113.671875,0.656250
3114.328125,0.656250
3114.984375,0.656250
3115.671875,0.687500
3116.343750,0.671875
3117.062500,0.718750
3117.750000,0.687500
3118.500000,0.750000
3119.218750,0.718750
3119.937500,0.718750
3120.640625,0.703125
3121.359375,0.718750
3122.093750,0.734375
3122.796875,0.703125
3123.515625,0.718750
3124.234375,0.718750
3124.953125,0.718750
3125.656250,0.703125
3126.359375,0.703125
3127.078125,0.718750
3127.796875,0.718750
3128.484375,0.687500
3129.156250,0.671875
3129.859375,0.703125
3130.562500,0.703125
3131.250000,0.687500
3131.968750,0.718750
3132.703125,0.734375
3133.468750,0.765625
3134.218750,0.750000
3134.937500,0.718750
3135.671875,0.734375
3136.437500,0.765625
3137.171875,0.734375
3137.906250,0.734375
3138.656250,0.750000
3139.406250,0.750000
3140.156250,0.750000
3140.890625,0.734375
3141.640625,0.750000
3142.390625,0.750000
3143.125000,0.734375
3143.859375,0.734375
3144.609375,0.750000
3145.359375,0.750000
3146.062500,0.703125
3146.796875,0.734375
3147.500000,0.703125
3148.203125,0.703125
3148.906250,0.703125
3149.609375,0.703125
3150.312500,0.703125
3151.031250,0.718750
3151.750000,0.718750
3152.453125,0.703125
3153.171875,0.718750
3153.921875,0.750000
3154.640625,0.718750
3155.390625,0.750000
3156.171875,0.781250
3156.921875,0.750000
3157.671875,0.750000
3158.421875,0.750000
3159.171875,0.750000
3159.890625,0.718750
3160.609375,0.718750
3161.359375,0.750000
3162.125000,0.765625
3162.859375,0.734375
3163.593750,0.734375
3164.359375,0.765625
3165.093750,0.734375
3165.843750,0.750000
3166.625000,0.781250
3167.390625,0.765625
3168.156250,0.765625
3168.937500,0.781250
3169.718750,0.781250
3170.484375,0.765625
3171.250000,0.765625
3172.031250,0.781250
3172.781250,0.750000
3173.546875,0.765625
3174.296875,0.750000
3175.046875,0.750000
3175.812500,0.765625
3176.546875,0.734375
3177.296875,0.750000
3178.031250,0.734375
3178.734375,0.703125
3179.437500,0.703125
3180.156250,0.718750
3180.875000,0.718750
3181.593750,0.718750
3182.328125,0.734375
3183.093750,0.765625
3183.843750,0.750000
3184.562500,0.718750
3185.328125,0.765625
3186.062500,0.734375
3186.796875,0.734375
3187.515625,0.718750
3188.281250,0.765625
3189.031250,0.750000
3189.781250,0.750000
3190.546875,0.765625
3191.296875,0.750000
3192.046875,0.750000
3192.812500,0.765625
3193.578125,0.765625
3194.328125,0.750000
3195.093750,0.765625
3195.859375,0.765625
3196.609375,0.750000
3197.359375,0.750000
3198.140625,0.781250
3198.890625,0.750000
3199.656250,0.765625
3200.406250,0.750000
3201.171875,0.765625
3201.921875,0.750000
3202.687500,0.765625
3203.453125,0.765625
3204.218750,0.765625
3204.953125,0.734375
3205.687500,0.734375
3206.468750,0.781250
3207.218750,0.750000
3207.968750,0.750000
3208.718750,0.750000
3209.468750,0.750000
3210.187500,0.718750
3210.921875,0.734375
3211.609375,0.687500
3212.328125,0.718750
3213.031250,0.703125
3213.765625,0.734375
3214.500000,0.734375
3215.218750,0.718750
3215.953125,0.734375
3216.687500,0.734375
3217.421875,0.734375
3218.140625,0.718750
3218.890625,0.750000
3219.578125,0.687500
3220.328125,0.750000
3221.078125,0.750000
3221.812500,0.734375
3222.515625,0.703125
3223.250000,0.734375
3223.984375,0.734375
3224.703125,0.718750
3225.406250,0.703125
3226.187500,0.781250
3226.921875,0.734375
3227.656250,0.734375
3228.437500,0.781250
3229.203125,0.765625
3229.937500,0.734375
3230.671875,0.734375
3231.421875,0.750000
3232.156250,0.734375
3232.890625,0.734375
3233.609375,0.718750
3234.343750,0.734375
3235.046875,0.703125
3235.765625,0.718750
3236.468750,0.703125
3237.187500,0.718750
3237.875000,0.687500
3238.609375,0.734375
3239.328125,0.718750
3240.015625,0.687500
3240.671875,0.656250
3241.359375,0.687500
3242.062500,0.703125
3242.765625,0.703125
3243.515625,0.750000
3250.750000,0.781250
3251.531250,0.781250
3252.312500,0.781250
3253.109375,0.796875
3253.906250,0.796875
3254.703125,0.796875
3255.468750,0.765625
3256.265625,0.796875
3257.093750,0.828125
3257.875000,0.781250
3258.656250,0.781250
3259.437500,0.781250
3260.234375,0.796875
3261.000000,0.765625
3261.796875,0.796875
3262.609375,0.812500
3263.406250,0.796875
3264.156250,0.750000
3264.937500,0.781250
3265.734375,0.796875
3266.484375,0.750000
3267.218750,0.734375
3268.015625,0.796875
3268.781250,0.765625
3269.546875,0.765625
3270.312500,0.765625
3271.093750,0.781250
3271.859375,0.765625
3272.640625,0.781250
3273.421875,0.781250
3274.187500,0.765625
3274.937500,0.750000
3275.718750,0.781250
3276.500000,0.781250
3277.265625,0.765625
3278.031250,0.765625
3278.828125,0.796875
3279.593750,0.765625
3280.343750,0.750000
3281.109375,0.765625
3288.750000,0.765625
3289.515625,0.765625
3299.921875,0.734375
3300.718750,0.796875
3301.500000,0.781250
3302.250000,0.750000
3303.000000,0.750000
3303.796875,0.796875
3304.562500,0.765625
3305.328125,0.765625
3306.109375,0.781250
3306.875000,0.765625
3307.625000,0.750000
3308.421875,0.796875
3309.203125,0.781250
3309.968750,0.765625
3310.765625,0.796875
3311.515625,0.750000
3312.281250,0.765625
3313.000000,0.718750
3313.765625,0.765625
3314.531250,0.765625
3315.312500,0.781250
3316.062500,0.750000
3316.812500,0.750000
3317.546875,0.734375
3318.281250,0.734375
3319.015625,0.734375
3319.718750,0.703125
3320.437500,0.718750
3321.156250,0.718750
3321.859375,0.703125
3322.593750,0.734375
3323.328125,0.734375
3324.062500,0.734375
3324.781250,0.718750
3325.515625,0.734375
3326.250000,0.734375
3326.968750,0.718750
3327.656250,0.687500
3328.375000,0.718750
3329.078125,0.703125
3329.765625,0.687500
3330.468750,0.703125
3331.171875,0.703125
3331.890625,0.718750
3332.625000,0.734375
3333.312500,0.687500
3334.046875,0.734375
3334.781250,0.734375
3335.500000,0.718750
3336.218750,0.718750
3336.937500,0.718750
3337.656250,0.718750
3338.375000,0.718750
3339.078125,0.703125
3339.781250,0.703125
3340.500000,0.718750
3341.250000,0.750000
3342.000000,0.750000
3342.734375,0.734375
3343.484375,0.750000
3344.250000,0.765625
3344.984375,0.734375
3345.718750,0.734375
3346.484375,0.765625
3347.250000,0.765625
3348.000000,0.750000
3348.765625,0.765625
3349.515625,0.750000
3350.281250,0.765625
3351.062500,0.781250
3351.828125,0.765625
3352.578125,0.750000
3353.328125,0.750000
3354.109375,0.781250
3354.859375,0.750000
3355.578125,0.718750
3356.328125,0.750000
3357.062500,0.734375
3357.812500,0.750000
3358.546875,0.734375
3359.296875,0.750000
3360.015625,0.718750
3360.796875,0.781250
3361.546875,0.750000
3362.296875,0.750000
3363.078125,0.781250
3363.843750,0.765625
3364.609375,0.765625
3365.359375,0.750000
3366.140625,0.781250
3366.890625,0.750000
3367.656250,0.765625
3368.421875,0.765625
3369.171875,0.750000
3369.937500,0.765625
3370.687500,0.750000
3371.437500,0.750000
3372.187500,0.750000
3372.921875,0.734375
3373.703125,0.781250
3374.453125,0.750000
3375.218750,0.765625
3375.984375,0.765625
3376.734375,0.750000
3377.453125,0.718750
3378.203125,0.750000
3378.968750,0.765625
3379.703125,0.734375
3380.500000,0.796875
3381.265625,0.765625
3382.031250,0.765625
3382.828125,0.796875
3383.609375,0.781250
3384.359375,0.750000
3385.140625,0.781250
3385.890625,0.750000
3386.640625,0.750000
3387.421875,0.781250
3388.187500,0.765625
3388.953125,0.765625
3389.734375,0.781250
3390.531250,0.796875
3391.296875,0.765625
3392.062500,0.765625
3392.843750,0.781250
3393.609375,0.765625
3394.359375,0.750000
3395.109375,0.750000
3395.859375,0.750000
3396.609375,0.750000
3397.359375,0.750000
3398.109375,0.750000
3398.843750,0.734375
3399.578125,0.734375
3400.312500,0.734375
3401.046875,0.734375
3401.796875,0.750000
3402.500000,0.703125
3403.234375,0.734375
3403.968750,0.734375
3404.687500,0.718750
3405.421875,0.734375
3406.171875,0.750000
3406.906250,0.734375
3407.640625,0.734375
3408.406250,0.765625
3409.140625,0.734375
3409.859375,0.718750
3410.593750,0.734375
3411.359375,0.765625
3412.078125,0.718750
3412.812500,0.734375
3413.531250,0.718750
3414.234375,0.703125
3414.953125,0.718750
3415.671875,0.718750
3416.421875,0.750000
3417.156250,0.734375
3417.875000,0.718750
3418.625000,0.750000
3419.406250,0.781250
3420.140625,0.734375
3420.921875,0.781250
3421.671875,0.750000
3422.437500,0.765625
3423.187500,0.750000
3423.968750,0.781250
3424.718750,0.750000
3425.453125,0.734375
3426.218750,0.765625
3426.953125,0.734375
3427.703125,0.750000
3428.437500,0.734375
3429.187500,0.750000
3429.937500,0.750000
3430.656250,0.718750
3431.406250,0.750000
3432.187500,0.781250
3432.937500,0.750000
3433.671875,0.734375
3434.437500,0.765625
3435.171875,0.734375
3435.921875,0.750000
3436.671875,0.750000
3437.406250,0.734375
3438.156250,0.750000
3438.875000,0.718750
3439.593750,0.718750
3440.343750,0.750000
3441.046875,0.703125
3441.781250,0.734375
3442.500000,0.718750
3443.218750,0.718750
3443.906250,0.687500
3444.609375,0.703125
3445.312500,0.703125
3446.031250,0.718750
3446.718750,0.687500
3447.437500,0.718750
3448.125000,0.687500
3448.781250,0.656250
3449.453125,0.671875
3450.109375,0.656250
3450.796875,0.687500
3451.484375,0.687500
3452.203125,0.718750
3452.937500,0.734375
3453.687500,0.750000
3454.437500,0.750000
3455.171875,0.734375
3455.921875,0.750000
3456.671875,0.750000
3457.421875,0.750000
3458.156250,0.734375
3458.890625,0.734375
3459.625000,0.734375
3460.390625,0.765625
3461.125000,0.734375
3461.875000,0.750000
3462.640625,0.765625
3463.343750,0.703125
3464.093750,0.750000
3464.828125,0.734375
3465.578125,0.750000
3466.296875,0.718750
3467.046875,0.750000
3467.781250,0.734375
3468.515625,0.734375
3469.250000,0.734375
3470.000000,0.750000
3470.765625,0.765625
3471.531250,0.765625
3472.265625,0.734375
3473.046875,0.781250
3473.781250,0.734375
3474.531250,0.750000
3475.281250,0.750000
3476.031250,0.750000
3476.750000,0.718750
3477.484375,0.734375
3478.218750,0.734375
3478.953125,0.734375
3479.703125,0.750000
3480.453125,0.750000
3481.234375,0.781250
3481.968750,0.734375
3482.703125,0.734375
3483.453125,0.750000
3484.171875,0.718750
3484.906250,0.734375
3485.625000,0.718750
3486.375000,0.750000
3487.125000,0.750000
3487.875000,0.750000
3488.625000,0.750000
3489.406250,0.781250
3490.156250,0.750000
3490.890625,0.734375
3491.656250,0.765625
3492.421875,0.765625
3499.921875,0.781250
3500.687500,0.765625
3501.437500,0.750000
3502.187500,0.750000
3508.640625,0.671875
3509.343750,0.703125
3510.109375,0.765625
3510.875000,0.765625
3511.640625,0.765625
3512.421875,0.781250
3513.187500,0.765625
3513.953125,0.765625
3514.750000,0.796875
3515.546875,0.796875
3516.328125,0.781250
3517.078125,0.750000
3517.812500,0.734375
3518.578125,0.765625
3519.375000,0.796875
3520.203125,0.828125
3521.078125,0.875000
3526.000000,0.843750
3526.843750,0.843750
3527.640625,0.796875
3528.453125,0.812500
3529.312500,0.859375
3530.140625,0.828125
3530.953125,0.812500
3531.765625,0.812500
3532.562500,0.796875
3533.343750,0.781250
3534.156250,0.812500
3534.968750,0.812500
3535.796875,0.828125
3536.640625,0.843750
3537.468750,0.828125
3538.312500,0.843750
3539.140625,0.828125
3539.968750,0.828125
3540.781250,0.812500
3541.578125,0.796875
3542.359375,0.781250
3543.125000,0.765625
3543.890625,0.765625
3544.640625,0.750000
3545.437500,0.796875
3546.203125,0.765625
3547.000000,0.796875
3547.781250,0.781250
3548.578125,0.796875
3549.375000,0.796875
3550.187500,0.812500
3550.984375,0.796875
3551.765625,0.781250
3552.562500,0.796875
3553.375000,0.812500
3554.125000,0.750000
3554.906250,0.781250
3555.671875,0.765625
3556.437500,0.765625
3557.218750,0.781250
3558.015625,0.796875
3558.796875,0.781250
3559.546875,0.750000
3560.296875,0.750000
3561.046875,0.750000
3561.796875,0.750000
3562.546875,0.750000
3563.328125,0.781250
3564.078125,0.750000
3564.828125,0.750000
3565.593750,0.765625
3566.375000,0.781250
3567.140625,0.765625
3567.890625,0.750000
3568.671875,0.781250
3569.421875,0.750000
3570.171875,0.750000
3570.937500,0.765625
3571.718750,0.781250
3572.484375,0.765625
3573.250000,0.765625
3574.031250,0.781250
3574.796875,0.765625
3575.578125,0.781250
3576.359375,0.781250
3577.140625,0.781250
3577.906250,0.765625
3578.671875,0.765625
3579.453125,0.781250
3580.203125,0.750000
3580.953125,0.750000
3581.718750,0.765625
3582.453125,0.734375
3583.171875,0.718750
3583.890625,0.718750
3584.593750,0.703125
3585.328125,0.734375
3586.046875,0.718750
3586.765625,0.718750
3587.546875,0.781250
3588.328125,0.781250
3589.062500,0.734375
3589.859375,0.796875
3590.625000,0.765625
3591.375000,0.750000
3592.109375,0.734375
3592.875000,0.765625
3593.609375,0.734375
3594.343750,0.734375
3595.093750,0.750000
3595.828125,0.734375
3596.593750,0.765625
3597.359375,0.765625
3598.093750,0.734375
3598.796875,0.703125
3599.453125,0.656250
3600.156250,0.703125
3600.859375,0.703125
3601.625000,0.765625
3602.359375,0.734375
3603.093750,0.734375
3603.843750,0.750000
3604.609375,0.765625
3605.375000,0.765625
3606.109375,0.734375
3606.828125,0.718750
3607.578125,0.750000
3608.328125,0.750000
3609.062500,0.734375
3609.796875,0.734375
3610.562500,0.765625
3611.312500,0.750000
3612.093750,0.781250
3612.890625,0.796875
3613.609375,0.718750
3614.359375,0.750000
3615.062500,0.703125
3615.750000,0.687500
3616.421875,0.671875
3617.140625,0.718750
3617.859375,0.718750
3618.562500,0.703125
3619.296875,0.734375
3620.031250,0.734375
3620.765625,0.734375
3621.468750,0.703125
3622.156250,0.687500
3622.828125,0.671875
3623.500000,0.671875
3624.125000,0.625000
3624.781250,0.656250
3625.468750,0.687500
3626.187500,0.718750
3626.937500,0.750000
3627.687500,0.750000
3628.468750,0.781250
3629.218750,0.750000
3629.984375,0.765625
3630.765625,0.781250
3631.500000,0.734375
3632.250000,0.750000
3633.015625,0.765625
3633.750000,0.734375
3634.500000,0.750000
3635.265625,0.765625
3636.015625,0.750000
3636.750000,0.734375
3637.484375,0.734375
3638.203125,0.718750
3638.906250,0.703125
3639.640625,0.734375
3640.343750,0.703125
3641.062500,0.718750
3641.781250,0.718750
3642.468750,0.687500
3643.156250,0.687500
3643.828125,0.671875
3644.484375,0.656250
3645.125000,0.640625
3645.796875,0.671875
3646.484375,0.687500
3647.218750,0.734375
3647.953125,0.734375
3648.671875,0.718750
3649.390625,0.718750
3659.796875,0.640625
3660.484375,0.687500
3661.156250,0.671875
3661.781250,0.625000
3662.421875,0.640625
3663.046875,0.625000
3663.718750,0.671875
3664.343750,0.625000
3665.000000,0.656250
3665.671875,0.671875
3666.390625,0.718750
3667.093750,0.703125
3667.671875,0.578125
3668.343750,0.671875
3672.109375,0.734375
3672.906250,0.796875
3673.640625,0.734375
3674.406250,0.765625
3675.156250,0.750000
3675.890625,0.734375
3676.625000,0.734375
3677.359375,0.734375
3678.093750,0.734375
3678.828125,0.734375
3679.562500,0.734375
3680.296875,0.734375
3681.031250,0.734375
3681.734375,0.703125
3682.468750,0.734375
3683.171875,0.703125
3683.875000,0.703125
3684.562500,0.687500
3685.265625,0.703125
3685.984375,0.718750
3686.671875,0.687500
3687.359375,0.687500
3688.109375,0.750000
3688.843750,0.734375
3689.562500,0.718750
3690.312500,0.750000
3691.093750,0.781250
3691.859375,0.765625
3692.609375,0.750000
3693.359375,0.750000
3694.109375,0.750000
3694.843750,0.734375
3695.578125,0.734375
3696.328125,0.750000
3697.078125,0.750000
3697.828125,0.750000
3698.593750,0.765625
3699.343750,0.750000
3700.078125,0.734375
3700.828125,0.750000
3701.593750,0.765625
3702.343750,0.750000
3703.109375,0.765625
3703.890625,0.781250
3704.625000,0.734375
3705.406250,0.781250
3706.156250,0.750000
3706.890625,0.734375
3707.656250,0.765625
3708.406250,0.750000
3709.171875,0.765625
3709.906250,0.734375
3710.656250,0.750000
3711.390625,0.734375
3712.109375,0.718750
3712.812500,0.703125
3713.484375,0.671875
3714.156250,0.671875
3714.843750,0.687500
3715.515625,0.671875
3716.187500,0.671875
3716.890625,0.703125
3717.625000,0.734375
3718.484375,0.859375
3730.078125,0.765625
3730.875000,0.796875
3731.656250,0.781250
3732.406250,0.750000
3733.109375,0.703125
3733.796875,0.687500
3734.468750,0.671875
3735.171875,0.703125
3735.906250,0.734375
3736.765625,0.859375
3737.578125,0.812500
3738.437500,0.859375
3743.093750,0.750000
3743.859375,0.765625
3744.578125,0.718750
3745.328125,0.750000
3746.078125,0.750000
3746.828125,0.750000
3747.593750,0.765625
3748.375000,0.781250
3749.140625,0.765625
3749.890625,0.750000
3750.671875,0.781250
3751.390625,0.718750
3752.125000,0.734375
3752.843750,0.718750
3753.609375,0.765625
3754.328125,0.718750
3755.046875,0.718750
3755.781250,0.734375
3756.515625,0.734375
3757.250000,0.734375
3757.968750,0.718750
3758.703125,0.734375
3759.453125,0.750000
3760.187500,0.734375
3760.937500,0.750000
3761.640625,0.703125
3762.375000,0.734375
3763.078125,0.703125
3763.812500,0.734375
3764.515625,0.703125
3765.234375,0.718750
3765.890625,0.656250
3766.578125,0.687500
3767.218750,0.640625
3767.859375,0.640625
3768.531250,0.671875
3769.171875,0.640625
3769.859375,0.687500
3770.562500,0.703125
3771.265625,0.703125
3771.984375,0.718750
3772.718750,0.734375
3773.453125,0.734375
3790.953125,0.671875
3791.593750,0.640625
3792.281250,0.687500
3804.328125,0.718750
3805.078125,0.750000
3805.812500,0.734375
3806.593750,0.781250
3807.359375,0.765625
3808.125000,0.765625
3808.906250,0.781250
3809.687500,0.781250
3810.453125,0.765625
3811.234375,0.781250
3812.031250,0.796875
3818.515625,0.671875
3819.218750,0.703125
3819.968750,0.750000
3820.718750,0.750000
3821.468750,0.750000
3822.234375,0.765625
3823.000000,0.765625
3823.734375,0.734375
3824.515625,0.781250
3825.312500,0.796875
3826.062500,0.750000
3826.828125,0.765625
3827.625000,0.796875
3828.437500,0.812500
3829.218750,0.781250
3829.968750,0.750000
3830.687500,0.718750
3831.406250,0.718750
3832.109375,0.703125
3832.812500,0.703125
3833.500000,0.687500
3834.234375,0.734375
3834.968750,0.734375
3835.750000,0.781250
3836.562500,0.812500
3837.390625,0.828125
3838.203125,0.812500
3839.031250,0.828125
3839.875000,0.843750
3840.671875,0.796875
3841.484375,0.812500
3842.265625,0.781250
3843.031250,0.765625
3843.796875,0.765625
3844.578125,0.781250
3845.328125,0.750000
3846.093750,0.765625
3846.890625,0.796875
3847.671875,0.781250
3848.468750,0.796875
3849.281250,0.812500
3850.062500,0.781250
3850.843750,0.781250
3851.578125,0.734375
3852.328125,0.750000
3853.093750,0.765625
3853.859375,0.765625
3854.625000,0.765625
3855.421875,0.796875
3856.218750,0.796875
3857.015625,0.796875
3857.765625,0.750000
3858.546875,0.781250
3859.265625,0.718750
3860.015625,0.750000
3860.765625,0.750000
3861.500000,0.734375
3862.218750,0.718750
3862.968750,0.750000
3863.718750,0.750000
3864.453125,0.734375
3865.156250,0.703125
3865.875000,0.718750
3866.546875,0.671875
3867.218750,0.671875
3867.875000,0.656250
3868.531250,0.656250
3869.203125,0.671875
3869.890625,0.687500
3870.640625,0.750000
3871.406250,0.765625
3872.156250,0.750000
3872.953125,0.796875
3873.734375,0.781250
3874.500000,0.765625
3875.265625,0.765625
3876.046875,0.781250
3876.812500,0.765625
3877.531250,0.718750
3878.250000,0.718750
3878.968750,0.718750
3897.671875,0.703125
3898.390625,0.718750
3899.109375,0.718750
3899.828125,0.718750
3900.578125,0.750000
3901.390625,0.812500
3910.484375,0.671875
3911.171875,0.687500
3928.875000,0.734375
3929.640625,0.765625
3930.437500,0.796875
3931.203125,0.765625
3931.984375,0.781250
3932.828125,0.843750
3933.671875,0.843750
3934.500000,0.828125
3935.359375,0.859375
3936.171875,0.812500
3937.031250,0.859375
3937.906250,0.875000
3938.734375,0.828125
3939.562500,0.828125
3940.437500,0.875000
3941.265625,0.828125
3942.062500,0.796875
3942.921875,0.859375
3943.765625,0.843750
3944.578125,0.812500
3945.406250,0.828125
3946.250000,0.843750
3947.078125,0.828125
3947.890625,0.812500
3948.718750,0.828125
3949.531250,0.812500
3950.343750,0.812500
3951.156250,0.812500
3952.000000,0.843750
3952.828125,0.828125
3953.671875,0.843750
3954.515625,0.843750
3955.343750,0.828125
3956.156250,0.812500
3957.000000,0.843750
3957.828125,0.828125
3958.640625,0.812500
3959.468750,0.828125
3960.250000,0.781250
3961.046875,0.796875
3972.000000,0.718750
3972.750000,0.750000
3973.484375,0.734375
3974.234375,0.750000
3975.000000,0.765625
3975.734375,0.734375
3976.468750,0.734375
3977.218750,0.750000
3978.000000,0.781250
3978.765625,0.765625
3979.531250,0.765625
3980.296875,0.765625
3981.093750,0.796875
3981.890625,0.796875
3982.734375,0.843750
3983.593750,0.859375
3984.406250,0.812500
3985.218750,0.812500
3986.015625,0.796875
3986.812500,0.796875
3987.609375,0.796875
3988.406250,0.796875
3989.234375,0.828125
3990.078125,0.843750
3990.890625,0.812500
3991.703125,0.812500
3992.546875,0.843750
3993.375000,0.828125
3994.156250,0.781250
3994.968750,0.812500
3995.718750,0.750000
3996.484375,0.765625
3997.234375,0.750000
3998.015625,0.781250
3998.812500,0.796875
3999.546875,0.734375
4000.296875,0.750000
4001.062500,0.765625
4001.843750,0.781250
4002.625000,0.781250
4003.390625,0.765625
4004.171875,0.781250
4004.937500,0.765625
4005.687500,0.750000
4006.453125,0.765625
4007.218750,0.765625
4007.984375,0.765625
4008.734375,0.750000
4009.500000,0.765625
4010.265625,0.765625
4011.000000,0.734375
4011.750000,0.750000
4012.484375,0.734375
4013.203125,0.718750
4013.875000,0.671875
4014.562500,0.687500
4015.218750,0.656250
4015.859375,0.640625
4016.515625,0.656250
4017.234375,0.718750
4018.000000,0.765625
4018.750000,0.750000
4019.484375,0.734375
4034.265625,0.718750
4035.015625,0.750000
4035.796875,0.781250
4036.609375,0.812500
4037.390625,0.781250
4038.140625,0.750000
4038.890625,0.750000
4039.578125,0.687500
4040.281250,0.703125
4041.000000,0.718750
4041.765625,0.765625
4042.515625,0.750000
4043.234375,0.718750
4043.968750,0.734375
4044.687500,0.718750
4045.437500,0.750000
4046.171875,0.734375
4046.937500,0.765625
4047.703125,0.765625
4048.515625,0.812500
4049.312500,0.796875
4050.078125,0.765625
4050.812500,0.734375
4051.531250,0.718750
4052.250000,0.718750
4052.968750,0.718750
4053.656250,0.687500
4054.359375,0.703125
4055.109375,0.750000
4055.843750,0.734375
4056.609375,0.765625
4057.375000,0.765625
4058.171875,0.796875
4058.906250,0.734375
4059.656250,0.750000
4060.375000,0.718750
4061.078125,0.703125
4061.765625,0.687500
4062.468750,0.703125
4063.171875,0.703125
4063.890625,0.718750
4064.578125,0.687500
4065.281250,0.703125
4065.984375,0.703125
4066.734375,0.750000
4067.468750,0.734375
4068.203125,0.734375
4068.921875,0.718750
4069.640625,0.718750
4070.328125,0.687500
4071.015625,0.687500
4071.703125,0.687500
4072.421875,0.718750
4073.140625,0.718750
4073.890625,0.750000
4074.656250,0.765625
4075.390625,0.734375
4076.125000,0.734375
4076.843750,0.718750
4077.531250,0.687500
4078.218750,0.687500
4078.953125,0.734375
4086.828125,0.687500
4087.500000,0.671875
4088.156250,0.656250
4088.812500,0.656250
4089.468750,0.656250
4090.125000,0.656250
4099.187500,0.765625
4104.000000,0.875000
4104.875000,0.875000
4105.687500,0.812500
4106.515625,0.828125
4107.343750,0.828125
4108.156250,0.812500
4108.953125,0.796875
4109.750000,0.796875
4110.531250,0.781250
4111.312500,0.781250
4112.093750,0.781250
4123.718750,0.765625
4124.500000,0.781250
4125.281250,0.781250
4126.078125,0.796875
4126.859375,0.781250
4137.687500,0.703125
4138.406250,0.718750
4139.109375,0.703125
4139.781250,0.671875
4140.453125,0.671875
4141.156250,0.703125
4141.875000,0.718750
4142.625000,0.750000
4143.406250,0.781250
4144.187500,0.781250
4145.000000,0.812500
4145.812500,0.812500
4146.609375,0.796875
4147.421875,0.812500
4148.234375,0.812500
4149.046875,0.812500
4149.843750,0.796875
4150.640625,0.796875
4151.421875,0.781250
4152.203125,0.781250
4153.000000,0.796875
4166.968750,0.781250
4167.750000,0.781250
4168.515625,0.765625
4169.250000,0.734375
4169.953125,0.703125
4170.656250,0.703125
4171.375000,0.718750
4184.656250,0.750000
4185.375000,0.718750
4186.093750,0.718750
4186.781250,0.687500
4187.453125,0.671875
4188.140625,0.687500
4188.875000,0.734375
4189.609375,0.734375
4190.390625,0.781250
4191.218750,0.828125
4192.000000,0.781250
4192.781250,0.781250
4193.578125,0.796875
4194.359375,0.781250
4195.093750,0.734375
4195.828125,0.734375
4196.531250,0.703125
4197.265625,0.734375
4197.968750,0.703125
4198.718750,0.750000
4199.500000,0.781250
4200.281250,0.781250
4201.078125,0.796875
4201.921875,0.843750
4202.734375,0.812500
4203.562500,0.828125
4204.390625,0.828125
4205.187500,0.796875
4206.015625,0.828125
4206.812500,0.796875
4207.562500,0.750000
4208.312500,0.750000
4209.031250,0.718750
4209.718750,0.687500
4210.406250,0.687500
4211.093750,0.687500
4211.796875,0.703125
4212.546875,0.750000
4263.515625,0.734375
4264.265625,0.750000
4265.015625,0.750000
4265.765625,0.750000
4266.515625,0.750000
4267.218750,0.703125
4267.937500,0.718750
4268.671875,0.734375
4269.437500,0.765625
4270.125000,0.687500
4270.937500,0.812500
4271.640625,0.703125
4272.359375,0.718750
4273.046875,0.687500
4273.734375,0.687500
4274.453125,0.718750
4275.156250,0.703125
4275.859375,0.703125
4276.593750,0.734375
4277.359375,0.765625
4303.609375,0.703125
4304.312500,0.703125
4305.015625,0.703125
4305.703125,0.687500
4306.375000,0.671875
4307.062500,0.687500
4307.734375,0.671875
4308.421875,0.687500
4309.156250,0.734375
4309.828125,0.671875
4315.921875,0.781250
4316.703125,0.781250
4317.453125,0.750000
4413.421875,0.718750
4414.187500,0.765625
4414.843750,0.656250
4415.515625,0.671875
4416.343750,0.828125
4417.031250,0.687500
4436.609375,0.437500
4445.625000,0.328125
4445.984375,0.359375
4446.328125,0.343750
4446.718750,0.390625
4456.140625,0.609375
4456.812500,0.671875
4457.484375,0.671875
4458.171875,0.687500
4458.843750,0.671875
4469.593750,0.375000
4479.171875,0.656250
4489.921875,0.750000
4490.578125,0.656250
4591.546875,0.687500
4592.187500,0.640625
4592.875000,0.687500
4593.578125,0.703125
4594.234375,0.656250
4594.937500,0.703125
4595.625000,0.687500
4596.343750,0.718750
4597.031250,0.687500
4597.703125,0.671875
4598.390625,0.687500
4599.078125,0.687500
4599.765625,0.687500
4600.468750,0.703125
4601.156250,0.687500
4601.921875,0.765625
4602.656250,0.734375
4603.375000,0.718750
4604.062500,0.687500
4604.750000,0.687500
4605.453125,0.703125
4606.171875,0.718750
4606.875000,0.703125
4607.593750,0.718750
4608.312500,0.718750
4608.984375,0.671875
4609.671875,0.687500
4610.328125,0.656250
4610.953125,0.625000
4611.593750,0.640625
4612.218750,0.625000
4612.859375,0.640625
4613.500000,0.640625
4614.125000,0.625000
4614.781250,0.656250
4615.453125,0.671875
4616.140625,0.687500
4616.812500,0.671875
4617.468750,0.656250
4618.109375,0.640625
4618.765625,0.656250
4619.390625,0.625000
4620.015625,0.625000
4620.671875,0.656250
4621.312500,0.640625
4621.984375,0.671875
4622.656250,0.671875
4623.343750,0.687500
4624.031250,0.687500
4624.718750,0.687500
4625.359375,0.640625
4626.031250,0.671875
4626.703125,0.671875
4627.375000,0.671875
4628.015625,0.640625
4628.671875,0.656250
4629.328125,0.656250
4630.015625,0.687500
4630.703125,0.687500
4631.421875,0.718750
4632.125000,0.703125
4632.875000,0.750000
4633.593750,0.718750
4634.296875,0.703125
4635.000000,0.703125
4635.640625,0.640625
4636.312500,0.671875
4636.953125,0.640625
4637.625000,0.671875
4638.328125,0.703125
4639.031250,0.703125
4639.734375,0.703125
4640.453125,0.718750
4641.187500,0.734375
4641.875000,0.687500
4642.593750,0.718750
4643.281250,0.687500
4644.015625,0.734375
4644.750000,0.734375
4645.468750,0.718750
4646.203125,0.734375
4646.921875,0.718750
4647.640625,0.718750
4648.359375,0.718750
4649.046875,0.687500
4649.765625,0.718750
4650.515625,0.750000
4651.218750,0.703125
4651.921875,0.703125
4652.625000,0.703125
4653.296875,0.671875
4654.015625,0.718750
4654.750000,0.734375
4655.484375,0.734375
4656.218750,0.734375
4656.906250,0.687500
4657.640625,0.734375
4658.343750,0.703125
4659.031250,0.687500
4659.718750,0.687500
4660.359375,0.640625
4747.265625,0.796875
4748.031250,0.765625
4748.781250,0.750000
4749.640625,0.859375
4750.421875,0.781250
4751.171875,0.750000
4751.953125,0.781250
4772.140625,0.734375
4772.859375,0.718750
4773.671875,0.812500
4774.437500,0.765625
4775.203125,0.765625
4775.953125,0.750000
4776.875000,0.921875
4777.640625,0.765625
4778.406250,0.765625
4783.828125,0.812500
4784.578125,0.750000
4785.343750,0.765625
4786.109375,0.765625
4786.796875,0.687500
4787.687500,0.890625
4788.437500,0.750000
4789.234375,0.796875
4790.015625,0.781250
4790.796875,0.781250
4791.546875,0.750000
4792.250000,0.703125
4793.015625,0.765625
4793.781250,0.765625
4794.421875,0.640625
4795.312500,0.890625
4796.062500,0.750000
4796.750000,0.687500
4797.625000,0.875000
4798.421875,0.796875
4799.156250,0.734375
4799.968750,0.812500
4800.734375,0.765625
4801.515625,0.781250
4802.281250,0.765625
4803.046875,0.765625
4803.750000,0.703125
4833.375000,0.875000
4834.140625,0.765625
4834.765625,0.625000
4835.671875,0.906250
4858.281250,0.812500
4859.062500,0.781250
4859.937500,0.875000
4860.734375,0.796875
4861.484375,0.750000
4862.250000,0.765625
4862.984375,0.734375
4863.734375,0.750000
4864.531250,0.796875
4865.343750,0.812500
4866.187500,0.843750
4867.062500,0.875000
4867.875000,0.812500
4868.687500,0.812500
4869.500000,0.812500
4870.281250,0.781250
4871.015625,0.734375
4871.781250,0.765625
4872.562500,0.781250
4873.328125,0.765625
4874.156250,0.828125
4874.953125,0.796875
4875.687500,0.734375
4876.437500,0.750000
4877.171875,0.734375
4899.734375,0.640625
4900.484375,0.750000
4901.203125,0.718750
4901.859375,0.656250
4902.609375,0.750000
4903.359375,0.750000
4904.109375,0.750000
4904.812500,0.703125
4905.578125,0.765625
4906.296875,0.718750
4907.078125,0.781250
4907.796875,0.718750
4908.515625,0.718750
4909.265625,0.750000
4909.890625,0.625000
4910.546875,0.656250
4911.343750,0.796875
4912.015625,0.671875
4912.718750,0.703125
4913.437500,0.718750
4914.187500,0.750000
4914.906250,0.718750
4915.546875,0.640625
4916.375000,0.828125
4917.062500,0.687500
4917.765625,0.703125
4918.468750,0.703125
4919.031250,0.562500
4919.796875,0.765625
4920.484375,0.687500
4921.203125,0.718750
4921.906250,0.703125
4922.578125,0.671875
4923.296875,0.718750
4929.500000,0.703125
4964.093750,0.671875
4964.656250,0.562500
4970.890625,0.734375
4971.562500,0.671875
4975.296875,0.515625
4975.859375,0.562500
4976.390625,0.531250
4976.859375,0.468750
4977.468750,0.609375
4978.093750,0.625000
4978.687500,0.593750
4979.359375,0.671875
4979.968750,0.609375
4980.671875,0.703125
4981.296875,0.625000
4982.031250,0.734375
4982.593750,0.562500
4983.296875,0.703125
4983.843750,0.546875
4984.421875,0.578125
4985.015625,0.593750
4985.656250,0.640625
4986.250000,0.593750
4991.328125,0.593750
4991.890625,0.562500
4992.437500,0.546875
4997.937500,0.640625
5000.828125,0.640625
5001.328125,0.500000
5001.875000,0.546875
5014.109375,0.578125
5018.187500,0.578125
5021.078125,0.562500
5021.625000,0.546875
5022.250000,0.625000
5022.796875,0.546875
5023.343750,0.546875
5024.031250,0.687500
5024.609375,0.578125
5025.078125,0.468750
5025.703125,0.625000
5026.234375,0.531250
5026.687500,0.453125
5027.328125,0.640625
5027.890625,0.562500
5028.484375,0.593750
5038.890625,0.562500
5039.515625,0.625000
5049.093750,0.828125
5049.953125,0.859375
5063.250000,0.796875
5063.984375,0.734375
5095.781250,0.906250
5096.562500,0.781250
5097.281250,0.718750
5097.953125,0.671875
5098.515625,0.562500
5099.203125,0.687500
5099.765625,0.562500
5100.406250,0.640625
5100.984375,0.578125
5101.656250,0.671875
5102.312500,0.656250
5102.906250,0.593750
5103.593750,0.687500
5104.218750,0.625000
5104.843750,0.625000
5105.578125,0.734375
5108.453125,0.562500
5109.031250,0.578125
5109.562500,0.531250
5110.187500,0.625000
5110.656250,0.468750
5111.218750,0.562500
5111.812500,0.593750
5112.500000,0.687500
5113.078125,0.578125
5113.625000,0.546875
5114.234375,0.609375
5114.890625,0.656250
5115.390625,0.500000
5116.046875,0.656250
5116.656250,0.609375
5117.218750,0.562500
5117.734375,0.515625
5118.343750,0.609375
5118.828125,0.484375
5119.406250,0.578125
5119.968750,0.562500
5120.515625,0.546875
5121.046875,0.531250
5121.593750,0.546875
5122.125000,0.531250
5134.656250,0.484375
5139.500000,0.578125
5140.125000,0.625000
5140.781250,0.656250
5141.343750,0.562500
5141.890625,0.546875
5142.546875,0.656250
5151.921875,0.687500
5152.562500,0.640625
5153.203125,0.640625
5153.828125,0.625000
5154.406250,0.578125
5155.015625,0.609375
5155.640625,0.625000
5160.484375,0.609375
5161.218750,0.734375
5161.937500,0.718750
5162.531250,0.593750
5163.109375,0.578125
5163.703125,0.593750
5164.234375,0.531250
5164.812500,0.578125
5165.406250,0.593750
5166.046875,0.640625
5166.656250,0.609375
5167.359375,0.703125
5168.015625,0.656250
5188.484375,0.734375
5189.156250,0.671875
5189.953125,0.796875
5190.531250,0.578125
5191.234375,0.703125
5191.937500,0.703125
5192.578125,0.640625
5193.265625,0.687500
5193.953125,0.687500
5194.640625,0.687500
5195.390625,0.750000
5199.765625,0.734375
5200.453125,0.687500
5201.031250,0.578125
5201.703125,0.671875
5202.281250,0.578125
5202.953125,0.671875
5206.718750,0.734375
5213.890625,0.828125
5214.671875,0.781250
5215.375000,0.703125
5222.140625,0.812500
5222.906250,0.765625
5228.515625,0.781250
5229.296875,0.781250
5230.046875,0.750000
5230.859375,0.812500
5231.656250,0.796875
5232.453125,0.796875
5233.234375,0.781250
5246.265625,0.593750
5246.921875,0.656250
5247.421875,0.500000
5248.046875,0.625000
5262.531250,0.640625
5268.343750,0.687500
5269.046875,0.703125
5269.687500,0.640625
5270.328125,0.640625
5270.968750,0.640625
5271.609375,0.640625
5272.281250,0.671875
5272.875000,0.593750
5273.500000,0.625000
5274.171875,0.671875
5274.890625,0.718750
5275.562500,0.671875
5276.265625,0.703125
5277.078125,0.812500
5277.859375,0.781250
5278.515625,0.656250
5279.218750,0.703125
5279.890625,0.671875
5280.515625,0.625000
5284.875000,0.546875
5285.640625,0.765625
5286.203125,0.562500
5286.796875,0.593750
5287.437500,0.640625
5294.343750,0.640625
5295.062500,0.718750
5298.921875,0.765625
5299.703125,0.781250
5300.484375,0.781250
5301.265625,0.781250
5314.281250,0.765625
5314.968750,0.687500
5315.656250,0.687500
5316.375000,0.718750
5317.015625,0.640625
5317.687500,0.671875
5318.359375,0.671875
5319.015625,0.656250
5319.687500,0.671875
5320.390625,0.703125
5326.484375,0.828125
5327.265625,0.781250
5328.031250,0.765625
5328.796875,0.765625
5329.546875,0.750000
5337.531250,0.687500
5338.203125,0.671875
5338.828125,0.625000
5339.406250,0.578125
5339.984375,0.578125
5340.562500,0.578125
5341.218750,0.656250
5353.062500,0.593750
5353.750000,0.687500
5354.406250,0.656250
5355.078125,0.671875
5359.375000,0.609375
5373.218750,0.937500
5374.062500,0.843750
5385.875000,0.703125
5386.562500,0.687500
5387.265625,0.703125
5387.953125,0.687500
5388.656250,0.703125
5389.406250,0.750000
5390.156250,0.750000
5390.921875,0.765625
5391.703125,0.781250
5400.171875,0.687500
5400.765625,0.593750
5411.125000,0.562500
5411.718750,0.593750
5412.234375,0.515625
5415.734375,0.593750
5416.343750,0.609375
5416.890625,0.546875
5417.453125,0.562500
5418.000000,0.546875
5418.546875,0.546875
5419.062500,0.515625
5419.625000,0.562500
5420.140625,0.515625
5420.734375,0.593750
5421.312500,0.578125
5421.937500,0.625000
5422.515625,0.578125
5423.093750,0.578125
5426.000000,0.609375
5426.578125,0.578125
5427.171875,0.593750
5427.828125,0.656250
5428.453125,0.625000
5429.046875,0.593750
5429.578125,0.531250
5430.109375,0.531250
5430.734375,0.625000
5431.375000,0.640625
5431.953125,0.578125
5432.500000,0.546875
5433.140625,0.640625
5446.281250,0.578125
5446.828125,0.546875
5447.375000,0.546875
5447.921875,0.546875
5448.468750,0.546875
5449.031250,0.562500
5449.562500,0.531250
5450.093750,0.531250
5450.625000,0.531250
5451.140625,0.515625
5451.703125,0.562500
5452.218750,0.515625
5452.796875,0.578125
5453.359375,0.562500
5453.906250,0.546875
5454.375000,0.468750
5454.906250,0.531250
5455.437500,0.531250
5455.984375,0.546875
5456.453125,0.468750
5456.984375,0.531250
5457.515625,0.531250
5458.031250,0.515625
5458.593750,0.562500
5459.093750,0.500000
5459.593750,0.500000
5460.203125,0.609375
5460.750000,0.546875
5461.265625,0.515625
5461.796875,0.531250
5462.312500,0.515625
5462.843750,0.531250
5463.375000,0.531250
5463.937500,0.562500
5464.515625,0.578125
5465.046875,0.531250
5465.562500,0.515625
5466.093750,0.531250
5466.609375,0.515625
5467.109375,0.500000
5472.296875,0.531250
5472.890625,0.593750
5473.484375,0.593750
5474.000000,0.515625
5474.546875,0.546875
5475.109375,0.562500
5475.671875,0.562500
5476.234375,0.562500
5476.734375,0.500000
5477.281250,0.546875
5477.812500,0.531250
5478.359375,0.546875
5478.875000,0.515625
5479.375000,0.500000
5479.906250,0.531250
5480.453125,0.546875
5481.000000,0.546875
5481.531250,0.531250
5482.140625,0.609375
5482.703125,0.562500
5483.281250,0.578125
5483.906250,0.625000
5484.468750,0.562500
5490.218750,0.687500
5490.812500,0.593750
5491.437500,0.625000
5492.031250,0.593750
5505.531250,0.687500
5506.296875,0.765625
5507.093750,0.796875
5507.843750,0.750000
5508.609375,0.765625
5572.734375,0.625000
5573.437500,0.703125
5574.140625,0.703125
5582.312500,0.781250
5583.171875,0.859375
5584.031250,0.859375
5587.953125,0.796875
5592.703125,0.828125
5597.062500,0.593750
5602.406250,0.796875
5603.046875,0.640625
5607.375000,0.843750
5608.234375,0.859375
5608.968750,0.734375
5609.968750,1.000000
5610.812500,0.843750
5614.890625,0.828125
5615.765625,0.875000
5616.437500,0.671875
5620.531250,0.671875
5621.375000,0.843750
5622.078125,0.703125
5642.062500,0.765625
5642.781250,0.718750
5643.500000,0.718750
5644.109375,0.609375
5652.296875,0.859375
5652.984375,0.687500
5653.812500,0.828125
5654.656250,0.843750
5655.562500,0.906250
5656.296875,0.734375
5657.171875,0.875000
5657.890625,0.718750
5658.671875,0.781250
5659.453125,0.781250
5660.390625,0.937500
5661.171875,0.781250
5661.984375,0.812500
5662.828125,0.843750
5663.671875,0.843750
5664.546875,0.875000
5665.375000,0.828125
5666.156250,0.781250
5666.921875,0.765625
5667.640625,0.718750
5668.390625,0.750000
5669.140625,0.750000
5669.859375,0.718750
5677.703125,0.843750
5682.734375,0.750000
5683.484375,0.750000
5688.015625,1.000000
5688.890625,0.875000
5689.703125,0.812500
5690.531250,0.828125
5691.328125,0.796875
5692.140625,0.812500
5692.984375,0.843750
5693.703125,0.718750
5694.546875,0.843750
5695.312500,0.765625
5696.109375,0.796875
5697.015625,0.906250
5697.859375,0.843750
5698.609375,0.750000
5699.500000,0.890625
5700.312500,0.812500
5701.109375,0.796875
5701.828125,0.718750
5702.671875,0.843750
5703.515625,0.843750
5704.234375,0.718750
5705.000000,0.765625
5705.890625,0.890625
5706.671875,0.781250
5713.875000,0.718750
5719.265625,0.718750
5720.109375,0.843750
5720.859375,0.750000
5721.578125,0.718750
5722.359375,0.781250
5723.031250,0.671875
5723.765625,0.734375
5724.656250,0.890625
5725.437500,0.781250
5726.171875,0.734375
5726.968750,0.796875
5727.828125,0.859375
5728.562500,0.734375
5729.343750,0.781250
5730.171875,0.828125
5730.953125,0.781250
5731.828125,0.875000
5732.515625,0.687500
5733.343750,0.828125
5734.140625,0.796875
5735.000000,0.859375
5735.703125,0.703125
5736.515625,0.812500
5737.250000,0.734375
5738.171875,0.921875
5738.906250,0.734375
5739.687500,0.781250
5740.531250,0.843750
5741.375000,0.843750
5742.203125,0.828125
5742.937500,0.734375
5743.828125,0.890625
5744.531250,0.703125
5745.390625,0.859375
5746.218750,0.828125
5746.937500,0.718750
5747.843750,0.906250
5748.562500,0.718750
5749.343750,0.781250
5750.203125,0.859375
5750.906250,0.703125
5751.687500,0.781250
5752.468750,0.781250
5753.312500,0.843750
5754.015625,0.703125
5754.859375,0.843750
5755.609375,0.750000
5756.296875,0.687500
5757.015625,0.718750
5757.656250,0.640625
5758.437500,0.781250
5759.234375,0.796875
5760.000000,0.765625
5760.687500,0.687500
5761.546875,0.859375
5762.296875,0.750000
5763.062500,0.765625
5763.828125,0.765625
5764.562500,0.734375
5765.281250,0.718750
5766.031250,0.750000
5766.781250,0.750000
5767.437500,0.656250
5768.296875,0.859375
5769.046875,0.750000
5769.796875,0.750000
5770.578125,0.781250
5771.328125,0.750000
5771.984375,0.656250
5772.671875,0.687500
5773.500000,0.828125
5774.203125,0.703125
5774.890625,0.687500
5775.437500,0.546875
5776.250000,0.812500
5776.921875,0.671875
5777.640625,0.718750
5778.250000,0.609375
5779.078125,0.828125
5779.812500,0.734375
5780.515625,0.703125
5781.328125,0.812500
5782.078125,0.750000
5782.796875,0.718750
5783.593750,0.796875
5784.484375,0.890625
5785.250000,0.765625
5786.078125,0.828125
5786.859375,0.781250
5787.671875,0.812500
5788.437500,0.765625
5789.265625,0.828125
5790.093750,0.828125
5790.843750,0.750000
5791.734375,0.890625
5843.687500,0.687500
5848.296875,0.671875
5848.890625,0.593750
5849.421875,0.531250
5920.078125,0.734375
5920.828125,0.750000
5921.562500,0.734375
5922.296875,0.734375
5923.031250,0.734375
5923.750000,0.718750
5924.453125,0.703125
5925.125000,0.671875
5925.781250,0.656250
5926.453125,0.671875
5927.140625,0.687500
5927.890625,0.750000
5928.625000,0.734375
5929.359375,0.734375
5930.125000,0.765625
5930.890625,0.765625
5931.640625,0.750000
5932.343750,0.703125
5933.062500,0.718750
5933.765625,0.703125
5934.484375,0.718750
5935.218750,0.734375
5935.953125,0.734375
5936.687500,0.734375
5937.406250,0.718750
5938.125000,0.718750
5938.828125,0.703125
5939.515625,0.687500
5940.171875,0.656250
5940.828125,0.656250
5941.484375,0.656250
5942.156250,0.671875
5942.875000,0.718750
5943.593750,0.718750
5944.312500,0.718750
5945.078125,0.765625
5945.843750,0.765625
5946.562500,0.718750
5947.296875,0.734375
5948.000000,0.703125
5948.703125,0.703125
5949.390625,0.687500
5950.031250,0.640625
5950.687500,0.656250
5951.328125,0.640625
5951.984375,0.656250
5952.656250,0.671875
5953.328125,0.671875
5954.000000,0.671875
5954.718750,0.718750
5955.453125,0.734375
5956.187500,0.734375
5956.968750,0.781250
5957.703125,0.734375
5958.421875,0.718750
5959.109375,0.687500
5959.781250,0.671875
5960.453125,0.671875
5961.093750,0.640625
5961.718750,0.625000
5962.390625,0.671875
5963.046875,0.656250
5963.703125,0.656250
5964.375000,0.671875
5965.046875,0.671875
5965.750000,0.703125
5966.468750,0.718750
5967.187500,0.718750
5967.921875,0.734375
5968.656250,0.734375
5969.359375,0.703125
5970.046875,0.687500
5970.734375,0.687500
5971.437500,0.703125
5972.140625,0.703125
5972.843750,0.703125
5973.531250,0.687500
5974.218750,0.687500
5974.937500,0.718750
5975.671875,0.734375
5976.437500,0.765625
5977.218750,0.781250
5977.953125,0.734375
5978.703125,0.750000
5979.468750,0.765625
5980.218750,0.750000
5980.953125,0.734375
5981.671875,0.718750
5982.375000,0.703125
5983.031250,0.656250
5983.703125,0.671875
5984.390625,0.687500
5985.109375,0.718750
5985.828125,0.718750
5986.546875,0.718750
5987.250000,0.703125
5987.953125,0.703125
5988.656250,0.703125
5989.375000,0.718750
5990.140625,0.765625
5990.921875,0.781250
5991.656250,0.734375
5992.390625,0.734375
5993.140625,0.750000
5993.859375,0.718750
5994.578125,0.718750
5995.281250,0.703125
5995.968750,0.687500
5996.640625,0.671875
5997.343750,0.703125
5998.015625,0.671875
5998.703125,0.687500
5999.390625,0.687500
6000.109375,0.718750
6000.828125,0.718750
6001.515625,0.687500
6002.234375,0.718750
6002.937500,0.703125
6003.609375,0.671875
6004.265625,0.656250
6004.968750,0.703125
6005.687500,0.718750
6006.421875,0.734375
6007.156250,0.734375
6007.859375,0.703125
6008.546875,0.687500
6009.250000,0.703125
6009.953125,0.703125
6010.640625,0.687500
6011.281250,0.640625
6011.953125,0.671875
6012.609375,0.656250
6013.281250,0.671875
6013.968750,0.687500
6014.671875,0.703125
6015.359375,0.687500
6016.015625,0.656250
6016.718750,0.703125
6017.468750,0.750000
6018.234375,0.765625
6019.015625,0.781250
6019.796875,0.781250
6020.578125,0.781250
6021.328125,0.750000
6022.062500,0.734375
6022.796875,0.734375
6023.515625,0.718750
6024.187500,0.671875
6097.906250,0.734375
6125.750000,0.796875
6126.500000,0.750000
6127.250000,0.750000
6140.500000,0.718750
6141.234375,0.734375
6142.000000,0.765625
6142.765625,0.765625
6143.500000,0.734375
6144.218750,0.718750
6144.937500,0.718750
6145.640625,0.703125
6146.375000,0.734375
6147.093750,0.718750
6147.859375,0.765625
6148.609375,0.750000
6149.390625,0.781250
6150.187500,0.796875
6164.906250,0.671875
6165.625000,0.718750
6166.359375,0.734375
6167.140625,0.781250
6168.046875,0.906250
6168.890625,0.843750
6169.718750,0.828125
6199.984375,0.812500
6200.734375,0.750000
6201.562500,0.828125
6202.343750,0.781250
6203.125000,0.781250
6203.890625,0.765625
6204.609375,0.718750
6205.328125,0.718750
6206.046875,0.718750
6206.718750,0.671875
6207.437500,0.718750
6208.171875,0.734375
6208.937500,0.765625
6209.703125,0.765625
6210.500000,0.796875
6211.375000,0.875000
6212.281250,0.906250
6213.109375,0.828125
6213.890625,0.781250
6231.031250,0.828125
6231.843750,0.812500
6232.703125,0.859375
6233.562500,0.859375
6234.406250,0.843750
6235.250000,0.843750
6236.093750,0.843750
6236.921875,0.828125
6237.765625,0.843750
6238.625000,0.859375
6239.453125,0.828125
6240.265625,0.812500
6241.093750,0.828125
6241.890625,0.796875
6242.687500,0.796875
6258.062500,0.828125
6258.906250,0.843750
6259.765625,0.859375
6260.578125,0.812500
6261.421875,0.843750
6262.343750,0.921875
6263.171875,0.828125
6264.046875,0.875000
6264.921875,0.875000
6265.765625,0.843750
6266.625000,0.859375
6267.484375,0.859375
6268.312500,0.828125
6269.156250,0.843750
6269.984375,0.828125
6270.796875,0.812500
6271.625000,0.828125
6272.421875,0.796875
6273.234375,0.812500
6274.062500,0.828125
6274.859375,0.796875
6275.687500,0.828125
6276.515625,0.828125
6277.156250,0.640625
6278.078125,0.921875
6278.859375,0.781250
6279.625000,0.765625
6280.375000,0.750000
6280.968750,0.593750
6281.796875,0.828125
6282.500000,0.703125
6283.203125,0.703125
6283.875000,0.671875
6284.562500,0.687500
6285.265625,0.703125
6286.031250,0.765625
6286.906250,0.875000
6287.796875,0.890625
6288.640625,0.843750
6289.531250,0.890625
6290.484375,0.953125
6291.437500,0.953125
6292.312500,0.875000
6293.156250,0.843750
6293.984375,0.828125
6294.796875,0.812500
6295.609375,0.812500
6296.421875,0.812500
6297.218750,0.796875
6298.031250,0.812500
6298.843750,0.812500
6299.640625,0.796875
6300.437500,0.796875
6301.250000,0.812500
6302.046875,0.796875
6302.843750,0.796875
6303.640625,0.796875
6304.421875,0.781250
6305.203125,0.781250
6305.984375,0.781250
6306.750000,0.765625
6307.562500,0.812500
6308.343750,0.781250
6309.140625,0.796875
6309.937500,0.796875
6310.718750,0.781250
6311.515625,0.796875
6312.312500,0.796875
6313.093750,0.781250
6313.890625,0.796875
6314.703125,0.812500
6315.500000,0.796875
6316.296875,0.796875
6317.046875,0.750000
6317.812500,0.765625
6318.578125,0.765625
6319.328125,0.750000
6327.875000,0.828125
6328.671875,0.796875
6336.750000,0.875000
6337.578125,0.828125
6338.421875,0.843750
6339.265625,0.843750
6340.093750,0.828125
6340.890625,0.796875
6341.703125,0.812500
6342.531250,0.828125
6343.343750,0.812500
6344.125000,0.781250
6344.921875,0.796875
6345.734375,0.812500
6346.515625,0.781250
6347.343750,0.828125
6348.187500,0.843750
6348.984375,0.796875
6349.796875,0.812500
6350.625000,0.828125
6351.421875,0.796875
6352.218750,0.796875
6353.031250,0.812500
6353.812500,0.781250
6354.625000,0.812500
6355.453125,0.828125
6356.250000,0.796875
6357.062500,0.812500
6357.875000,0.812500
6358.671875,0.796875
6359.468750,0.796875
6360.281250,0.812500
6361.078125,0.796875
6361.875000,0.796875
6362.671875,0.796875
6363.453125,0.781250
6364.218750,0.765625
6364.968750,0.750000
6365.750000,0.781250
6366.515625,0.765625
6367.281250,0.765625
6368.093750,0.812500
6368.859375,0.765625
6369.671875,0.812500
6370.468750,0.796875
6371.250000,0.781250
6372.062500,0.812500
6372.875000,0.812500
6373.687500,0.812500
6374.484375,0.796875
6375.328125,0.843750
6376.140625,0.812500
6376.937500,0.796875
6377.750000,0.812500
6378.546875,0.796875
6379.343750,0.796875
6380.171875,0.828125
6381.015625,0.843750
6381.828125,0.812500
6382.671875,0.843750
6383.515625,0.843750
6384.328125,0.812500
6385.140625,0.812500
6385.984375,0.843750
6386.796875,0.812500
6387.593750,0.796875
6388.421875,0.828125
6389.250000,0.828125
6390.062500,0.812500
6390.906250,0.843750
6391.750000,0.843750
6392.562500,0.812500
6393.406250,0.843750
6394.265625,0.859375
6395.062500,0.796875
6395.890625,0.828125
6396.718750,0.828125
6397.515625,0.796875
6398.312500,0.796875
6399.125000,0.812500
6399.921875,0.796875
6400.703125,0.781250
6401.515625,0.812500
6402.296875,0.781250
6403.078125,0.781250
6403.875000,0.796875
6404.640625,0.765625
6405.406250,0.765625
6406.187500,0.781250
6406.953125,0.765625
6407.734375,0.781250
6408.484375,0.750000
6409.281250,0.796875
6410.062500,0.781250
6410.875000,0.812500
6411.687500,0.812500
6412.484375,0.796875
6413.312500,0.828125
6420.109375,0.734375
6427.812500,0.765625
6428.593750,0.781250
6429.390625,0.796875
6430.187500,0.796875
6430.968750,0.781250
6431.750000,0.781250
6432.515625,0.765625
6433.250000,0.734375
6434.000000,0.750000
6434.734375,0.734375
6435.515625,0.781250
6436.265625,0.750000
6437.062500,0.796875
6437.875000,0.812500
6438.687500,0.812500
6439.468750,0.781250
6440.281250,0.812500
6441.093750,0.812500
6441.906250,0.812500
6442.703125,0.796875
6443.468750,0.765625
6444.250000,0.781250
6445.031250,0.781250
6445.812500,0.781250
6446.578125,0.765625
6447.406250,0.828125
6448.203125,0.796875
6449.015625,0.812500
6449.843750,0.828125
6450.687500,0.843750
6451.484375,0.796875
6452.281250,0.796875
6453.062500,0.781250
6453.875000,0.812500
6454.640625,0.765625
6455.406250,0.765625
6456.156250,0.750000
6456.921875,0.765625
6457.671875,0.750000
6458.406250,0.734375
6459.140625,0.734375
6459.843750,0.703125
6460.546875,0.703125
6461.234375,0.687500
6461.937500,0.703125
6462.671875,0.734375
6463.421875,0.750000
6464.218750,0.796875
6465.062500,0.843750
6465.953125,0.890625
6466.843750,0.890625
6467.718750,0.875000
6468.578125,0.859375
6469.421875,0.843750
6470.234375,0.812500
6471.046875,0.812500
6471.890625,0.843750
6472.734375,0.843750
6473.515625,0.781250
6474.328125,0.812500
6475.125000,0.796875
6475.937500,0.812500
6476.734375,0.796875
6477.515625,0.781250
6478.296875,0.781250
6479.046875,0.750000
6479.781250,0.734375
6480.500000,0.718750
6481.218750,0.718750
6481.953125,0.734375
6482.718750,0.765625
6483.484375,0.765625
6484.265625,0.781250
6485.093750,0.828125
6485.968750,0.875000
6486.796875,0.828125
6487.609375,0.812500
6488.453125,0.843750
6489.296875,0.843750
6490.093750,0.796875
6490.875000,0.781250
6491.687500,0.812500
6492.515625,0.828125
6493.312500,0.796875
6494.109375,0.796875
6494.859375,0.750000
6495.609375,0.750000
6496.312500,0.703125
6497.000000,0.687500
6497.718750,0.718750
6498.484375,0.765625
6499.296875,0.812500
6500.109375,0.812500
6500.968750,0.859375
6501.828125,0.859375
6502.656250,0.828125
6503.484375,0.828125
6504.281250,0.796875
6505.046875,0.765625
6505.843750,0.796875
6506.656250,0.812500
6507.453125,0.796875
6508.250000,0.796875
6509.000000,0.750000
6509.734375,0.734375
6510.453125,0.718750
6511.156250,0.703125
6511.859375,0.703125
6512.578125,0.718750
6513.328125,0.750000
6535.390625,0.750000
6536.218750,0.828125
6537.000000,0.781250
6537.875000,0.875000
6538.765625,0.890625
6539.687500,0.921875
6540.531250,0.843750
6541.359375,0.828125
6542.187500,0.828125
6543.015625,0.828125
6543.828125,0.812500
6544.640625,0.812500
6545.468750,0.828125
6546.281250,0.812500
6547.125000,0.843750
6547.953125,0.828125
6548.781250,0.828125
6549.640625,0.859375
6550.500000,0.859375
6551.312500,0.812500
6558.390625,0.750000
6559.078125,0.687500
6559.796875,0.718750
6560.515625,0.718750
6561.234375,0.718750
6561.984375,0.750000
6562.765625,0.781250
6563.562500,0.796875
6564.359375,0.796875
6565.218750,0.859375
6566.031250,0.812500
6566.828125,0.796875
6567.656250,0.828125
6568.500000,0.843750
6569.328125,0.828125
6570.156250,0.828125
6571.015625,0.859375
6571.843750,0.828125
6572.703125,0.859375
6573.562500,0.859375
6574.406250,0.843750
6575.265625,0.859375
6576.109375,0.843750
6576.937500,0.828125
6577.812500,0.875000
6578.671875,0.859375
6579.500000,0.828125
6580.328125,0.828125
6581.125000,0.796875
6581.921875,0.796875
6582.718750,0.796875
6583.500000,0.781250
6584.296875,0.796875
6585.093750,0.796875
6585.890625,0.796875
6586.671875,0.781250
6587.484375,0.812500
6588.296875,0.812500
6589.093750,0.796875
6589.906250,0.812500
6590.734375,0.828125
6591.500000,0.765625
6592.203125,0.703125
6593.000000,0.796875
6593.687500,0.687500
6594.468750,0.781250
6595.140625,0.671875
6595.875000,0.734375
6596.562500,0.687500
6603.406250,0.718750
6604.140625,0.734375
6604.906250,0.765625
6605.703125,0.796875
6606.515625,0.812500
6607.281250,0.765625
6608.093750,0.812500
6608.859375,0.765625
6643.390625,0.812500
6644.171875,0.781250
6644.953125,0.781250
6645.750000,0.796875
6646.546875,0.796875
6647.390625,0.843750
6648.250000,0.859375
6649.093750,0.843750
6649.984375,0.890625
6650.828125,0.843750
6651.671875,0.843750
6652.546875,0.875000
6653.406250,0.859375
6654.218750,0.812500
6655.031250,0.812500
6655.875000,0.843750
6656.671875,0.796875
6657.484375,0.812500
6665.937500,0.703125
6666.625000,0.687500
6667.328125,0.703125
6668.093750,0.765625
6668.859375,0.765625
6669.625000,0.765625
6670.437500,0.812500
6671.234375,0.796875
6672.062500,0.828125
6672.890625,0.828125
6673.703125,0.812500
6674.515625,0.812500
6675.375000,0.859375
6676.187500,0.812500
6677.000000,0.812500
6677.812500,0.812500
6678.609375,0.796875
6679.437500,0.828125
6680.296875,0.859375
6681.125000,0.828125
6681.968750,0.843750
6682.828125,0.859375
6683.640625,0.812500
6684.453125,0.812500
6685.281250,0.828125
6686.093750,0.812500
6686.937500,0.843750
6687.781250,0.843750
6688.593750,0.812500
6689.453125,0.859375
6690.312500,0.859375
6691.125000,0.812500
6691.968750,0.843750
6692.796875,0.828125
6693.578125,0.781250
6694.375000,0.796875
6695.187500,0.812500
6695.968750,0.781250
6696.796875,0.828125
6697.609375,0.812500
6698.406250,0.796875
6699.203125,0.796875
6700.015625,0.812500
6700.812500,0.796875
6701.640625,0.828125
6702.468750,0.828125
6703.250000,0.781250
6704.046875,0.796875
6704.828125,0.781250
6705.593750,0.765625
6706.343750,0.750000
6707.125000,0.781250
6707.875000,0.750000
6708.640625,0.765625
6709.406250,0.765625
6710.171875,0.765625
6710.937500,0.765625
6711.718750,0.781250
6712.500000,0.781250
6713.265625,0.765625
6714.000000,0.734375
6714.718750,0.718750
6715.421875,0.703125
6716.140625,0.718750
6716.906250,0.765625
6717.656250,0.750000
6718.421875,0.765625
6719.234375,0.812500
6720.015625,0.781250
6720.843750,0.828125
6721.656250,0.812500
6728.171875,0.859375
6729.015625,0.843750
6729.843750,0.828125
6730.687500,0.843750
6731.515625,0.828125
6732.328125,0.812500
6733.171875,0.843750
6734.000000,0.828125
6734.828125,0.828125
6735.671875,0.843750
6736.500000,0.828125
6737.359375,0.859375
6738.218750,0.859375
6739.031250,0.812500
6739.828125,0.796875
6740.625000,0.796875
6741.390625,0.765625
6742.140625,0.750000
6742.906250,0.765625
6743.671875,0.765625
6744.421875,0.750000
6745.203125,0.781250
6745.968750,0.765625
6746.703125,0.734375
6747.437500,0.734375
6748.171875,0.734375
6748.921875,0.750000
6749.656250,0.734375
6750.406250,0.750000
6751.187500,0.781250
6751.953125,0.765625
6752.718750,0.765625
6753.500000,0.781250
6754.265625,0.765625
6755.015625,0.750000
6755.796875,0.781250
6756.546875,0.750000
6757.328125,0.781250
6758.140625,0.812500
6758.953125,0.812500
6759.750000,0.796875
6760.578125,0.828125
6761.359375,0.781250
6762.156250,0.796875
6762.953125,0.796875
6806.031250,0.687500
6806.734375,0.703125
6807.437500,0.703125
6808.140625,0.703125
6808.812500,0.671875
6809.484375,0.671875
6810.171875,0.687500
6810.890625,0.718750
6811.593750,0.703125
6812.296875,0.703125
6812.984375,0.687500
6813.718750,0.734375
6814.437500,0.718750
6815.171875,0.734375
6815.906250,0.734375
6816.625000,0.718750
6817.312500,0.687500
6830.609375,0.703125
6831.312500,0.703125
6832.015625,0.703125
6832.734375,0.718750
6833.421875,0.687500
6834.093750,0.671875
6834.796875,0.703125
6835.515625,0.718750
6836.250000,0.734375
6837.000000,0.750000
6837.671875,0.671875
6838.531250,0.859375
6839.312500,0.781250
6840.062500,0.750000
6848.468750,0.703125
6849.203125,0.734375
6849.953125,0.750000
6850.734375,0.781250
6851.546875,0.812500
6852.437500,0.890625
6853.296875,0.859375
6854.015625,0.718750
6854.890625,0.875000
6855.656250,0.765625
6859.968750,0.843750
6860.703125,0.734375
6861.453125,0.750000
6862.203125,0.750000
6862.921875,0.718750
6863.656250,0.734375
6864.375000,0.718750
6865.109375,0.734375
6865.828125,0.718750
6866.546875,0.718750
6867.296875,0.750000
6868.015625,0.718750
6868.718750,0.703125
6869.421875,0.703125
6870.156250,0.734375
6870.921875,0.765625
6871.734375,0.812500
6872.593750,0.859375
6873.421875,0.828125
6874.218750,0.796875
6875.031250,0.812500
6875.765625,0.734375
6876.562500,0.796875
6877.312500,0.750000
6878.046875,0.734375
6878.781250,0.734375
6879.468750,0.687500
6880.203125,0.734375
6880.937500,0.734375
6881.703125,0.765625
6882.500000,0.796875
6883.281250,0.781250
6884.109375,0.828125
6884.937500,0.828125
6885.734375,0.796875
6893.796875,0.734375
6894.546875,0.750000
6895.406250,0.859375
6896.218750,0.812500
6897.046875,0.828125
6897.875000,0.828125
6898.703125,0.828125
6899.546875,0.843750
6900.390625,0.843750
6901.250000,0.859375
6902.140625,0.890625
6902.984375,0.843750
6903.859375,0.875000
6904.750000,0.890625
6905.671875,0.921875
6906.546875,0.875000
6907.375000,0.828125
6908.250000,0.875000
6909.109375,0.859375
6910.000000,0.890625
6910.859375,0.859375
6911.718750,0.859375
6912.593750,0.875000
6913.406250,0.812500
6914.234375,0.828125
6915.062500,0.828125
6915.875000,0.812500
6916.703125,0.828125
6917.515625,0.812500
6918.359375,0.843750
6919.156250,0.796875
6920.000000,0.843750
6920.859375,0.859375
6921.687500,0.828125
6922.484375,0.796875
6923.296875,0.812500
6924.109375,0.812500
6924.890625,0.781250
6925.687500,0.796875
6926.453125,0.765625
6927.250000,0.796875
6928.046875,0.796875
6928.828125,0.781250
6929.625000,0.796875
6930.437500,0.812500
6931.218750,0.781250
6935.203125,0.796875
6935.984375,0.781250
6936.781250,0.796875
6937.578125,0.796875
6938.390625,0.812500
6939.187500,0.796875
6940.000000,0.812500
6940.843750,0.843750
6941.656250,0.812500
6942.453125,0.796875
6943.265625,0.812500
6944.062500,0.796875
6944.859375,0.796875
6945.671875,0.812500
6946.515625,0.843750
6947.343750,0.828125
6948.187500,0.843750
6949.031250,0.843750
6949.828125,0.796875
6950.500000,0.671875
6951.437500,0.937500
6952.250000,0.812500
6953.062500,0.812500
6953.843750,0.781250
6954.671875,0.828125
6955.484375,0.812500
6956.328125,0.843750
6957.125000,0.796875
6957.921875,0.796875
6958.718750,0.796875
6959.500000,0.781250
6960.296875,0.796875
6961.078125,0.781250
6961.859375,0.781250
6962.640625,0.781250
6963.421875,0.781250
6964.218750,0.796875
6964.984375,0.765625
6965.796875,0.812500
6966.593750,0.796875
6967.359375,0.765625
6968.171875,0.812500
6968.953125,0.781250
6969.750000,0.796875
6970.546875,0.796875
6971.328125,0.781250
6972.140625,0.812500
6972.921875,0.781250
6973.718750,0.796875
6974.531250,0.812500
6975.328125,0.796875
6976.125000,0.796875
6976.937500,0.812500
6977.734375,0.796875
6978.515625,0.781250
6979.281250,0.765625
6980.093750,0.812500
6980.859375,0.765625
6981.640625,0.781250
6982.390625,0.750000
6983.171875,0.781250
6983.921875,0.750000
6984.656250,0.734375
6985.390625,0.734375
6986.125000,0.734375
6986.890625,0.765625
6987.640625,0.750000
6988.406250,0.765625
6989.171875,0.765625
6989.937500,0.765625
6990.718750,0.781250
6991.453125,0.734375
6992.171875,0.718750
6992.937500,0.765625
6993.656250,0.718750
6994.421875,0.765625
6995.140625,0.718750
6995.875000,0.734375
6996.593750,0.718750
6997.343750,0.750000
6998.093750,0.750000
6998.843750,0.750000
6999.609375,0.765625
7000.406250,0.796875
7001.218750,0.812500
7002.031250,0.812500
7002.828125,0.796875
7007.781250,0.812500
7008.593750,0.812500
7009.421875,0.828125
7010.250000,0.828125
7011.062500,0.812500
7011.890625,0.828125
7012.718750,0.828125
7013.515625,0.796875
7014.312500,0.796875
7015.109375,0.796875
7015.890625,0.781250
7016.687500,0.796875
7017.468750,0.781250
7018.234375,0.765625
7019.062500,0.828125
7019.859375,0.796875
7020.687500,0.828125
7021.500000,0.812500
7022.265625,0.765625
7023.109375,0.843750
7023.953125,0.843750
7024.796875,0.843750
7025.593750,0.796875
7026.390625,0.796875
7027.171875,0.781250
7027.937500,0.765625
7028.750000,0.812500
7029.515625,0.765625
7030.312500,0.796875
7031.109375,0.796875
7031.921875,0.812500
7032.718750,0.796875
7033.515625,0.796875
7034.296875,0.781250
7035.093750,0.796875
7035.875000,0.781250
7036.656250,0.781250
7037.453125,0.796875
7038.250000,0.796875
7039.015625,0.765625
7039.812500,0.796875
7040.609375,0.796875
7041.390625,0.781250
7042.187500,0.796875
7043.015625,0.828125
7043.812500,0.796875
7044.656250,0.843750
7045.468750,0.812500
7046.296875,0.828125
7047.140625,0.843750
7047.921875,0.781250
7048.687500,0.765625
7049.500000,0.812500
7050.296875,0.796875
7051.078125,0.781250
7051.875000,0.796875
7052.687500,0.812500
7053.468750,0.781250
7054.281250,0.812500
7055.062500,0.781250
7055.859375,0.796875
7056.609375,0.750000
7057.375000,0.765625
7058.125000,0.750000
7058.875000,0.750000
7059.625000,0.750000
7060.375000,0.750000
7061.125000,0.750000
7061.859375,0.734375
7062.593750,0.734375
7063.359375,0.765625
7064.156250,0.796875
7064.937500,0.781250
7065.750000,0.812500
7066.593750,0.843750
7067.406250,0.812500
7068.234375,0.828125
7069.062500,0.828125
7069.921875,0.859375
7070.734375,0.812500
7071.546875,0.812500
7072.375000,0.828125
7073.203125,0.828125
7074.078125,0.875000
7074.937500,0.859375
7075.859375,0.921875
7076.687500,0.828125
7077.515625,0.828125
7078.375000,0.859375
7079.218750,0.843750
7080.015625,0.796875
7080.843750,0.828125
7081.703125,0.859375
7082.562500,0.859375
7083.406250,0.843750
7084.234375,0.828125
7085.062500,0.828125
7085.890625,0.828125
7086.734375,0.843750
7087.546875,0.812500
7088.343750,0.796875
7089.140625,0.796875
7089.921875,0.781250
7090.734375,0.812500
7091.484375,0.750000
7092.250000,0.765625
7093.062500,0.812500
7093.843750,0.781250
7094.640625,0.796875
7095.421875,0.781250
7096.218750,0.796875
7097.015625,0.796875
7097.796875,0.781250
7098.593750,0.796875
7099.390625,0.796875
7100.187500,0.796875
7100.984375,0.796875
7101.765625,0.781250
7102.546875,0.781250
7103.328125,0.781250
7104.078125,0.750000
7108.718750,0.765625
7109.500000,0.781250
7110.281250,0.781250
7111.062500,0.781250
7111.859375,0.796875
7112.625000,0.765625
7113.390625,0.765625
7114.171875,0.781250
7114.937500,0.765625
7115.734375,0.796875
7116.531250,0.796875
7117.343750,0.812500
7118.140625,0.796875
7118.937500,0.796875
7119.750000,0.812500
7120.562500,0.812500
7121.390625,0.828125
7122.203125,0.812500
7123.031250,0.828125
7123.859375,0.828125
7124.640625,0.781250
7125.484375,0.843750
7126.296875,0.812500
7127.125000,0.828125
7127.953125,0.828125
7128.781250,0.828125
7129.593750,0.812500
7130.406250,0.812500
7131.234375,0.828125
7132.078125,0.843750
7132.875000,0.796875
7133.671875,0.796875
7134.468750,0.796875
7135.265625,0.796875
7136.062500,0.796875
7136.890625,0.828125
7137.718750,0.828125
7138.531250,0.812500
7139.343750,0.812500
7140.140625,0.796875
7140.953125,0.812500
7141.750000,0.796875
7142.562500,0.812500
7143.375000,0.812500
7144.171875,0.796875
7144.968750,0.796875
7145.765625,0.796875
7146.562500,0.796875
7147.343750,0.781250
7148.156250,0.812500
7149.000000,0.843750
7149.843750,0.843750
7150.671875,0.828125
7151.531250,0.859375
7152.390625,0.859375
7153.187500,0.796875
7154.000000,0.812500
7154.812500,0.812500
7155.625000,0.812500
7156.437500,0.812500
7157.234375,0.796875
7158.078125,0.843750
7158.906250,0.828125
7159.718750,0.812500
7160.546875,0.828125
7161.390625,0.843750
7162.171875,0.781250
7162.984375,0.812500
7163.796875,0.812500
7164.609375,0.812500
7165.406250,0.796875
7166.187500,0.781250
7166.984375,0.796875
7167.781250,0.796875
7168.546875,0.765625
7169.328125,0.781250
7170.125000,0.796875
7170.953125,0.828125
7171.781250,0.828125
7172.578125,0.796875
7173.359375,0.781250
7174.125000,0.765625
7174.890625,0.765625
7175.640625,0.750000
7176.421875,0.781250
7177.171875,0.750000
7177.937500,0.765625
7178.703125,0.765625
7179.453125,0.750000
7180.218750,0.765625
7180.984375,0.765625
7181.750000,0.765625
7182.531250,0.781250
7183.328125,0.796875
7184.078125,0.750000
7184.843750,0.765625
7185.609375,0.765625
7186.406250,0.796875
7187.187500,0.781250
7188.000000,0.812500
7188.812500,0.812500
7189.609375,0.796875
7190.390625,0.781250
7191.203125,0.812500
7192.015625,0.812500
7192.828125,0.812500
7193.640625,0.812500
7194.484375,0.843750
7195.250000,0.765625
7196.093750,0.843750
7196.906250,0.812500
7197.718750,0.812500
7198.515625,0.796875
7199.312500,0.796875
7200.140625,0.828125
7200.937500,0.796875
7201.750000,0.812500
7202.562500,0.812500
7203.406250,0.843750
7204.218750,0.812500
7205.031250,0.812500
7205.843750,0.812500
7206.718750,0.875000
7207.531250,0.812500
7208.328125,0.796875
7209.171875,0.843750
7210.000000,0.828125
7210.796875,0.796875
7211.625000,0.828125
7212.484375,0.859375
7213.359375,0.875000
7214.156250,0.796875
7215.000000,0.843750
7215.843750,0.843750
7216.656250,0.812500
7217.437500,0.781250
7218.250000,0.812500
7219.078125,0.828125
7219.875000,0.796875
7220.656250,0.781250
7221.468750,0.812500
7222.265625,0.796875
7223.062500,0.796875
7223.875000,0.812500
7224.703125,0.828125
7225.531250,0.828125
7226.343750,0.812500
7227.156250,0.812500
7227.953125,0.796875
7228.750000,0.796875
7229.531250,0.781250
7230.312500,0.781250
7231.093750,0.781250
7231.875000,0.781250
7232.656250,0.781250
7233.437500,0.781250
7234.250000,0.812500
7235.078125,0.828125
7235.890625,0.812500
7236.703125,0.812500
7237.562500,0.859375
7238.406250,0.843750
7239.218750,0.812500
7240.015625,0.796875
7240.796875,0.781250
7241.593750,0.796875
7242.390625,0.796875
7243.234375,0.843750
7244.015625,0.781250
7244.812500,0.796875
7245.625000,0.812500
7246.468750,0.843750
7247.265625,0.796875
7248.078125,0.812500
7248.890625,0.812500
7249.703125,0.812500
7250.500000,0.796875
7251.281250,0.781250
7252.062500,0.781250
7252.843750,0.781250
7253.593750,0.750000
7254.375000,0.781250
7255.187500,0.812500
7255.968750,0.781250
7256.796875,0.828125
7257.640625,0.843750
7258.453125,0.812500
7259.265625,0.812500
7260.078125,0.812500
7260.921875,0.843750
7261.718750,0.796875
7262.531250,0.812500
7263.343750,0.812500
7264.140625,0.796875
7264.937500,0.796875
7265.750000,0.812500
7266.531250,0.781250
7267.328125,0.796875
7268.093750,0.765625
7268.875000,0.781250
7269.671875,0.796875
7270.437500,0.765625
7271.218750,0.781250
7272.015625,0.796875
7272.796875,0.781250
7273.578125,0.781250
7274.359375,0.781250
7275.156250,0.796875
7275.921875,0.765625
7276.687500,0.765625
7277.468750,0.781250
7278.281250,0.812500
7279.046875,0.765625
7279.828125,0.781250
7280.625000,0.796875
7281.390625,0.765625
7282.171875,0.781250
7282.953125,0.781250
7283.734375,0.781250
7284.515625,0.781250
7285.296875,0.781250
7286.078125,0.781250
7286.875000,0.796875
7287.671875,0.796875
7288.453125,0.781250
7289.281250,0.828125
7290.093750,0.812500
7290.875000,0.781250
7291.656250,0.781250
7292.453125,0.796875
7293.265625,0.812500
7294.046875,0.781250
7294.843750,0.796875
7295.625000,0.781250
7296.421875,0.796875
7297.218750,0.796875
7298.000000,0.781250
7298.781250,0.781250
7299.546875,0.765625
7300.328125,0.781250
7301.078125,0.750000
7301.843750,0.765625
7302.609375,0.765625
7303.390625,0.781250
7304.156250,0.765625
7304.906250,0.750000
7305.687500,0.781250
7306.437500,0.750000
7307.203125,0.765625
7307.968750,0.765625
7308.703125,0.734375
7309.453125,0.750000
7310.218750,0.765625
7310.984375,0.765625
7311.734375,0.750000
7312.546875,0.812500
7313.328125,0.781250
7314.171875,0.843750
7314.953125,0.781250
7315.734375,0.781250
7316.515625,0.781250
7317.281250,0.765625
7318.031250,0.750000
7318.781250,0.750000
7332.359375,0.890625
7333.171875,0.812500
7334.000000,0.828125
7334.859375,0.859375
7335.718750,0.859375
7336.531250,0.812500
7337.359375,0.828125
7338.218750,0.859375
7339.078125,0.859375
7339.921875,0.843750
7340.765625,0.843750
7341.609375,0.843750
7342.453125,0.843750
7343.312500,0.859375
7344.140625,0.828125
7344.953125,0.812500
7345.765625,0.812500
7346.562500,0.796875
7347.390625,0.828125
7348.250000,0.859375
7349.093750,0.843750
7349.968750,0.875000
7350.828125,0.859375
7351.671875,0.843750
7352.500000,0.828125
7353.296875,0.796875
7354.109375,0.812500
7354.890625,0.781250
7355.671875,0.781250
7356.484375,0.812500
7357.281250,0.796875
7358.062500,0.781250
7358.843750,0.781250
7359.656250,0.812500
7360.484375,0.828125
7361.296875,0.812500
7362.125000,0.828125
7362.968750,0.843750
7363.750000,0.781250
7364.578125,0.828125
7365.375000,0.796875
7366.203125,0.828125
7366.984375,0.781250
7367.781250,0.796875
7368.578125,0.796875
7369.390625,0.812500
7370.171875,0.781250
7371.000000,0.828125
7371.796875,0.796875
7372.625000,0.828125
7373.437500,0.812500
7374.218750,0.781250
7375.046875,0.828125
7375.843750,0.796875
7376.625000,0.781250
7377.406250,0.781250
7378.203125,0.796875
7378.968750,0.765625
7379.734375,0.765625
7380.578125,0.843750
7381.421875,0.843750
7382.234375,0.812500
7383.062500,0.828125
7383.875000,0.812500
7384.718750,0.843750
7385.500000,0.781250
7386.312500,0.812500
7387.125000,0.812500
7387.921875,0.796875
7388.718750,0.796875
7389.515625,0.796875
7390.343750,0.828125
7391.140625,0.796875
7391.937500,0.796875
7392.765625,0.828125
7393.625000,0.859375
7394.421875,0.796875
7395.234375,0.812500
7396.078125,0.843750
7396.890625,0.812500
7397.687500,0.796875
7398.500000,0.812500
7399.343750,0.843750
7400.125000,0.781250
7400.906250,0.781250
7401.687500,0.781250
7402.500000,0.812500
7403.218750,0.718750
7404.093750,0.875000
7404.890625,0.796875
7405.703125,0.812500
7406.484375,0.781250
7407.296875,0.812500
7408.109375,0.812500
7408.890625,0.781250
7409.671875,0.781250
7410.484375,0.812500
7411.281250,0.796875
7412.062500,0.781250
7412.859375,0.796875
7413.656250,0.796875
7414.468750,0.812500
7415.234375,0.765625
7415.953125,0.718750
7416.828125,0.875000
7417.609375,0.781250
7418.406250,0.796875
7419.203125,0.796875
7419.937500,0.734375
7420.843750,0.906250
7421.625000,0.781250
7422.468750,0.843750
7423.281250,0.812500
7424.062500,0.781250
7424.875000,0.812500
7425.703125,0.828125
7426.515625,0.812500
7431.406250,0.812500
7432.187500,0.781250
7432.968750,0.781250
7433.750000,0.781250
7434.531250,0.781250
7435.296875,0.765625
7436.031250,0.734375
7436.812500,0.781250
7437.625000,0.812500
7438.437500,0.812500
7439.250000,0.812500
7440.125000,0.875000
7440.953125,0.828125
7441.765625,0.812500
7442.562500,0.796875
7443.375000,0.812500
7444.187500,0.812500
7445.000000,0.812500
7445.812500,0.812500
7446.625000,0.812500
7447.437500,0.812500
7448.218750,0.781250
7449.031250,0.812500
7449.843750,0.812500
7450.625000,0.781250
7451.453125,0.828125
7452.234375,0.781250
7453.000000,0.765625
7453.890625,0.890625
7454.671875,0.781250
7455.484375,0.812500
7456.296875,0.812500
7457.093750,0.796875
7457.890625,0.796875
7458.734375,0.843750
7459.531250,0.796875
7460.312500,0.781250
7461.125000,0.812500
7461.921875,0.796875
7462.687500,0.765625
7463.421875,0.734375
7464.187500,0.765625
7464.953125,0.765625
7465.718750,0.765625
7466.468750,0.750000
7467.218750,0.750000
7468.031250,0.812500
7468.843750,0.812500
7469.593750,0.750000
7470.390625,0.796875
7471.203125,0.812500
7471.984375,0.781250
7472.765625,0.781250
7473.546875,0.781250
7474.281250,0.734375
7475.109375,0.828125
7475.875000,0.765625
7476.656250,0.781250
7477.437500,0.781250
7478.234375,0.796875
7479.000000,0.765625
7479.828125,0.828125
7480.578125,0.750000
7481.359375,0.781250
7482.140625,0.781250
7482.968750,0.828125
7483.734375,0.765625
7484.515625,0.781250
7485.296875,0.781250
7486.140625,0.843750
7486.937500,0.796875
7487.718750,0.781250
7488.515625,0.796875
7489.328125,0.812500
7490.109375,0.781250
7490.906250,0.796875
7491.656250,0.750000
7492.531250,0.875000
7493.328125,0.796875
7494.109375,0.781250
7494.890625,0.781250
7495.734375,0.843750
7496.484375,0.750000
7497.250000,0.765625
7498.000000,0.750000
7498.781250,0.781250
7499.546875,0.765625
7500.312500,0.765625
7501.140625,0.828125
7501.968750,0.828125
7502.765625,0.796875
7503.578125,0.812500
7504.406250,0.828125
7505.234375,0.828125
7506.015625,0.781250
7506.812500,0.796875
7507.625000,0.812500
7508.390625,0.765625
7509.171875,0.781250
7509.968750,0.796875
7510.765625,0.796875
7511.546875,0.781250
7512.343750,0.796875
7513.171875,0.828125
7513.968750,0.796875
7514.718750,0.750000
7515.500000,0.781250
7516.281250,0.781250
7517.062500,0.781250
7517.828125,0.765625
7518.625000,0.796875
7519.468750,0.843750
7520.265625,0.796875
7521.062500,0.796875
7521.890625,0.828125
7522.687500,0.796875
7523.515625,0.828125
7524.312500,0.796875
7525.125000,0.812500
7525.890625,0.765625
7526.687500,0.796875
7527.484375,0.796875
7528.281250,0.796875
7529.093750,0.812500
7529.906250,0.812500
7530.765625,0.859375
7531.562500,0.796875
7532.421875,0.859375
7533.265625,0.843750
7534.093750,0.828125
7534.890625,0.796875
7535.687500,0.796875
7536.484375,0.796875
7537.265625,0.781250
7538.062500,0.796875
7538.843750,0.781250
7539.640625,0.796875
7540.453125,0.812500
7541.250000,0.796875
7547.687500,0.812500
7548.437500,0.750000
7549.281250,0.843750
7550.093750,0.812500
7550.921875,0.828125
7551.734375,0.812500
7552.531250,0.796875
7553.343750,0.812500
7554.171875,0.828125
7554.984375,0.812500
7555.796875,0.812500
7556.609375,0.812500
7557.453125,0.843750
7558.250000,0.796875
7559.062500,0.812500
7559.890625,0.828125
7560.671875,0.781250
7561.468750,0.796875
7562.250000,0.781250
7563.078125,0.828125
7563.875000,0.796875
7564.671875,0.796875
7565.468750,0.796875
7566.296875,0.828125
7567.109375,0.812500
7567.890625,0.781250
7568.718750,0.828125
7569.546875,0.828125
7570.296875,0.750000
7571.062500,0.765625
7571.875000,0.812500
7572.656250,0.781250
7573.421875,0.765625
7574.203125,0.781250
7574.984375,0.781250
7575.734375,0.750000
7576.484375,0.750000
7577.218750,0.734375
7578.015625,0.796875
7578.765625,0.750000
7579.531250,0.765625
7580.390625,0.859375
7581.218750,0.828125
7582.000000,0.781250
7582.828125,0.828125
7583.656250,0.828125
7584.500000,0.843750
7585.296875,0.796875
7586.109375,0.812500
7586.953125,0.843750
7587.750000,0.796875
7588.531250,0.781250
7589.312500,0.781250
7590.140625,0.828125
7590.921875,0.781250
7591.687500,0.765625
7592.484375,0.796875
7593.312500,0.828125
7594.125000,0.812500
7594.906250,0.781250
7595.718750,0.812500
7596.562500,0.843750
7597.390625,0.828125
7602.953125,0.765625
7603.718750,0.765625
7604.468750,0.750000
7605.234375,0.765625
7606.046875,0.812500
7606.843750,0.796875
7607.625000,0.781250
7608.437500,0.812500
7609.203125,0.765625
7610.000000,0.796875
7610.781250,0.781250
7611.593750,0.812500
7612.375000,0.781250
7613.156250,0.781250
7614.000000,0.843750
7614.812500,0.812500
7615.593750,0.781250
7616.421875,0.828125
7617.234375,0.812500
7618.031250,0.796875
7618.796875,0.765625
7619.562500,0.765625
7620.359375,0.796875
7621.109375,0.750000
7621.875000,0.765625
7622.656250,0.781250
7623.437500,0.781250
7624.203125,0.765625
7624.984375,0.781250
7625.781250,0.796875
7626.562500,0.781250
7627.328125,0.765625
7628.109375,0.781250
7628.890625,0.781250
7629.656250,0.765625
7630.406250,0.750000
7631.187500,0.781250
7631.968750,0.781250
7632.734375,0.765625
7633.515625,0.781250
7634.296875,0.781250
7635.093750,0.796875
7635.843750,0.750000
7636.625000,0.781250
7637.390625,0.765625
7638.156250,0.765625
7638.906250,0.750000
7639.656250,0.750000
7640.421875,0.765625
7641.156250,0.734375
7641.921875,0.765625
7642.703125,0.781250
7643.453125,0.750000
7644.296875,0.843750
7645.078125,0.781250
7645.859375,0.781250
7646.671875,0.812500
7647.453125,0.781250
7648.218750,0.765625
7649.015625,0.796875
7649.828125,0.812500
7650.625000,0.796875
7651.421875,0.796875
7652.203125,0.781250
7653.000000,0.796875
7653.781250,0.781250
7654.578125,0.796875
7655.390625,0.812500
7656.187500,0.796875
7656.968750,0.781250
7657.765625,0.796875
7658.578125,0.812500
7659.375000,0.796875
7660.171875,0.796875
7660.968750,0.796875
7661.796875,0.828125
7662.578125,0.781250
7663.375000,0.796875
7664.171875,0.796875
7664.968750,0.796875
7665.734375,0.765625
7666.500000,0.765625
7667.281250,0.781250
7668.093750,0.812500
7668.875000,0.781250
7669.671875,0.796875
7670.453125,0.781250
7671.234375,0.781250
7672.015625,0.781250
7672.765625,0.750000
7673.562500,0.796875
7674.343750,0.781250
7675.109375,0.765625
7675.890625,0.781250
7676.703125,0.812500
7677.500000,0.796875
7678.250000,0.750000
7679.046875,0.796875
7679.843750,0.796875
7680.625000,0.781250
7681.406250,0.781250
7682.187500,0.781250
7683.015625,0.828125
7683.812500,0.796875
7684.625000,0.812500
7685.453125,0.828125
7686.296875,0.843750
7687.093750,0.796875
7687.890625,0.796875
7688.687500,0.796875
7689.515625,0.828125
7690.312500,0.796875
7691.125000,0.812500
7691.953125,0.828125
7692.765625,0.812500
7693.562500,0.796875
7694.343750,0.781250
7695.140625,0.796875
7695.937500,0.796875
7696.718750,0.781250
7697.500000,0.781250
7698.312500,0.812500
7699.109375,0.796875
7699.906250,0.796875
7700.750000,0.843750
7701.562500,0.812500
7702.343750,0.781250
7703.156250,0.812500
7703.937500,0.781250
7704.703125,0.765625
7705.453125,0.750000
7706.234375,0.781250
7707.015625,0.781250
7707.781250,0.765625
7708.562500,0.781250
7709.343750,0.781250
7710.093750,0.750000
7710.890625,0.796875
7711.718750,0.828125
7712.515625,0.796875
7713.328125,0.812500
7714.125000,0.796875
7714.921875,0.796875
7715.718750,0.796875
7716.500000,0.781250
7717.250000,0.750000
7718.000000,0.750000
7718.750000,0.750000
7719.484375,0.734375
7720.218750,0.734375
7720.984375,0.765625
7721.750000,0.765625
7722.500000,0.750000
7723.265625,0.765625
7724.062500,0.796875
7724.859375,0.796875
7725.656250,0.796875
7726.437500,0.781250
7727.250000,0.812500
7728.046875,0.796875
7728.812500,0.765625
7729.593750,0.781250
7730.406250,0.812500
7731.171875,0.765625
7731.953125,0.781250
7732.750000,0.796875
7733.562500,0.812500
7734.359375,0.796875
7735.109375,0.750000
7735.906250,0.796875
7736.703125,0.796875
7737.500000,0.796875
7744.578125,0.703125
7745.328125,0.750000
7746.156250,0.828125
7747.046875,0.890625
7747.906250,0.859375
7748.921875,1.015625
7749.859375,0.937500
7750.843750,0.984375
7751.750000,0.906250
7752.656250,0.906250
7753.546875,0.890625
7754.421875,0.875000
7755.250000,0.828125
7756.125000,0.875000
7757.015625,0.890625
7757.843750,0.828125
7758.687500,0.843750
7759.578125,0.890625
7760.453125,0.875000
7761.281250,0.828125
7762.109375,0.828125
7762.984375,0.875000
7763.843750,0.859375
7764.656250,0.812500
7765.484375,0.828125
7766.359375,0.875000
7767.171875,0.812500
7767.984375,0.812500
7768.781250,0.796875
7769.609375,0.828125
7770.421875,0.812500
7771.203125,0.781250
7772.000000,0.796875
7772.796875,0.796875
7773.593750,0.796875
7774.390625,0.796875
7775.218750,0.828125
7776.015625,0.796875
7776.796875,0.781250
7777.593750,0.796875
7778.421875,0.828125
7779.234375,0.812500
7780.015625,0.781250
7780.812500,0.796875
7781.609375,0.796875
7782.390625,0.781250
7783.171875,0.781250
7783.984375,0.812500
7784.750000,0.765625
7785.531250,0.781250
7786.312500,0.781250
7787.125000,0.812500
7787.921875,0.796875
7788.703125,0.781250
7789.515625,0.812500
7790.359375,0.843750
7791.156250,0.796875
7791.937500,0.781250
7792.750000,0.812500
7793.562500,0.812500
7794.359375,0.796875
7795.156250,0.796875
7795.984375,0.828125
7796.812500,0.828125
7797.578125,0.765625
7798.390625,0.812500
7799.250000,0.859375
7800.046875,0.796875
7800.843750,0.796875
7801.640625,0.796875
7802.421875,0.781250
7803.203125,0.781250
7803.984375,0.781250
7804.734375,0.750000
7805.546875,0.812500
7806.328125,0.781250
7807.078125,0.750000
7807.875000,0.796875
7808.640625,0.765625
7809.453125,0.812500
7810.250000,0.796875
7811.062500,0.812500
7811.875000,0.812500
7812.640625,0.765625
7813.437500,0.796875
7814.250000,0.812500
7815.078125,0.828125
7815.859375,0.781250
7816.656250,0.796875
7817.468750,0.812500
7818.265625,0.796875
7819.046875,0.781250
7819.875000,0.828125
7820.750000,0.875000
7821.562500,0.812500
7822.375000,0.812500
7823.250000,0.875000
7824.062500,0.812500
7824.859375,0.796875
7825.671875,0.812500
7826.484375,0.812500
7827.296875,0.812500
7828.109375,0.812500
7828.906250,0.796875
7829.718750,0.812500
7830.500000,0.781250
7831.312500,0.812500
7832.125000,0.812500
7832.937500,0.812500
7833.718750,0.781250
7834.515625,0.796875
7835.343750,0.828125
7836.156250,0.812500
7836.953125,0.796875
7837.765625,0.812500
7838.593750,0.828125
7839.406250,0.812500
7840.203125,0.796875
7840.984375,0.781250
7841.781250,0.796875
7842.562500,0.781250
7843.312500,0.750000
7844.078125,0.765625
7844.859375,0.781250
7845.640625,0.781250
7846.390625,0.750000
7847.156250,0.765625
7847.937500,0.781250
7848.687500,0.750000
7849.437500,0.750000
7850.203125,0.765625
7851.000000,0.796875
7851.765625,0.765625
7852.546875,0.781250
7853.312500,0.765625
7854.093750,0.781250
7854.859375,0.765625
7855.640625,0.781250
7856.421875,0.781250
7857.203125,0.781250
7857.968750,0.765625
7858.765625,0.796875
7859.578125,0.812500
7860.390625,0.812500
7861.171875,0.781250
7861.968750,0.796875
7862.796875,0.828125
7863.593750,0.796875
7864.390625,0.796875
7865.203125,0.812500
7866.031250,0.828125
7866.796875,0.765625
7867.578125,0.781250
7868.359375,0.781250
7869.171875,0.812500
7869.937500,0.765625
7870.734375,0.796875
7871.531250,0.796875
7872.328125,0.796875
7873.093750,0.765625
7873.906250,0.812500
7874.703125,0.796875
7875.484375,0.781250
7876.265625,0.781250
7877.031250,0.765625
7877.796875,0.765625
7878.546875,0.750000
7879.296875,0.750000
7880.046875,0.750000
7880.812500,0.765625
7881.531250,0.718750
7882.312500,0.781250
7883.062500,0.750000
7883.859375,0.796875
7884.656250,0.796875
7885.453125,0.796875
7886.296875,0.843750
7887.093750,0.796875
7887.859375,0.765625
7888.640625,0.781250
7889.437500,0.796875
7890.187500,0.750000
7890.968750,0.781250
7891.750000,0.781250
7892.546875,0.796875
7893.328125,0.781250
7894.140625,0.812500
7894.953125,0.812500
7895.765625,0.812500
7896.593750,0.828125
7897.406250,0.812500
7898.234375,0.828125
7899.046875,0.812500
7903.734375,0.781250
7904.531250,0.796875
7905.328125,0.796875
7906.125000,0.796875
7906.937500,0.812500
7907.765625,0.828125
7908.562500,0.796875
7909.359375,0.796875
7910.156250,0.796875
7910.968750,0.812500
7911.750000,0.781250
7912.531250,0.781250
7913.328125,0.796875
7914.109375,0.781250
7914.859375,0.750000
7915.625000,0.765625
7916.421875,0.796875
7917.203125,0.781250
7917.984375,0.781250
7918.781250,0.796875
7919.609375,0.828125
7920.421875,0.812500
7921.203125,0.781250
7922.031250,0.828125
7922.843750,0.812500
7923.625000,0.781250
7924.437500,0.812500
7925.250000,0.812500
7926.031250,0.781250
7926.828125,0.796875
7927.609375,0.781250
7928.421875,0.812500
7929.203125,0.781250
7929.968750,0.765625
7930.765625,0.796875
7931.531250,0.765625
7932.296875,0.765625
7933.062500,0.765625
7933.828125,0.765625
7934.625000,0.796875
7935.375000,0.750000
7936.156250,0.781250
7940.968750,0.812500
7941.765625,0.796875
7942.562500,0.796875
7943.375000,0.812500
7944.171875,0.796875
7944.984375,0.812500
7945.812500,0.828125
7946.593750,0.781250
7947.359375,0.765625
7948.140625,0.781250
7948.953125,0.812500
7949.750000,0.796875
7950.531250,0.781250
7951.343750,0.812500
7952.156250,0.812500
7952.937500,0.781250
7953.734375,0.796875
7954.562500,0.828125
7955.375000,0.812500
7956.171875,0.796875
7960.921875,0.812500
7961.718750,0.796875
7962.500000,0.781250
7963.312500,0.812500
7964.125000,0.812500
7964.906250,0.781250
7965.656250,0.750000
7966.406250,0.750000
7967.171875,0.765625
7967.906250,0.734375
7968.640625,0.734375
7969.421875,0.781250
7970.218750,0.796875
7970.968750,0.750000
7971.765625,0.796875
7972.562500,0.796875
7973.343750,0.781250
7974.125000,0.781250
7974.906250,0.781250
7975.687500,0.781250
7976.468750,0.781250
7977.234375,0.765625
7978.046875,0.812500
7978.828125,0.781250
7979.625000,0.796875
7980.468750,0.843750
7981.343750,0.875000
7982.156250,0.812500
7982.984375,0.828125
7983.843750,0.859375
7984.671875,0.828125
7985.484375,0.812500
7986.296875,0.812500
7987.140625,0.843750
7987.937500,0.796875
7988.718750,0.781250
7989.531250,0.812500
7990.359375,0.828125
7991.156250,0.796875
7991.953125,0.796875
7992.750000,0.796875
7993.593750,0.843750
7994.406250,0.812500
7995.203125,0.796875
7996.000000,0.796875
8000.796875,0.781250
8001.593750,0.796875
8002.406250,0.812500
8003.203125,0.796875
8003.984375,0.781250
8004.765625,0.781250
8005.562500,0.796875
8006.343750,0.781250
8007.125000,0.781250
8007.906250,0.781250
8008.718750,0.812500
8009.515625,0.796875
8010.328125,0.812500
8011.140625,0.812500
8012.000000,0.859375
8012.765625,0.765625
8013.578125,0.812500
8014.359375,0.781250
8015.140625,0.781250
8015.906250,0.765625
8016.671875,0.765625
8017.468750,0.796875
8018.265625,0.796875
8019.031250,0.765625
8019.828125,0.796875
8020.671875,0.843750
8021.453125,0.781250
8022.265625,0.812500
8023.109375,0.843750
8023.953125,0.843750
8024.718750,0.765625
8025.546875,0.828125
8026.375000,0.828125
8027.187500,0.812500
8027.968750,0.781250
8028.781250,0.812500
8029.578125,0.796875
8030.375000,0.796875
8031.109375,0.734375
8031.890625,0.781250
8032.687500,0.796875
8033.468750,0.781250
8034.250000,0.781250
8035.031250,0.781250
8035.843750,0.812500
8036.625000,0.781250
8037.390625,0.765625
8038.156250,0.765625
8038.953125,0.796875
8039.718750,0.765625
8040.468750,0.750000
8041.281250,0.812500
8042.046875,0.765625
8042.812500,0.765625
8043.593750,0.781250
8044.406250,0.812500
8045.187500,0.781250
8046.000000,0.812500
8046.781250,0.781250
8047.609375,0.828125
8048.375000,0.765625
8049.140625,0.765625
8049.953125,0.812500
8050.750000,0.796875
8051.546875,0.796875
8052.343750,0.796875
8053.171875,0.828125
8053.968750,0.796875
8054.750000,0.781250
8055.531250,0.781250
8056.312500,0.781250
8057.093750,0.781250
8057.843750,0.750000
8058.593750,0.750000
8059.328125,0.734375
8060.093750,0.765625
8060.859375,0.765625
8061.718750,0.859375
8062.546875,0.828125
8063.375000,0.828125
8064.203125,0.828125
8065.078125,0.875000
8065.906250,0.828125
8066.703125,0.796875
8067.546875,0.843750
8068.375000,0.828125
8069.171875,0.796875
8069.953125,0.781250
8070.734375,0.781250
8071.515625,0.781250
8072.265625,0.750000
8073.031250,0.765625
8073.812500,0.781250
8074.609375,0.796875
8075.359375,0.750000
8076.140625,0.781250
8076.937500,0.796875
8077.718750,0.781250
8078.500000,0.781250
8079.281250,0.781250
8080.093750,0.812500
8080.875000,0.781250
8081.671875,0.796875
8082.484375,0.812500
8083.312500,0.828125
8084.093750,0.781250
8084.906250,0.812500
8085.718750,0.812500
8086.515625,0.796875
8087.312500,0.796875
8088.125000,0.812500
8088.953125,0.828125
8089.765625,0.812500
8090.546875,0.781250
8091.343750,0.796875
8092.140625,0.796875
8092.906250,0.765625
8093.703125,0.796875
8094.531250,0.828125
8095.359375,0.828125
8096.156250,0.796875
8097.000000,0.843750
8097.843750,0.843750
8098.640625,0.796875
8099.437500,0.796875
8100.250000,0.812500
8101.015625,0.765625
8101.765625,0.750000
8102.546875,0.781250
8103.312500,0.765625
8104.078125,0.765625
8104.843750,0.765625
8105.640625,0.796875
8106.453125,0.812500
8107.250000,0.796875
8108.046875,0.796875
8108.859375,0.812500
8109.656250,0.796875
8110.468750,0.812500
8111.281250,0.812500
8112.125000,0.843750
8112.921875,0.796875
8113.703125,0.781250
8114.500000,0.796875
8115.312500,0.812500
8116.062500,0.750000
8116.828125,0.765625
8117.609375,0.781250
8118.359375,0.750000
8119.078125,0.718750
8119.781250,0.703125
8120.515625,0.734375
8121.296875,0.781250
8122.046875,0.750000
8122.859375,0.812500
8123.687500,0.828125
8124.484375,0.796875
8125.359375,0.875000
8126.203125,0.843750
8127.062500,0.859375
8131.984375,0.812500
8132.812500,0.828125
8133.609375,0.796875
8134.406250,0.796875
8135.218750,0.812500
8136.000000,0.781250
8136.812500,0.812500
8137.609375,0.796875
8138.406250,0.796875
8139.187500,0.781250
8139.953125,0.765625
8140.750000,0.796875
8141.562500,0.812500
8142.328125,0.765625
8143.109375,0.781250
8143.906250,0.796875
8144.734375,0.828125
8145.515625,0.781250
8146.343750,0.828125
8147.171875,0.828125
8148.000000,0.828125
8148.796875,0.796875
8149.593750,0.796875
8154.296875,0.765625
8155.093750,0.796875
8155.937500,0.843750
8156.750000,0.812500
8157.562500,0.812500
8158.390625,0.828125
8159.265625,0.875000
8160.078125,0.812500
8160.875000,0.796875
8161.703125,0.828125
8162.515625,0.812500
8163.296875,0.781250
8164.109375,0.812500
8164.921875,0.812500
8165.765625,0.843750
8166.578125,0.812500
8167.390625,0.812500
8168.203125,0.812500
8169.000000,0.796875
8169.781250,0.781250
8170.609375,0.828125
8171.468750,0.859375
8172.281250,0.812500
8173.078125,0.796875
8173.875000,0.796875
8174.671875,0.796875
8175.500000,0.828125
8176.281250,0.781250
8177.062500,0.781250
8177.843750,0.781250
8178.609375,0.765625
8179.359375,0.750000
8180.156250,0.796875
8180.937500,0.781250
8181.687500,0.750000
8182.468750,0.781250
8183.250000,0.781250
8184.031250,0.781250
8184.781250,0.750000
8185.578125,0.796875
8186.343750,0.765625
8187.109375,0.765625
8187.890625,0.781250
8188.687500,0.796875
8189.484375,0.796875
8190.250000,0.765625
8191.031250,0.781250
8191.859375,0.828125
8192.656250,0.796875
8193.453125,0.796875
8194.281250,0.828125
8195.093750,0.812500
8195.875000,0.781250
8196.671875,0.796875
8197.500000,0.828125
8198.281250,0.781250
8199.078125,0.796875
8199.890625,0.812500
8200.687500,0.796875
8201.468750,0.781250
8202.265625,0.796875
8203.046875,0.781250
8203.828125,0.781250
8204.609375,0.781250
8205.359375,0.750000
8206.156250,0.796875
8206.968750,0.812500
8207.765625,0.796875
8208.562500,0.796875
8209.390625,0.828125
8210.218750,0.828125
8211.031250,0.812500
8211.859375,0.828125
8212.687500,0.828125
8213.515625,0.828125
8214.328125,0.812500
8215.156250,0.828125
8215.984375,0.828125
8216.796875,0.812500
8217.578125,0.781250
8218.375000,0.796875
8219.187500,0.812500
8219.968750,0.781250
8220.750000,0.781250
8225.562500,0.781250
8226.343750,0.781250
8227.109375,0.765625
8227.921875,0.812500
8228.703125,0.781250
8229.484375,0.781250
8230.265625,0.781250
8231.093750,0.828125
8231.906250,0.812500
8232.703125,0.796875
8233.531250,0.828125
8234.343750,0.812500
8235.140625,0.796875
8235.921875,0.781250
8236.750000,0.828125
8237.562500,0.812500
8238.359375,0.796875
8239.171875,0.812500
8239.968750,0.796875
8240.765625,0.796875
8241.562500,0.796875
8242.390625,0.828125
8243.218750,0.828125
8244.046875,0.828125
8244.843750,0.796875
8245.671875,0.828125
8246.453125,0.781250
8247.234375,0.781250
8248.015625,0.781250
8248.812500,0.796875
8249.562500,0.750000
8250.312500,0.750000
8251.078125,0.765625
8251.875000,0.796875
8252.671875,0.796875
8253.500000,0.828125
8258.421875,0.812500
8264.125000,0.828125
8264.890625,0.765625
8265.703125,0.812500
8266.500000,0.796875
8267.296875,0.796875
8268.078125,0.781250
8268.859375,0.781250
8269.656250,0.796875
8270.468750,0.812500
8271.250000,0.781250
8272.062500,0.812500
8272.875000,0.812500
8273.687500,0.812500
8274.437500,0.750000
8275.234375,0.796875
8276.046875,0.812500
8276.843750,0.796875
8277.625000,0.781250
8278.406250,0.781250
8279.218750,0.812500
8279.984375,0.765625
8280.781250,0.796875
8281.578125,0.796875
8282.390625,0.812500
8283.187500,0.796875
8283.968750,0.781250
8284.765625,0.796875
8285.593750,0.828125
8286.375000,0.781250
8287.156250,0.781250
8287.968750,0.812500
8288.781250,0.812500
8289.578125,0.796875
8290.343750,0.765625
8291.125000,0.781250
8291.906250,0.781250
8292.671875,0.765625
8293.437500,0.765625
8294.234375,0.796875
8295.031250,0.796875
8299.718750,0.781250
8300.515625,0.796875
8301.296875,0.781250
8302.093750,0.796875
8302.906250,0.812500
8303.687500,0.781250
8304.453125,0.765625
8305.218750,0.765625
8306.031250,0.812500
8306.828125,0.796875
8307.625000,0.796875
8308.468750,0.843750
8309.375000,0.906250
8310.187500,0.812500
8311.031250,0.843750
8315.843750,0.781250
8316.625000,0.781250
8317.421875,0.796875
8318.203125,0.781250
8319.000000,0.796875
8319.765625,0.765625
8320.578125,0.812500
8321.359375,0.781250
8322.140625,0.781250
8322.937500,0.796875
8323.734375,0.796875
8324.515625,0.781250
8325.265625,0.750000
8326.015625,0.750000
8326.781250,0.765625
8327.531250,0.750000
8328.296875,0.765625
8329.078125,0.781250
8329.859375,0.781250
8330.609375,0.750000
8331.437500,0.828125
8336.328125,0.828125
8337.140625,0.812500
8337.937500,0.796875
8338.734375,0.796875
8339.562500,0.828125
8340.328125,0.765625
8341.125000,0.796875
8341.968750,0.843750
8342.781250,0.812500
8343.562500,0.781250
8344.375000,0.812500
8345.187500,0.812500
8345.968750,0.781250
8346.718750,0.750000
8347.531250,0.812500
8348.359375,0.828125
8349.171875,0.812500
8350.000000,0.828125
8350.843750,0.843750
8351.718750,0.875000
8352.515625,0.796875
8353.328125,0.812500
8354.140625,0.812500
8354.968750,0.828125
8355.750000,0.781250
8356.531250,0.781250
8357.343750,0.812500
8358.140625,0.796875
8358.921875,0.781250
8359.703125,0.781250
8360.531250,0.828125
8361.359375,0.828125
8362.140625,0.781250
8362.968750,0.828125
8363.781250,0.812500
8364.578125,0.796875
8365.343750,0.765625
8366.109375,0.765625
8366.906250,0.796875
8367.656250,0.750000
8368.406250,0.750000
8369.171875,0.765625
8369.968750,0.796875
8370.734375,0.765625
8371.515625,0.781250
8372.312500,0.796875
8373.078125,0.765625
8373.859375,0.781250
8374.656250,0.796875
8375.500000,0.843750
8376.328125,0.828125
8377.125000,0.796875
8377.921875,0.796875
8378.750000,0.828125
8379.531250,0.781250
8380.312500,0.781250
8381.109375,0.796875
8381.906250,0.796875
8382.671875,0.765625
8383.453125,0.781250
8384.250000,0.796875
8385.031250,0.781250
8385.796875,0.765625
8386.546875,0.750000
8387.375000,0.828125
8388.156250,0.781250
8388.921875,0.765625
8389.718750,0.796875
8390.515625,0.796875
8391.296875,0.781250
8392.078125,0.781250
8392.843750,0.765625
8393.640625,0.796875
8394.421875,0.781250
8395.203125,0.781250
8395.984375,0.781250
8396.781250,0.796875
8397.562500,0.781250
8398.359375,0.796875
8399.140625,0.781250
8399.937500,0.796875
8400.718750,0.781250
8401.500000,0.781250
8406.359375,0.796875
8407.140625,0.781250
8407.953125,0.812500
8408.765625,0.812500
8409.546875,0.781250
8410.296875,0.750000
8411.078125,0.781250
8411.875000,0.796875
8412.625000,0.750000
8413.406250,0.781250
8414.203125,0.796875
8415.015625,0.812500
8422.031250,0.750000
8422.781250,0.750000
8423.546875,0.765625
8424.312500,0.765625
8425.078125,0.765625
8425.828125,0.750000
8426.609375,0.781250
8431.468750,0.796875
8432.250000,0.781250
8433.062500,0.812500
8433.859375,0.796875
8434.640625,0.781250
8439.531250,0.828125
8440.328125,0.796875
8441.109375,0.781250
8441.890625,0.781250
8442.703125,0.812500
8443.484375,0.781250
8444.250000,0.765625
8445.015625,0.765625
8445.796875,0.781250
8446.546875,0.750000
8447.343750,0.796875
8448.109375,0.765625
8448.859375,0.750000
8449.640625,0.781250
8450.390625,0.750000
8454.968750,0.781250
8455.734375,0.765625
8456.531250,0.796875
8457.343750,0.812500
8458.125000,0.781250
8458.921875,0.796875
8459.718750,0.796875
8460.546875,0.828125
8461.343750,0.796875
8462.140625,0.796875
8462.953125,0.812500
8463.781250,0.828125
8464.593750,0.812500
8465.421875,0.828125
8466.265625,0.843750
8467.109375,0.843750
8467.906250,0.796875
8468.718750,0.812500
8469.546875,0.828125
8470.343750,0.796875
8471.125000,0.781250
8471.921875,0.796875
8472.718750,0.796875
8473.484375,0.765625
8474.234375,0.750000
8475.062500,0.828125
8475.843750,0.781250
8476.640625,0.796875
8477.437500,0.796875
8478.250000,0.812500
8479.031250,0.781250
8479.812500,0.781250
8480.609375,0.796875
8485.296875,0.796875
8486.062500,0.765625
8486.812500,0.750000
8487.625000,0.812500
8488.390625,0.765625
8489.171875,0.781250
8489.953125,0.781250
8490.765625,0.812500
8491.546875,0.781250
8492.296875,0.750000
8493.046875,0.750000
8493.843750,0.796875
8494.593750,0.750000
8495.343750,0.750000
8496.109375,0.765625
8496.890625,0.781250
8497.671875,0.781250
8498.421875,0.750000
8499.218750,0.796875
8500.015625,0.796875
8500.796875,0.781250
8501.593750,0.796875
8502.406250,0.812500
8503.062500,0.656250
8503.968750,0.906250
8504.750000,0.781250
8505.546875,0.796875
8506.328125,0.781250
8507.093750,0.765625
8507.859375,0.765625
8508.671875,0.812500
8509.453125,0.781250
8510.218750,0.765625
8511.015625,0.796875
8511.796875,0.781250
8512.562500,0.765625
8513.343750,0.781250
8514.140625,0.796875
8514.953125,0.812500
8515.734375,0.781250
8516.531250,0.796875
8517.328125,0.796875
8518.125000,0.796875
8518.890625,0.765625
8519.687500,0.796875
8520.515625,0.828125
8521.312500,0.796875
8522.093750,0.781250
8522.890625,0.796875
8523.687500,0.796875
8524.453125,0.765625
8525.234375,0.781250
8526.031250,0.796875
8526.828125,0.796875
8527.609375,0.781250
8528.406250,0.796875
8529.234375,0.828125
8530.062500,0.828125
8530.859375,0.796875
8531.671875,0.812500
8532.484375,0.812500
8533.250000,0.765625
8534.031250,0.781250
8534.843750,0.812500
8535.625000,0.781250
8536.406250,0.781250
8537.187500,0.781250
8537.968750,0.781250
8538.750000,0.781250
8539.515625,0.765625
8540.328125,0.812500
8541.109375,0.781250
8541.890625,0.781250
8542.671875,0.781250
8543.468750,0.796875
8548.218750,0.765625
8549.000000,0.781250
8549.812500,0.812500
8550.609375,0.796875
8551.375000,0.765625
8552.156250,0.781250
8552.968750,0.812500
8553.750000,0.781250
8554.546875,0.796875
8555.328125,0.781250
8556.125000,0.796875
8556.890625,0.765625
8557.656250,0.765625
8558.468750,0.812500
8559.250000,0.781250
8560.046875,0.796875
8560.843750,0.796875
8561.687500,0.843750
8566.296875,0.765625
8567.046875,0.750000
8567.843750,0.796875
8568.625000,0.781250
8569.421875,0.796875
8570.234375,0.812500
8571.046875,0.812500
8571.812500,0.765625
8572.593750,0.781250
8573.390625,0.796875
8574.140625,0.750000
8574.890625,0.750000
8575.656250,0.765625
8576.437500,0.781250
8577.203125,0.765625
8577.968750,0.765625
8578.750000,0.781250
8579.531250,0.781250
8580.296875,0.765625
8581.078125,0.781250
8581.875000,0.796875
8582.671875,0.796875
8583.421875,0.750000
8584.203125,0.781250
8585.000000,0.796875
8589.656250,0.734375
8590.421875,0.765625
8591.203125,0.781250
8592.000000,0.796875
8592.765625,0.765625
8593.515625,0.750000
8594.296875,0.781250
8595.046875,0.750000
8595.765625,0.718750
8596.531250,0.765625
8597.343750,0.812500
8598.125000,0.781250
8598.937500,0.812500
8599.765625,0.828125
8600.593750,0.828125
8601.375000,0.781250
8602.203125,0.828125
8603.031250,0.828125
8603.828125,0.796875
8604.609375,0.781250
8605.406250,0.796875
8606.234375,0.828125
8607.015625,0.781250
8607.828125,0.812500
8608.640625,0.812500
8609.468750,0.828125
8610.250000,0.781250
8611.062500,0.812500
8611.859375,0.796875
8612.640625,0.781250
8613.406250,0.765625
8614.171875,0.765625
8614.968750,0.796875
8615.718750,0.750000
8616.500000,0.781250
8617.312500,0.812500
8618.171875,0.859375
8618.968750,0.796875
8619.796875,0.828125
8620.656250,0.859375
8621.468750,0.812500
8622.281250,0.812500
8623.093750,0.812500
8623.937500,0.843750
8624.718750,0.781250
8625.500000,0.781250
8626.296875,0.796875
8627.078125,0.781250
8627.843750,0.765625
8628.609375,0.765625
8629.421875,0.812500
8630.234375,0.812500
8631.031250,0.796875
8631.828125,0.796875
8632.640625,0.812500
8633.437500,0.796875
8634.218750,0.781250
8635.046875,0.828125
8635.859375,0.812500
8636.656250,0.796875
8637.421875,0.765625
8638.203125,0.781250
8638.984375,0.781250
8639.718750,0.734375
8640.453125,0.734375
8641.203125,0.750000
8641.968750,0.765625
8642.734375,0.765625
8643.531250,0.796875
8644.312500,0.781250
8645.140625,0.828125
8645.906250,0.765625
8646.718750,0.812500
8647.515625,0.796875
8648.296875,0.781250
8649.093750,0.796875
8649.875000,0.781250
8650.656250,0.781250
8651.406250,0.750000
8652.218750,0.812500
8653.046875,0.828125
8653.859375,0.812500
8658.687500,0.796875
8659.484375,0.796875
8660.281250,0.796875
8661.062500,0.781250
8661.859375,0.796875
8662.656250,0.796875
8663.453125,0.796875
8664.250000,0.796875
8665.046875,0.796875
8665.859375,0.812500
8666.656250,0.796875
8667.453125,0.796875
8668.296875,0.843750
8669.109375,0.812500
8669.890625,0.781250
8670.703125,0.812500
8671.515625,0.812500
8672.312500,0.796875
8673.078125,0.765625
8673.875000,0.796875
8674.687500,0.812500
8675.453125,0.765625
8676.265625,0.812500
8677.078125,0.812500
8677.875000,0.796875
8678.640625,0.765625
8679.468750,0.828125
8680.265625,0.796875
8681.062500,0.796875
8681.859375,0.796875
8682.640625,0.781250
8683.484375,0.843750
8684.281250,0.796875
8685.046875,0.765625
8685.828125,0.781250
8686.609375,0.781250
8687.390625,0.781250
8688.156250,0.765625
8688.937500,0.781250
8689.750000,0.812500
8690.546875,0.796875
8691.359375,0.812500
8692.203125,0.843750
8693.109375,0.906250
8693.937500,0.828125
8694.750000,0.812500
8695.593750,0.843750
8696.421875,0.828125
8718.937500,0.640625
8719.578125,0.640625
8720.187500,0.609375
8720.812500,0.625000
8721.437500,0.625000
8722.046875,0.609375
8722.656250,0.609375
8723.281250,0.625000
8723.937500,0.656250
8724.656250,0.718750
8725.500000,0.843750
8726.359375,0.859375
8727.281250,0.921875
8728.203125,0.921875
8729.078125,0.875000
8729.968750,0.890625
8730.796875,0.828125
8731.609375,0.812500
8732.343750,0.734375
8739.984375,0.718750
8740.750000,0.765625
8741.531250,0.781250
8742.328125,0.796875
8743.125000,0.796875
8743.968750,0.843750
8744.750000,0.781250
8745.531250,0.781250
8746.281250,0.750000
8747.000000,0.718750
8747.718750,0.718750
8748.453125,0.734375
8749.203125,0.750000
8750.031250,0.828125
8750.937500,0.906250
8751.859375,0.921875
8752.781250,0.921875
8753.750000,0.968750
8754.750000,1.000000
8755.640625,0.890625
8756.562500,0.921875
8757.703125,1.140625
8758.718750,1.015625
8759.609375,0.890625
8760.421875,0.812500
8761.203125,0.781250
8762.000000,0.796875
8762.937500,0.937500
8763.859375,0.921875
8764.921875,1.062500
8765.937500,1.015625
8766.953125,1.015625
8767.937500,0.984375
8768.828125,0.890625
8769.750000,0.921875
8770.687500,0.937500
8771.546875,0.859375
8772.453125,0.906250
8773.328125,0.875000
8774.171875,0.843750
8775.000000,0.828125
8795.046875,0.812500
8795.875000,0.828125
8796.718750,0.843750
8797.562500,0.843750
8798.359375,0.796875
8802.843750,0.875000
8803.718750,0.875000
8804.656250,0.937500
8805.718750,1.062500
8806.687500,0.968750
8807.687500,1.000000
8808.640625,0.953125
8809.531250,0.890625
8810.437500,0.906250
8811.281250,0.843750
8812.109375,0.828125
8812.984375,0.875000
8813.828125,0.843750
8814.656250,0.828125
8815.421875,0.765625
8816.171875,0.750000
8824.953125,0.671875
8825.640625,0.687500
8826.343750,0.703125
8827.046875,0.703125
8827.796875,0.750000
8828.625000,0.828125
8829.453125,0.828125
8830.343750,0.890625
8831.250000,0.906250
8832.093750,0.843750
8832.984375,0.890625
8833.906250,0.921875
8834.781250,0.875000
8835.671875,0.890625
8836.578125,0.906250
8837.453125,0.875000
8838.265625,0.812500
8839.125000,0.859375
8839.984375,0.859375
8840.812500,0.828125
8841.671875,0.859375
8842.515625,0.843750
8843.359375,0.843750
8844.265625,0.906250
8845.171875,0.906250
8846.015625,0.843750
8846.921875,0.906250
8847.859375,0.937500
8848.734375,0.875000
8849.609375,0.875000
8850.468750,0.859375
8851.296875,0.828125
8852.125000,0.828125
8852.953125,0.828125
8853.734375,0.781250
8854.546875,0.812500
8855.359375,0.812500
8856.187500,0.828125
8857.031250,0.843750
8857.875000,0.843750
8858.718750,0.843750
8859.578125,0.859375
8860.421875,0.843750
8861.234375,0.812500
8862.062500,0.828125
8862.843750,0.781250
8863.625000,0.781250
8864.406250,0.781250
8865.218750,0.812500
8866.031250,0.812500
8866.906250,0.875000
8867.796875,0.890625
8868.640625,0.843750
8869.500000,0.859375
8870.375000,0.875000
8871.203125,0.828125
8872.031250,0.828125
8872.890625,0.859375
8873.734375,0.843750
8874.562500,0.828125
8875.406250,0.843750
8876.234375,0.828125
8877.031250,0.796875
8886.296875,0.671875
8886.968750,0.671875
8887.640625,0.671875
8888.296875,0.656250
8889.000000,0.703125
8889.703125,0.703125
8890.406250,0.703125
8891.140625,0.734375
8891.921875,0.781250
8892.750000,0.828125
8893.593750,0.843750
8894.406250,0.812500
8895.296875,0.890625
8896.140625,0.843750
8897.031250,0.890625
8898.015625,0.984375
8898.906250,0.890625
8899.843750,0.937500
8900.859375,1.015625
8901.734375,0.875000
8902.609375,0.875000
8903.484375,0.875000
8904.312500,0.828125
8905.140625,0.828125
8906.015625,0.875000
8906.875000,0.859375
8907.703125,0.828125
8908.515625,0.812500
8909.265625,0.750000
8916.843750,0.656250
8917.515625,0.671875
8918.187500,0.671875
8918.859375,0.671875
8919.546875,0.687500
8920.250000,0.703125
8920.968750,0.718750
8921.687500,0.718750
8922.421875,0.734375
8923.187500,0.765625
8924.000000,0.812500
8924.812500,0.812500
8925.656250,0.843750
8926.531250,0.875000
8927.375000,0.843750
8928.250000,0.875000
8929.156250,0.906250
8930.046875,0.890625
8930.890625,0.843750
8931.750000,0.859375
8932.578125,0.828125
8933.406250,0.828125
8934.265625,0.859375
8935.171875,0.906250
8935.984375,0.812500
8936.828125,0.843750
8937.609375,0.781250
8938.375000,0.765625
8939.156250,0.781250
8939.953125,0.796875
8940.734375,0.781250
8941.546875,0.812500
8942.390625,0.843750
8943.187500,0.796875
8944.015625,0.828125
8944.828125,0.812500
8945.593750,0.765625
8946.375000,0.781250
8947.203125,0.828125
8948.031250,0.828125
8948.828125,0.796875
8949.671875,0.843750
8950.546875,0.875000
8951.375000,0.828125
8952.187500,0.812500
8953.046875,0.859375
8953.875000,0.828125
8954.734375,0.859375
8955.625000,0.890625
8956.453125,0.828125
8957.250000,0.796875
8958.093750,0.843750
8958.937500,0.843750
8959.750000,0.812500
8960.593750,0.843750
8961.484375,0.890625
8962.312500,0.828125
8963.140625,0.828125
8964.000000,0.859375
8964.859375,0.859375
8965.671875,0.812500
8966.500000,0.828125
8967.328125,0.828125
8968.156250,0.828125
8969.000000,0.843750
8969.906250,0.906250
8970.750000,0.843750
8971.578125,0.828125
8972.390625,0.812500
8973.218750,0.828125
8974.000000,0.781250
8974.796875,0.796875
8975.593750,0.796875
8976.375000,0.781250
8977.125000,0.750000
8977.890625,0.765625
8978.687500,0.796875
8979.453125,0.765625
8980.234375,0.781250
8981.000000,0.765625
8981.765625,0.765625
8982.546875,0.781250
8983.343750,0.796875
8984.109375,0.765625
8984.906250,0.796875
8985.718750,0.812500
8986.500000,0.781250
8987.250000,0.750000
8988.015625,0.765625
8988.812500,0.796875
8989.562500,0.750000
8990.343750,0.781250
8991.156250,0.812500
8991.968750,0.812500
8992.734375,0.765625
8993.515625,0.781250
8994.296875,0.781250
8995.078125,0.781250
8995.859375,0.781250
8996.671875,0.812500
8997.484375,0.812500
8998.265625,0.781250
8999.062500,0.796875
8999.890625,0.828125
9000.687500,0.796875
9001.453125,0.765625
9002.203125,0.750000
9002.953125,0.750000
9003.687500,0.734375
9004.421875,0.734375
9005.171875,0.750000
9005.937500,0.765625
9006.703125,0.765625
9007.484375,0.781250
9008.328125,0.843750
9009.109375,0.781250
9009.906250,0.796875
9010.718750,0.812500
9011.546875,0.828125
9012.343750,0.796875
9013.140625,0.796875
9013.953125,0.812500
9014.734375,0.781250
9015.500000,0.765625
9016.296875,0.796875
9017.109375,0.812500
9017.890625,0.781250
9018.671875,0.781250
9019.484375,0.812500
9020.265625,0.781250
9021.031250,0.765625
9021.796875,0.765625
9022.578125,0.781250
9023.343750,0.765625
9024.125000,0.781250
9024.937500,0.812500
9025.750000,0.812500
9026.562500,0.812500
9027.406250,0.843750
9028.218750,0.812500
9029.031250,0.812500
9029.875000,0.843750
9030.718750,0.843750
9031.500000,0.781250
9032.296875,0.796875
9033.093750,0.796875
9033.875000,0.781250
9034.656250,0.781250
9035.468750,0.812500
9036.296875,0.828125
9037.062500,0.765625
9037.859375,0.796875
9038.640625,0.781250
9039.437500,0.796875
9040.218750,0.781250
9041.000000,0.781250
9041.796875,0.796875
9042.593750,0.796875
9043.359375,0.765625
9044.109375,0.750000
9044.875000,0.765625
9045.625000,0.750000
9046.375000,0.750000
9047.140625,0.765625
9047.906250,0.765625
9048.656250,0.750000
9049.437500,0.781250
9050.218750,0.781250
9050.984375,0.765625
9051.750000,0.765625
9052.531250,0.781250
9053.312500,0.781250
9054.093750,0.781250
9054.843750,0.750000
9055.609375,0.765625
9056.421875,0.812500
9057.234375,0.812500
9058.015625,0.781250
9058.828125,0.812500
9059.671875,0.843750
9060.468750,0.796875
9061.265625,0.796875
9062.109375,0.843750
9062.953125,0.843750
9063.750000,0.796875
9064.546875,0.796875
9065.390625,0.843750
9066.203125,0.812500
9067.015625,0.812500
9067.875000,0.859375
9068.750000,0.875000
9069.578125,0.828125
9070.406250,0.828125
9071.250000,0.843750
9072.062500,0.812500
9072.859375,0.796875
9073.656250,0.796875
9074.468750,0.812500
9075.281250,0.812500
9076.078125,0.796875
9076.906250,0.828125
9077.734375,0.828125
9078.531250,0.796875
9079.359375,0.828125
9080.187500,0.828125
9080.968750,0.781250
9081.750000,0.781250
9082.515625,0.765625
9083.296875,0.781250
9084.046875,0.750000
9084.796875,0.750000
9085.546875,0.750000
9086.281250,0.734375
9087.031250,0.750000
9087.781250,0.750000
9088.562500,0.781250
9089.328125,0.765625
9090.093750,0.765625
9090.875000,0.781250
9091.656250,0.781250
9092.421875,0.765625
9093.203125,0.781250
9094.000000,0.796875
9094.781250,0.781250
9095.546875,0.765625
9096.343750,0.796875
9097.140625,0.796875
9097.906250,0.765625
9098.671875,0.765625
9099.468750,0.796875
9100.250000,0.781250
9101.000000,0.750000
9101.765625,0.765625
9102.546875,0.781250
9103.312500,0.765625
9104.078125,0.765625
9104.859375,0.781250
9105.656250,0.796875
9106.421875,0.765625
9107.203125,0.781250
9108.000000,0.796875
9108.781250,0.781250
9109.546875,0.765625
9110.343750,0.796875
9111.140625,0.796875
9111.921875,0.781250
9112.703125,0.781250
9113.500000,0.796875
9114.281250,0.781250
9115.046875,0.765625
9115.812500,0.765625
9116.578125,0.765625
9117.328125,0.750000
9118.093750,0.765625
9118.859375,0.765625
9119.609375,0.750000
9120.375000,0.765625
9121.156250,0.781250
9121.968750,0.812500
9122.734375,0.765625
9123.484375,0.750000
9124.265625,0.781250
9125.062500,0.796875
9125.812500,0.750000
9126.562500,0.750000
9127.328125,0.765625
9128.093750,0.765625
9128.843750,0.750000
9129.593750,0.750000
9130.375000,0.781250
9131.125000,0.750000
9131.875000,0.750000
9132.640625,0.765625
9133.421875,0.781250
9134.156250,0.734375
9134.921875,0.765625
9135.703125,0.781250
9136.468750,0.765625
9137.234375,0.765625
9138.031250,0.796875
9138.828125,0.796875
9139.593750,0.765625
9140.343750,0.750000
9141.140625,0.796875
9141.890625,0.750000
9142.656250,0.765625
9143.406250,0.750000
9144.218750,0.812500
9144.984375,0.765625
9145.734375,0.750000
9146.515625,0.781250
9147.328125,0.812500
9148.109375,0.781250
9148.859375,0.750000
9149.593750,0.734375
9150.359375,0.765625
9151.109375,0.750000
9151.843750,0.734375
9152.625000,0.781250
9153.421875,0.796875
9154.187500,0.765625
9154.968750,0.781250
9155.781250,0.812500
9156.593750,0.812500
9157.359375,0.765625
9158.156250,0.796875
9158.937500,0.781250
9159.703125,0.765625
9160.453125,0.750000
9161.218750,0.765625
9161.968750,0.750000
9162.703125,0.734375
9163.468750,0.765625
9164.234375,0.765625
9165.000000,0.765625
9165.765625,0.765625
9166.578125,0.812500
9167.390625,0.812500
9168.171875,0.781250
9168.984375,0.812500
9169.781250,0.796875
9170.546875,0.765625
9171.296875,0.750000
9172.062500,0.765625
9172.828125,0.765625
9173.609375,0.781250
9174.390625,0.781250
9175.203125,0.812500
9175.984375,0.781250
9176.765625,0.781250
9177.593750,0.828125
9178.359375,0.765625
9179.109375,0.750000
9179.890625,0.781250
9180.656250,0.765625
9181.390625,0.734375
9182.140625,0.750000
9182.906250,0.765625
9183.671875,0.765625
9184.421875,0.750000
9185.156250,0.734375
9185.859375,0.703125
9186.593750,0.734375
9191.187500,0.625000
9191.781250,0.593750
9212.593750,0.609375
9213.203125,0.609375
9213.828125,0.625000
9214.437500,0.609375
9215.046875,0.609375
9215.687500,0.640625
9216.359375,0.671875
9217.046875,0.687500
9217.750000,0.703125
9218.453125,0.703125
9219.140625,0.687500
9219.812500,0.671875
9220.500000,0.687500
9221.171875,0.671875
9221.875000,0.703125
9222.593750,0.718750
9223.281250,0.687500
9228.750000,0.656250
9229.437500,0.687500
9230.093750,0.656250
9230.765625,0.671875
9231.421875,0.656250
9232.062500,0.640625
9232.765625,0.703125
9233.375000,0.609375
9234.062500,0.687500
9234.765625,0.703125
9235.437500,0.671875
9236.125000,0.687500
9236.796875,0.671875
9237.468750,0.671875
9238.140625,0.671875
9238.812500,0.671875
9239.484375,0.671875
9240.171875,0.687500
9240.875000,0.703125
9241.593750,0.718750
9242.296875,0.703125
9242.984375,0.687500
9243.671875,0.687500
9244.359375,0.687500
9245.031250,0.671875
9245.718750,0.687500
9246.390625,0.671875
9247.062500,0.671875
9247.734375,0.671875
9248.406250,0.671875
9249.078125,0.671875
9249.750000,0.671875
9250.421875,0.671875
9251.109375,0.687500
9251.812500,0.703125
9252.484375,0.671875
9253.171875,0.687500
9253.828125,0.656250
9254.500000,0.671875
9255.171875,0.671875
9255.859375,0.687500
9256.531250,0.671875
9257.218750,0.687500
9257.890625,0.671875
9258.562500,0.671875
9259.234375,0.671875
9259.921875,0.687500
9260.625000,0.703125
9261.359375,0.734375
9262.109375,0.750000
9262.875000,0.765625
9263.671875,0.796875
9264.484375,0.812500
9265.296875,0.812500
9266.140625,0.843750
9266.968750,0.828125
9267.812500,0.843750
9268.640625,0.828125
9269.453125,0.812500
9270.281250,0.828125
9271.125000,0.843750
9272.000000,0.875000
9272.984375,0.984375
9273.921875,0.937500
9274.781250,0.859375
9275.609375,0.828125
9276.453125,0.843750
9277.296875,0.843750
9278.109375,0.812500
9278.906250,0.796875
9279.718750,0.812500
9280.531250,0.812500
9281.328125,0.796875
9282.156250,0.828125
9283.000000,0.843750
9283.812500,0.812500
9284.625000,0.812500
9285.421875,0.796875
9286.218750,0.796875
9287.000000,0.781250
9287.781250,0.781250
9288.562500,0.781250
9289.359375,0.796875
9290.125000,0.765625
9290.906250,0.781250
9291.734375,0.828125
9292.546875,0.812500
9293.359375,0.812500
9294.140625,0.781250
9294.937500,0.796875
9295.718750,0.781250
9296.484375,0.765625
9297.281250,0.796875
9298.109375,0.828125
9298.953125,0.843750
9299.781250,0.828125
9300.640625,0.859375
9301.500000,0.859375
9302.328125,0.828125
9303.125000,0.796875
9303.921875,0.796875
9304.703125,0.781250
9305.484375,0.781250
9306.312500,0.828125
9307.156250,0.843750
9307.984375,0.828125
9308.796875,0.812500
9309.625000,0.828125
9310.468750,0.843750
9311.281250,0.812500
9312.078125,0.796875
9312.875000,0.796875
9313.671875,0.796875
9314.484375,0.812500
9315.281250,0.796875
9316.046875,0.765625
9316.828125,0.781250
9317.593750,0.765625
9318.359375,0.765625
9319.140625,0.781250
9319.937500,0.796875
9320.734375,0.796875
9321.531250,0.796875
9322.343750,0.812500
9323.109375,0.765625
9323.890625,0.781250
9324.687500,0.796875
9325.468750,0.781250
9326.218750,0.750000
9326.984375,0.765625
9327.734375,0.750000
9328.515625,0.781250
9329.265625,0.750000
9330.031250,0.765625
9330.781250,0.750000
9331.546875,0.765625
9332.312500,0.765625
9333.093750,0.781250
9333.906250,0.812500
9334.718750,0.812500
9335.515625,0.796875
9336.296875,0.781250
9337.062500,0.765625
9337.828125,0.765625
9338.593750,0.765625
9339.375000,0.781250
9340.156250,0.781250
9340.921875,0.765625
9341.687500,0.765625
9342.468750,0.781250
9343.250000,0.781250
9344.015625,0.765625
9344.812500,0.796875
9345.593750,0.781250
9346.375000,0.781250
9347.140625,0.765625
9347.906250,0.765625
9348.687500,0.781250
9349.437500,0.750000
9350.203125,0.765625
9350.953125,0.750000
9351.703125,0.750000
9352.453125,0.750000
9353.218750,0.765625
9353.984375,0.765625
9354.765625,0.781250
9355.562500,0.796875
9356.359375,0.796875
9357.156250,0.796875
9357.937500,0.781250
9358.703125,0.765625
9359.484375,0.781250
9360.250000,0.765625
9361.015625,0.765625
9361.781250,0.765625
9362.578125,0.796875
9363.343750,0.765625
9364.125000,0.781250
9364.906250,0.781250
9365.734375,0.828125
9366.531250,0.796875
9367.343750,0.812500
9368.156250,0.812500
9368.953125,0.796875
9369.750000,0.796875
9370.531250,0.781250
9371.312500,0.781250
9372.109375,0.796875
9372.906250,0.796875
9373.687500,0.781250
9374.468750,0.781250
9375.265625,0.796875
9376.078125,0.812500
9376.890625,0.812500
9377.718750,0.828125
9378.515625,0.796875
9379.296875,0.781250
9380.078125,0.781250
9380.859375,0.781250
9381.625000,0.765625
9382.390625,0.765625
9383.156250,0.765625
9383.921875,0.765625
9384.703125,0.781250
9385.546875,0.843750
9386.343750,0.796875
9387.140625,0.796875
9387.937500,0.796875
9388.718750,0.781250
9389.484375,0.765625
9390.250000,0.765625
9391.000000,0.750000
9391.734375,0.734375
9392.484375,0.750000
9393.234375,0.750000
9393.968750,0.734375
9394.750000,0.781250
9395.546875,0.796875
9396.343750,0.796875
9397.125000,0.781250
9397.921875,0.796875
9398.703125,0.781250
9399.500000,0.796875
9400.265625,0.765625
9401.046875,0.781250
9401.828125,0.781250
9402.609375,0.781250
9403.390625,0.781250
9404.187500,0.796875
9405.000000,0.812500
9405.781250,0.781250
9406.562500,0.781250
9407.375000,0.812500
9408.156250,0.781250
9408.937500,0.781250
9409.734375,0.796875
9410.562500,0.828125
9411.359375,0.796875
9412.140625,0.781250
9412.953125,0.812500
9413.765625,0.812500
9414.578125,0.812500
9415.375000,0.796875
9416.203125,0.828125
9417.015625,0.812500
9417.812500,0.796875
9418.578125,0.765625
9419.343750,0.765625
9420.125000,0.781250
9420.890625,0.765625
9421.671875,0.781250
9422.468750,0.796875
9423.265625,0.796875
9424.046875,0.781250
9424.828125,0.781250
9425.593750,0.765625
9426.343750,0.750000
9427.093750,0.750000
9427.843750,0.750000
9428.625000,0.781250
9429.406250,0.781250
9430.187500,0.781250
9430.984375,0.796875
9431.812500,0.828125
9432.609375,0.796875
9433.406250,0.796875
9434.203125,0.796875
9434.984375,0.781250
9435.765625,0.781250
9436.531250,0.765625
9437.328125,0.796875
9438.093750,0.765625
9438.875000,0.781250
9439.640625,0.765625
9440.421875,0.781250
9441.203125,0.781250
9442.000000,0.796875
9442.781250,0.781250
9455.734375,0.671875
9456.390625,0.656250
9457.062500,0.671875
9457.718750,0.656250
9458.406250,0.687500
9459.125000,0.718750
9459.843750,0.718750
9460.578125,0.734375
9461.343750,0.765625
9462.156250,0.812500
9462.968750,0.812500
9463.765625,0.796875
9464.578125,0.812500
9465.375000,0.796875
9466.171875,0.796875
9467.015625,0.843750
9467.859375,0.843750
9468.703125,0.843750
9469.562500,0.859375
9470.421875,0.859375
9471.250000,0.828125
9472.093750,0.843750
9472.921875,0.828125
9473.734375,0.812500
9474.562500,0.828125
9475.359375,0.796875
9476.140625,0.781250
9476.937500,0.796875
9477.718750,0.781250
9478.500000,0.781250
9479.296875,0.796875
9480.109375,0.812500
9480.953125,0.843750
9481.765625,0.812500
9482.609375,0.843750
9483.437500,0.828125
9484.250000,0.812500
9485.046875,0.796875
9485.859375,0.812500
9486.671875,0.812500
9487.468750,0.796875
9488.265625,0.796875
9489.078125,0.812500
9489.875000,0.796875
9490.687500,0.812500
9491.500000,0.812500
9492.296875,0.796875
9493.093750,0.796875
9493.921875,0.828125
9494.750000,0.828125
9495.562500,0.812500
9496.375000,0.812500
9497.171875,0.796875
9497.953125,0.781250
9498.750000,0.796875
9499.562500,0.812500
9500.375000,0.812500
9501.156250,0.781250
9501.984375,0.828125
9502.828125,0.843750
9503.625000,0.796875
9504.421875,0.796875
9505.218750,0.796875
9506.046875,0.828125
9506.859375,0.812500
9507.656250,0.796875
9508.484375,0.828125
9509.312500,0.828125
9510.109375,0.796875
9510.921875,0.812500
9511.750000,0.828125
9512.578125,0.828125
9513.390625,0.812500
9514.187500,0.796875
9515.015625,0.828125
9515.843750,0.828125
9516.671875,0.828125
9517.484375,0.812500
9518.312500,0.828125
9519.140625,0.828125
9519.968750,0.828125
9520.796875,0.828125
9521.671875,0.875000
9522.562500,0.890625
9523.421875,0.859375
9524.281250,0.859375
9525.187500,0.906250
9526.078125,0.890625
9526.921875,0.843750
9527.734375,0.812500
9528.546875,0.812500
9529.359375,0.812500
9530.156250,0.796875
9530.906250,0.750000
9531.671875,0.765625
9532.468750,0.796875
9533.343750,0.875000
9534.171875,0.828125
9535.109375,0.937500
9536.078125,0.968750
9536.968750,0.890625
9537.859375,0.890625
9538.734375,0.875000
9539.593750,0.859375
9540.406250,0.812500
9541.218750,0.812500
9542.031250,0.812500
9542.812500,0.781250
9543.593750,0.781250
9544.406250,0.812500
9545.281250,0.875000
9546.109375,0.828125
9546.937500,0.828125
9547.765625,0.828125
9548.609375,0.843750
9549.421875,0.812500
9550.234375,0.812500
9551.062500,0.828125
9551.875000,0.812500
9552.703125,0.828125
9553.515625,0.812500
9554.343750,0.828125
9555.203125,0.859375
9556.046875,0.843750
9556.859375,0.812500
9557.703125,0.843750
9558.546875,0.843750
9559.406250,0.859375
9560.234375,0.828125
9561.093750,0.859375
9561.953125,0.859375
9562.781250,0.828125
9563.609375,0.828125
9564.468750,0.859375
9565.328125,0.859375
9566.156250,0.828125
9567.015625,0.859375
9567.890625,0.875000
9568.734375,0.843750
9569.562500,0.828125
9570.390625,0.828125
9571.234375,0.843750
9572.062500,0.828125
9572.875000,0.812500
9573.687500,0.812500
9574.531250,0.843750
9575.343750,0.812500
9576.125000,0.781250
9576.937500,0.812500
9577.781250,0.843750
9578.609375,0.828125
9579.406250,0.796875
9580.234375,0.828125
9581.062500,0.828125
9581.843750,0.781250
9582.656250,0.812500
9583.437500,0.781250
9584.203125,0.765625
9584.968750,0.765625
9585.750000,0.781250
9586.546875,0.796875
9587.359375,0.812500
9588.171875,0.812500
9589.000000,0.828125
9589.859375,0.859375
9590.687500,0.828125
9591.500000,0.812500
9592.312500,0.812500
9593.140625,0.828125
9593.921875,0.781250
9594.718750,0.796875
9595.515625,0.796875
9596.281250,0.765625
9597.062500,0.781250
9597.875000,0.812500
9598.687500,0.812500
9599.500000,0.812500
9600.328125,0.828125
9601.187500,0.859375
9602.031250,0.843750
9602.828125,0.796875
9603.640625,0.812500
9604.437500,0.796875
9605.234375,0.796875
9606.031250,0.796875
9606.843750,0.812500
9607.671875,0.828125
9608.484375,0.812500
9609.281250,0.796875
9610.109375,0.828125
9610.953125,0.843750
9611.750000,0.796875
9612.546875,0.796875
9613.359375,0.812500
9614.171875,0.812500
9614.953125,0.781250
9615.781250,0.828125
9616.625000,0.843750
9617.468750,0.843750
9618.296875,0.828125
9619.125000,0.828125
9619.968750,0.843750
9620.781250,0.812500
9621.578125,0.796875
9622.390625,0.812500
9623.218750,0.828125
9624.015625,0.796875
9624.828125,0.812500
9625.640625,0.812500
9626.437500,0.796875
9627.250000,0.812500
9628.078125,0.828125
9628.906250,0.828125
9629.734375,0.828125
9630.546875,0.812500
9631.375000,0.828125
9632.218750,0.843750
9633.031250,0.812500
9633.859375,0.828125
9634.703125,0.843750
9635.515625,0.812500
9636.359375,0.843750
9637.203125,0.843750
9638.062500,0.859375
9638.906250,0.843750
9639.734375,0.828125
9640.593750,0.859375
9641.437500,0.843750
9642.265625,0.828125
9643.078125,0.812500
9643.906250,0.828125
9644.750000,0.843750
9645.578125,0.828125
9646.421875,0.843750
9647.281250,0.859375
9648.109375,0.828125
9648.921875,0.812500
9649.750000,0.828125
9650.625000,0.875000
9651.453125,0.828125
9652.281250,0.828125
9653.109375,0.828125
9653.953125,0.843750
9654.781250,0.828125
9655.609375,0.828125
9656.453125,0.843750
9657.281250,0.828125
9658.093750,0.812500
9658.921875,0.828125
9659.765625,0.843750
9660.578125,0.812500
9661.375000,0.796875
9662.203125,0.828125
9663.046875,0.843750
9663.859375,0.812500
9664.671875,0.812500
9665.484375,0.812500
9666.296875,0.812500
9667.109375,0.812500
9667.890625,0.781250
9668.703125,0.812500
9669.531250,0.828125
9670.359375,0.828125
9671.156250,0.796875
9671.984375,0.828125
9672.812500,0.828125
9673.625000,0.812500
9674.406250,0.781250
9675.187500,0.781250
9675.968750,0.781250
9676.750000,0.781250
9677.515625,0.765625
9678.296875,0.781250
9679.093750,0.796875
9679.859375,0.765625
9680.656250,0.796875
9681.468750,0.812500
9682.296875,0.828125
9683.093750,0.796875
9683.921875,0.828125
9684.734375,0.812500
9685.531250,0.796875
9686.312500,0.781250
9687.109375,0.796875
9687.921875,0.812500
9688.718750,0.796875
9689.515625,0.796875
9690.312500,0.796875
9691.140625,0.828125
9691.953125,0.812500
9692.750000,0.796875
9693.546875,0.796875
9694.359375,0.812500
9695.187500,0.828125
9696.000000,0.812500
9696.828125,0.828125
9697.671875,0.843750
9698.500000,0.828125
9699.312500,0.812500
9700.156250,0.843750
9701.000000,0.843750
9701.812500,0.812500
9702.625000,0.812500
9703.453125,0.828125
9704.312500,0.859375
9705.125000,0.812500
9705.953125,0.828125
9706.781250,0.828125
9707.593750,0.812500
9708.390625,0.796875
9709.187500,0.796875
9709.984375,0.796875
9710.781250,0.796875
9711.578125,0.796875
9712.390625,0.812500
9713.250000,0.859375
9714.093750,0.843750
9714.921875,0.828125
9715.781250,0.859375
9716.625000,0.843750
9717.453125,0.828125
9718.250000,0.796875
9719.062500,0.812500
9719.859375,0.796875
9720.671875,0.812500
9721.453125,0.781250
9722.265625,0.812500
9723.078125,0.812500
9723.875000,0.796875
9724.687500,0.812500
9725.515625,0.828125
9726.312500,0.796875
9727.125000,0.812500
9727.921875,0.796875
9728.718750,0.796875
9729.515625,0.796875
9730.296875,0.781250
9731.078125,0.781250
9731.906250,0.828125
9732.703125,0.796875
9733.531250,0.828125
9734.375000,0.843750
9735.203125,0.828125
9736.015625,0.812500
9736.859375,0.843750
9737.703125,0.843750
9738.515625,0.812500
9739.328125,0.812500
9740.171875,0.843750
9741.000000,0.828125
9741.781250,0.781250
9742.593750,0.812500
9743.406250,0.812500
9744.218750,0.812500
9745.000000,0.781250
9745.812500,0.812500
9746.656250,0.843750
9747.500000,0.843750
9748.312500,0.812500
9749.125000,0.812500
9749.937500,0.812500
9750.734375,0.796875
9751.546875,0.812500
9752.359375,0.812500
9753.203125,0.843750
9754.031250,0.828125
9754.875000,0.843750
9755.718750,0.843750
9756.531250,0.812500
9757.343750,0.812500
9758.140625,0.796875
9758.968750,0.828125
9759.781250,0.812500
9760.593750,0.812500
9761.421875,0.828125
9762.250000,0.828125
9763.046875,0.796875
9763.859375,0.812500
9764.687500,0.828125
9765.500000,0.812500
9766.296875,0.796875
9767.109375,0.812500
9767.921875,0.812500
9768.734375,0.812500
9769.515625,0.781250
9770.328125,0.812500
9771.156250,0.828125
9771.953125,0.796875
9772.734375,0.781250
9773.562500,0.828125
9774.390625,0.828125
9775.218750,0.828125
9776.031250,0.812500
9776.843750,0.812500
9777.671875,0.828125
9778.453125,0.781250
9779.250000,0.796875
9780.062500,0.812500
9780.906250,0.843750
9781.734375,0.828125
9782.593750,0.859375
9783.500000,0.906250
9784.343750,0.843750
9785.203125,0.859375
9786.046875,0.843750
9786.906250,0.859375
9787.718750,0.812500
9788.531250,0.812500
9789.328125,0.796875
9790.140625,0.812500
9790.921875,0.781250
9791.750000,0.828125
9792.593750,0.843750
9793.453125,0.859375
9794.281250,0.828125
9795.109375,0.828125
9795.937500,0.828125
9796.750000,0.812500
9797.546875,0.796875
9798.359375,0.812500
9799.203125,0.843750
9800.031250,0.828125
9800.843750,0.812500
9801.671875,0.828125
9802.531250,0.859375
9803.359375,0.828125
9804.218750,0.859375
9805.062500,0.843750
9805.906250,0.843750
9806.718750,0.812500
9807.562500,0.843750
9808.406250,0.843750
9809.203125,0.796875
9810.000000,0.796875
9810.812500,0.812500
9811.656250,0.843750
9812.484375,0.828125
9813.328125,0.843750
9814.203125,0.875000
9815.062500,0.859375
9815.890625,0.828125
9816.734375,0.843750
9817.562500,0.828125
9818.390625,0.828125
9819.203125,0.812500
9820.015625,0.812500
9820.843750,0.828125
9821.656250,0.812500
9822.468750,0.812500
9823.296875,0.828125
9824.140625,0.843750
9824.968750,0.828125
9825.796875,0.828125
9826.640625,0.843750
9827.484375,0.843750
9828.312500,0.828125
9829.109375,0.796875
9829.921875,0.812500
9830.750000,0.828125
9831.578125,0.828125
9832.406250,0.828125
9833.234375,0.828125
9834.031250,0.796875
9834.843750,0.812500
9835.640625,0.796875
9836.468750,0.828125
9837.265625,0.796875
9838.062500,0.796875
9838.859375,0.796875
9839.656250,0.796875
9840.453125,0.796875
9841.234375,0.781250
9842.031250,0.796875
9842.828125,0.796875
9843.625000,0.796875
9844.421875,0.796875
9845.234375,0.812500
9846.062500,0.828125
9846.859375,0.796875
9847.671875,0.812500
9848.500000,0.828125
9849.328125,0.828125
9850.140625,0.812500
9850.968750,0.828125
9851.812500,0.843750
9852.640625,0.828125
9853.484375,0.843750
9854.343750,0.859375
9855.234375,0.890625
9856.078125,0.843750
9856.921875,0.843750
9857.750000,0.828125
9858.578125,0.828125
9859.390625,0.812500
9860.203125,0.812500
9861.062500,0.859375
9861.906250,0.843750
9862.750000,0.843750
9863.593750,0.843750
9864.437500,0.843750
9865.250000,0.812500
9866.062500,0.812500
9866.906250,0.843750
9867.718750,0.812500
9868.531250,0.812500
9869.343750,0.812500
9870.156250,0.812500
9870.953125,0.796875
9871.750000,0.796875
9872.562500,0.812500
9873.390625,0.828125
9874.234375,0.843750
9875.078125,0.843750
9875.953125,0.875000
9876.812500,0.859375
9877.656250,0.843750
9878.500000,0.843750
9879.359375,0.859375
9880.171875,0.812500
9880.984375,0.812500
9881.765625,0.781250
9882.546875,0.781250
9883.312500,0.765625
9884.093750,0.781250
9884.875000,0.781250
9885.671875,0.796875
9886.468750,0.796875
9887.281250,0.812500
9888.093750,0.812500
9888.921875,0.828125
9889.718750,0.796875
9890.546875,0.828125
9891.375000,0.828125
9892.187500,0.812500
9892.984375,0.796875
9893.796875,0.812500
9894.625000,0.828125
9895.421875,0.796875
9896.218750,0.796875
9897.031250,0.812500
9897.828125,0.796875
9898.625000,0.796875
9899.421875,0.796875
9900.250000,0.828125
9901.078125,0.828125
9901.906250,0.828125
9902.734375,0.828125
9903.562500,0.828125
9904.359375,0.796875
9905.171875,0.812500
9905.984375,0.812500
9906.812500,0.828125
9907.609375,0.796875
9908.421875,0.812500
9909.218750,0.796875
9910.015625,0.796875
9910.812500,0.796875
9911.609375,0.796875
9912.421875,0.812500
9913.234375,0.812500
9914.031250,0.796875
9914.859375,0.828125
9915.687500,0.828125
9916.500000,0.812500
9917.328125,0.828125
9918.156250,0.828125
9918.968750,0.812500
9919.765625,0.796875
9920.546875,0.781250
9921.343750,0.796875
9922.140625,0.796875
9922.937500,0.796875
9923.765625,0.828125
9924.593750,0.828125
9925.406250,0.812500
9926.218750,0.812500
9927.046875,0.828125
9927.875000,0.828125
9928.703125,0.828125
9929.515625,0.812500
9930.312500,0.796875
9931.140625,0.828125
9931.953125,0.812500
9932.781250,0.828125
9933.625000,0.843750
9934.500000,0.875000
9935.343750,0.843750
9936.187500,0.843750
9937.031250,0.843750
9937.843750,0.812500
9938.671875,0.828125
9939.500000,0.828125
9940.328125,0.828125
9941.156250,0.828125
9941.984375,0.828125
9942.875000,0.890625
9943.734375,0.859375
9944.593750,0.859375
9945.468750,0.875000
9946.343750,0.875000
9947.171875,0.828125
9948.000000,0.828125
9948.828125,0.828125
9949.656250,0.828125
9950.468750,0.812500
9951.281250,0.812500
9952.125000,0.843750
9952.968750,0.843750
9953.796875,0.828125
9954.640625,0.843750
9955.500000,0.859375
9956.312500,0.812500
9957.140625,0.828125
9958.000000,0.859375
9958.843750,0.843750
9959.640625,0.796875
9960.468750,0.828125
9961.281250,0.812500
9962.093750,0.812500
9962.875000,0.781250
9963.671875,0.796875
9964.437500,0.765625
9965.218750,0.781250
9965.984375,0.765625
9966.765625,0.781250
9967.562500,0.796875
9968.359375,0.796875
9969.140625,0.781250
9969.953125,0.812500
9970.750000,0.796875
9971.546875,0.796875
9972.343750,0.796875
9973.187500,0.843750
9974.000000,0.812500
9974.796875,0.796875
9975.593750,0.796875
9976.406250,0.812500
9977.203125,0.796875
9977.984375,0.781250
9978.765625,0.781250
9979.578125,0.812500
9980.375000,0.796875
9981.187500,0.812500
9982.031250,0.843750
9982.875000,0.843750
9983.687500,0.812500
9984.546875,0.859375
9985.421875,0.875000
9986.265625,0.843750
9987.109375,0.843750
9987.984375,0.875000
9988.859375,0.875000
9989.687500,0.828125
9990.515625,0.828125
9991.343750,0.828125
9992.187500,0.843750
9993.015625,0.828125
9993.812500,0.796875
9994.625000,0.812500
9995.453125,0.828125
9996.281250,0.828125
9997.109375,0.828125
9997.937500,0.828125
9998.796875,0.859375
9999.640625,0.843750
10000.468750,0.828125
10001.343750,0.875000
10002.218750,0.875000
10003.046875,0.828125
10003.875000,0.828125
10004.703125,0.828125
10005.515625,0.812500
10006.328125,0.812500
10007.140625,0.812500
10007.968750,0.828125
10008.781250,0.812500
10009.609375,0.828125
10010.437500,0.828125
10011.265625,0.828125
10012.062500,0.796875
10012.890625,0.828125
10013.718750,0.828125
10014.562500,0.843750
10015.375000,0.812500
10016.187500,0.812500
10017.015625,0.828125
10017.828125,0.812500
10018.640625,0.812500
10019.453125,0.812500
10020.265625,0.812500
10021.046875,0.781250
10021.843750,0.796875
10022.656250,0.812500
10023.484375,0.828125
10024.281250,0.796875
10025.093750,0.812500
10025.906250,0.812500
10026.734375,0.828125
10027.531250,0.796875
10028.375000,0.843750
10029.218750,0.843750
10030.078125,0.859375
10030.921875,0.843750
10031.796875,0.875000
10032.656250,0.859375
10033.484375,0.828125
10034.296875,0.812500
10035.109375,0.812500
10035.921875,0.812500
10036.718750,0.796875
10037.546875,0.828125
10038.390625,0.843750
10039.218750,0.828125
10040.031250,0.812500
10040.859375,0.828125
10041.703125,0.843750
10042.500000,0.796875
10043.296875,0.796875
10044.109375,0.812500
10044.906250,0.796875
10045.687500,0.781250
10046.500000,0.812500
10047.328125,0.828125
10048.125000,0.796875
10048.937500,0.812500
10049.750000,0.812500
10050.562500,0.812500
10051.375000,0.812500
10052.218750,0.843750
10053.078125,0.859375
10053.890625,0.812500
10054.703125,0.812500
10055.531250,0.828125
10056.359375,0.828125
10057.171875,0.812500
10058.000000,0.828125
10058.843750,0.843750
10059.656250,0.812500
10060.468750,0.812500
10061.281250,0.812500
10062.125000,0.843750
10062.937500,0.812500
10063.718750,0.781250
10064.546875,0.828125
10065.359375,0.812500
10066.187500,0.828125
10067.000000,0.812500
10067.828125,0.828125
10068.656250,0.828125
10069.468750,0.812500
10070.281250,0.812500
10071.125000,0.843750
10071.968750,0.843750
10072.781250,0.812500
10073.625000,0.843750
10074.484375,0.859375
10075.328125,0.843750
10076.156250,0.828125
10076.984375,0.828125
10077.796875,0.812500
10078.593750,0.796875
10079.390625,0.796875
10080.187500,0.796875
10080.984375,0.796875
10081.796875,0.812500
10082.609375,0.812500
10083.453125,0.843750
10084.281250,0.828125
10085.078125,0.796875
10085.890625,0.812500
10086.718750,0.828125
10087.531250,0.812500
10088.359375,0.828125
10089.187500,0.828125
10090.015625,0.828125
10090.812500,0.796875
10091.625000,0.812500
10092.437500,0.812500
10093.265625,0.828125
10094.078125,0.812500
10094.906250,0.828125
10095.781250,0.875000
10096.625000,0.843750
10097.468750,0.843750
10098.328125,0.859375
10099.171875,0.843750
10100.000000,0.828125
10100.828125,0.828125
10101.671875,0.843750
10102.531250,0.859375
10103.359375,0.828125
10104.187500,0.828125
10105.031250,0.843750
10105.875000,0.843750
10106.703125,0.828125
10107.546875,0.843750
10108.421875,0.875000
10109.250000,0.828125
10110.062500,0.812500
10110.890625,0.828125
10111.718750,0.828125
10112.515625,0.796875
10113.312500,0.796875
10114.078125,0.765625
10114.875000,0.796875
10115.671875,0.796875
10116.484375,0.812500
10117.312500,0.828125
10118.140625,0.828125
10118.968750,0.828125
10119.796875,0.828125
10120.656250,0.859375
10121.484375,0.828125
10122.296875,0.812500
10123.109375,0.812500
10123.937500,0.828125
10124.734375,0.796875
10125.531250,0.796875
10126.328125,0.796875
10127.156250,0.828125
10127.968750,0.812500
10128.796875,0.828125
10129.671875,0.875000
10130.546875,0.875000
10131.390625,0.843750
10132.234375,0.843750
10133.078125,0.843750
10133.921875,0.843750
10134.734375,0.812500
10135.546875,0.812500
10136.375000,0.828125
10137.171875,0.796875
10137.968750,0.796875
10138.750000,0.781250
10139.593750,0.843750
10140.390625,0.796875
10141.203125,0.812500
10142.015625,0.812500
10142.859375,0.843750
10143.656250,0.796875
10144.468750,0.812500
10145.281250,0.812500
10146.078125,0.796875
10146.875000,0.796875
10147.671875,0.796875
10148.500000,0.828125
10149.328125,0.828125
10150.140625,0.812500
10150.968750,0.828125
10151.812500,0.843750
10152.656250,0.843750
10153.484375,0.828125
10154.312500,0.828125
10155.140625,0.828125
10155.953125,0.812500
10156.796875,0.843750
10157.625000,0.828125
10158.468750,0.843750
10159.281250,0.812500
10160.109375,0.828125
10160.953125,0.843750
10161.765625,0.812500
10162.562500,0.796875
10163.359375,0.796875
10164.187500,0.828125
10165.000000,0.812500
10165.812500,0.812500
10166.640625,0.828125
10167.468750,0.828125
10168.265625,0.796875
10169.078125,0.812500
10169.875000,0.796875
10170.671875,0.796875
10171.453125,0.781250
10172.250000,0.796875
10173.046875,0.796875
10173.843750,0.796875
10174.656250,0.812500
10175.453125,0.796875
10176.296875,0.843750
10177.125000,0.828125
10177.953125,0.828125
10178.765625,0.812500
10179.562500,0.796875
10180.359375,0.796875
10181.156250,0.796875
10181.984375,0.828125
10182.796875,0.812500
10183.593750,0.796875
10184.406250,0.812500
10185.234375,0.828125
10186.015625,0.781250
10186.812500,0.796875
10187.625000,0.812500
10188.406250,0.781250
10189.187500,0.781250
10189.984375,0.796875
10190.812500,0.828125
10191.625000,0.812500
10192.421875,0.796875
10193.234375,0.812500
10194.062500,0.828125
10194.859375,0.796875
10195.671875,0.812500
10196.484375,0.812500
10197.312500,0.828125
10198.109375,0.796875
10198.937500,0.828125
10199.781250,0.843750
10200.609375,0.828125
10201.421875,0.812500
10202.234375,0.812500
10203.078125,0.843750
10203.875000,0.796875
10204.671875,0.796875
10205.468750,0.796875
10206.234375,0.765625
10206.984375,0.750000
10207.750000,0.765625
10208.531250,0.781250
10209.406250,0.875000
10210.250000,0.843750
10211.109375,0.859375
10212.015625,0.906250
10212.921875,0.906250
10213.796875,0.875000
10214.687500,0.890625
10215.562500,0.875000
10216.406250,0.843750
10217.218750,0.812500
10218.046875,0.828125
10218.859375,0.812500
10219.656250,0.796875
10220.468750,0.812500
10221.281250,0.812500
10222.156250,0.875000
10223.000000,0.843750
10223.828125,0.828125
10224.703125,0.875000
10225.546875,0.843750
10226.390625,0.843750
10227.234375,0.843750
10228.093750,0.859375
10228.937500,0.843750
10229.750000,0.812500
10230.578125,0.828125
10231.421875,0.843750
10232.265625,0.843750
10233.078125,0.812500
10233.906250,0.828125
10234.734375,0.828125
10235.562500,0.828125
10236.390625,0.828125
10237.234375,0.843750
10238.062500,0.828125
10238.875000,0.812500
10239.671875,0.796875
10240.500000,0.828125
10241.312500,0.812500
10242.109375,0.796875
10242.906250,0.796875
10243.718750,0.812500
10244.500000,0.781250
10245.296875,0.796875
10246.078125,0.781250
10246.875000,0.796875
10247.656250,0.781250
10248.453125,0.796875
10249.234375,0.781250
10250.046875,0.812500
10250.843750,0.796875
10251.640625,0.796875
10252.468750,0.828125
10253.281250,0.812500
10254.093750,0.812500
10254.921875,0.828125
10255.734375,0.812500
10256.515625,0.781250
10257.328125,0.812500
10258.140625,0.812500
10258.937500,0.796875
10259.734375,0.796875
10260.546875,0.812500
10261.390625,0.843750
10262.203125,0.812500
10263.031250,0.828125
10263.843750,0.812500
10264.671875,0.828125
10265.468750,0.796875
10266.296875,0.828125
10267.093750,0.796875
10267.875000,0.781250
10268.671875,0.796875
10269.453125,0.781250
10270.265625,0.812500
10271.046875,0.781250
10271.859375,0.812500
10272.687500,0.828125
10273.515625,0.828125
10274.312500,0.796875
10275.125000,0.812500
10275.937500,0.812500
10276.750000,0.812500
10277.546875,0.796875
10278.375000,0.828125
10279.187500,0.812500
10280.000000,0.812500
10280.828125,0.828125
10281.703125,0.875000
10282.562500,0.859375
10283.390625,0.828125
10284.218750,0.828125
10285.031250,0.812500
10285.843750,0.812500
10286.625000,0.781250
10287.406250,0.781250
10288.187500,0.781250
10289.015625,0.828125
10289.828125,0.812500
10290.656250,0.828125
10291.500000,0.843750
10292.343750,0.843750
10293.156250,0.812500
10293.984375,0.828125
10294.796875,0.812500
10295.609375,0.812500
10296.421875,0.812500
10297.250000,0.828125
10298.125000,0.875000
10298.953125,0.828125
10299.828125,0.875000
10300.703125,0.875000
10301.562500,0.859375
10302.406250,0.843750
10303.250000,0.843750
10304.078125,0.828125
10304.890625,0.812500
10305.734375,0.843750
10306.593750,0.859375
10307.453125,0.859375
10308.312500,0.859375
10309.171875,0.859375
10310.093750,0.921875
10310.937500,0.843750
10311.796875,0.859375
10312.640625,0.843750
10313.500000,0.859375
10314.328125,0.828125
10315.171875,0.843750
10315.984375,0.812500
10316.765625,0.781250
10317.546875,0.781250
10318.343750,0.796875
10319.156250,0.812500
10319.968750,0.812500
10320.796875,0.828125
10321.625000,0.828125
10322.453125,0.828125
10323.265625,0.812500
10324.109375,0.843750
10324.937500,0.828125
10325.765625,0.828125
10326.562500,0.796875
10327.375000,0.812500
10328.187500,0.812500
10328.984375,0.796875
10329.781250,0.796875
10330.593750,0.812500
10331.453125,0.859375
10332.281250,0.828125
10333.140625,0.859375
10334.015625,0.875000
10334.859375,0.843750
10335.687500,0.828125
10336.515625,0.828125
10337.343750,0.828125
10338.156250,0.812500
10338.968750,0.812500
10339.781250,0.812500
10340.578125,0.796875
10341.375000,0.796875
10342.187500,0.812500
10343.015625,0.828125
10343.859375,0.843750
10344.671875,0.812500
10345.531250,0.859375
10346.406250,0.875000
10347.218750,0.812500
10348.031250,0.812500
10348.843750,0.812500
10349.687500,0.843750
10350.531250,0.843750
10351.343750,0.812500
10352.171875,0.828125
10353.000000,0.828125
10353.781250,0.781250
10354.609375,0.828125
10355.437500,0.828125
10356.281250,0.843750
10357.078125,0.796875
10357.906250,0.828125
10358.750000,0.843750
10359.625000,0.875000
10360.468750,0.843750
10361.343750,0.875000
10362.203125,0.859375
10363.015625,0.812500
10363.796875,0.781250
10364.562500,0.765625
10365.343750,0.781250
10366.093750,0.750000
10366.859375,0.765625
10367.640625,0.781250
10368.453125,0.812500
10369.250000,0.796875
10370.078125,0.828125
10370.921875,0.843750
10371.750000,0.828125
10372.562500,0.812500
10373.406250,0.843750
10374.234375,0.828125
10375.062500,0.828125
10375.859375,0.796875
10376.671875,0.812500
10377.500000,0.828125
10378.296875,0.796875
10379.109375,0.812500
10379.937500,0.828125
10380.750000,0.812500
10381.562500,0.812500
10382.375000,0.812500
10383.187500,0.812500
10383.984375,0.796875
10384.781250,0.796875
10385.578125,0.796875
10386.390625,0.812500
10387.187500,0.796875
10388.000000,0.812500
10388.828125,0.828125
10389.671875,0.843750
10390.484375,0.812500
10391.328125,0.843750
10392.203125,0.875000
10393.046875,0.843750
10393.890625,0.843750
10394.718750,0.828125
10395.562500,0.843750
10396.359375,0.796875
10397.140625,0.781250
10397.968750,0.828125
10398.781250,0.812500
10399.593750,0.812500
10400.406250,0.812500
10401.250000,0.843750
10402.062500,0.812500
10402.859375,0.796875
10403.671875,0.812500
10404.468750,0.796875
10405.265625,0.796875
10406.046875,0.781250
10406.859375,0.812500
10407.671875,0.812500
10408.484375,0.812500
10409.328125,0.843750
10410.171875,0.843750
10411.031250,0.859375
10411.843750,0.812500
10412.687500,0.843750
10413.546875,0.859375
10414.359375,0.812500
10415.171875,0.812500
10415.984375,0.812500
10416.796875,0.812500
10417.578125,0.781250
10418.390625,0.812500
10419.203125,0.812500
10420.000000,0.796875
10420.796875,0.796875
10421.593750,0.796875
10422.406250,0.812500
10423.203125,0.796875
10424.000000,0.796875
10424.828125,0.828125
10425.640625,0.812500
10426.468750,0.828125
10427.281250,0.812500
10428.109375,0.828125
10428.921875,0.812500
10429.734375,0.812500
10430.546875,0.812500
10431.375000,0.828125
10432.234375,0.859375
10433.062500,0.828125
10433.906250,0.843750
10434.812500,0.906250
10435.687500,0.875000
10436.562500,0.875000
10437.437500,0.875000
10438.312500,0.875000
10439.140625,0.828125
10439.984375,0.843750
10440.812500,0.828125
10441.640625,0.828125
10442.437500,0.796875
10443.250000,0.812500
10444.062500,0.812500
10444.843750,0.781250
10445.609375,0.765625
10446.390625,0.781250
10447.187500,0.796875
10447.984375,0.796875
10448.812500,0.828125
10449.656250,0.843750
10450.500000,0.843750
10451.328125,0.828125
10452.156250,0.828125
10453.000000,0.843750
10453.812500,0.812500
10454.625000,0.812500
10455.406250,0.781250
10456.203125,0.796875
10457.015625,0.812500
10457.781250,0.765625
10458.562500,0.781250
10459.390625,0.828125
10460.187500,0.796875
10461.000000,0.812500
10461.796875,0.796875
10462.640625,0.843750
10463.484375,0.843750
10464.312500,0.828125
10465.156250,0.843750
10466.000000,0.843750
10466.812500,0.812500
10467.625000,0.812500
10468.468750,0.843750
10469.296875,0.828125
10470.125000,0.828125
10470.953125,0.828125
10471.781250,0.828125
10472.609375,0.828125
10473.437500,0.828125
10474.265625,0.828125
10475.109375,0.843750
10475.937500,0.828125
10476.765625,0.828125
10477.593750,0.828125
10478.437500,0.843750
10479.250000,0.812500
10480.062500,0.812500
10480.890625,0.828125
10481.718750,0.828125
10482.546875,0.828125
10483.375000,0.828125
10484.203125,0.828125
10485.031250,0.828125
10485.828125,0.796875
10486.656250,0.828125
10487.500000,0.843750
10488.328125,0.828125
10489.156250,0.828125
10490.000000,0.843750
10490.859375,0.859375
10491.703125,0.843750
10492.531250,0.828125
10493.390625,0.859375
10494.265625,0.875000
10495.093750,0.828125
10495.906250,0.812500
10496.718750,0.812500
10497.531250,0.812500
10498.343750,0.812500
10499.171875,0.828125
10499.984375,0.812500
10500.828125,0.843750
10515.531250,0.656250
10516.250000,0.718750
10516.906250,0.656250
10517.562500,0.656250
10518.234375,0.671875
10518.906250,0.671875
10519.593750,0.687500
10520.265625,0.671875
10520.937500,0.671875
10521.609375,0.671875
10522.296875,0.687500
10523.015625,0.718750
10523.765625,0.750000
10524.593750,0.828125
10525.453125,0.859375
10526.250000,0.796875
10527.093750,0.843750
10527.953125,0.859375
10528.781250,0.828125
10529.625000,0.843750
10530.531250,0.906250
10531.437500,0.906250
10532.312500,0.875000
10533.234375,0.921875
10534.109375,0.875000
10534.984375,0.875000
10535.890625,0.906250
10536.781250,0.890625
10537.609375,0.828125
10538.500000,0.890625
10539.359375,0.859375
10540.187500,0.828125
10541.000000,0.812500
10541.781250,0.781250
10542.515625,0.734375
10543.250000,0.734375
10557.468750,0.687500
10558.156250,0.687500
10558.843750,0.687500
10559.546875,0.703125
10560.265625,0.718750
10561.031250,0.765625
10561.875000,0.843750
10562.718750,0.843750
10563.625000,0.906250
10564.515625,0.890625
10565.375000,0.859375
10566.265625,0.890625
10567.218750,0.953125
10574.609375,0.703125
10575.281250,0.671875
10575.953125,0.671875
10576.640625,0.687500
10586.687500,0.656250
10587.406250,0.718750
10588.203125,0.796875
10589.000000,0.796875
10589.828125,0.828125
10590.687500,0.859375
10591.515625,0.828125
10597.671875,0.859375
10598.609375,0.937500
10599.515625,0.906250
10600.421875,0.906250
10601.296875,0.875000
10602.171875,0.875000
10603.015625,0.843750
10603.906250,0.890625
10604.765625,0.859375
10605.625000,0.859375
10606.453125,0.828125
10607.296875,0.843750
10608.156250,0.859375
10608.984375,0.828125
10609.812500,0.828125
10610.687500,0.875000
10611.546875,0.859375
10612.390625,0.843750
10613.234375,0.843750
10614.046875,0.812500
10614.843750,0.796875
10615.625000,0.781250
10616.421875,0.796875
10617.218750,0.796875
10618.015625,0.796875
10618.828125,0.812500
10619.640625,0.812500
10620.437500,0.796875
10621.250000,0.812500
10622.046875,0.796875
10622.859375,0.812500
10623.671875,0.812500
10624.484375,0.812500
10625.312500,0.828125
10626.140625,0.828125
10626.968750,0.828125
10627.781250,0.812500
10628.593750,0.812500
10629.359375,0.765625
10630.093750,0.734375
10637.140625,0.703125
10637.843750,0.703125
10638.546875,0.703125
10639.234375,0.687500
10639.921875,0.687500
10640.640625,0.718750
10641.359375,0.718750
10642.078125,0.718750
10642.828125,0.750000
10643.578125,0.750000
10644.312500,0.734375
10645.015625,0.703125
10645.734375,0.718750
10646.437500,0.703125
10647.140625,0.703125
10647.859375,0.718750
10648.562500,0.703125
10649.265625,0.703125
10649.968750,0.703125
10650.671875,0.703125
10651.359375,0.687500
10652.093750,0.734375
10652.906250,0.812500
10653.796875,0.890625
10654.812500,1.015625
10655.890625,1.078125
10656.828125,0.937500
10657.734375,0.906250
10658.625000,0.890625
10659.515625,0.890625
10660.375000,0.859375
10661.203125,0.828125
10662.000000,0.796875
10662.828125,0.828125
10663.828125,1.000000
10664.859375,1.031250
10665.796875,0.937500
10666.796875,1.000000
10667.765625,0.968750
10668.671875,0.906250
10669.531250,0.859375
10670.375000,0.843750
10671.187500,0.812500
10671.984375,0.796875
10672.734375,0.750000
10673.484375,0.750000
10674.203125,0.718750
10674.953125,0.750000
10675.687500,0.734375
10676.453125,0.765625
10677.250000,0.796875
10678.015625,0.765625
10678.781250,0.765625
10679.546875,0.765625
10680.296875,0.750000
10681.031250,0.734375
10681.796875,0.765625
10682.578125,0.781250
10683.421875,0.843750
10684.265625,0.843750
10685.109375,0.843750
10685.984375,0.875000
10686.890625,0.906250
10687.875000,0.984375
10688.796875,0.921875
10689.781250,0.984375
10690.812500,1.031250
10691.781250,0.968750
10692.703125,0.921875
10693.656250,0.953125
10694.562500,0.906250
10695.437500,0.875000
10696.296875,0.859375
10697.125000,0.828125
10697.968750,0.843750
10698.828125,0.859375
10699.671875,0.843750
10700.515625,0.843750
10701.390625,0.875000
10702.234375,0.843750
10703.078125,0.843750
10703.906250,0.828125
10704.703125,0.796875
10705.484375,0.781250
10706.265625,0.781250
10707.078125,0.812500
10707.921875,0.843750
10708.781250,0.859375
10709.718750,0.937500
10710.687500,0.968750
10711.609375,0.921875
10712.546875,0.937500
10713.437500,0.890625
10714.296875,0.859375
10715.171875,0.875000
10716.156250,0.984375
10717.171875,1.015625
10718.093750,0.921875
10719.093750,1.000000
10720.078125,0.984375
10721.015625,0.937500
10721.890625,0.875000
10722.765625,0.875000
10723.656250,0.890625
10724.531250,0.875000
10725.390625,0.859375
10726.296875,0.906250
10727.265625,0.968750
10728.156250,0.890625
10729.015625,0.859375
10729.906250,0.890625
10730.812500,0.906250
10731.671875,0.859375
10732.515625,0.843750
10733.375000,0.859375
10734.250000,0.875000
10735.093750,0.843750
10735.921875,0.828125
10736.781250,0.859375
10737.640625,0.859375
10738.468750,0.828125
10739.281250,0.812500
10740.140625,0.859375
10741.078125,0.937500
10742.000000,0.921875
10742.937500,0.937500
10743.937500,1.000000
10744.890625,0.953125
10745.796875,0.906250
10746.703125,0.906250
10747.562500,0.859375
10748.390625,0.828125
10749.203125,0.812500
10750.062500,0.859375
10750.953125,0.890625
10751.859375,0.906250
10752.703125,0.843750
10753.546875,0.843750
10754.375000,0.828125
10755.203125,0.828125
10756.031250,0.828125
10756.890625,0.859375
10757.765625,0.875000
10758.640625,0.875000
10759.500000,0.859375
10760.359375,0.859375
10761.250000,0.890625
10762.125000,0.875000
10762.968750,0.843750
10763.859375,0.890625
10764.718750,0.859375
10765.546875,0.828125
10766.359375,0.812500
10767.171875,0.812500
10768.015625,0.843750
10768.843750,0.828125
10769.656250,0.812500
10770.484375,0.828125
10771.343750,0.859375
10772.171875,0.828125
10772.984375,0.812500
10773.796875,0.812500
10774.625000,0.828125
10775.437500,0.812500
10776.281250,0.843750
10777.140625,0.859375
10778.000000,0.859375
10778.843750,0.843750
10779.718750,0.875000
10780.609375,0.890625
10781.437500,0.828125
10790.203125,0.734375
10790.953125,0.750000
10791.796875,0.843750
10792.656250,0.859375
10793.578125,0.921875
10794.468750,0.890625
10795.359375,0.890625
10796.296875,0.937500
10797.203125,0.906250
10798.062500,0.859375
10798.921875,0.859375
10799.765625,0.843750
10800.593750,0.828125
10801.453125,0.859375
10802.375000,0.921875
10803.281250,0.906250
10804.171875,0.890625
10805.062500,0.890625
10805.953125,0.890625
10806.812500,0.859375
10807.671875,0.859375
10808.609375,0.937500
10809.500000,0.890625
10810.359375,0.859375
10811.265625,0.906250
10812.203125,0.937500
10813.109375,0.906250
10814.015625,0.906250
10814.968750,0.953125
10815.859375,0.890625
10816.718750,0.859375
10817.593750,0.875000
10818.468750,0.875000
10819.296875,0.828125
10820.140625,0.843750
10821.015625,0.875000
10821.875000,0.859375
10822.781250,0.906250
10823.703125,0.921875
10824.593750,0.890625
10825.437500,0.843750
10826.312500,0.875000
10827.187500,0.875000
10828.046875,0.859375
10828.875000,0.828125
10829.703125,0.828125
10830.578125,0.875000
10831.406250,0.828125
10832.250000,0.843750
10833.109375,0.859375
10834.015625,0.906250
10834.875000,0.859375
10835.765625,0.890625
10836.687500,0.921875
10837.546875,0.859375
10838.375000,0.828125
10839.203125,0.828125
10840.046875,0.843750
10840.890625,0.843750
10841.734375,0.843750
10842.625000,0.890625
10843.562500,0.937500
10844.437500,0.875000
10845.312500,0.875000
10846.187500,0.875000
10847.078125,0.890625
10847.921875,0.843750
10848.750000,0.828125
10849.562500,0.812500
10850.359375,0.796875
10851.171875,0.812500
10852.062500,0.890625
10852.968750,0.906250
10853.859375,0.890625
10854.734375,0.875000
10855.640625,0.906250
10856.500000,0.859375
10857.359375,0.859375
10858.203125,0.843750
10859.031250,0.828125
10859.781250,0.750000
10860.515625,0.734375
10861.203125,0.687500
10861.968750,0.765625
10862.656250,0.687500
10863.343750,0.687500
10864.046875,0.703125
10864.734375,0.687500
10865.437500,0.703125
10866.140625,0.703125
10866.828125,0.687500
10867.546875,0.718750
10868.281250,0.734375
10869.046875,0.765625
10869.859375,0.812500
10870.734375,0.875000
10871.593750,0.859375
10872.453125,0.859375
10873.281250,0.828125
10874.109375,0.828125
10874.968750,0.859375
10875.812500,0.843750
10876.640625,0.828125
10877.500000,0.859375
10878.406250,0.906250
10879.281250,0.875000
10880.140625,0.859375
10881.062500,0.921875
10881.953125,0.890625
10882.812500,0.859375
10883.703125,0.890625
10884.593750,0.890625
10885.421875,0.828125
10886.296875,0.875000
10887.187500,0.890625
10888.062500,0.875000
10888.906250,0.843750
10889.765625,0.859375
10890.609375,0.843750
10891.421875,0.812500
10892.218750,0.796875
10892.968750,0.750000
10893.703125,0.734375
10894.453125,0.750000
10895.187500,0.734375
10895.921875,0.734375
10896.718750,0.796875
10897.546875,0.828125
10898.390625,0.843750
10899.312500,0.921875
10900.281250,0.968750
10901.265625,0.984375
10902.328125,1.062500
10903.359375,1.031250
10904.296875,0.937500
10905.265625,0.968750
10906.218750,0.953125
10907.140625,0.921875
10908.062500,0.921875
10908.984375,0.921875
10909.937500,0.953125
10910.828125,0.890625
10911.765625,0.937500
10912.703125,0.937500
10913.578125,0.875000
10914.437500,0.859375
10915.312500,0.875000
10916.218750,0.906250
10917.109375,0.890625
10917.984375,0.875000
10918.906250,0.921875
10919.843750,0.937500
10920.718750,0.875000
10921.609375,0.890625
10922.484375,0.875000
10923.375000,0.890625
10924.234375,0.859375
10925.093750,0.859375
10925.968750,0.875000
10926.828125,0.859375
10927.687500,0.859375
10928.562500,0.875000
10929.468750,0.906250
10930.328125,0.859375
10931.187500,0.859375
10932.046875,0.859375
10932.968750,0.921875
10933.828125,0.859375
10934.718750,0.890625
10935.625000,0.906250
10936.531250,0.906250
10937.406250,0.875000
10938.296875,0.890625
10939.218750,0.921875
10940.093750,0.875000
10940.937500,0.843750
10941.796875,0.859375
10942.671875,0.875000
10943.531250,0.859375
10944.375000,0.843750
10945.281250,0.906250
10946.218750,0.937500
10947.125000,0.906250
10948.031250,0.906250
10948.968750,0.937500
10949.875000,0.906250
10950.750000,0.875000
10951.609375,0.859375
10952.484375,0.875000
10953.359375,0.875000
10954.218750,0.859375
10955.109375,0.890625
10956.031250,0.921875
10956.921875,0.890625
10957.812500,0.890625
10958.703125,0.890625
10959.562500,0.859375
10960.390625,0.828125
10961.218750,0.828125
10962.031250,0.812500
10962.828125,0.796875
10963.640625,0.812500
10964.468750,0.828125
10965.312500,0.843750
10966.140625,0.828125
10967.000000,0.859375
10967.875000,0.875000
10968.718750,0.843750
10969.546875,0.828125
10970.390625,0.843750
10971.265625,0.875000
10972.109375,0.843750
10972.953125,0.843750
10973.781250,0.828125
10974.609375,0.828125
10975.437500,0.828125
10976.250000,0.812500
10977.062500,0.812500
10977.890625,0.828125
10978.703125,0.812500
10979.531250,0.828125
10980.375000,0.843750
10981.187500,0.812500
10982.015625,0.828125
10982.843750,0.828125
10983.656250,0.812500
10984.453125,0.796875
10985.265625,0.812500
10986.093750,0.828125
10986.906250,0.812500
10987.703125,0.796875
10988.515625,0.812500
10989.359375,0.843750
10990.187500,0.828125
10991.000000,0.812500
10991.828125,0.828125
10992.640625,0.812500
10993.437500,0.796875
10994.218750,0.781250
10995.031250,0.812500
10995.890625,0.859375
10996.765625,0.875000
10997.656250,0.890625
10998.562500,0.906250
10999.437500,0.875000
11000.312500,0.875000
11001.203125,0.890625
11002.062500,0.859375
11002.937500,0.875000
11003.812500,0.875000
11004.734375,0.921875
11005.609375,0.875000
11006.484375,0.875000
11007.375000,0.890625
11008.250000,0.875000
11009.125000,0.875000
11010.015625,0.890625
11010.890625,0.875000
11011.734375,0.843750
11012.609375,0.875000
11013.500000,0.890625
11014.390625,0.890625
11015.250000,0.859375
11016.109375,0.859375
11016.984375,0.875000
11017.828125,0.843750
11018.671875,0.843750
11019.531250,0.859375
11020.406250,0.875000
11021.234375,0.828125
11022.062500,0.828125
11022.937500,0.875000
11023.765625,0.828125
11024.593750,0.828125
11025.421875,0.828125
11026.265625,0.843750
11027.078125,0.812500
11027.906250,0.828125
11028.765625,0.859375
11029.656250,0.890625
11030.515625,0.859375
11031.375000,0.859375
11032.250000,0.875000
11033.109375,0.859375
11033.953125,0.843750
11034.828125,0.875000
11035.718750,0.890625
11036.578125,0.859375
11037.453125,0.875000
11038.343750,0.890625
11039.234375,0.890625
11040.078125,0.843750
11040.921875,0.843750
11041.812500,0.890625
11042.671875,0.859375
11043.546875,0.875000
11044.421875,0.875000
11045.296875,0.875000
11046.125000,0.828125
11046.953125,0.828125
11047.812500,0.859375
11048.671875,0.859375
11049.531250,0.859375
11050.421875,0.890625
11051.281250,0.859375
11052.140625,0.859375
11053.000000,0.859375
11053.875000,0.875000
11054.734375,0.859375
11055.546875,0.812500
11056.437500,0.890625
11057.312500,0.875000
11058.171875,0.859375
11059.015625,0.843750
11059.875000,0.859375
11060.781250,0.906250
11061.640625,0.859375
11062.546875,0.906250
11063.468750,0.921875
11064.375000,0.906250
11065.265625,0.890625
11066.171875,0.906250
11067.109375,0.937500
11068.031250,0.921875
11068.921875,0.890625
11069.843750,0.921875
11070.781250,0.937500
11071.671875,0.890625
11072.578125,0.906250
11073.500000,0.921875
11074.375000,0.875000
11075.250000,0.875000
11076.125000,0.875000
11076.968750,0.843750
11077.812500,0.843750
11078.656250,0.843750
11079.515625,0.859375
11080.375000,0.859375
11081.203125,0.828125
11082.046875,0.843750
11082.937500,0.890625
11083.796875,0.859375
11084.703125,0.906250
11085.593750,0.890625
11086.468750,0.875000
11087.312500,0.843750
11088.171875,0.859375
11089.078125,0.906250
11089.968750,0.890625
11090.890625,0.921875
11091.828125,0.937500
11092.734375,0.906250
11093.656250,0.921875
11094.578125,0.921875
11095.453125,0.875000
11096.328125,0.875000
11097.234375,0.906250
11098.125000,0.890625
11099.015625,0.890625
11099.906250,0.890625
11100.812500,0.906250
11101.687500,0.875000
11102.609375,0.921875
11103.515625,0.906250
11104.406250,0.890625
11105.265625,0.859375
11106.156250,0.890625
11107.000000,0.843750
11107.859375,0.859375
11108.718750,0.859375
11109.593750,0.875000
11110.437500,0.843750
11111.312500,0.875000
11112.218750,0.906250
11113.078125,0.859375
11113.906250,0.828125
11114.718750,0.812500
11115.515625,0.796875
11116.296875,0.781250
11117.093750,0.796875
11117.906250,0.812500
11118.718750,0.812500
11119.531250,0.812500
11120.359375,0.828125
11121.187500,0.828125
11122.000000,0.812500
11122.812500,0.812500
11123.625000,0.812500
11124.421875,0.796875
11125.218750,0.796875
11126.015625,0.796875
11126.828125,0.812500
11127.609375,0.781250
11128.406250,0.796875
11129.218750,0.812500
11130.031250,0.812500
11130.859375,0.828125
11131.687500,0.828125
11132.531250,0.843750
11133.359375,0.828125
11134.187500,0.828125
11135.031250,0.843750
11135.890625,0.859375
11136.734375,0.843750
11137.609375,0.875000
11138.515625,0.906250
11139.437500,0.921875
11140.359375,0.921875
11141.281250,0.921875
11142.187500,0.906250
11143.062500,0.875000
11143.953125,0.890625
11144.843750,0.890625
11145.734375,0.890625
11146.625000,0.890625
11147.500000,0.875000
11148.375000,0.875000
11149.250000,0.875000
11150.140625,0.890625
11151.000000,0.859375
11151.875000,0.875000
11152.750000,0.875000
11153.640625,0.890625
11154.515625,0.875000
11155.406250,0.890625
11156.296875,0.890625
11157.187500,0.890625
11158.078125,0.890625
11158.968750,0.890625
11159.843750,0.875000
11160.703125,0.859375
11161.593750,0.890625
11162.453125,0.859375
11163.312500,0.859375
11164.156250,0.843750
11165.000000,0.843750
11165.828125,0.828125
11166.656250,0.828125
11167.484375,0.828125
11168.312500,0.828125
11169.140625,0.828125
11169.984375,0.843750
11170.828125,0.843750
11171.656250,0.828125
11172.468750,0.812500
11173.265625,0.796875
11174.078125,0.812500
11174.859375,0.781250
11175.656250,0.796875
11176.453125,0.796875
11177.234375,0.781250
11178.000000,0.765625
11178.765625,0.765625
11179.531250,0.765625
11180.281250,0.750000
11181.062500,0.781250
11181.828125,0.765625
11182.609375,0.781250
11183.390625,0.781250
11184.203125,0.812500
11184.984375,0.781250
11185.781250,0.796875
11186.578125,0.796875
11187.375000,0.796875
11188.156250,0.781250
11188.937500,0.781250
11189.734375,0.796875
11190.515625,0.781250
11191.296875,0.781250
11192.093750,0.796875
11192.906250,0.812500
11193.718750,0.812500
11194.515625,0.796875
11195.359375,0.843750
11196.234375,0.875000
11197.140625,0.906250
11198.000000,0.859375
11198.859375,0.859375
11199.703125,0.843750
11200.562500,0.859375
11201.390625,0.828125
11202.250000,0.859375
11203.140625,0.890625
11204.031250,0.890625
11204.937500,0.906250
11205.859375,0.921875
11206.796875,0.937500
11207.734375,0.937500
11208.640625,0.906250
11209.562500,0.921875
11210.468750,0.906250
11211.359375,0.890625
11212.234375,0.875000
11213.109375,0.875000
11213.968750,0.859375
11214.859375,0.890625
11215.750000,0.890625
11216.640625,0.890625
11217.546875,0.906250
11218.453125,0.906250
11219.390625,0.937500
11220.312500,0.921875
11221.265625,0.953125
11222.218750,0.953125
11223.140625,0.921875
11224.046875,0.906250
11224.953125,0.906250
11225.843750,0.890625
11226.718750,0.875000
11227.593750,0.875000
11228.453125,0.859375
11229.312500,0.859375
11230.171875,0.859375
11231.078125,0.906250
11231.968750,0.890625
11232.875000,0.906250
11233.750000,0.875000
11234.609375,0.859375
11235.421875,0.812500
11236.218750,0.796875
11236.984375,0.765625
11237.750000,0.765625
11238.562500,0.812500
11239.375000,0.812500
11240.187500,0.812500
11240.984375,0.796875
11241.812500,0.828125
11242.656250,0.843750
11243.515625,0.859375
11244.359375,0.843750
11245.218750,0.859375
11246.078125,0.859375
11246.921875,0.843750
11247.750000,0.828125
11248.562500,0.812500
11249.390625,0.828125
11250.203125,0.812500
11251.031250,0.828125
11251.921875,0.890625
11252.812500,0.890625
11253.703125,0.890625
11254.609375,0.906250
11255.578125,0.968750
11256.531250,0.953125
11257.500000,0.968750
11258.421875,0.921875
11259.359375,0.937500
11260.250000,0.890625
11261.156250,0.906250
11262.046875,0.890625
11262.921875,0.875000
11263.796875,0.875000
11264.687500,0.890625
11265.562500,0.875000
11266.437500,0.875000
11267.296875,0.859375
11268.171875,0.875000
11269.031250,0.859375
11269.875000,0.843750
11270.750000,0.875000
11271.609375,0.859375
11272.453125,0.843750
11273.265625,0.812500
11274.078125,0.812500
11274.890625,0.812500
11275.718750,0.828125
11276.531250,0.812500
11277.359375,0.828125
11278.187500,0.828125
11279.046875,0.859375
11279.890625,0.843750
11280.750000,0.859375
11281.578125,0.828125
11282.390625,0.812500
11283.218750,0.828125
11284.015625,0.796875
11284.812500,0.796875
11285.578125,0.765625
11286.343750,0.765625
11287.125000,0.781250
11287.906250,0.781250
11288.687500,0.781250
11289.468750,0.781250
11290.296875,0.828125
11291.187500,0.890625
11292.062500,0.875000
11292.984375,0.921875
11293.906250,0.921875
11294.828125,0.921875
11295.718750,0.890625
11296.625000,0.906250
11297.500000,0.875000
11298.359375,0.859375
11299.234375,0.875000
11300.125000,0.890625
11301.046875,0.921875
11301.968750,0.921875
11302.890625,0.921875
11303.765625,0.875000
11304.640625,0.875000
11305.500000,0.859375
11306.343750,0.843750
11307.218750,0.875000
11308.062500,0.843750
11308.921875,0.859375
11309.781250,0.859375
11310.656250,0.875000
11311.531250,0.875000
11312.390625,0.859375
11313.265625,0.875000
11314.109375,0.843750
11314.984375,0.875000
11315.843750,0.859375
11316.703125,0.859375
11317.562500,0.859375
11318.390625,0.828125
11319.203125,0.812500
11320.015625,0.812500
11320.781250,0.765625
11321.562500,0.781250
11322.343750,0.781250
11323.234375,0.890625
11324.093750,0.859375
11324.953125,0.859375
11325.812500,0.859375
11326.656250,0.843750
11327.500000,0.843750
11328.312500,0.812500
11329.125000,0.812500
11329.906250,0.781250
11330.687500,0.781250
11331.468750,0.781250
11332.250000,0.781250
11333.000000,0.750000
11333.765625,0.765625
11334.531250,0.765625
11335.296875,0.765625
11336.031250,0.734375
11336.796875,0.765625
11337.640625,0.843750
11338.562500,0.921875
11339.453125,0.890625
11340.359375,0.906250
11341.312500,0.953125
11342.250000,0.937500
11343.203125,0.953125
11344.187500,0.984375
11345.156250,0.968750
11346.093750,0.937500
11347.015625,0.921875
11347.953125,0.937500
11348.875000,0.921875
11349.828125,0.953125
11350.734375,0.906250
11351.640625,0.906250
11352.531250,0.890625
11353.421875,0.890625
11354.296875,0.875000
11355.187500,0.890625
11356.062500,0.875000
11356.937500,0.875000
11357.796875,0.859375
11358.671875,0.875000
11359.515625,0.843750
11360.390625,0.875000
11361.281250,0.890625
11362.156250,0.875000
11363.046875,0.890625
11363.953125,0.906250
11364.875000,0.921875
11365.765625,0.890625
11366.671875,0.906250
11367.562500,0.890625
11368.437500,0.875000
11369.328125,0.890625
11370.203125,0.875000
11371.078125,0.875000
11371.921875,0.843750
11372.781250,0.859375
11373.609375,0.828125
11374.421875,0.812500
11375.218750,0.796875
11376.031250,0.812500
11376.859375,0.828125
11377.734375,0.875000
11378.609375,0.875000
11379.453125,0.843750
11380.296875,0.843750
11381.140625,0.843750
11381.953125,0.812500
11382.750000,0.796875
11383.515625,0.765625
11384.281250,0.765625
11385.031250,0.750000
11385.796875,0.765625
11386.578125,0.781250
11387.375000,0.796875
11388.171875,0.796875
11388.984375,0.812500
11389.812500,0.828125
11390.656250,0.843750
11391.500000,0.843750
11392.390625,0.890625
11393.312500,0.921875
11394.234375,0.921875
11395.156250,0.921875
11396.125000,0.968750
11397.046875,0.921875
11397.921875,0.875000
11398.796875,0.875000
11399.656250,0.859375
11400.531250,0.875000
11401.406250,0.875000
11402.281250,0.875000
11403.156250,0.875000
11404.031250,0.875000
11404.968750,0.937500
11405.921875,0.953125
11406.906250,0.984375
11407.843750,0.937500
11408.781250,0.937500
11409.734375,0.953125
11410.640625,0.906250
11411.546875,0.906250
11412.437500,0.890625
11413.312500,0.875000
11414.203125,0.890625
11415.125000,0.921875
11416.046875,0.921875
11416.984375,0.937500
11417.921875,0.937500
11418.812500,0.890625
11419.703125,0.890625
11420.593750,0.890625
11421.453125,0.859375
11422.296875,0.843750
11423.125000,0.828125
11423.953125,0.828125
11424.781250,0.828125
11425.609375,0.828125
11426.484375,0.875000
11427.375000,0.890625
11428.203125,0.828125
11429.046875,0.843750
11429.890625,0.843750
11430.734375,0.843750
11431.546875,0.812500
11432.375000,0.828125
11433.187500,0.812500
11434.015625,0.828125
11434.843750,0.828125
11435.671875,0.828125
11436.500000,0.828125
11437.328125,0.828125
11438.156250,0.828125
11438.984375,0.828125
11439.796875,0.812500
11440.593750,0.796875
11441.406250,0.812500
11442.218750,0.812500
11443.078125,0.859375
11443.906250,0.828125
11444.796875,0.890625
11445.734375,0.937500
11446.718750,0.984375
11447.703125,0.984375
11448.687500,0.984375
11449.625000,0.937500
11450.625000,1.000000
11451.609375,0.984375
11452.546875,0.937500
11453.484375,0.937500
11454.390625,0.906250
11455.296875,0.906250
11456.250000,0.953125
11457.171875,0.921875
11458.093750,0.921875
11459.031250,0.937500
11459.984375,0.953125
11460.921875,0.937500
11461.843750,0.921875
11462.765625,0.921875
11463.703125,0.937500
11464.640625,0.937500
11465.578125,0.937500
11466.546875,0.968750
11467.484375,0.937500
11468.421875,0.937500
11469.343750,0.921875
11470.265625,0.921875
11471.171875,0.906250
11472.078125,0.906250
11473.000000,0.921875
11473.953125,0.953125
11474.875000,0.921875
11475.796875,0.921875
11476.765625,0.968750
11477.687500,0.921875
11478.625000,0.937500
11479.515625,0.890625
11480.437500,0.921875
11481.359375,0.921875
11482.250000,0.890625
11483.156250,0.906250
11484.062500,0.906250
11484.953125,0.890625
11485.843750,0.890625
11486.718750,0.875000
11487.562500,0.843750
11488.390625,0.828125
11489.203125,0.812500
11489.984375,0.781250
11498.953125,0.765625
11499.765625,0.812500
11500.562500,0.796875
11501.343750,0.781250
11502.140625,0.796875
11502.906250,0.765625
11503.687500,0.781250
11504.453125,0.765625
11505.234375,0.781250
11506.062500,0.828125
11506.906250,0.843750
11507.765625,0.859375
11508.640625,0.875000
11509.562500,0.921875
11510.484375,0.921875
11511.375000,0.890625
11512.312500,0.937500
11513.250000,0.937500
11514.156250,0.906250
11515.031250,0.875000
11515.890625,0.859375
11516.781250,0.890625
11517.656250,0.875000
11518.515625,0.859375
11519.390625,0.875000
11520.281250,0.890625
11521.187500,0.906250
11522.062500,0.875000
11522.968750,0.906250
11523.890625,0.921875
11524.859375,0.968750
11525.765625,0.906250
11526.656250,0.890625
11527.546875,0.890625
11528.390625,0.843750
11529.234375,0.843750
11530.078125,0.843750
11530.921875,0.843750
11531.765625,0.843750
11532.625000,0.859375
11533.468750,0.843750
11534.296875,0.828125
11535.109375,0.812500
11535.937500,0.828125
11536.781250,0.843750
11537.640625,0.859375
11538.484375,0.843750
11539.359375,0.875000
11540.296875,0.937500
11541.203125,0.906250
11542.062500,0.859375
11542.921875,0.859375
11543.781250,0.859375
11544.625000,0.843750
11545.453125,0.828125
11546.281250,0.828125
11547.125000,0.843750
11547.984375,0.859375
11548.843750,0.859375
11549.750000,0.906250
11550.640625,0.890625
11551.515625,0.875000
11552.375000,0.859375
11553.234375,0.859375
11554.093750,0.859375
11554.937500,0.843750
11555.781250,0.843750
11556.593750,0.812500
11557.406250,0.812500
11558.234375,0.828125
11559.046875,0.812500
11559.890625,0.843750
11560.765625,0.875000
11561.671875,0.906250
11562.578125,0.906250
11563.515625,0.937500
11564.421875,0.906250
11565.343750,0.921875
11566.250000,0.906250
11567.187500,0.937500
11568.156250,0.968750
11569.093750,0.937500
11570.062500,0.968750
11571.078125,1.015625
11572.046875,0.968750
11572.937500,0.890625
11573.921875,0.984375
11574.828125,0.906250
11575.718750,0.890625
11576.609375,0.890625
11577.484375,0.875000
11578.375000,0.890625
11579.265625,0.890625
11580.171875,0.906250
11581.031250,0.859375
11581.937500,0.906250
11582.812500,0.875000
11583.687500,0.875000
11584.578125,0.890625
11585.453125,0.875000
11586.328125,0.875000
11587.187500,0.859375
11588.046875,0.859375
11588.875000,0.828125
11589.703125,0.828125
11590.515625,0.812500
11591.312500,0.796875
11592.109375,0.796875
11592.875000,0.765625
11593.640625,0.765625
11594.421875,0.781250
11595.203125,0.781250
11596.031250,0.828125
11596.906250,0.875000
11597.750000,0.843750
11598.609375,0.859375
11599.453125,0.843750
11600.312500,0.859375
11601.171875,0.859375
11602.015625,0.843750
11602.843750,0.828125
11603.671875,0.828125
11604.500000,0.828125
11605.312500,0.812500
11606.125000,0.812500
11606.921875,0.796875
11607.734375,0.812500
11608.546875,0.812500
11609.421875,0.875000
11610.296875,0.875000
11611.156250,0.859375
11612.031250,0.875000
11612.906250,0.875000
11613.796875,0.890625
11614.656250,0.859375
11615.500000,0.843750
11616.359375,0.859375
11617.234375,0.875000
11618.109375,0.875000
11618.968750,0.859375
11619.796875,0.828125
11620.640625,0.843750
11621.531250,0.890625
11622.390625,0.859375
11623.250000,0.859375
11624.140625,0.890625
11625.046875,0.906250
11625.953125,0.906250
11626.859375,0.906250
11627.781250,0.921875
11628.687500,0.906250
11629.593750,0.906250
11630.484375,0.890625
11631.406250,0.921875
11632.328125,0.921875
11633.234375,0.906250
11634.125000,0.890625
11635.015625,0.890625
11635.921875,0.906250
11636.828125,0.906250
11637.734375,0.906250
11638.656250,0.921875
11639.578125,0.921875
11640.484375,0.906250
11641.390625,0.906250
11642.328125,0.937500
11643.250000,0.921875
11644.140625,0.890625
11645.046875,0.906250
11645.937500,0.890625
11646.812500,0.875000
11647.687500,0.875000
11648.578125,0.890625
11649.468750,0.890625
11650.359375,0.890625
11651.250000,0.890625
11652.140625,0.890625
11653.015625,0.875000
11653.890625,0.875000
11654.765625,0.875000
11655.609375,0.843750
11656.453125,0.843750
11657.296875,0.843750
11658.125000,0.828125
11658.953125,0.828125
11659.765625,0.812500
11660.562500,0.796875
11661.359375,0.796875
11662.156250,0.796875
11662.968750,0.812500
11663.765625,0.796875
11664.562500,0.796875
11665.343750,0.781250
11666.109375,0.765625
11666.859375,0.750000
11667.625000,0.765625
11668.375000,0.750000
11669.125000,0.750000
11669.890625,0.765625
11670.656250,0.765625
11671.453125,0.796875
11672.234375,0.781250
11673.031250,0.796875
11673.828125,0.796875
11674.625000,0.796875
11675.406250,0.781250
11676.187500,0.781250
11676.968750,0.781250
11677.750000,0.781250
11678.531250,0.781250
11679.296875,0.765625
11680.093750,0.796875
11680.906250,0.812500
11681.703125,0.796875
11682.515625,0.812500
11683.343750,0.828125
11684.203125,0.859375
11685.031250,0.828125
11685.843750,0.812500
11686.671875,0.828125
11687.562500,0.890625
11688.453125,0.890625
11689.296875,0.843750
11690.218750,0.921875
11691.109375,0.890625
11692.031250,0.921875
11692.953125,0.921875
11693.890625,0.937500
11694.812500,0.921875
11695.718750,0.906250
11696.671875,0.953125
11697.593750,0.921875
11698.500000,0.906250
11699.406250,0.906250
11700.312500,0.906250
11701.218750,0.906250
11702.140625,0.921875
11703.062500,0.921875
11703.968750,0.906250
11704.859375,0.890625
11705.734375,0.875000
11706.609375,0.875000
11707.453125,0.843750
11708.312500,0.859375
11709.156250,0.843750
11709.984375,0.828125
11710.812500,0.828125
11711.640625,0.828125
11712.468750,0.828125
11713.281250,0.812500
11714.093750,0.812500
11714.906250,0.812500
11715.703125,0.796875
11716.500000,0.796875
11717.265625,0.765625
11718.015625,0.750000
11718.765625,0.750000
11719.515625,0.750000
11720.265625,0.750000
11721.015625,0.750000
11721.812500,0.796875
11722.656250,0.843750
11723.484375,0.828125
11724.328125,0.843750
11725.187500,0.859375
11726.031250,0.843750
11726.843750,0.812500
11727.656250,0.812500
11728.484375,0.828125
11729.312500,0.828125
11730.109375,0.796875
11730.921875,0.812500
11731.734375,0.812500
11732.562500,0.828125
11733.359375,0.796875
11734.171875,0.812500
11734.953125,0.781250
11735.765625,0.812500
11736.578125,0.812500
11737.453125,0.875000
11738.328125,0.875000
11739.250000,0.921875
11740.187500,0.937500
11741.062500,0.875000
11741.953125,0.890625
11742.828125,0.875000
11743.671875,0.843750
11744.515625,0.843750
11745.359375,0.843750
11746.218750,0.859375
11747.062500,0.843750
11747.906250,0.843750
11748.750000,0.843750
11749.578125,0.828125
11750.406250,0.828125
11751.218750,0.812500
11752.015625,0.796875
11752.890625,0.875000
11753.781250,0.890625
11754.703125,0.921875
11755.656250,0.953125
11756.656250,1.000000
11757.640625,0.984375
11758.625000,0.984375
11759.578125,0.953125
11760.500000,0.921875
11761.406250,0.906250
11762.328125,0.921875
11763.234375,0.906250
11764.156250,0.921875
11765.093750,0.937500
11766.031250,0.937500
11766.984375,0.953125
11767.921875,0.937500
11768.843750,0.921875
11769.750000,0.906250
11770.656250,0.906250
11771.578125,0.921875
11772.468750,0.890625
11773.390625,0.921875
11774.312500,0.921875
11775.203125,0.890625
11776.109375,0.906250
11777.015625,0.906250
11777.921875,0.906250
11778.843750,0.921875
11779.765625,0.921875
11780.656250,0.890625
11781.546875,0.890625
11782.421875,0.875000
11783.281250,0.859375
11784.125000,0.843750
11784.953125,0.828125
11785.781250,0.828125
11786.609375,0.828125
11787.453125,0.843750
11788.281250,0.828125
11789.109375,0.828125
11789.921875,0.812500
11790.734375,0.812500
11791.515625,0.781250
11792.312500,0.796875
11793.109375,0.796875
11793.890625,0.781250
11794.687500,0.796875
11795.484375,0.796875
11796.312500,0.828125
11797.140625,0.828125
11797.968750,0.828125
11798.812500,0.843750
11799.609375,0.796875
11800.421875,0.812500
11801.250000,0.828125
11802.062500,0.812500
11802.859375,0.796875
11803.671875,0.812500
11804.500000,0.828125
11805.328125,0.828125
11806.156250,0.828125
11807.015625,0.859375
11807.890625,0.875000
11808.734375,0.843750
11809.578125,0.843750
11810.437500,0.859375
11811.296875,0.859375
11812.140625,0.843750
11813.000000,0.859375
11813.875000,0.875000
11814.812500,0.937500
11815.750000,0.937500
11816.687500,0.937500
11817.625000,0.937500
11818.546875,0.921875
11819.453125,0.906250
11820.375000,0.921875
11821.312500,0.937500
11822.218750,0.906250
11823.125000,0.906250
11824.031250,0.906250
11824.937500,0.906250
11825.828125,0.890625
11826.718750,0.890625
11827.609375,0.890625
11828.453125,0.843750
11829.328125,0.875000
11830.171875,0.843750
11831.015625,0.843750
11831.828125,0.812500
11832.640625,0.812500
11833.468750,0.828125
11834.312500,0.843750
11835.156250,0.843750
11836.000000,0.843750
11836.875000,0.875000
11837.750000,0.875000
11838.593750,0.843750
11839.453125,0.859375
11840.328125,0.875000
11841.156250,0.828125
11841.984375,0.828125
11842.828125,0.843750
11843.671875,0.843750
11844.500000,0.828125
11845.343750,0.843750
11846.218750,0.875000
11847.109375,0.890625
11848.015625,0.906250
11848.984375,0.968750
11849.953125,0.968750
11850.890625,0.937500
11851.812500,0.921875
11852.718750,0.906250
11853.609375,0.890625
11854.500000,0.890625
11855.390625,0.890625
11856.250000,0.859375
11857.125000,0.875000
11858.000000,0.875000
11858.875000,0.875000
11859.750000,0.875000
11860.625000,0.875000
11861.484375,0.859375
11862.359375,0.875000
11863.265625,0.906250
11864.156250,0.890625
11865.078125,0.921875
11865.984375,0.906250
11866.906250,0.921875
11867.843750,0.937500
11868.734375,0.890625
11869.609375,0.875000
11870.468750,0.859375
11871.328125,0.859375
11872.171875,0.843750
11873.000000,0.828125
11873.843750,0.843750
11874.687500,0.843750
11875.500000,0.812500
11876.328125,0.828125
11877.125000,0.796875
11877.937500,0.812500
11878.765625,0.828125
11879.593750,0.828125
11880.406250,0.812500
11881.218750,0.812500
11882.046875,0.828125
11882.828125,0.781250
11883.640625,0.812500
11884.421875,0.781250
11885.218750,0.796875
11886.000000,0.781250
11886.781250,0.781250
11887.562500,0.781250
11888.328125,0.765625
11889.125000,0.796875
11889.921875,0.796875
11890.812500,0.890625
11891.656250,0.843750
11892.531250,0.875000
11893.421875,0.890625
11894.312500,0.890625
11895.140625,0.828125
11895.953125,0.812500
11896.781250,0.828125
11897.609375,0.828125
11898.421875,0.812500
11899.281250,0.859375
11900.156250,0.875000
11901.046875,0.890625
11901.953125,0.906250
11902.906250,0.953125
11903.921875,1.015625
11904.906250,0.984375
11905.890625,0.984375
11906.859375,0.968750
11907.812500,0.953125
11908.734375,0.921875
11909.671875,0.937500
11910.625000,0.953125
11911.562500,0.937500
11912.500000,0.937500
11913.468750,0.968750
11914.406250,0.937500
11915.328125,0.921875
11916.265625,0.937500
11917.171875,0.906250
11918.078125,0.906250
11919.000000,0.921875
11919.875000,0.875000
11920.781250,0.906250
11921.718750,0.937500
11922.640625,0.921875
11923.578125,0.937500
11924.531250,0.953125
11925.453125,0.921875
11926.343750,0.890625
11927.265625,0.921875
11928.171875,0.906250
11929.062500,0.890625
11929.953125,0.890625
11930.843750,0.890625
11931.718750,0.875000
11932.609375,0.890625
11933.500000,0.890625
11934.343750,0.843750
11935.203125,0.859375
11936.078125,0.875000
11936.921875,0.843750
11937.765625,0.843750
11938.609375,0.843750
11939.453125,0.843750
11940.265625,0.812500
11941.125000,0.859375
11942.000000,0.875000
11942.843750,0.843750
11943.687500,0.843750
11944.531250,0.843750
11945.359375,0.828125
11946.171875,0.812500
11946.968750,0.796875
11947.796875,0.828125
11948.625000,0.828125
11949.437500,0.812500
11950.250000,0.812500
11951.109375,0.859375
11951.953125,0.843750
11952.796875,0.843750
11953.640625,0.843750
11954.500000,0.859375
11955.390625,0.890625
11956.265625,0.875000
11957.093750,0.828125
11957.968750,0.875000
11958.875000,0.906250
11959.765625,0.890625
11960.625000,0.859375
11961.484375,0.859375
11962.328125,0.843750
11963.203125,0.875000
11964.093750,0.890625
11964.953125,0.859375
11965.843750,0.890625
11966.765625,0.921875
11967.718750,0.953125
11968.656250,0.937500
11969.593750,0.937500
11970.531250,0.937500
11971.453125,0.921875
11972.390625,0.937500
11973.328125,0.937500
11974.265625,0.937500
11975.203125,0.937500
11976.187500,0.984375
11977.140625,0.953125
11978.093750,0.953125
11979.046875,0.953125
11979.984375,0.937500
11980.875000,0.890625
11981.750000,0.875000
11982.562500,0.812500
11983.359375,0.796875
11984.140625,0.781250
11985.000000,0.859375
11985.984375,0.984375
11986.984375,1.000000
11987.921875,0.937500
11988.828125,0.906250
11989.703125,0.875000
11990.593750,0.890625
11991.500000,0.906250
11992.375000,0.875000
11993.234375,0.859375
11994.109375,0.875000
11994.984375,0.875000
11995.828125,0.843750
11996.671875,0.843750
11997.515625,0.843750
11998.359375,0.843750
11999.187500,0.828125
12000.015625,0.828125
12000.859375,0.843750
12001.734375,0.875000
12002.578125,0.843750
12003.421875,0.843750
12004.296875,0.875000
12005.187500,0.890625
12006.062500,0.875000
12006.921875,0.859375
12007.765625,0.843750
12008.625000,0.859375
12009.453125,0.828125
12010.281250,0.828125
12011.109375,0.828125
12011.953125,0.843750
12012.781250,0.828125
12013.625000,0.843750
12014.484375,0.859375
12015.359375,0.875000
12016.218750,0.859375
12017.093750,0.875000
12017.984375,0.890625
12018.859375,0.875000
12019.765625,0.906250
12020.671875,0.906250
12021.609375,0.937500
12022.546875,0.937500
12023.484375,0.937500
12024.437500,0.953125
12025.390625,0.953125
12026.312500,0.921875
12027.203125,0.890625
12028.125000,0.921875
12029.031250,0.906250
12029.906250,0.875000
12030.828125,0.921875
12031.718750,0.890625
12032.593750,0.875000
12033.484375,0.890625
12034.390625,0.906250
12035.281250,0.890625
12036.171875,0.890625
12037.078125,0.906250
12037.984375,0.906250
12038.875000,0.890625
12039.781250,0.906250
12040.687500,0.906250
12041.546875,0.859375
12042.453125,0.906250
12043.328125,0.875000
12044.203125,0.875000
12045.093750,0.890625
12046.000000,0.906250
12046.890625,0.890625
12047.796875,0.906250
12048.718750,0.921875
12049.640625,0.921875
12050.562500,0.921875
12051.484375,0.921875
12052.375000,0.890625
12053.296875,0.921875
12054.203125,0.906250
12055.093750,0.890625
12055.984375,0.890625
12056.890625,0.906250
12057.765625,0.875000
12058.656250,0.890625
12059.562500,0.906250
12060.453125,0.890625
12061.359375,0.906250
12062.281250,0.921875
12063.187500,0.906250
12064.062500,0.875000
12064.953125,0.890625
12065.843750,0.890625
12066.703125,0.859375
12067.578125,0.875000
12068.484375,0.906250
12069.343750,0.859375
12070.234375,0.890625
12071.140625,0.906250
12072.031250,0.890625
12072.953125,0.921875
12073.890625,0.937500
12074.796875,0.906250
12075.734375,0.937500
12076.656250,0.921875
12077.515625,0.859375
12078.375000,0.859375
12079.234375,0.859375
12080.078125,0.843750
12080.906250,0.828125
12081.718750,0.812500
12082.578125,0.859375
12083.406250,0.828125
12084.265625,0.859375
12085.171875,0.906250
12086.046875,0.875000
12086.953125,0.906250
12087.875000,0.921875
12088.765625,0.890625
12089.625000,0.859375
12090.468750,0.843750
12091.328125,0.859375
12092.140625,0.812500
12092.968750,0.828125
12093.781250,0.812500
12094.609375,0.828125
12095.437500,0.828125
12096.234375,0.796875
12097.046875,0.812500
12097.859375,0.812500
12098.687500,0.828125
12099.500000,0.812500
12100.343750,0.843750
12101.218750,0.875000
12102.062500,0.843750
12102.906250,0.843750
12103.765625,0.859375
12104.625000,0.859375
12105.468750,0.843750
12106.281250,0.812500
12107.109375,0.828125
12107.921875,0.812500
12108.765625,0.843750
12109.593750,0.828125
12110.437500,0.843750
12111.281250,0.843750
12112.109375,0.828125
12112.937500,0.828125
12113.734375,0.796875
12114.546875,0.812500
12115.375000,0.828125
12116.203125,0.828125
12117.015625,0.812500
12117.875000,0.859375
12118.796875,0.921875
12119.765625,0.968750
12120.703125,0.937500
12121.656250,0.953125
12122.625000,0.968750
12123.593750,0.968750
12124.562500,0.968750
12125.546875,0.984375
12126.531250,0.984375
12127.500000,0.968750
12128.468750,0.968750
12129.406250,0.937500
12130.359375,0.953125
12131.296875,0.937500
12132.218750,0.921875
12133.125000,0.906250
12134.062500,0.937500
12134.984375,0.921875
12135.906250,0.921875
12136.843750,0.937500
12137.734375,0.890625
12138.625000,0.890625
12139.500000,0.875000
12140.359375,0.859375
12141.203125,0.843750
12142.046875,0.843750
12142.906250,0.859375
12143.750000,0.843750
12144.609375,0.859375
12145.468750,0.859375
12146.328125,0.859375
12147.156250,0.828125
12148.000000,0.843750
12148.828125,0.828125
12149.640625,0.812500
12150.453125,0.812500
12151.265625,0.812500
12152.093750,0.828125
12152.906250,0.812500
12153.734375,0.828125
12154.578125,0.843750
12155.406250,0.828125
12156.234375,0.828125
12157.078125,0.843750
12157.937500,0.859375
12158.781250,0.843750
12159.625000,0.843750
12160.468750,0.843750
12161.328125,0.859375
12162.203125,0.875000
12163.078125,0.875000
12163.984375,0.906250
12164.906250,0.921875
12165.796875,0.890625
12166.687500,0.890625
12167.562500,0.875000
12168.468750,0.906250
12169.359375,0.890625
12170.234375,0.875000
12171.125000,0.890625
12172.031250,0.906250
12172.906250,0.875000
12173.765625,0.859375
12174.640625,0.875000
12175.531250,0.890625
12176.421875,0.890625
12177.296875,0.875000
12178.187500,0.890625
12179.078125,0.890625
12179.937500,0.859375
12180.765625,0.828125
12181.625000,0.859375
12182.468750,0.843750
12183.343750,0.875000
12184.234375,0.890625
12185.156250,0.921875
12186.078125,0.921875
12187.000000,0.921875
12187.921875,0.921875
12188.875000,0.953125
12189.796875,0.921875
12190.687500,0.890625
12191.578125,0.890625
12192.468750,0.890625
12193.343750,0.875000
12194.234375,0.890625
12195.156250,0.921875
12196.062500,0.906250
12196.968750,0.906250
12197.906250,0.937500
12198.812500,0.906250
12199.703125,0.890625
12200.609375,0.906250
12201.500000,0.890625
12202.375000,0.875000
12203.281250,0.906250
12204.187500,0.906250
12205.062500,0.875000
12205.984375,0.921875
12206.937500,0.953125
12207.828125,0.890625
12208.750000,0.921875
12209.656250,0.906250
12210.531250,0.875000
12211.406250,0.875000
12212.281250,0.875000
12213.125000,0.843750
12213.984375,0.859375
12214.828125,0.843750
12215.687500,0.859375
12216.578125,0.890625
12217.468750,0.890625
12218.343750,0.875000
12219.265625,0.921875
12220.187500,0.921875
12221.093750,0.906250
12221.984375,0.890625
12222.859375,0.875000
12223.734375,0.875000
12224.609375,0.875000
12225.468750,0.859375
12226.343750,0.875000
12227.203125,0.859375
12228.062500,0.859375
12228.937500,0.875000
12229.796875,0.859375
12236.468750,0.656250
12237.156250,0.687500
12237.859375,0.703125
12238.609375,0.750000
12239.453125,0.843750
12240.281250,0.828125
12241.156250,0.875000
12242.046875,0.890625
12242.906250,0.859375
12243.750000,0.843750
12244.578125,0.828125
12245.421875,0.843750
12246.250000,0.828125
12247.078125,0.828125
12247.875000,0.796875
12248.703125,0.828125
12249.546875,0.843750
12250.406250,0.859375
12251.250000,0.843750
12252.093750,0.843750
12252.968750,0.875000
12253.875000,0.906250
12254.796875,0.921875
12255.671875,0.875000
12256.562500,0.890625
12257.484375,0.921875
12258.390625,0.906250
12259.281250,0.890625
12260.187500,0.906250
12261.093750,0.906250
12261.968750,0.875000
12262.843750,0.875000
12263.734375,0.890625
12264.640625,0.906250
12265.531250,0.890625
12266.437500,0.906250
12267.359375,0.921875
12268.281250,0.921875
12269.218750,0.937500
12270.187500,0.968750
12271.171875,0.984375
12272.125000,0.953125
12273.078125,0.953125
12274.015625,0.937500
12274.953125,0.937500
12275.906250,0.953125
12276.843750,0.937500
12277.765625,0.921875
12278.703125,0.937500
12279.609375,0.906250
12280.500000,0.890625
12292.562500,0.796875
12293.359375,0.796875
12294.203125,0.843750
12295.015625,0.812500
12295.875000,0.859375
12296.734375,0.859375
12297.578125,0.843750
12298.421875,0.843750
12299.312500,0.890625
12300.234375,0.921875
12301.156250,0.921875
12302.062500,0.906250
12302.984375,0.921875
12303.937500,0.953125
12304.875000,0.937500
12305.796875,0.921875
12306.718750,0.921875
12307.687500,0.968750
12308.625000,0.937500
12309.578125,0.953125
12310.593750,1.015625
12311.625000,1.031250
12312.546875,0.921875
12313.500000,0.953125
12314.468750,0.968750
12315.406250,0.937500
12316.328125,0.921875
12317.281250,0.953125
12318.281250,1.000000
12319.312500,1.031250
12320.437500,1.125000
12321.546875,1.109375
12322.578125,1.031250
12323.640625,1.062500
12324.640625,1.000000
12325.671875,1.031250
12326.703125,1.031250
12327.718750,1.015625
12328.687500,0.968750
12329.656250,0.968750
12330.625000,0.968750
12331.593750,0.968750
12332.578125,0.984375
12333.625000,1.046875
12334.625000,1.000000
12335.625000,1.000000
12336.609375,0.984375
12337.578125,0.968750
12338.546875,0.968750
12339.546875,1.000000
12340.500000,0.953125
12341.453125,0.953125
12342.406250,0.953125
12343.312500,0.906250
12344.187500,0.875000
12345.015625,0.828125
12355.796875,0.906250
12356.687500,0.890625
12357.546875,0.859375
12358.406250,0.859375
12359.250000,0.843750
12360.093750,0.843750
12360.937500,0.843750
12361.781250,0.843750
12362.640625,0.859375
12363.531250,0.890625
12364.421875,0.890625
12365.281250,0.859375
12366.171875,0.890625
12367.062500,0.890625
12367.921875,0.859375
12368.765625,0.843750
12369.609375,0.843750
12370.484375,0.875000
12371.328125,0.843750
12372.187500,0.859375
12373.046875,0.859375
12373.921875,0.875000
12374.781250,0.859375
12375.656250,0.875000
12376.562500,0.906250
12377.468750,0.906250
12378.343750,0.875000
12379.234375,0.890625
12380.109375,0.875000
12381.015625,0.906250
12381.890625,0.875000
12382.765625,0.875000
12383.703125,0.937500
12384.593750,0.890625
12385.500000,0.906250
12386.406250,0.906250
12387.328125,0.921875
12388.234375,0.906250
12389.140625,0.906250
12390.046875,0.906250
12391.062500,1.015625
12392.031250,0.968750
12393.031250,1.000000
12394.062500,1.031250
12395.078125,1.015625
12396.046875,0.968750
12397.031250,0.984375
12398.078125,1.046875
12399.109375,1.031250
12400.187500,1.078125
12401.171875,0.984375
12402.156250,0.984375
12403.140625,0.984375
12404.203125,1.062500
12405.203125,1.000000
12406.218750,1.015625
12407.234375,1.015625
12408.312500,1.078125
12409.375000,1.062500
12410.359375,0.984375
12411.359375,1.000000
12412.312500,0.953125
12413.250000,0.937500
12414.250000,1.000000
12415.234375,0.984375
12416.187500,0.953125
12417.109375,0.921875
12418.046875,0.937500
12419.000000,0.953125
12419.937500,0.937500
12420.890625,0.953125
12421.812500,0.921875
12422.718750,0.906250
12423.640625,0.921875
12424.562500,0.921875
12425.468750,0.906250
12426.406250,0.937500
12427.390625,0.984375
12428.359375,0.968750
12429.328125,0.968750
12430.296875,0.968750
12431.234375,0.937500
12432.187500,0.953125
12433.140625,0.953125
12434.046875,0.906250
12434.968750,0.921875
12435.906250,0.937500
12436.796875,0.890625
12437.734375,0.937500
12438.625000,0.890625
12439.515625,0.890625
12440.375000,0.859375
12441.234375,0.859375
12442.078125,0.843750
12442.906250,0.828125
12443.718750,0.812500
12444.500000,0.781250
12445.281250,0.781250
12446.078125,0.796875
12446.859375,0.781250
12447.609375,0.750000
12448.390625,0.781250
12449.156250,0.765625
12449.937500,0.781250
12450.734375,0.796875
12451.562500,0.828125
12452.421875,0.859375
12453.296875,0.875000
12454.156250,0.859375
12455.000000,0.843750
12455.875000,0.875000
12456.750000,0.875000
12457.593750,0.843750
12458.421875,0.828125
12459.250000,0.828125
12460.109375,0.859375
12461.000000,0.890625
12461.859375,0.859375
12462.781250,0.921875
12463.718750,0.937500
12464.687500,0.968750
12465.640625,0.953125
12466.578125,0.937500
12467.531250,0.953125
12468.500000,0.968750
12469.421875,0.921875
12470.375000,0.953125
12471.343750,0.968750
12472.296875,0.953125
12473.234375,0.937500
12474.203125,0.968750
12475.187500,0.984375
12476.171875,0.984375
12477.156250,0.984375
12478.125000,0.968750
12479.062500,0.937500
12480.000000,0.937500
12480.937500,0.937500
12481.859375,0.921875
12482.781250,0.921875
12483.718750,0.937500
12484.687500,0.968750
12485.703125,1.015625
12486.703125,1.000000
12487.640625,0.937500
12488.593750,0.953125
12489.531250,0.937500
12490.453125,0.921875
12491.390625,0.937500
12492.359375,0.968750
12493.312500,0.953125
12494.265625,0.953125
12495.265625,1.000000
12496.281250,1.015625
12497.265625,0.984375
12498.250000,0.984375
12499.218750,0.968750
12500.203125,0.984375
12501.156250,0.953125
12502.093750,0.937500
12503.031250,0.937500
12503.953125,0.921875
12504.875000,0.921875
12505.843750,0.968750
12506.812500,0.968750
12507.781250,0.968750
12508.765625,0.984375
12509.750000,0.984375
12510.703125,0.953125
12511.625000,0.921875
12512.578125,0.953125
12513.500000,0.921875
12514.421875,0.921875
12515.359375,0.937500
12516.312500,0.953125
12517.250000,0.937500
12518.218750,0.968750
12519.171875,0.953125
12520.156250,0.984375
12521.171875,1.015625
12522.203125,1.031250
12523.187500,0.984375
12524.140625,0.953125
12525.093750,0.953125
12526.015625,0.921875
12526.953125,0.937500
12527.875000,0.921875
12528.796875,0.921875
12529.718750,0.921875
12530.671875,0.953125
12531.593750,0.921875
12532.453125,0.859375
12533.265625,0.812500
12534.125000,0.859375
12535.015625,0.890625
12535.859375,0.843750
12536.687500,0.828125
12537.531250,0.843750
12538.343750,0.812500
12539.140625,0.796875
12539.937500,0.796875
12540.718750,0.781250
12541.484375,0.765625
12542.250000,0.765625
12543.000000,0.750000
12543.750000,0.750000
12544.500000,0.750000
12545.265625,0.765625
12546.093750,0.828125
12546.937500,0.843750
12547.765625,0.828125
12548.578125,0.812500
12549.453125,0.875000
12550.328125,0.875000
12551.171875,0.843750
12552.015625,0.843750
12552.890625,0.875000
12553.796875,0.906250
12554.703125,0.906250
12555.593750,0.890625
12556.515625,0.921875
12557.421875,0.906250
12558.343750,0.921875
12559.203125,0.859375
12560.078125,0.875000
12560.937500,0.859375
12561.812500,0.875000
12562.671875,0.859375
12563.546875,0.875000
12564.453125,0.906250
12565.343750,0.890625
12566.234375,0.890625
12567.093750,0.859375
12567.937500,0.843750
12568.781250,0.843750
12569.640625,0.859375
12570.484375,0.843750
12571.390625,0.906250
12572.296875,0.906250
12573.281250,0.984375
12574.250000,0.968750
12575.250000,1.000000
12576.250000,1.000000
12577.187500,0.937500
12578.125000,0.937500
12579.046875,0.921875
12579.968750,0.921875
12580.875000,0.906250
12581.781250,0.906250
12582.718750,0.937500
12583.625000,0.906250
12584.515625,0.890625
12585.390625,0.875000
12586.250000,0.859375
12587.078125,0.828125
12587.906250,0.828125
12588.828125,0.921875
12589.718750,0.890625
12590.640625,0.921875
12591.546875,0.906250
12592.437500,0.890625
12593.328125,0.890625
12594.218750,0.890625
12595.093750,0.875000
12595.953125,0.859375
12596.843750,0.890625
12597.718750,0.875000
12598.578125,0.859375
12599.453125,0.875000
12600.359375,0.906250
12601.250000,0.890625
12602.156250,0.906250
12603.093750,0.937500
12604.015625,0.921875
12604.968750,0.953125
12605.906250,0.937500
12606.921875,1.015625
12607.890625,0.968750
12608.843750,0.953125
12609.796875,0.953125
12610.718750,0.921875
12611.687500,0.968750
12612.656250,0.968750
12613.609375,0.953125
12614.578125,0.968750
12615.546875,0.968750
12616.515625,0.968750
12617.468750,0.953125
12618.437500,0.968750
12619.390625,0.953125
12620.359375,0.968750
12621.343750,0.984375
12622.296875,0.953125
12623.234375,0.937500
12624.218750,0.984375
12625.203125,0.984375
12626.156250,0.953125
12627.156250,1.000000
12628.109375,0.953125
12629.046875,0.937500
12630.015625,0.968750
12630.937500,0.921875
12631.875000,0.937500
12632.812500,0.937500
12633.734375,0.921875
12634.671875,0.937500
12635.593750,0.921875
12636.484375,0.890625
12637.375000,0.890625
12638.281250,0.906250
12639.203125,0.921875
12640.125000,0.921875
12641.046875,0.921875
12642.000000,0.953125
12642.906250,0.906250
12643.828125,0.921875
12644.718750,0.890625
12659.484375,0.656250
12660.140625,0.656250
12660.796875,0.656250
12661.453125,0.656250
12662.156250,0.703125
12662.906250,0.750000
12663.687500,0.781250
12664.515625,0.828125
12665.375000,0.859375
12666.265625,0.890625
12667.156250,0.890625
12682.375000,0.734375
12683.109375,0.734375
12683.875000,0.765625
12684.656250,0.781250
12685.421875,0.765625
12686.203125,0.781250
12687.000000,0.796875
12687.812500,0.812500
12688.640625,0.828125
12689.515625,0.875000
12690.421875,0.906250
12691.375000,0.953125
12692.281250,0.906250
12693.171875,0.890625
12694.031250,0.859375
12694.859375,0.828125
12695.656250,0.796875
12705.890625,0.656250
12706.609375,0.718750
12707.281250,0.671875
12707.953125,0.671875
12708.609375,0.656250
12709.281250,0.671875
12709.937500,0.656250
12710.593750,0.656250
12711.281250,0.687500
12712.093750,0.812500
12712.921875,0.828125
12713.765625,0.843750
12714.656250,0.890625
12715.531250,0.875000
12716.375000,0.843750
12717.250000,0.875000
12718.109375,0.859375
12718.968750,0.859375
12719.859375,0.890625
12720.875000,1.015625
12721.968750,1.093750
12723.015625,1.046875
12724.031250,1.015625
12724.968750,0.937500
12725.875000,0.906250
12726.750000,0.875000
12727.671875,0.921875
12733.156250,0.953125
12734.093750,0.937500
12735.000000,0.906250
12735.890625,0.890625
12736.703125,0.812500
12737.515625,0.812500
12738.281250,0.765625
12739.093750,0.812500
12739.937500,0.843750
12740.906250,0.968750
12741.859375,0.953125
12742.781250,0.921875
12743.671875,0.890625
12744.546875,0.875000
12745.406250,0.859375
12746.281250,0.875000
12747.203125,0.921875
12748.093750,0.890625
12749.031250,0.937500
12749.921875,0.890625
12750.828125,0.906250
12751.718750,0.890625
12752.609375,0.890625
12753.500000,0.890625
12754.375000,0.875000
12755.234375,0.859375
12756.093750,0.859375
12756.921875,0.828125
12757.765625,0.843750
12758.640625,0.875000
12759.515625,0.875000
12760.375000,0.859375
12761.250000,0.875000
12762.125000,0.875000
12763.015625,0.890625
12763.875000,0.859375
12764.718750,0.843750
12765.578125,0.859375
12766.421875,0.843750
12767.234375,0.812500
12768.093750,0.859375
12768.937500,0.843750
12769.765625,0.828125
12770.609375,0.843750
12771.453125,0.843750
12772.281250,0.828125
12773.125000,0.843750
12773.953125,0.828125
12774.781250,0.828125
12775.609375,0.828125
12776.421875,0.812500
12777.218750,0.796875
12778.046875,0.828125
12778.890625,0.843750
12779.687500,0.796875
12780.515625,0.828125
12781.375000,0.859375
12782.187500,0.812500
12783.015625,0.828125
12783.843750,0.828125
12784.671875,0.828125
12785.500000,0.828125
12786.343750,0.843750
12787.187500,0.843750
12788.000000,0.812500
12788.828125,0.828125
12789.687500,0.859375
12790.515625,0.828125
12791.328125,0.812500
12792.171875,0.843750
12793.046875,0.875000
12793.859375,0.812500
12808.328125,0.687500
12809.015625,0.687500
12809.687500,0.671875
12810.359375,0.671875
12810.921875,0.562500
12820.703125,0.921875
12821.640625,0.937500
12822.484375,0.843750
12823.500000,1.015625
12824.328125,0.828125
12825.234375,0.906250
12826.078125,0.843750
12826.906250,0.828125
12827.812500,0.906250
12828.718750,0.906250
12829.562500,0.843750
12830.625000,1.062500
12843.609375,0.656250
12844.359375,0.750000
12845.078125,0.718750
12851.828125,0.796875
12852.671875,0.843750
12853.562500,0.890625
12854.531250,0.968750
12855.578125,1.046875
12856.562500,0.984375
12857.515625,0.953125
12858.531250,1.015625
12859.531250,1.000000
12860.500000,0.968750
12861.453125,0.953125
12862.406250,0.953125
12863.406250,1.000000
12864.250000,0.843750
12865.312500,1.062500
12866.250000,0.937500
12867.281250,1.031250
12868.203125,0.921875
12869.125000,0.921875
12870.031250,0.906250
12870.875000,0.843750
12871.750000,0.875000
12872.625000,0.875000
12873.500000,0.875000
12874.375000,0.875000
12875.265625,0.890625
12876.171875,0.906250
12877.015625,0.843750
12877.890625,0.875000
12878.765625,0.875000
12879.625000,0.859375
12880.468750,0.843750
12881.312500,0.843750
12882.156250,0.843750
12883.000000,0.843750
12883.812500,0.812500
12884.640625,0.828125
12885.468750,0.828125
12886.296875,0.828125
12887.125000,0.828125
12888.000000,0.875000
12888.828125,0.828125
12889.656250,0.828125
12890.500000,0.843750
12891.359375,0.859375
12892.171875,0.812500
12893.046875,0.875000
12893.937500,0.890625
12894.828125,0.890625
12895.734375,0.906250
12896.640625,0.906250
12897.562500,0.921875
12898.453125,0.890625
12899.328125,0.875000
12900.234375,0.906250
12901.093750,0.859375
12901.984375,0.890625
12902.875000,0.890625
12903.734375,0.859375
12904.593750,0.859375
12905.484375,0.890625
12906.406250,0.921875
12907.250000,0.843750
12908.093750,0.843750
12908.968750,0.875000
12909.796875,0.828125
12910.593750,0.796875
12911.453125,0.859375
12912.312500,0.859375
12913.140625,0.828125
12913.984375,0.843750
12914.828125,0.843750
12915.656250,0.828125
12916.500000,0.843750
12917.343750,0.843750
12918.218750,0.875000
12919.046875,0.828125
12919.890625,0.843750
12920.734375,0.843750
12921.593750,0.859375
12922.437500,0.843750
12923.281250,0.843750
12924.140625,0.859375
12925.015625,0.875000
12925.843750,0.828125
12926.687500,0.843750
12927.562500,0.875000
12928.406250,0.843750
12929.250000,0.843750
12930.125000,0.875000
12931.046875,0.921875
12931.937500,0.890625
12932.796875,0.859375
12933.656250,0.859375
12934.546875,0.890625
12935.453125,0.906250
12936.296875,0.843750
12937.187500,0.890625
12938.078125,0.890625
12938.937500,0.859375
12939.796875,0.859375
12940.671875,0.875000
12941.531250,0.859375
12942.390625,0.859375
12943.265625,0.875000
12944.171875,0.906250
12945.046875,0.875000
12945.906250,0.859375
12946.765625,0.859375
12947.656250,0.890625
12948.515625,0.859375
12949.343750,0.828125
12950.203125,0.859375
12951.125000,0.921875
12951.812500,0.687500
12952.781250,0.968750
12953.687500,0.906250
12954.562500,0.875000
12955.437500,0.875000
12956.312500,0.875000
12957.187500,0.875000
12958.093750,0.906250
12958.921875,0.828125
12959.734375,0.812500
12960.531250,0.796875
12961.343750,0.812500
12962.171875,0.828125
12963.078125,0.906250
12964.015625,0.937500
12964.953125,0.937500
12965.906250,0.953125
12966.828125,0.921875
12967.765625,0.937500
12968.671875,0.906250
12969.593750,0.921875
12970.531250,0.937500
12971.468750,0.937500
12972.359375,0.890625
12973.234375,0.875000
12974.093750,0.859375
12975.000000,0.906250
12975.843750,0.843750
12976.718750,0.875000
12977.609375,0.890625
12978.531250,0.921875
12979.406250,0.875000
12980.343750,0.937500
12981.234375,0.890625
12982.093750,0.859375
12982.968750,0.875000
12983.890625,0.921875
12984.703125,0.812500
12985.671875,0.968750
12986.562500,0.890625
12987.453125,0.890625
12988.312500,0.859375
12989.125000,0.812500
12989.968750,0.843750
12990.812500,0.843750
12991.640625,0.828125
12992.468750,0.828125
12993.312500,0.843750
12994.171875,0.859375
12995.000000,0.828125
12995.843750,0.843750
12996.703125,0.859375
12997.593750,0.890625
12998.437500,0.843750
12999.250000,0.812500
13000.140625,0.890625
13001.000000,0.859375
13001.812500,0.812500
13002.671875,0.859375
13003.546875,0.875000
13004.421875,0.875000
13005.265625,0.843750
13006.140625,0.875000
13007.078125,0.937500
13007.953125,0.875000
13008.796875,0.843750
13009.671875,0.875000
13010.515625,0.843750
13011.375000,0.859375
13012.234375,0.859375
13013.109375,0.875000
13013.968750,0.859375
13014.812500,0.843750
13015.671875,0.859375
13016.546875,0.875000
13017.390625,0.843750
13018.218750,0.828125
13019.078125,0.859375
13019.953125,0.875000
13020.812500,0.859375
13021.656250,0.843750
13022.531250,0.875000
13023.390625,0.859375
13024.218750,0.828125
13025.062500,0.843750
13025.875000,0.812500
13026.734375,0.859375
13027.546875,0.812500
13028.375000,0.828125
13029.234375,0.859375
13030.015625,0.781250
13030.921875,0.906250
13031.796875,0.875000
13032.671875,0.875000
13033.546875,0.875000
13034.375000,0.828125
13035.234375,0.859375
13036.187500,0.953125
13037.046875,0.859375
13037.921875,0.875000
13038.859375,0.937500
13039.812500,0.953125
13040.703125,0.890625
13041.640625,0.937500
13042.609375,0.968750
13043.593750,0.984375
13044.500000,0.906250
13045.406250,0.906250
13046.328125,0.921875
13047.234375,0.906250
13048.109375,0.875000
13049.031250,0.921875
13049.968750,0.937500
13050.875000,0.906250
13051.734375,0.859375
13052.640625,0.906250
13053.562500,0.921875
13054.500000,0.937500
13055.359375,0.859375
13056.250000,0.890625
13057.187500,0.937500
13058.109375,0.921875
13058.984375,0.875000
13059.859375,0.875000
13060.750000,0.890625
13061.656250,0.906250
13062.531250,0.875000
13063.406250,0.875000
13064.296875,0.890625
13065.187500,0.890625
13066.015625,0.828125
13066.875000,0.859375
13067.734375,0.859375
13068.578125,0.843750
13069.453125,0.875000
13070.312500,0.859375
13071.187500,0.875000
13072.046875,0.859375
13072.921875,0.875000
13073.828125,0.906250
13074.687500,0.859375
13075.531250,0.843750
13076.390625,0.859375
13077.250000,0.859375
13078.125000,0.875000
13079.000000,0.875000
13079.859375,0.859375
13080.765625,0.906250
13081.625000,0.859375
13082.500000,0.875000
13083.390625,0.890625
13084.250000,0.859375
13085.093750,0.843750
13085.937500,0.843750
13086.812500,0.875000
13087.671875,0.859375
13088.531250,0.859375
13089.406250,0.875000
13090.328125,0.921875
13091.171875,0.843750
13092.000000,0.828125
13092.859375,0.859375
13093.718750,0.859375
13094.531250,0.812500
13095.375000,0.843750
13096.265625,0.890625
13097.171875,0.906250
13098.000000,0.828125
13098.937500,0.937500
13099.843750,0.906250
13100.750000,0.906250
13101.609375,0.859375
13102.500000,0.890625
13103.359375,0.859375
13104.218750,0.859375
13105.109375,0.890625
13106.046875,0.937500
13106.921875,0.875000
13107.781250,0.859375
13108.656250,0.875000
13109.593750,0.937500
13110.484375,0.890625
13111.359375,0.875000
13112.250000,0.890625
13113.203125,0.953125
13114.109375,0.906250
13115.031250,0.921875
13115.937500,0.906250
13116.859375,0.921875
13117.703125,0.843750
13118.578125,0.875000
13119.484375,0.906250
13120.359375,0.875000
13121.203125,0.843750
13122.062500,0.859375
13122.906250,0.843750
13123.781250,0.875000
13124.625000,0.843750
13125.468750,0.843750
13126.328125,0.859375
13127.203125,0.875000
13128.031250,0.828125
13128.812500,0.781250
13129.640625,0.828125
13130.468750,0.828125
13131.296875,0.828125
13132.156250,0.859375
13132.984375,0.828125
13133.859375,0.875000
13134.812500,0.953125
13135.859375,1.046875
13136.812500,0.953125
13137.718750,0.906250
13138.625000,0.906250
13139.546875,0.921875
13140.484375,0.937500
13141.343750,0.859375
13142.250000,0.906250
13143.171875,0.921875
13144.078125,0.906250
13144.984375,0.906250
13145.906250,0.921875
13146.812500,0.906250
13152.000000,0.843750
13152.859375,0.859375
13153.750000,0.890625
13154.593750,0.843750
13155.468750,0.875000
13156.359375,0.890625
13157.250000,0.890625
13158.109375,0.859375
13159.015625,0.906250
13159.921875,0.906250
13160.812500,0.890625
13161.671875,0.859375
13162.562500,0.890625
13163.421875,0.859375
13164.312500,0.890625
13165.203125,0.890625
13166.140625,0.937500
13167.015625,0.875000
13167.875000,0.859375
13168.750000,0.875000
13169.609375,0.859375
13170.437500,0.828125
13171.296875,0.859375
13172.187500,0.890625
13173.062500,0.875000
13173.890625,0.828125
13174.671875,0.781250
13175.625000,0.953125
13176.500000,0.875000
13177.375000,0.875000
13178.265625,0.890625
13179.187500,0.921875
13180.062500,0.875000
13180.937500,0.875000
13181.828125,0.890625
13182.703125,0.875000
13183.562500,0.859375
13184.406250,0.843750
13185.296875,0.890625
13186.203125,0.906250
13187.046875,0.843750
13187.937500,0.890625
13188.828125,0.890625
13189.734375,0.906250
13190.593750,0.859375
13191.484375,0.890625
13192.375000,0.890625
13193.234375,0.859375
13194.062500,0.828125
13194.921875,0.859375
13195.796875,0.875000
13196.718750,0.921875
13197.593750,0.875000
13198.500000,0.906250
13199.437500,0.937500
13200.343750,0.906250
13201.218750,0.875000
13202.109375,0.890625
13203.046875,0.937500
13203.937500,0.890625
13204.812500,0.875000
13205.734375,0.921875
13206.687500,0.953125
13207.578125,0.890625
13208.484375,0.906250
13209.437500,0.953125
13210.375000,0.937500
13211.265625,0.890625
13212.171875,0.906250
13213.109375,0.937500
13214.031250,0.921875
13214.875000,0.843750
13215.750000,0.875000
13216.656250,0.906250
13217.515625,0.859375
13218.406250,0.890625
13219.328125,0.921875
13220.281250,0.953125
13221.171875,0.890625
13222.062500,0.890625
13222.968750,0.906250
13223.859375,0.890625
13224.718750,0.859375
13225.578125,0.859375
13226.468750,0.890625
13227.296875,0.828125
13228.140625,0.843750
13228.953125,0.812500
13229.781250,0.828125
13230.609375,0.828125
13231.468750,0.859375
13232.218750,0.750000
13233.125000,0.906250
13234.109375,0.984375
13235.046875,0.937500
13236.000000,0.953125
13236.843750,0.843750
13237.703125,0.859375
13238.609375,0.906250
13239.500000,0.890625
13240.343750,0.843750
13241.203125,0.859375
13242.078125,0.875000
13242.968750,0.890625
13243.812500,0.843750
13244.671875,0.859375
13245.546875,0.875000
13246.421875,0.875000
13247.281250,0.859375
13248.171875,0.890625
13249.078125,0.906250
13249.968750,0.890625
13250.828125,0.859375
13251.734375,0.906250
13252.640625,0.906250
13253.515625,0.875000
13254.359375,0.843750
13255.218750,0.859375
13256.109375,0.890625
13256.953125,0.843750
13257.828125,0.875000
13258.718750,0.890625
13259.578125,0.859375
13260.453125,0.875000
13261.312500,0.859375
13262.203125,0.890625
13263.046875,0.843750
13263.906250,0.859375
13264.765625,0.859375
13265.609375,0.843750
13266.484375,0.875000
13267.359375,0.875000
13268.218750,0.859375
13269.078125,0.859375
13269.937500,0.859375
13270.796875,0.859375
13271.640625,0.843750
13272.500000,0.859375
13273.359375,0.859375
13274.234375,0.875000
13275.093750,0.859375
13275.968750,0.875000
13276.859375,0.890625
13277.781250,0.921875
13278.671875,0.890625
13279.578125,0.906250
13280.515625,0.937500
13281.453125,0.937500
13282.296875,0.843750
13283.171875,0.875000
13284.031250,0.859375
13284.906250,0.875000
13285.765625,0.859375
13286.640625,0.875000
13287.546875,0.906250
13288.484375,0.937500
13289.390625,0.906250
13290.343750,0.953125
13291.296875,0.953125
13292.171875,0.875000
13293.078125,0.906250
13293.984375,0.906250
13294.875000,0.890625
13295.734375,0.859375
13296.609375,0.875000
13297.515625,0.906250
13298.406250,0.890625
13299.281250,0.875000
13300.171875,0.890625
13301.078125,0.906250
13301.968750,0.890625
13302.843750,0.875000
13303.734375,0.890625
13304.625000,0.890625
13305.500000,0.875000
13306.375000,0.875000
13307.312500,0.937500
13308.218750,0.906250
13309.109375,0.890625
13310.031250,0.921875
13310.968750,0.937500
13311.843750,0.875000
13312.718750,0.875000
13313.609375,0.890625
13314.531250,0.921875
13315.406250,0.875000
13316.296875,0.890625
13317.187500,0.890625
13318.046875,0.859375
13318.890625,0.843750
13319.750000,0.859375
13320.609375,0.859375
13321.468750,0.859375
13322.312500,0.843750
13323.171875,0.859375
13324.093750,0.921875
13324.968750,0.875000
13325.828125,0.859375
13326.718750,0.890625
13327.640625,0.921875
13328.515625,0.875000
13329.437500,0.921875
13330.359375,0.921875
13331.296875,0.937500
13332.171875,0.875000
13333.078125,0.906250
13333.984375,0.906250
13334.859375,0.875000
13335.703125,0.843750
13336.578125,0.875000
13337.421875,0.843750
13338.250000,0.828125
13339.093750,0.843750
13339.953125,0.859375
13340.796875,0.843750
13341.640625,0.843750
13342.515625,0.875000
13343.390625,0.875000
13344.250000,0.859375
13345.109375,0.859375
13346.015625,0.906250
13346.953125,0.937500
13347.812500,0.859375
13348.718750,0.906250
13349.656250,0.937500
13350.546875,0.890625
13351.453125,0.906250
13352.375000,0.921875
13353.281250,0.906250
13354.140625,0.859375
13355.000000,0.859375
13355.859375,0.859375
13356.718750,0.859375
13357.531250,0.812500
13358.359375,0.828125
13359.234375,0.875000
13360.093750,0.859375
13360.937500,0.843750
13361.828125,0.890625
13362.750000,0.921875
13363.593750,0.843750
13364.484375,0.890625
13365.359375,0.875000
13366.250000,0.890625
13367.093750,0.843750
13367.968750,0.875000
13368.843750,0.875000
13369.750000,0.906250
13370.578125,0.828125
13371.437500,0.859375
13372.312500,0.875000
13373.156250,0.843750
13374.000000,0.843750
13374.843750,0.843750
13375.671875,0.828125
13376.468750,0.796875
13390.843750,0.687500
13391.562500,0.718750
13392.265625,0.703125
13392.984375,0.718750
13393.703125,0.718750
13394.437500,0.734375
13395.171875,0.734375
13395.921875,0.750000
13396.734375,0.812500
13397.578125,0.843750
13398.546875,0.968750
13399.468750,0.921875
13400.406250,0.937500
13401.437500,1.031250
13407.421875,0.937500
13408.375000,0.953125
13409.468750,1.093750
13410.265625,0.796875
13411.250000,0.984375
13412.093750,0.843750
13412.843750,0.750000
13413.500000,0.656250
13414.406250,0.906250
13415.171875,0.765625
13415.937500,0.765625
13416.687500,0.750000
13417.421875,0.734375
13418.343750,0.921875
13419.125000,0.781250
13420.125000,1.000000
13421.062500,0.937500
13422.171875,1.109375
13423.234375,1.062500
13424.171875,0.937500
13425.078125,0.906250
13426.125000,1.046875
13427.046875,0.921875
13428.015625,0.968750
13428.937500,0.921875
13429.937500,1.000000
13430.750000,0.812500
13431.687500,0.937500
13432.765625,1.078125
13433.671875,0.906250
13434.515625,0.843750
13435.468750,0.953125
13436.406250,0.937500
13437.359375,0.953125
13438.234375,0.875000
13439.156250,0.921875
13440.046875,0.890625
13449.343750,0.875000
13450.265625,0.921875
13451.281250,1.015625
13452.093750,0.812500
13453.078125,0.984375
13453.968750,0.890625
13454.843750,0.875000
13455.812500,0.968750
13456.750000,0.937500
13457.656250,0.906250
13458.531250,0.875000
13459.406250,0.875000
13460.265625,0.859375
13461.125000,0.859375
13461.906250,0.781250
13462.859375,0.953125
13463.640625,0.781250
13464.546875,0.906250
13465.406250,0.859375
13466.171875,0.765625
13467.109375,0.937500
13467.906250,0.796875
13468.890625,0.984375
13469.812500,0.921875
13470.718750,0.906250
13471.531250,0.812500
13472.515625,0.984375
13473.468750,0.953125
13474.359375,0.890625
13475.234375,0.875000
13476.156250,0.921875
13477.031250,0.875000
13477.921875,0.890625
13478.812500,0.890625
13479.718750,0.906250
13480.484375,0.765625
13481.484375,1.000000
13482.406250,0.921875
13483.265625,0.859375
13484.171875,0.906250
13485.078125,0.906250
13485.968750,0.890625
13486.843750,0.875000
13487.781250,0.937500
13488.734375,0.953125
13489.609375,0.875000
13490.500000,0.890625
13491.406250,0.906250
13492.281250,0.875000
13493.171875,0.890625
13494.015625,0.843750
13494.984375,0.968750
13495.859375,0.875000
13496.765625,0.906250
13497.671875,0.906250
13498.562500,0.890625
13499.437500,0.875000
13500.312500,0.875000
13501.156250,0.843750
13502.015625,0.859375
13502.890625,0.875000
13503.796875,0.906250
13504.656250,0.859375
13505.546875,0.890625
13506.406250,0.859375
13507.156250,0.750000
13508.125000,0.968750
13509.000000,0.875000
13509.890625,0.890625
13510.750000,0.859375
13511.640625,0.890625
13512.578125,0.937500
13513.515625,0.937500
13514.375000,0.859375
13515.281250,0.906250
13516.187500,0.906250
13517.093750,0.906250
13517.953125,0.859375
13518.812500,0.859375
13519.687500,0.875000
13520.562500,0.875000
13521.421875,0.859375
13522.281250,0.859375
13523.203125,0.921875
13524.046875,0.843750
13524.937500,0.890625
13525.843750,0.906250
13526.734375,0.890625
13527.625000,0.890625
13528.531250,0.906250
13529.437500,0.906250
13530.296875,0.859375
13531.187500,0.890625
13532.125000,0.937500
13533.031250,0.906250
13533.937500,0.906250
13534.875000,0.937500
13535.781250,0.906250
13536.671875,0.890625
13537.578125,0.906250
13538.484375,0.906250
13539.359375,0.875000
13540.234375,0.875000
13541.140625,0.906250
13542.031250,0.890625
13542.890625,0.859375
13543.781250,0.890625
13544.640625,0.859375
13545.515625,0.875000
13546.375000,0.859375
13547.250000,0.875000
13548.171875,0.921875
13549.031250,0.859375
13549.890625,0.859375
13550.781250,0.890625
13551.656250,0.875000
13552.531250,0.875000
13553.468750,0.937500
13554.375000,0.906250
13555.250000,0.875000
13556.187500,0.937500
13557.125000,0.937500
13558.000000,0.875000
13558.906250,0.906250
13559.859375,0.953125
13560.765625,0.906250
13561.562500,0.796875
13562.593750,1.031250
13563.531250,0.937500
13564.406250,0.875000
13565.343750,0.937500
13566.281250,0.937500
13567.187500,0.906250
13568.046875,0.859375
13568.968750,0.921875
13569.718750,0.750000
13570.593750,0.875000
13571.593750,1.000000
13572.515625,0.921875
13573.375000,0.859375
13574.250000,0.875000
13575.140625,0.890625
13576.015625,0.875000
13576.843750,0.828125
13577.703125,0.859375
13578.578125,0.875000
13579.343750,0.765625
13580.375000,1.031250
13581.343750,0.968750
13582.234375,0.890625
13583.218750,0.984375
13584.046875,0.828125
13585.125000,1.078125
13586.031250,0.906250
13586.921875,0.890625
13587.843750,0.921875
13588.718750,0.875000
13589.578125,0.859375
13590.468750,0.890625
13591.375000,0.906250
13592.265625,0.890625
13593.171875,0.906250
13594.109375,0.937500
13595.015625,0.906250
13595.921875,0.906250
13596.859375,0.937500
13597.765625,0.906250
13598.671875,0.906250
13599.593750,0.921875
13600.515625,0.921875
13601.390625,0.875000
13602.265625,0.875000
13603.171875,0.906250
13604.078125,0.906250
13604.953125,0.875000
13605.828125,0.875000
13606.750000,0.921875
13607.625000,0.875000
13608.500000,0.875000
13609.359375,0.859375
13610.234375,0.875000
13611.078125,0.843750
13611.921875,0.843750
13612.796875,0.875000
13613.640625,0.843750
13614.484375,0.843750
13615.328125,0.843750
13616.171875,0.843750
13617.015625,0.843750
13617.750000,0.734375
13618.718750,0.968750
13619.625000,0.906250
13620.484375,0.859375
13621.375000,0.890625
13622.312500,0.937500
13623.218750,0.906250
13624.125000,0.906250
13625.062500,0.937500
13625.953125,0.890625
13626.875000,0.921875
13627.765625,0.890625
13628.671875,0.906250
13629.531250,0.859375
13630.421875,0.890625
13631.437500,1.015625
13632.328125,0.890625
13633.250000,0.921875
13634.171875,0.921875
13635.093750,0.921875
13635.953125,0.859375
13636.812500,0.859375
13637.718750,0.906250
13638.578125,0.859375
13639.453125,0.875000
13640.343750,0.890625
13641.250000,0.906250
13642.093750,0.843750
13643.000000,0.906250
13643.968750,0.968750
13644.875000,0.906250
13645.765625,0.890625
13646.718750,0.953125
13647.640625,0.921875
13648.515625,0.875000
13649.406250,0.890625
13650.296875,0.890625
13651.171875,0.875000
13652.015625,0.843750
13652.796875,0.781250
13653.828125,1.031250
13654.734375,0.906250
13655.562500,0.828125
13656.515625,0.953125
13657.359375,0.843750
13658.234375,0.875000
13659.078125,0.843750
13659.953125,0.875000
13660.796875,0.843750
13661.640625,0.843750
13662.515625,0.875000
13663.421875,0.906250
13664.171875,0.750000
13665.109375,0.937500
13666.109375,1.000000
13666.921875,0.812500
13667.875000,0.953125
13668.828125,0.953125
13669.796875,0.968750
13670.687500,0.890625
13671.500000,0.812500
13672.453125,0.953125
13673.453125,1.000000
13674.328125,0.875000
13675.250000,0.921875
13676.156250,0.906250
13677.000000,0.843750
13677.890625,0.890625
13678.812500,0.921875
13679.750000,0.937500
13680.671875,0.921875
13681.593750,0.921875
13682.546875,0.953125
13683.437500,0.890625
13684.343750,0.906250
13685.203125,0.859375
13686.187500,0.984375
13687.046875,0.859375
13687.953125,0.906250
13688.906250,0.953125
13689.796875,0.890625
13690.703125,0.906250
13691.625000,0.921875
13692.578125,0.953125
13693.437500,0.859375
13694.390625,0.953125
13695.312500,0.921875
13696.218750,0.906250
13697.109375,0.890625
13698.015625,0.906250
13698.906250,0.890625
13699.781250,0.875000
13700.656250,0.875000
13701.531250,0.875000
13702.421875,0.890625
13703.265625,0.843750
13704.140625,0.875000
13705.046875,0.906250
13705.968750,0.921875
13706.875000,0.906250
13707.781250,0.906250
13708.734375,0.953125
13709.625000,0.890625
13710.515625,0.890625
13711.406250,0.890625
13712.296875,0.890625
13718.515625,0.875000
13719.406250,0.890625
13720.281250,0.875000
13721.156250,0.875000
13721.968750,0.812500
13722.843750,0.875000
13723.578125,0.734375
13724.562500,0.984375
13725.390625,0.828125
13726.250000,0.859375
13727.156250,0.906250
13728.031250,0.875000
13728.906250,0.875000
13729.812500,0.906250
13730.656250,0.843750
13731.531250,0.875000
13732.406250,0.875000
13733.250000,0.843750
13734.093750,0.843750
13734.921875,0.828125
13735.750000,0.828125
13736.593750,0.843750
13737.453125,0.859375
13742.593750,0.843750
13743.421875,0.828125
13744.296875,0.875000
13745.140625,0.843750
13745.968750,0.828125
13746.828125,0.859375
13747.718750,0.890625
13748.593750,0.875000
13749.468750,0.875000
13750.390625,0.921875
13751.328125,0.937500
13752.218750,0.890625
13753.140625,0.921875
13754.078125,0.937500
13754.968750,0.890625
13755.875000,0.906250
13756.796875,0.921875
13757.703125,0.906250
13758.656250,0.953125
13759.500000,0.843750
13760.578125,1.078125
13761.484375,0.906250
13762.453125,0.968750
13763.375000,0.921875
13764.281250,0.906250
13765.218750,0.937500
13766.156250,0.937500
13767.015625,0.859375
13767.890625,0.875000
13768.765625,0.875000
13769.640625,0.875000
13770.484375,0.843750
13771.343750,0.859375
13772.234375,0.890625
13773.093750,0.859375
13782.125000,0.875000
13783.015625,0.890625
13783.890625,0.875000
13784.796875,0.906250
13785.718750,0.921875
13786.546875,0.828125
13787.437500,0.890625
13788.328125,0.890625
13789.218750,0.890625
13790.093750,0.875000
13791.031250,0.937500
13791.921875,0.890625
13792.812500,0.890625
13793.656250,0.843750
13794.593750,0.937500
13795.437500,0.843750
13796.281250,0.843750
13797.171875,0.890625
13798.015625,0.843750
13798.875000,0.859375
13799.750000,0.875000
13800.671875,0.921875
13801.515625,0.843750
13802.421875,0.906250
13803.234375,0.812500
13804.265625,1.031250
13805.140625,0.875000
13806.093750,0.953125
13807.000000,0.906250
13807.875000,0.875000
13808.765625,0.890625
13809.640625,0.875000
13810.515625,0.875000
13811.375000,0.859375
13812.312500,0.937500
13813.296875,0.984375
13814.203125,0.906250
13815.140625,0.937500
13816.078125,0.937500
13817.000000,0.921875
13817.890625,0.890625
13818.796875,0.906250
13819.734375,0.937500
13820.625000,0.890625
13821.453125,0.828125
13822.531250,1.078125
13823.468750,0.937500
13824.296875,0.828125
13825.296875,1.000000
13826.234375,0.937500
13827.140625,0.906250
13828.046875,0.906250
13828.953125,0.906250
13829.828125,0.875000
13830.687500,0.859375
13831.546875,0.859375
13832.453125,0.906250
13833.328125,0.875000
13834.171875,0.843750
13835.093750,0.921875
13836.031250,0.937500
13836.906250,0.875000
13842.265625,0.890625
13843.171875,0.906250
13844.046875,0.875000
13844.984375,0.937500
13845.937500,0.953125
13846.812500,0.875000
13847.703125,0.890625
13848.656250,0.953125
13849.515625,0.859375
13850.390625,0.875000
13851.281250,0.890625
13852.203125,0.921875
13853.046875,0.843750
13853.937500,0.890625
13854.859375,0.921875
13855.734375,0.875000
13856.593750,0.859375
13857.500000,0.906250
13858.437500,0.937500
13859.312500,0.875000
13860.187500,0.875000
13861.093750,0.906250
13861.890625,0.796875
13862.875000,0.984375
13863.796875,0.921875
13864.718750,0.921875
13865.609375,0.890625
13866.500000,0.890625
13867.421875,0.921875
13868.296875,0.875000
13869.171875,0.875000
13870.046875,0.875000
13871.000000,0.953125
13871.875000,0.875000
13872.781250,0.906250
13873.734375,0.953125
13874.609375,0.875000
13875.515625,0.906250
13876.421875,0.906250
13877.312500,0.890625
13878.156250,0.843750
13879.031250,0.875000
13879.906250,0.875000
13880.734375,0.828125
13881.593750,0.859375
13882.468750,0.875000
13883.312500,0.843750
13884.156250,0.843750
13885.046875,0.890625
13885.968750,0.921875
13886.859375,0.890625
13887.718750,0.859375
13888.578125,0.859375
13889.453125,0.875000
13890.281250,0.828125
13891.171875,0.890625
13892.062500,0.890625
13892.937500,0.875000
13893.812500,0.875000
13894.703125,0.890625
13895.609375,0.906250
13896.468750,0.859375
13897.328125,0.859375
13898.187500,0.859375
13899.031250,0.843750
13899.890625,0.859375
13900.750000,0.859375
13901.671875,0.921875
13902.531250,0.859375
13903.421875,0.890625
13904.328125,0.906250
13905.187500,0.859375
13906.062500,0.875000
13906.953125,0.890625
13907.875000,0.921875
13908.750000,0.875000
13909.625000,0.875000
13910.546875,0.921875
13911.468750,0.921875
13912.359375,0.890625
13913.296875,0.937500
13914.218750,0.921875
13915.093750,0.875000
13915.953125,0.859375
13916.796875,0.843750
13917.640625,0.843750
13918.468750,0.828125
13919.296875,0.828125
13920.140625,0.843750
13921.015625,0.875000
13921.859375,0.843750
13922.703125,0.843750
13923.546875,0.843750
13924.390625,0.843750
13925.296875,0.906250
13926.156250,0.859375
13927.125000,0.968750
13928.015625,0.890625
13928.921875,0.906250
13929.843750,0.921875
13930.718750,0.875000
13931.593750,0.875000
13932.500000,0.906250
13933.421875,0.921875
13934.265625,0.843750
13935.140625,0.875000
13936.031250,0.890625
13936.875000,0.843750
13937.718750,0.843750
13938.562500,0.843750
13939.453125,0.890625
13940.296875,0.843750
13941.156250,0.859375
13942.031250,0.875000
13942.921875,0.890625
13943.734375,0.812500
13944.625000,0.890625
13945.515625,0.890625
13946.343750,0.828125
13947.234375,0.890625
13948.125000,0.890625
13949.031250,0.906250
13949.875000,0.843750
13950.750000,0.875000
13951.656250,0.906250
13952.484375,0.828125
13953.390625,0.906250
13954.187500,0.796875
13955.140625,0.953125
13956.000000,0.859375
13956.843750,0.843750
13957.734375,0.890625
13958.640625,0.906250
13959.468750,0.828125
13960.375000,0.906250
13961.281250,0.906250
13962.156250,0.875000
13963.015625,0.859375
13963.921875,0.906250
13964.828125,0.906250
13965.687500,0.859375
13966.546875,0.859375
13967.406250,0.859375
13968.250000,0.843750
13969.093750,0.843750
13969.984375,0.890625
13970.906250,0.921875
13971.796875,0.890625
13972.687500,0.890625
13973.625000,0.937500
13974.531250,0.906250
13975.375000,0.843750
13980.609375,0.890625
13985.828125,0.859375
13986.718750,0.890625
13987.562500,0.843750
13988.437500,0.875000
13989.296875,0.859375
13990.187500,0.890625
13991.031250,0.843750
13991.890625,0.859375
13992.718750,0.828125
13993.531250,0.812500
13994.531250,1.000000
13995.421875,0.890625
13996.328125,0.906250
14008.812500,0.687500
14015.250000,0.875000
14015.968750,0.718750
14026.671875,0.984375
14027.656250,0.984375
14028.500000,0.843750
14029.531250,1.031250
14030.468750,0.937500
14031.359375,0.890625
14032.265625,0.906250
14033.187500,0.921875
14034.062500,0.875000
14034.968750,0.906250
14035.890625,0.921875
14036.812500,0.921875
14037.750000,0.937500
14038.781250,1.031250
14039.765625,0.984375
14040.671875,0.906250
14041.640625,0.968750
14042.500000,0.859375
14043.500000,1.000000
14044.453125,0.953125
14045.421875,0.968750
14046.343750,0.921875
14047.171875,0.828125
14048.218750,1.046875
14049.265625,1.046875
14050.203125,0.937500
14051.093750,0.890625
14052.078125,0.984375
14053.031250,0.953125
14054.078125,1.046875
14055.031250,0.953125
14055.984375,0.953125
14056.906250,0.921875
14057.828125,0.921875
14058.718750,0.890625
14059.593750,0.875000
14060.546875,0.953125
14061.484375,0.937500
14062.453125,0.968750
14063.375000,0.921875
14064.421875,1.046875
14065.390625,0.968750
14066.406250,1.015625
14067.375000,0.968750
14068.218750,0.843750
14069.187500,0.968750
14070.187500,1.000000
14071.093750,0.906250
14071.984375,0.890625
14072.859375,0.875000
14073.796875,0.937500
14074.765625,0.968750
14075.687500,0.921875
14076.593750,0.906250
14077.421875,0.828125
14078.390625,0.968750
14079.234375,0.843750
14080.125000,0.890625
14081.015625,0.890625
14081.906250,0.890625
14082.812500,0.906250
14083.671875,0.859375
14084.531250,0.859375
14085.359375,0.828125
14086.187500,0.828125
14087.015625,0.828125
14088.000000,0.984375
14088.921875,0.921875
14089.750000,0.828125
14090.671875,0.921875
14091.671875,1.000000
14092.578125,0.906250
14093.531250,0.953125
14094.375000,0.843750
14095.281250,0.906250
14096.218750,0.937500
14097.109375,0.890625
14098.015625,0.906250
14099.000000,0.984375
14099.921875,0.921875
14100.781250,0.859375
14101.703125,0.921875
14102.671875,0.968750
14103.562500,0.890625
14104.515625,0.953125
14105.515625,1.000000
14106.468750,0.953125
14107.359375,0.890625
14108.281250,0.921875
14109.203125,0.921875
14110.078125,0.875000
14110.937500,0.859375
14111.843750,0.906250
14112.750000,0.906250
14113.593750,0.843750
14114.484375,0.890625
14115.406250,0.921875
14116.312500,0.906250
14117.187500,0.875000
14118.093750,0.906250
14119.078125,0.984375
14119.953125,0.875000
14120.875000,0.921875
14121.812500,0.937500
14122.718750,0.906250
14123.593750,0.875000
14124.484375,0.890625
14125.390625,0.906250
14126.234375,0.843750
14127.125000,0.890625
14127.937500,0.812500
14128.953125,1.015625
14129.812500,0.859375
14130.718750,0.906250
14131.625000,0.906250
14132.515625,0.890625
14133.390625,0.875000
14134.296875,0.906250
14135.171875,0.875000
14136.140625,0.968750
14137.046875,0.906250
14137.984375,0.937500
14138.937500,0.953125
14139.812500,0.875000
14140.765625,0.953125
14141.625000,0.859375
14142.625000,1.000000
14143.453125,0.828125
14144.359375,0.906250
14145.328125,0.968750
14146.203125,0.875000
14147.093750,0.890625
14148.031250,0.937500
14149.000000,0.968750
14149.875000,0.875000
14150.828125,0.953125
14151.687500,0.859375
14152.687500,1.000000
14153.578125,0.890625
14154.515625,0.937500
14155.437500,0.921875
14156.296875,0.859375
14157.234375,0.937500
14158.156250,0.921875
14159.031250,0.875000
14159.921875,0.890625
14160.828125,0.906250
14161.703125,0.875000
14162.562500,0.859375
14163.453125,0.890625
14164.390625,0.937500
14165.250000,0.859375
14166.171875,0.921875
14167.125000,0.953125
14168.062500,0.937500
14168.906250,0.843750
14169.859375,0.953125
14170.906250,1.046875
14171.781250,0.875000
14172.640625,0.859375
14173.500000,0.859375
14174.343750,0.843750
14175.156250,0.812500
14176.015625,0.859375
14176.875000,0.859375
14177.750000,0.875000
14178.609375,0.859375
14179.500000,0.890625
14180.406250,0.906250
14181.281250,0.875000
14182.125000,0.843750
14183.046875,0.921875
14183.875000,0.828125
14184.828125,0.953125
14185.718750,0.890625
14186.687500,0.968750
14187.609375,0.921875
14188.468750,0.859375
14189.375000,0.906250
14190.250000,0.875000
14191.187500,0.937500
14192.015625,0.828125
14192.875000,0.859375
14193.812500,0.937500
14194.703125,0.890625
14195.593750,0.890625
14196.546875,0.953125
14197.453125,0.906250
14198.359375,0.906250
14199.281250,0.921875
14200.218750,0.937500
14201.140625,0.921875
14202.046875,0.906250
14203.000000,0.953125
14203.937500,0.937500
14204.843750,0.906250
14205.703125,0.859375
14206.703125,1.000000
14207.640625,0.937500
14208.562500,0.921875
14209.484375,0.921875
14210.312500,0.828125
14211.312500,1.000000
14212.203125,0.890625
14213.093750,0.890625
14213.984375,0.890625
14214.828125,0.843750
14215.718750,0.890625
14216.593750,0.875000
14217.437500,0.843750
14218.312500,0.875000
14219.171875,0.859375
14220.062500,0.890625
14220.921875,0.859375
14221.796875,0.875000
14222.703125,0.906250
14223.578125,0.875000
14224.453125,0.875000
14225.343750,0.890625
14226.234375,0.890625
14227.078125,0.843750
14227.953125,0.875000
14228.796875,0.843750
14229.640625,0.843750
14230.515625,0.875000
14231.421875,0.906250
14232.312500,0.890625
14233.093750,0.781250
14234.093750,1.000000
14235.031250,0.937500
14235.968750,0.937500
14236.843750,0.875000
14237.750000,0.906250
14238.625000,0.875000
14239.546875,0.921875
14240.390625,0.843750
14241.281250,0.890625
14242.171875,0.890625
14243.078125,0.906250
14243.953125,0.875000
14244.875000,0.921875
14245.828125,0.953125
14246.750000,0.921875
14247.531250,0.781250
14248.531250,1.000000
14249.453125,0.921875
14250.328125,0.875000
14251.171875,0.843750
14252.078125,0.906250
14252.968750,0.890625
14253.828125,0.859375
14254.687500,0.859375
14255.578125,0.890625
14256.484375,0.906250
14257.375000,0.890625
14258.281250,0.906250
14259.203125,0.921875
14260.125000,0.921875
14260.984375,0.859375
14261.875000,0.890625
14262.718750,0.843750
14263.593750,0.875000
14264.437500,0.843750
14265.296875,0.859375
14266.156250,0.859375
14266.968750,0.812500
14267.812500,0.843750
14268.703125,0.890625
14269.531250,0.828125
14270.375000,0.843750
14271.218750,0.843750
14272.046875,0.828125
14272.843750,0.796875
14273.687500,0.843750
14274.515625,0.828125
14275.359375,0.843750
14276.109375,0.750000
14277.093750,0.984375
14277.953125,0.859375
14278.953125,1.000000
14279.859375,0.906250
14280.765625,0.906250
14281.687500,0.921875
14282.546875,0.859375
14283.468750,0.921875
14284.359375,0.890625
14285.203125,0.843750
14286.062500,0.859375
14286.984375,0.921875
14287.906250,0.921875
14288.750000,0.843750
14289.656250,0.906250
14290.546875,0.890625
14291.437500,0.890625
14292.234375,0.796875
14293.218750,0.984375
14294.093750,0.875000
14294.921875,0.828125
14295.781250,0.859375
14296.640625,0.859375
14297.500000,0.859375
14298.328125,0.828125
14299.203125,0.875000
14300.109375,0.906250
14300.906250,0.796875
14301.765625,0.859375
14302.796875,1.031250
14303.718750,0.921875
14304.593750,0.875000
14305.500000,0.906250
14306.406250,0.906250
14307.296875,0.890625
14308.203125,0.906250
14309.125000,0.921875
14310.015625,0.890625
14310.890625,0.875000
14311.781250,0.890625
14312.687500,0.906250
14313.546875,0.859375
14314.406250,0.859375
14315.296875,0.890625
14316.156250,0.859375
14316.968750,0.812500
14317.812500,0.843750
14318.687500,0.875000
14319.562500,0.875000
14320.390625,0.828125
14321.234375,0.843750
14335.515625,0.781250
14336.296875,0.781250
14337.125000,0.828125
14337.968750,0.843750
14338.796875,0.828125
14339.640625,0.843750
14340.546875,0.906250
14341.390625,0.843750
14342.296875,0.906250
14343.250000,0.953125
14344.140625,0.890625
14345.000000,0.859375
14345.906250,0.906250
14346.937500,1.031250
14347.984375,1.046875
14352.953125,0.750000
14353.671875,0.718750
14354.421875,0.750000
14355.187500,0.765625
14356.046875,0.859375
14356.921875,0.875000
14357.781250,0.859375
14358.640625,0.859375
14359.562500,0.921875
14360.531250,0.968750
14361.609375,1.078125
14362.546875,0.937500
14363.531250,0.984375
14364.546875,1.015625
14365.515625,0.968750
14366.484375,0.968750
14367.484375,1.000000
14368.468750,0.984375
14369.406250,0.937500
14370.359375,0.953125
14371.281250,0.921875
14372.171875,0.890625
14373.046875,0.875000
14373.968750,0.921875
14374.890625,0.921875
14375.765625,0.875000
14376.687500,0.921875
14377.609375,0.921875
14378.515625,0.906250
14379.390625,0.875000
14380.265625,0.875000
14381.140625,0.875000
14382.000000,0.859375
14382.843750,0.843750
14383.750000,0.906250
14384.671875,0.921875
14385.437500,0.765625
14390.312500,0.812500
14391.109375,0.796875
14391.968750,0.859375
14392.859375,0.890625
14393.750000,0.890625
14394.734375,0.984375
14395.703125,0.968750
14396.687500,0.984375
14397.671875,0.984375
14398.656250,0.984375
14399.546875,0.890625
14400.406250,0.859375
14406.750000,0.859375
14407.750000,1.000000
14408.765625,1.015625
14410.015625,1.250000
14411.218750,1.203125
14412.343750,1.125000
14413.500000,1.156250
14414.531250,1.031250
14415.531250,1.000000
14416.531250,1.000000
14417.484375,0.953125
14418.453125,0.968750
14419.484375,1.031250
14420.421875,0.937500
14421.281250,0.859375
14422.218750,0.937500
14423.156250,0.937500
14424.062500,0.906250
14425.046875,0.984375
14426.078125,1.031250
14427.078125,1.000000
14428.031250,0.953125
14429.000000,0.968750
14429.968750,0.968750
14430.875000,0.906250
14431.796875,0.921875
14432.718750,0.921875
14433.625000,0.906250
14434.484375,0.859375
14435.328125,0.843750
14436.234375,0.906250
14437.187500,0.953125
14438.093750,0.906250
14439.062500,0.968750
14440.046875,0.984375
14440.968750,0.921875
14441.890625,0.921875
14442.906250,1.015625
14443.828125,0.921875
14444.703125,0.875000
14445.578125,0.875000
14446.468750,0.890625
14447.328125,0.859375
14448.218750,0.890625
14449.140625,0.921875
14450.062500,0.921875
14450.875000,0.812500
14451.875000,1.000000
14452.796875,0.921875
14453.671875,0.875000
14454.609375,0.937500
14455.531250,0.921875
14456.453125,0.921875
14457.328125,0.875000
14458.250000,0.921875
14459.234375,0.984375
14460.140625,0.906250
14461.031250,0.890625
14461.921875,0.890625
14462.812500,0.890625
14463.703125,0.890625
14464.656250,0.953125
14465.703125,1.046875
14466.625000,0.921875
14467.593750,0.968750
14468.578125,0.984375
14469.531250,0.953125
14470.468750,0.937500
14471.421875,0.953125
14472.359375,0.937500
14473.281250,0.921875
14474.218750,0.937500
14475.171875,0.953125
14476.078125,0.906250
14476.984375,0.906250
14477.890625,0.906250
14478.781250,0.890625
14479.625000,0.843750
14480.515625,0.890625
14481.406250,0.890625
14482.234375,0.828125
14483.156250,0.921875
14484.078125,0.921875
14484.984375,0.906250
14485.875000,0.890625
14486.781250,0.906250
14487.687500,0.906250
14488.562500,0.875000
14489.421875,0.859375
14490.312500,0.890625
14491.203125,0.890625
14492.078125,0.875000
14492.968750,0.890625
14493.906250,0.937500
14494.828125,0.921875
14495.750000,0.921875
14496.781250,1.031250
14497.796875,1.015625
14498.750000,0.953125
14499.703125,0.953125
14500.609375,0.906250
14501.515625,0.906250
14502.359375,0.843750
14503.250000,0.890625
14504.171875,0.921875
14505.046875,0.875000
14505.937500,0.890625
14506.843750,0.906250
14507.734375,0.890625
14508.593750,0.859375
14509.500000,0.906250
14510.453125,0.953125
14511.328125,0.875000
14512.218750,0.890625
14513.171875,0.953125
14514.046875,0.875000
14514.921875,0.875000
14515.812500,0.890625
14516.687500,0.875000
14517.515625,0.828125
14518.406250,0.890625
14519.296875,0.890625
14520.203125,0.906250
14521.015625,0.812500
14522.000000,0.984375
14522.859375,0.859375
14523.843750,0.984375
14524.750000,0.906250
14525.671875,0.921875
14526.546875,0.875000
14527.406250,0.859375
14528.328125,0.921875
14529.234375,0.906250
14530.109375,0.875000
14531.031250,0.921875
14532.000000,0.968750
14532.921875,0.921875
14533.828125,0.906250
14534.750000,0.921875
14535.687500,0.937500
14536.578125,0.890625
14537.484375,0.906250
14538.421875,0.937500
14539.312500,0.890625
14540.203125,0.890625
14541.187500,0.984375
14542.078125,0.890625
14542.953125,0.875000
14543.843750,0.890625
14544.750000,0.906250
14545.609375,0.859375
14546.484375,0.875000
14547.375000,0.890625
14548.250000,0.875000
14549.109375,0.859375
14549.984375,0.875000
14550.921875,0.937500
14551.796875,0.875000
14552.703125,0.906250
14553.593750,0.890625
14554.546875,0.953125
14555.421875,0.875000
14556.312500,0.890625
14557.234375,0.921875
14558.140625,0.906250
14559.015625,0.875000
14559.890625,0.875000
14560.765625,0.875000
14561.640625,0.875000
14562.562500,0.921875
14563.468750,0.906250
14564.515625,1.046875
14565.468750,0.953125
14566.421875,0.953125
14567.390625,0.968750
14568.296875,0.906250
14569.234375,0.937500
14570.171875,0.937500
14571.062500,0.890625
14571.968750,0.906250
14572.890625,0.921875
14573.796875,0.906250
14574.671875,0.875000
14575.515625,0.843750
14576.390625,0.875000
14577.250000,0.859375
14578.093750,0.843750
14578.953125,0.859375
14579.843750,0.890625
14580.734375,0.890625
14581.609375,0.875000
14582.500000,0.890625
14583.406250,0.906250
14584.296875,0.890625
14585.171875,0.875000
14586.078125,0.906250
14586.953125,0.875000
14587.828125,0.875000
14588.703125,0.875000
14589.609375,0.906250
14590.484375,0.875000
14591.406250,0.921875
14592.328125,0.921875
14593.281250,0.953125
14594.203125,0.921875
14595.171875,0.968750
14596.171875,1.000000
14597.093750,0.921875
14598.015625,0.921875
14598.953125,0.937500
14599.921875,0.968750
14600.828125,0.906250
14601.781250,0.953125
14602.750000,0.968750
14603.656250,0.906250
14604.562500,0.906250
14605.500000,0.937500
14606.453125,0.953125
14607.312500,0.859375
14608.203125,0.890625
14609.093750,0.890625
14610.000000,0.906250
14610.843750,0.843750
14611.718750,0.875000
14612.609375,0.890625
14613.500000,0.890625
14614.375000,0.875000
14615.218750,0.843750
14616.093750,0.875000
14616.937500,0.843750
14617.781250,0.843750
14618.609375,0.828125
14619.453125,0.843750
14620.265625,0.812500
14621.093750,0.828125
14621.953125,0.859375
14622.921875,0.968750
14623.796875,0.875000
14624.734375,0.937500
14625.640625,0.906250
14626.562500,0.921875
14627.406250,0.843750
14628.312500,0.906250
14629.203125,0.890625
14630.062500,0.859375
14630.921875,0.859375
14631.781250,0.859375
14632.656250,0.875000
14633.484375,0.828125
14634.296875,0.812500
14635.156250,0.859375
14636.062500,0.906250
14636.937500,0.875000
14637.828125,0.890625
14638.765625,0.937500
14639.656250,0.890625
14640.531250,0.875000
14641.453125,0.921875
14642.421875,0.968750
14643.281250,0.859375
14644.156250,0.875000
14645.046875,0.890625
14645.921875,0.875000
14646.765625,0.843750
14647.640625,0.875000
14648.546875,0.906250
14649.390625,0.843750
14650.296875,0.906250
14651.218750,0.921875
14652.156250,0.937500
14653.031250,0.875000
14653.937500,0.906250
14654.875000,0.937500
14655.750000,0.875000
14656.640625,0.890625
14657.546875,0.906250
14658.406250,0.859375
14659.265625,0.859375
14660.140625,0.875000
14661.062500,0.921875
14661.984375,0.921875
14662.875000,0.890625
14663.812500,0.937500
14664.781250,0.968750
14665.687500,0.906250
14666.625000,0.937500
14667.578125,0.953125
14668.500000,0.921875
14669.375000,0.875000
14670.296875,0.921875
14671.234375,0.937500
14672.109375,0.875000
14672.984375,0.875000
14673.890625,0.906250
14674.718750,0.828125
14675.656250,0.937500
14676.531250,0.875000
14677.484375,0.953125
14678.343750,0.859375
14679.218750,0.875000
14680.109375,0.890625
14680.984375,0.875000
14681.843750,0.859375
14682.718750,0.875000
14683.671875,0.953125
14684.578125,0.906250
14685.484375,0.906250
14686.421875,0.937500
14687.359375,0.937500
14688.203125,0.843750
14689.078125,0.875000
14689.953125,0.875000
14690.843750,0.890625
14691.718750,0.875000
14692.656250,0.937500
14693.640625,0.984375
14694.531250,0.890625
14695.437500,0.906250
14696.375000,0.937500
14697.296875,0.921875
14698.171875,0.875000
14699.093750,0.921875
14700.015625,0.921875
14700.906250,0.890625
14701.796875,0.890625
14702.703125,0.906250
14703.640625,0.937500
14704.500000,0.859375
14705.375000,0.875000
14706.234375,0.859375
14707.093750,0.859375
14707.906250,0.812500
14708.765625,0.859375
14709.640625,0.875000
14710.531250,0.890625
14711.406250,0.875000
14712.343750,0.937500
14713.296875,0.953125
14714.203125,0.906250
14715.078125,0.875000
14716.000000,0.921875
14716.937500,0.937500
14717.812500,0.875000
14718.718750,0.906250
14719.656250,0.937500
14720.578125,0.921875
14721.453125,0.875000
14722.328125,0.875000
14723.203125,0.875000
14724.093750,0.890625
14724.953125,0.859375
14725.859375,0.906250
14726.781250,0.921875
14727.656250,0.875000
14728.546875,0.890625
14729.437500,0.890625
14730.312500,0.875000
14731.140625,0.828125
14732.000000,0.859375
14732.859375,0.859375
14733.687500,0.828125
14734.546875,0.859375
14735.406250,0.859375
14736.281250,0.875000
14737.109375,0.828125
14737.984375,0.875000
14738.890625,0.906250
14739.796875,0.906250
14740.656250,0.859375
14741.531250,0.875000
14742.406250,0.875000
14743.281250,0.875000
14744.125000,0.843750
14744.984375,0.859375
14745.875000,0.890625
14746.750000,0.875000
14747.609375,0.859375
14748.531250,0.921875
14749.468750,0.937500
14750.359375,0.890625
14751.281250,0.921875
14752.203125,0.921875
14753.093750,0.890625
14753.953125,0.859375
14754.812500,0.859375
14755.703125,0.890625
14756.562500,0.859375
14757.437500,0.875000
14758.343750,0.906250
14759.312500,0.968750
14760.218750,0.906250
14761.078125,0.859375
14761.953125,0.875000
14762.843750,0.890625
14763.703125,0.859375
14764.546875,0.843750
14765.421875,0.875000
14766.328125,0.906250
14767.203125,0.875000
14768.093750,0.890625
14769.015625,0.921875
14769.953125,0.937500
14770.765625,0.812500
14771.734375,0.968750
14772.609375,0.875000
14773.453125,0.843750
14774.250000,0.796875
14775.093750,0.843750
14776.000000,0.906250
14776.890625,0.890625
14782.281250,0.843750
14783.125000,0.843750
14783.953125,0.828125
14784.812500,0.859375
14785.703125,0.890625
14786.531250,0.828125
14787.390625,0.859375
14795.296875,0.937500
14796.156250,0.859375
14797.031250,0.875000
14797.921875,0.890625
14798.843750,0.921875
14799.687500,0.843750
14800.593750,0.906250
14801.546875,0.953125
14802.484375,0.937500
14803.359375,0.875000
14804.296875,0.937500
14805.234375,0.937500
14806.125000,0.890625
14806.984375,0.859375
14807.890625,0.906250
14808.796875,0.906250
14809.703125,0.906250
14810.578125,0.875000
14811.484375,0.906250
14812.421875,0.937500
14813.250000,0.828125
14814.109375,0.859375
14815.015625,0.906250
14815.875000,0.859375
14816.703125,0.828125
14817.578125,0.875000
14818.468750,0.890625
14819.328125,0.859375
14820.203125,0.875000
14821.109375,0.906250
14822.000000,0.890625
14822.875000,0.875000
14823.765625,0.890625
14824.671875,0.906250
14825.515625,0.843750
14826.359375,0.843750
14827.218750,0.859375
14828.125000,0.906250
14828.937500,0.812500
14829.796875,0.859375
14830.687500,0.890625
14831.531250,0.843750
14848.734375,0.671875
14849.375000,0.640625
14850.062500,0.687500
14850.718750,0.656250
14851.375000,0.656250
14852.046875,0.671875
14852.703125,0.656250
14853.343750,0.640625
14853.984375,0.640625
14854.625000,0.640625
14855.265625,0.640625
14855.937500,0.671875
14856.640625,0.703125
14857.390625,0.750000
14858.265625,0.875000
14863.437500,0.953125
14864.375000,0.937500
14865.328125,0.953125
14866.312500,0.984375
14867.234375,0.921875
14868.156250,0.921875
14869.093750,0.937500
14870.015625,0.921875
14871.109375,1.093750
14872.234375,1.125000
14873.234375,1.000000
14874.140625,0.906250
14875.031250,0.890625
14875.906250,0.875000
14876.796875,0.890625
14877.718750,0.921875
14878.640625,0.921875
14879.656250,1.015625
14880.734375,1.078125
14881.687500,0.953125
14882.703125,1.015625
14883.718750,1.015625
14884.671875,0.953125
14885.656250,0.984375
14886.671875,1.015625
14887.687500,1.015625
14888.671875,0.984375
14889.640625,0.968750
14890.562500,0.921875
14891.500000,0.937500
14892.453125,0.953125
14893.375000,0.921875
14894.296875,0.921875
14895.218750,0.921875
14896.093750,0.875000
14897.015625,0.921875
14897.984375,0.968750
14898.890625,0.906250
14899.796875,0.906250
14900.718750,0.921875
14901.625000,0.906250
14902.531250,0.906250
14903.453125,0.921875
14904.390625,0.937500
14905.265625,0.875000
14906.156250,0.890625
14907.078125,0.921875
14908.000000,0.921875
14908.890625,0.890625
14909.796875,0.906250
14910.718750,0.921875
14911.593750,0.875000
14912.484375,0.890625
14913.421875,0.937500
14914.296875,0.875000
14915.218750,0.921875
14916.156250,0.937500
14917.046875,0.890625
14917.953125,0.906250
14918.921875,0.968750
14919.859375,0.937500
14920.781250,0.921875
14921.718750,0.937500
14922.703125,0.984375
14923.656250,0.953125
14924.562500,0.906250
14932.296875,0.734375
14933.062500,0.765625
14933.796875,0.734375
14934.500000,0.703125
14935.250000,0.750000
14935.984375,0.734375
14936.734375,0.750000
14937.453125,0.718750
14938.218750,0.765625
14939.015625,0.796875
14939.812500,0.796875
14940.656250,0.843750
14941.484375,0.828125
14942.328125,0.843750
14943.171875,0.843750
14944.015625,0.843750
14944.843750,0.828125
14945.640625,0.796875
14946.500000,0.859375
14947.437500,0.937500
14948.312500,0.875000
14949.250000,0.937500
14950.218750,0.968750
14951.109375,0.890625
14952.046875,0.937500
14953.000000,0.953125
14953.890625,0.890625
14954.781250,0.890625
14955.718750,0.937500
14956.703125,0.984375
14957.640625,0.937500
14958.640625,1.000000
14959.625000,0.984375
14960.546875,0.921875
14961.468750,0.921875
14962.421875,0.953125
14963.328125,0.906250
14964.234375,0.906250
14965.218750,0.984375
14966.156250,0.937500
14967.062500,0.906250
14968.000000,0.937500
14968.921875,0.921875
14969.796875,0.875000
14970.687500,0.890625
14971.562500,0.875000
14972.421875,0.859375
14973.281250,0.859375
14974.125000,0.843750
14974.937500,0.812500
14975.765625,0.828125
14976.609375,0.843750
14977.484375,0.875000
14978.343750,0.859375
14979.125000,0.781250
14979.890625,0.765625
14980.640625,0.750000
14981.375000,0.734375
14985.890625,0.765625
14986.687500,0.796875
14987.515625,0.828125
14988.328125,0.812500
14989.187500,0.859375
14990.078125,0.890625
14991.015625,0.937500
14991.906250,0.890625
14992.859375,0.953125
14993.828125,0.968750
14994.718750,0.890625
14995.671875,0.953125
14996.625000,0.953125
14997.546875,0.921875
14998.531250,0.984375
14999.671875,1.140625
15000.703125,1.031250
15001.734375,1.031250
15002.781250,1.046875
15003.703125,0.921875
15004.625000,0.921875
15005.578125,0.953125
15006.515625,0.937500
15007.406250,0.890625
15008.359375,0.953125
15009.328125,0.968750
15010.218750,0.890625
15011.125000,0.906250
15012.046875,0.921875
15012.937500,0.890625
15013.843750,0.906250
15014.812500,0.968750
15015.765625,0.953125
15016.671875,0.906250
15017.609375,0.937500
15018.609375,1.000000
15019.531250,0.921875
15020.468750,0.937500
15021.421875,0.953125
15022.312500,0.890625
15023.171875,0.859375
15024.078125,0.906250
15025.000000,0.921875
15025.859375,0.859375
15026.796875,0.937500
15027.718750,0.921875
15028.609375,0.890625
15029.500000,0.890625
15030.406250,0.906250
15031.281250,0.875000
15032.125000,0.843750
15038.171875,0.781250
15039.015625,0.843750
15039.843750,0.828125
15040.750000,0.906250
15041.718750,0.968750
15042.640625,0.921875
15043.593750,0.953125
15044.578125,0.984375
15045.484375,0.906250
15046.375000,0.890625
15047.265625,0.890625
15048.156250,0.890625
15049.031250,0.875000
15049.937500,0.906250
15050.828125,0.890625
15059.093750,0.765625
15059.843750,0.750000
15060.656250,0.812500
15061.531250,0.875000
15062.375000,0.843750
15063.234375,0.859375
15064.140625,0.906250
15065.062500,0.921875
15065.937500,0.875000
15066.859375,0.921875
15067.812500,0.953125
15068.703125,0.890625
15069.640625,0.937500
15070.671875,1.031250
15071.609375,0.937500
15072.546875,0.937500
15073.515625,0.968750
15074.406250,0.890625
15075.281250,0.875000
15076.171875,0.890625
15077.046875,0.875000
15077.906250,0.859375
15078.796875,0.890625
15079.734375,0.937500
15080.625000,0.890625
15081.484375,0.859375
15082.375000,0.890625
15083.265625,0.890625
15084.093750,0.828125
15084.968750,0.875000
15085.890625,0.921875
15086.750000,0.859375
15087.625000,0.875000
15088.515625,0.890625
15089.359375,0.843750
15090.187500,0.828125
15091.062500,0.875000
15091.968750,0.906250
15092.828125,0.859375
15093.734375,0.906250
15094.687500,0.953125
15095.609375,0.921875
15096.468750,0.859375
15097.375000,0.906250
15098.265625,0.890625
15099.109375,0.843750
15100.015625,0.906250
15100.968750,0.953125
15101.890625,0.921875
15102.828125,0.937500
15103.781250,0.953125
15104.765625,0.984375
15105.656250,0.890625
15106.562500,0.906250
15107.484375,0.921875
15108.375000,0.890625
15109.265625,0.890625
15110.187500,0.921875
15111.109375,0.921875
15111.984375,0.875000
15112.921875,0.937500
15113.890625,0.968750
15114.828125,0.937500
15115.718750,0.890625
15116.656250,0.937500
15117.578125,0.921875
15118.421875,0.843750
15119.281250,0.859375
15120.140625,0.859375
15121.046875,0.906250
15121.937500,0.890625
15122.906250,0.968750
15123.906250,1.000000
15124.843750,0.937500
15125.781250,0.937500
15126.734375,0.953125
15127.671875,0.937500
15128.531250,0.859375
15129.406250,0.875000
15130.312500,0.906250
15131.140625,0.828125
15132.000000,0.859375
15132.875000,0.875000
15133.765625,0.890625
15134.656250,0.890625
15135.578125,0.921875
15136.562500,0.984375
15137.546875,0.984375
15138.468750,0.921875
15139.406250,0.937500
15140.359375,0.953125
15141.265625,0.906250
15142.171875,0.906250
15143.078125,0.906250
15144.031250,0.953125
15144.921875,0.890625
15145.796875,0.875000
15146.718750,0.921875
15147.625000,0.906250
15148.500000,0.875000
15149.390625,0.890625
15150.343750,0.953125
15151.218750,0.875000
15152.062500,0.843750
15152.921875,0.859375
15153.796875,0.875000
15154.640625,0.843750
15155.468750,0.828125
15156.390625,0.921875
15157.265625,0.875000
15158.140625,0.875000
15159.031250,0.890625
15159.968750,0.937500
15160.859375,0.890625
15161.687500,0.828125
15162.562500,0.875000
15163.453125,0.890625
15164.328125,0.875000
15165.187500,0.859375
15166.078125,0.890625
15167.031250,0.953125
15167.937500,0.906250
15168.843750,0.906250
15169.796875,0.953125
15170.718750,0.921875
15171.578125,0.859375
15172.468750,0.890625
15173.375000,0.906250
15174.218750,0.843750
15175.093750,0.875000
15176.015625,0.921875
15176.921875,0.906250
15177.812500,0.890625
15178.703125,0.890625
15179.640625,0.937500
15180.546875,0.906250
15181.437500,0.890625
15182.296875,0.859375
15183.187500,0.890625
15184.078125,0.890625
15184.937500,0.859375
15185.812500,0.875000
15186.703125,0.890625
15187.593750,0.890625
15188.468750,0.875000
15189.359375,0.890625
15190.250000,0.890625
15191.109375,0.859375
15192.031250,0.921875
15192.921875,0.890625
15193.765625,0.843750
15194.625000,0.859375
15195.500000,0.875000
15196.390625,0.890625
15197.218750,0.828125
15198.093750,0.875000
15199.031250,0.937500
15199.921875,0.890625
15200.750000,0.828125
15201.640625,0.890625
15202.562500,0.921875
15203.468750,0.906250
15204.390625,0.921875
15205.312500,0.921875
15206.203125,0.890625
15207.062500,0.859375
15207.906250,0.843750
15208.765625,0.859375
15209.625000,0.859375
15210.453125,0.828125
15211.312500,0.859375
15212.203125,0.890625
15213.109375,0.906250
15213.984375,0.875000
15214.875000,0.890625
15215.796875,0.921875
15216.640625,0.843750
15217.500000,0.859375
15218.375000,0.875000
15219.281250,0.906250
15220.125000,0.843750
15220.984375,0.859375
15221.875000,0.890625
15222.750000,0.875000
15223.609375,0.859375
15224.500000,0.890625
15225.390625,0.890625
15226.250000,0.859375
15227.156250,0.906250
15228.093750,0.937500
15229.000000,0.906250
15229.890625,0.890625
15230.796875,0.906250
15231.734375,0.937500
15232.593750,0.859375
15233.484375,0.890625
15234.390625,0.906250
15235.250000,0.859375
15236.093750,0.843750
15237.015625,0.921875
15237.921875,0.906250
15238.796875,0.875000
15239.671875,0.875000
15240.562500,0.890625
15241.468750,0.906250
15242.312500,0.843750
15243.171875,0.859375
15244.078125,0.906250
15244.921875,0.843750
15245.750000,0.828125
15246.625000,0.875000
15247.531250,0.906250
15248.390625,0.859375
15249.281250,0.890625
15250.187500,0.906250
15251.093750,0.906250
15251.953125,0.859375
15252.828125,0.875000
15253.703125,0.875000
15254.531250,0.828125
15255.421875,0.890625
15256.312500,0.890625
15257.171875,0.859375
15258.062500,0.890625
15259.015625,0.953125
15259.921875,0.906250
15260.796875,0.875000
15261.734375,0.937500
15262.625000,0.890625
15263.468750,0.843750
15264.328125,0.859375
15265.203125,0.875000
15266.031250,0.828125
15266.890625,0.859375
15267.781250,0.890625
15268.671875,0.890625
15269.515625,0.843750
15270.406250,0.890625
15271.312500,0.906250
15272.187500,0.875000
15273.046875,0.859375
15273.937500,0.890625
15274.828125,0.890625
15275.687500,0.859375
15276.515625,0.828125
15277.375000,0.859375
15278.250000,0.875000
15279.078125,0.828125
15279.906250,0.828125
15280.781250,0.875000
15281.703125,0.921875
15282.562500,0.859375
15283.468750,0.906250
15284.421875,0.953125
15285.312500,0.890625
15286.187500,0.875000
15287.109375,0.921875
15288.000000,0.890625
15288.828125,0.828125
15289.687500,0.859375
15290.546875,0.859375
15291.406250,0.859375
15292.281250,0.875000
15293.203125,0.921875
15294.125000,0.921875
15295.015625,0.890625
15295.937500,0.921875
15296.875000,0.937500
15297.734375,0.859375
15298.562500,0.828125
15299.437500,0.875000
15300.296875,0.859375
15301.109375,0.812500
15301.953125,0.843750
15302.828125,0.875000
15303.718750,0.890625
15304.578125,0.859375
15305.484375,0.906250
15306.437500,0.953125
15307.359375,0.921875
15308.281250,0.921875
15309.218750,0.937500
15310.140625,0.921875
15310.984375,0.843750
15311.843750,0.859375
15312.718750,0.875000
15313.578125,0.859375
15314.406250,0.828125
15315.265625,0.859375
15316.156250,0.890625
15317.015625,0.859375
15317.875000,0.859375
15318.750000,0.875000
15319.640625,0.890625
15320.500000,0.859375
15321.359375,0.859375
15322.234375,0.875000
15323.140625,0.906250
15323.984375,0.843750
15324.859375,0.875000
15325.765625,0.906250
15326.625000,0.859375
15327.484375,0.859375
15328.375000,0.890625
15329.250000,0.875000
15330.125000,0.875000
15331.078125,0.953125
15332.015625,0.937500
15332.890625,0.875000
15333.765625,0.875000
15334.656250,0.890625
15335.515625,0.859375
15336.359375,0.843750
15337.203125,0.843750
15338.093750,0.890625
15338.968750,0.875000
15339.828125,0.859375
15340.734375,0.906250
15341.671875,0.937500
15342.531250,0.859375
15343.437500,0.906250
15344.343750,0.906250
15345.218750,0.875000
15346.109375,0.890625
15347.015625,0.906250
15347.937500,0.921875
15348.781250,0.843750
15349.671875,0.890625
15350.578125,0.906250
15351.453125,0.875000
15352.265625,0.812500
15353.125000,0.859375
15353.984375,0.859375
15354.812500,0.828125
15355.640625,0.828125
15356.500000,0.859375
15357.390625,0.890625
15358.218750,0.828125
15359.078125,0.859375
15359.968750,0.890625
15360.828125,0.859375
15361.671875,0.843750
15362.531250,0.859375
15363.421875,0.890625
15364.250000,0.828125
15365.125000,0.875000
15366.015625,0.890625
15366.859375,0.843750
15367.718750,0.859375
15368.609375,0.890625
15369.500000,0.890625
15370.375000,0.875000
15371.218750,0.843750
15372.078125,0.859375
15372.937500,0.859375
15373.781250,0.843750
15374.640625,0.859375
15375.515625,0.875000
15376.390625,0.875000
15377.234375,0.843750
15378.062500,0.828125
15378.937500,0.875000
15379.812500,0.875000
15380.640625,0.828125
15381.500000,0.859375
15382.375000,0.875000
15383.250000,0.875000
15384.078125,0.828125
15384.921875,0.843750
15385.812500,0.890625
15386.671875,0.859375
15387.500000,0.828125
15388.390625,0.890625
15389.296875,0.906250
15390.187500,0.890625
15391.031250,0.843750
15391.921875,0.890625
15392.812500,0.890625
15393.656250,0.843750
15394.515625,0.859375
15395.359375,0.843750
15396.234375,0.875000
15397.062500,0.828125
15397.906250,0.843750
15398.781250,0.875000
15399.656250,0.875000
15400.484375,0.828125
15401.359375,0.875000
15402.250000,0.890625
15403.093750,0.843750
15403.953125,0.859375
15404.828125,0.875000
15405.703125,0.875000
15406.546875,0.843750
15407.421875,0.875000
15408.281250,0.859375
15409.125000,0.843750
15409.984375,0.859375
15410.890625,0.906250
15411.765625,0.875000
15412.609375,0.843750
15413.484375,0.875000
15414.375000,0.890625
15415.250000,0.875000
15416.093750,0.843750
15416.906250,0.812500
15417.734375,0.828125
15418.515625,0.781250
15419.328125,0.812500
15420.125000,0.796875
15420.953125,0.828125
15421.781250,0.828125
15422.625000,0.843750
15423.453125,0.828125
15424.281250,0.828125
15425.125000,0.843750
15425.984375,0.859375
15426.828125,0.843750
15427.703125,0.875000
15428.578125,0.875000
15429.484375,0.906250
15430.343750,0.859375
15431.218750,0.875000
15432.140625,0.921875
15433.015625,0.875000
15433.859375,0.843750
15434.703125,0.843750
15435.546875,0.843750
15436.359375,0.812500
15437.187500,0.828125
15438.046875,0.859375
15438.890625,0.843750
15439.750000,0.859375
15440.609375,0.859375
15441.484375,0.875000
15442.343750,0.859375
15443.171875,0.828125
15444.046875,0.875000
15444.953125,0.906250
15445.796875,0.843750
15446.703125,0.906250
15447.609375,0.906250
15448.484375,0.875000
15449.375000,0.890625
15450.281250,0.906250
15451.156250,0.875000
15452.015625,0.859375
15452.906250,0.890625
15453.796875,0.890625
15454.656250,0.859375
15455.531250,0.875000
15456.421875,0.890625
15457.328125,0.906250
15458.203125,0.875000
15459.109375,0.906250
15460.031250,0.921875
15460.937500,0.906250
15461.812500,0.875000
15462.750000,0.937500
15463.671875,0.921875
15464.531250,0.859375
15465.421875,0.890625
15466.312500,0.890625
15467.187500,0.875000
15468.031250,0.843750
15468.859375,0.828125
15469.703125,0.843750
15470.609375,0.906250
15471.468750,0.859375
15472.343750,0.875000
15473.265625,0.921875
15474.156250,0.890625
15475.031250,0.875000
15475.890625,0.859375
15476.812500,0.921875
15477.687500,0.875000
15478.562500,0.875000
15479.406250,0.843750
15480.250000,0.843750
15481.062500,0.812500
15481.875000,0.812500
15482.765625,0.890625
15483.687500,0.921875
15484.578125,0.890625
15485.484375,0.906250
15486.421875,0.937500
15487.359375,0.937500
15488.250000,0.890625
15489.156250,0.906250
15490.109375,0.953125
15490.968750,0.859375
15491.843750,0.875000
15492.750000,0.906250
15493.656250,0.906250
15494.500000,0.843750
15495.390625,0.890625
15496.312500,0.921875
15497.218750,0.906250
15498.062500,0.843750
15498.953125,0.890625
15499.875000,0.921875
15500.781250,0.906250
15501.640625,0.859375
15502.546875,0.906250
15503.453125,0.906250
15504.343750,0.890625
15505.203125,0.859375
15506.062500,0.859375
15506.937500,0.875000
15507.781250,0.843750
15508.625000,0.843750
15509.515625,0.890625
15510.421875,0.906250
15511.265625,0.843750
15512.156250,0.890625
15513.062500,0.906250
15513.953125,0.890625
15514.796875,0.843750
15515.687500,0.890625
15516.562500,0.875000
15517.437500,0.875000
15518.296875,0.859375
15519.171875,0.875000
15520.093750,0.921875
15520.953125,0.859375
15521.843750,0.890625
15522.765625,0.921875
15523.687500,0.921875
15524.562500,0.875000
15525.468750,0.906250
15526.390625,0.921875
15527.281250,0.890625
15528.156250,0.875000
15529.046875,0.890625
15529.984375,0.937500
15530.843750,0.859375
15531.750000,0.906250
15532.703125,0.953125
15533.625000,0.921875
15534.515625,0.890625
15535.453125,0.937500
15536.406250,0.953125
15537.296875,0.890625
15538.203125,0.906250
15539.156250,0.953125
15540.062500,0.906250
15540.953125,0.890625
15541.859375,0.906250
15542.734375,0.875000
15543.609375,0.875000
15544.468750,0.859375
15545.359375,0.890625
15546.250000,0.890625
15547.109375,0.859375
15547.984375,0.875000
15548.890625,0.906250
15549.765625,0.875000
15550.640625,0.875000
15551.531250,0.890625
15552.375000,0.843750
15553.218750,0.843750
15554.109375,0.890625
15554.968750,0.859375
15555.796875,0.828125
15556.656250,0.859375
15557.531250,0.875000
15558.359375,0.828125
15559.250000,0.890625
15560.125000,0.875000
15560.984375,0.859375
15561.828125,0.843750
15562.703125,0.875000
15563.671875,0.968750
15564.546875,0.875000
15565.421875,0.875000
15566.312500,0.890625
15567.171875,0.859375
15568.015625,0.843750
15568.859375,0.843750
15569.750000,0.890625
15570.593750,0.843750
15571.484375,0.890625
15572.390625,0.906250
15573.281250,0.890625
15574.140625,0.859375
15575.015625,0.875000
15575.921875,0.906250
15576.796875,0.875000
15577.640625,0.843750
15578.531250,0.890625
15579.421875,0.890625
15580.281250,0.859375
15581.109375,0.828125
15582.015625,0.906250
15582.921875,0.906250
15583.781250,0.859375
15584.640625,0.859375
15585.515625,0.875000
15586.375000,0.859375
15587.218750,0.843750
15588.093750,0.875000
15589.015625,0.921875
15589.875000,0.859375
15590.750000,0.875000
15591.625000,0.875000
15592.531250,0.906250
15593.390625,0.859375
15594.218750,0.828125
15595.031250,0.812500
15595.843750,0.812500
15596.593750,0.750000
15597.359375,0.765625
15598.093750,0.734375
15598.843750,0.750000
15599.578125,0.734375
15600.328125,0.750000
15601.093750,0.765625
15601.875000,0.781250
15602.718750,0.843750
15603.515625,0.796875
15604.406250,0.890625
15605.250000,0.843750
15606.250000,1.000000
15607.156250,0.906250
15608.109375,0.953125
15609.062500,0.953125
15609.921875,0.859375
15610.843750,0.921875
15611.812500,0.968750
15612.781250,0.968750
15613.718750,0.937500
15614.828125,1.109375
15615.859375,1.031250
15616.796875,0.937500
15617.781250,0.984375
15618.750000,0.968750
15619.671875,0.921875
15620.578125,0.906250
15621.531250,0.953125
15622.453125,0.921875
15623.328125,0.875000
15624.203125,0.875000
15625.156250,0.953125
15626.031250,0.875000
15626.968750,0.937500
15627.921875,0.953125
15628.828125,0.906250
15629.734375,0.906250
15630.656250,0.921875
15631.546875,0.890625
15632.421875,0.875000
15633.296875,0.875000
15634.234375,0.937500
15635.125000,0.890625
15636.031250,0.906250
15636.953125,0.921875
15637.859375,0.906250
15638.687500,0.828125
15639.546875,0.859375
15640.421875,0.875000
15641.281250,0.859375
15642.140625,0.859375
15643.046875,0.906250
15643.937500,0.890625
15644.828125,0.890625
15645.687500,0.859375
15646.578125,0.890625
15647.468750,0.890625
15648.328125,0.859375
15649.140625,0.812500
15650.015625,0.875000
15650.875000,0.859375
15651.734375,0.859375
15652.625000,0.890625
15653.578125,0.953125
15654.515625,0.937500
15655.390625,0.875000
15656.312500,0.921875
15657.250000,0.937500
15658.125000,0.875000
15659.015625,0.890625
15659.937500,0.921875
15660.828125,0.890625
15661.671875,0.843750
15662.562500,0.890625
15663.437500,0.875000
15664.296875,0.859375
15665.125000,0.828125
15666.015625,0.890625
15666.921875,0.906250
15667.796875,0.875000
15668.687500,0.890625
15669.609375,0.921875
15670.500000,0.890625
15671.375000,0.875000
15672.265625,0.890625
15673.125000,0.859375
15673.968750,0.843750
15674.843750,0.875000
15675.765625,0.921875
15676.609375,0.843750
15677.453125,0.843750
15678.343750,0.890625
15679.265625,0.921875
15680.203125,0.937500
15681.171875,0.968750
15682.234375,1.062500
15683.171875,0.937500
15684.062500,0.890625
15685.171875,1.109375
15686.093750,0.921875
15687.015625,0.921875
15687.937500,0.921875
15688.890625,0.953125
15689.765625,0.875000
15690.671875,0.906250
15691.609375,0.937500
15692.500000,0.890625
15693.343750,0.843750
15694.171875,0.828125
15695.031250,0.859375
15695.906250,0.875000
15696.750000,0.843750
15697.625000,0.875000
15698.546875,0.921875
15699.406250,0.859375
15700.281250,0.875000
15701.187500,0.906250
15702.078125,0.890625
15702.921875,0.843750
15703.796875,0.875000
15704.687500,0.890625
15705.562500,0.875000
15706.437500,0.875000
15707.296875,0.859375
15708.187500,0.890625
15709.015625,0.828125
15709.875000,0.859375
15710.765625,0.890625
15711.640625,0.875000
15712.468750,0.828125
15713.343750,0.875000
15714.203125,0.859375
15715.046875,0.843750
15715.906250,0.859375
15716.781250,0.875000
15717.671875,0.890625
15718.531250,0.859375
15719.421875,0.890625
15720.312500,0.890625
15721.171875,0.859375
15722.000000,0.828125
15722.875000,0.875000
15723.781250,0.906250
15724.640625,0.859375
15725.500000,0.859375
15726.390625,0.890625
15727.265625,0.875000
15728.125000,0.859375
15729.015625,0.890625
15729.906250,0.890625
15730.765625,0.859375
15731.609375,0.843750
15732.437500,0.828125
15733.234375,0.796875
15734.000000,0.765625
15734.812500,0.812500
15735.718750,0.906250
15736.609375,0.890625
15737.531250,0.921875
15743.046875,0.859375
15743.906250,0.859375
15744.781250,0.875000
15745.625000,0.843750
15746.468750,0.843750
15747.328125,0.859375
15748.265625,0.937500
15749.140625,0.875000
15750.062500,0.921875
15751.015625,0.953125
15751.937500,0.921875
15752.828125,0.890625
15753.750000,0.921875
15754.687500,0.937500
15755.578125,0.890625
15756.500000,0.921875
15757.437500,0.937500
15758.375000,0.937500
15759.234375,0.859375
15760.125000,0.890625
15761.031250,0.906250
15761.875000,0.843750
15762.734375,0.859375
15763.609375,0.875000
15764.468750,0.859375
15765.281250,0.812500
15766.140625,0.859375
15767.000000,0.859375
15767.875000,0.875000
15768.703125,0.828125
15769.593750,0.890625
15770.484375,0.890625
15771.359375,0.875000
15772.234375,0.875000
15773.171875,0.937500
15774.109375,0.937500
15775.000000,0.890625
15775.859375,0.859375
15776.796875,0.937500
15777.671875,0.875000
15778.531250,0.859375
15779.390625,0.859375
15780.312500,0.921875
15781.187500,0.875000
15782.062500,0.875000
15782.984375,0.921875
15783.890625,0.906250
15784.750000,0.859375
15785.625000,0.875000
15786.500000,0.875000
15787.390625,0.890625
15788.218750,0.828125
15789.046875,0.828125
15789.890625,0.843750
15790.750000,0.859375
15791.578125,0.828125
15792.406250,0.828125
15793.187500,0.781250
15794.109375,0.921875
15794.937500,0.828125
15795.796875,0.859375
15796.671875,0.875000
15797.500000,0.828125
15798.359375,0.859375
15799.250000,0.890625
15800.109375,0.859375
15800.921875,0.812500
15801.765625,0.843750
15802.609375,0.843750
15803.406250,0.796875
15804.234375,0.828125
15805.078125,0.843750
15805.968750,0.890625
15806.843750,0.875000
15807.750000,0.906250
15808.687500,0.937500
15809.562500,0.875000
15810.437500,0.875000
15811.296875,0.859375
15812.203125,0.906250
15813.031250,0.828125
15813.875000,0.843750
15814.781250,0.906250
15815.671875,0.890625
15816.531250,0.859375
15817.500000,0.968750
15818.484375,0.984375
15819.406250,0.921875
15820.328125,0.921875
15821.265625,0.937500
15822.218750,0.953125
15823.125000,0.906250
15824.031250,0.906250
15824.953125,0.921875
15825.812500,0.859375
15826.703125,0.890625
15827.609375,0.906250
15828.515625,0.906250
15829.390625,0.875000
15830.312500,0.921875
15831.265625,0.953125
15832.156250,0.890625
15833.062500,0.906250
15833.984375,0.921875
15834.875000,0.890625
15835.718750,0.843750
15836.609375,0.890625
15837.531250,0.921875
15838.406250,0.875000
15839.265625,0.859375
15840.156250,0.890625
15841.062500,0.906250
15841.921875,0.859375
15842.796875,0.875000
15843.703125,0.906250
15844.656250,0.953125
15845.546875,0.890625
15846.437500,0.890625
15847.375000,0.937500
15848.250000,0.875000
15849.093750,0.843750
15849.984375,0.890625
15850.859375,0.875000
15851.703125,0.843750
15852.593750,0.890625
15853.484375,0.890625
15854.375000,0.890625
15855.250000,0.875000
15856.125000,0.875000
15857.031250,0.906250
15857.890625,0.859375
15858.765625,0.875000
15859.671875,0.906250
15860.546875,0.875000
15861.390625,0.843750
15862.250000,0.859375
15863.125000,0.875000
15864.000000,0.875000
15864.843750,0.843750
15865.718750,0.875000
15866.640625,0.921875
15867.468750,0.828125
15868.343750,0.875000
15869.250000,0.906250
15870.156250,0.906250
15871.015625,0.859375
15871.906250,0.890625
15872.796875,0.890625
15873.687500,0.890625
15874.531250,0.843750
15875.406250,0.875000
15876.312500,0.906250
15877.171875,0.859375
15878.031250,0.859375
15878.906250,0.875000
15879.781250,0.875000
15880.640625,0.859375
15881.500000,0.859375
15882.406250,0.906250
15883.312500,0.906250
15884.171875,0.859375
15885.093750,0.921875
15886.015625,0.921875
15886.859375,0.843750
15887.718750,0.859375
15888.562500,0.843750
15889.421875,0.859375
15890.234375,0.812500
15901.687500,0.796875
15902.484375,0.796875
15903.312500,0.828125
15904.171875,0.859375
15905.046875,0.875000
15905.906250,0.859375
15906.781250,0.875000
15907.687500,0.906250
15908.562500,0.875000
15909.453125,0.890625
15910.406250,0.953125
15911.343750,0.937500
15912.234375,0.890625
15913.093750,0.859375
15914.171875,1.078125
15920.718750,0.968750
15921.500000,0.781250
15922.515625,1.015625
15923.453125,0.937500
15924.343750,0.890625
15925.203125,0.859375
15926.062500,0.859375
15926.875000,0.812500
15927.687500,0.812500
15928.578125,0.890625
15929.562500,0.984375
15930.406250,0.843750
15935.609375,1.000000
15936.515625,0.906250
15937.406250,0.890625
15938.312500,0.906250
15939.171875,0.859375
15940.046875,0.875000
15940.937500,0.890625
15941.875000,0.937500
15942.781250,0.906250
15943.750000,0.968750
15944.750000,1.000000
15945.671875,0.921875
15946.625000,0.953125
15947.609375,0.984375
15948.484375,0.875000
15949.437500,0.953125
15950.375000,0.937500
15951.250000,0.875000
15952.109375,0.859375
15952.968750,0.859375
15953.875000,0.906250
15954.734375,0.859375
15955.546875,0.812500
15956.390625,0.843750
15957.265625,0.875000
15958.109375,0.843750
15958.984375,0.875000
15959.906250,0.921875
15960.828125,0.921875
15967.343750,0.968750
15968.234375,0.890625
15969.156250,0.921875
15970.093750,0.937500
15971.015625,0.921875
15976.453125,0.937500
15977.406250,0.953125
15978.312500,0.906250
15979.203125,0.890625
15980.125000,0.921875
15981.046875,0.921875
15981.937500,0.890625
15982.812500,0.875000
15983.750000,0.937500
15984.640625,0.890625
15985.546875,0.906250
15996.484375,0.781250
15997.328125,0.843750
15998.156250,0.828125
15999.015625,0.859375
15999.906250,0.890625
16000.796875,0.890625
16001.656250,0.859375
16002.593750,0.937500
16003.515625,0.921875
16004.421875,0.906250
16005.390625,0.968750
16006.390625,1.000000
16007.328125,0.937500
16008.296875,0.968750
16009.250000,0.953125
16010.156250,0.906250
16011.093750,0.937500
16016.796875,0.890625
16017.750000,0.953125
16018.703125,0.953125
16019.593750,0.890625
16020.468750,0.875000
16021.375000,0.906250
16022.296875,0.921875
16023.140625,0.843750
16024.046875,0.906250
16024.953125,0.906250
16025.875000,0.921875
16026.734375,0.859375
16027.625000,0.890625
16028.515625,0.890625
16029.390625,0.875000
16030.265625,0.875000
16031.187500,0.921875
16032.125000,0.937500
16032.984375,0.859375
16033.890625,0.906250
16034.781250,0.890625
16035.640625,0.859375
16036.484375,0.843750
16037.312500,0.828125
16038.109375,0.796875
16038.906250,0.796875
16039.750000,0.843750
16040.578125,0.828125
16041.406250,0.828125
16042.296875,0.890625
16043.203125,0.906250
16044.062500,0.859375
16044.953125,0.890625
16045.921875,0.968750
16046.828125,0.906250
16047.750000,0.921875
16048.703125,0.953125
16049.656250,0.953125
16050.546875,0.890625
16051.484375,0.937500
16052.453125,0.968750
16053.343750,0.890625
16054.281250,0.937500
16055.250000,0.968750
16056.171875,0.921875
16057.062500,0.890625
16058.031250,0.968750
16079.515625,0.718750
16080.234375,0.718750
16081.000000,0.765625
16081.781250,0.781250
16082.562500,0.781250
16083.328125,0.765625
16084.125000,0.796875
16084.937500,0.812500
16085.750000,0.812500
16086.546875,0.796875
16087.359375,0.812500
16088.171875,0.812500
16089.000000,0.828125
16089.812500,0.812500
16114.546875,0.703125
16115.265625,0.718750
16115.968750,0.703125
16116.718750,0.750000
16117.468750,0.750000
16118.250000,0.781250
16119.062500,0.812500
16119.859375,0.796875
16120.640625,0.781250
16121.390625,0.750000
16122.125000,0.734375
16122.859375,0.734375
16123.593750,0.734375
16124.359375,0.765625
16125.171875,0.812500
16126.000000,0.828125
16126.843750,0.843750
16127.703125,0.859375
16128.562500,0.859375
16129.421875,0.859375
16130.296875,0.875000
16131.187500,0.890625
16132.046875,0.859375
16132.937500,0.890625
16133.859375,0.921875
16134.750000,0.890625
16135.625000,0.875000
16136.562500,0.937500
16137.500000,0.937500
16138.375000,0.875000
16139.250000,0.875000
16140.109375,0.859375
16140.953125,0.843750
16141.781250,0.828125
16142.640625,0.859375
16143.593750,0.953125
16144.500000,0.906250
16145.421875,0.921875
16146.390625,0.968750
16147.312500,0.921875
16148.250000,0.937500
16149.218750,0.968750
16150.171875,0.953125
16151.078125,0.906250
16152.031250,0.953125
16153.031250,1.000000
16153.953125,0.921875
16154.859375,0.906250
16155.750000,0.890625
16156.625000,0.875000
16157.531250,0.906250
16158.468750,0.937500
16159.421875,0.953125
16160.343750,0.921875
16161.281250,0.937500
16162.234375,0.953125
16163.109375,0.875000
16163.968750,0.859375
16164.828125,0.859375
16165.687500,0.859375
16166.546875,0.859375
16167.406250,0.859375
16168.343750,0.937500
16169.250000,0.906250
16170.171875,0.921875
16171.125000,0.953125
16172.046875,0.921875
16172.906250,0.859375
16173.765625,0.859375
16174.640625,0.875000
16175.500000,0.859375
16176.390625,0.890625
16177.234375,0.843750
16178.078125,0.843750
16178.968750,0.890625
16179.921875,0.953125
16180.875000,0.953125
16181.828125,0.953125
16182.781250,0.953125
16183.765625,0.984375
16184.687500,0.921875
16185.546875,0.859375
16186.390625,0.843750
16187.234375,0.843750
16188.062500,0.828125
16188.890625,0.828125
16189.750000,0.859375
16190.656250,0.906250
16191.546875,0.890625
16192.453125,0.906250
16193.343750,0.890625
16194.218750,0.875000
16195.078125,0.859375
16195.968750,0.890625
16196.859375,0.890625
16197.718750,0.859375
16198.593750,0.875000
16199.500000,0.906250
16200.406250,0.906250
16201.281250,0.875000
16202.171875,0.890625
16203.046875,0.875000
16203.890625,0.843750
16204.734375,0.843750
16205.578125,0.843750
16206.421875,0.843750
16207.265625,0.843750
16208.109375,0.843750
16208.968750,0.859375
16209.812500,0.843750
16210.703125,0.890625
16211.578125,0.875000
16212.437500,0.859375
16213.281250,0.843750
16214.156250,0.875000
16214.984375,0.828125
16215.812500,0.828125
16216.656250,0.843750
16217.515625,0.859375
16218.359375,0.843750
16219.171875,0.812500
16220.031250,0.859375
16220.906250,0.875000
16221.781250,0.875000
16222.703125,0.921875
16223.671875,0.968750
16224.593750,0.921875
16225.500000,0.906250
16226.421875,0.921875
16227.359375,0.937500
16228.234375,0.875000
16229.109375,0.875000
16229.984375,0.875000
16230.859375,0.875000
16231.734375,0.875000
16232.671875,0.937500
16233.656250,0.984375
16234.562500,0.906250
16235.437500,0.875000
16236.296875,0.859375
16237.156250,0.859375
16238.000000,0.843750
16238.843750,0.843750
16239.703125,0.859375
16240.562500,0.859375
16241.406250,0.843750
16242.250000,0.843750
16243.125000,0.875000
16243.984375,0.859375
16244.828125,0.843750
16245.671875,0.843750
16246.531250,0.859375
16247.359375,0.828125
16248.218750,0.859375
16249.078125,0.859375
16249.953125,0.875000
16250.812500,0.859375
16251.687500,0.875000
16252.578125,0.890625
16253.421875,0.843750
16254.265625,0.843750
16255.093750,0.828125
16255.921875,0.828125
16256.734375,0.812500
16257.546875,0.812500
16258.375000,0.828125
16259.234375,0.859375
16260.093750,0.859375
16260.968750,0.875000
16261.859375,0.890625
16262.703125,0.843750
16263.562500,0.859375
16264.406250,0.843750
16265.265625,0.859375
16266.093750,0.828125
16266.937500,0.843750
16267.781250,0.843750
16268.656250,0.875000
16269.515625,0.859375
16270.375000,0.859375
16271.281250,0.906250
16272.187500,0.906250
16273.046875,0.859375
16273.921875,0.875000
16274.796875,0.875000
16275.656250,0.859375
16276.500000,0.843750
16277.375000,0.875000
16278.265625,0.890625
16279.171875,0.906250
16280.093750,0.921875
16281.062500,0.968750
16282.031250,0.968750
16282.937500,0.906250
16283.875000,0.937500
16284.828125,0.953125
16285.750000,0.921875
16286.625000,0.875000
16287.515625,0.890625
16288.437500,0.921875
16289.328125,0.890625
16290.218750,0.890625
16291.109375,0.890625
16292.015625,0.906250
16292.890625,0.875000
16293.765625,0.875000
16294.625000,0.859375
16295.500000,0.875000
16296.328125,0.828125
16297.156250,0.828125
16298.000000,0.843750
16298.875000,0.875000
16299.718750,0.843750
16300.593750,0.875000
16301.484375,0.890625
16302.328125,0.843750
16303.171875,0.843750
16304.000000,0.828125
16304.828125,0.828125
16305.656250,0.828125
16306.453125,0.796875
16307.296875,0.843750
16308.187500,0.890625
16309.046875,0.859375
16309.906250,0.859375
16310.812500,0.906250
16311.734375,0.921875
16312.609375,0.875000
16313.468750,0.859375
16314.312500,0.843750
16315.156250,0.843750
16315.984375,0.828125
16316.812500,0.828125
16317.656250,0.843750
16318.515625,0.859375
16319.343750,0.828125
16320.203125,0.859375
16321.078125,0.875000
16321.953125,0.875000
16322.796875,0.843750
16323.671875,0.875000
16324.562500,0.890625
16325.437500,0.875000
16326.312500,0.875000
16327.218750,0.906250
16328.156250,0.937500
16329.046875,0.890625
16329.906250,0.859375
16330.750000,0.843750
16331.609375,0.859375
16332.437500,0.828125
16333.281250,0.843750
16334.109375,0.828125
16334.968750,0.859375
16335.828125,0.859375
16336.718750,0.890625
16337.625000,0.906250
16338.531250,0.906250
16339.406250,0.875000
16340.312500,0.906250
16341.218750,0.906250
16342.109375,0.890625
16342.984375,0.875000
16343.875000,0.890625
16344.781250,0.906250
16345.687500,0.906250
16346.593750,0.906250
16347.515625,0.921875
16348.437500,0.921875
16349.343750,0.906250
16350.250000,0.906250
16351.125000,0.875000
16351.968750,0.843750
16352.796875,0.828125
16353.656250,0.859375
16354.546875,0.890625
16355.406250,0.859375
16356.312500,0.906250
16357.281250,0.968750
16358.250000,0.968750
16359.171875,0.921875
16360.109375,0.937500
16361.062500,0.953125
16361.968750,0.906250
16362.843750,0.875000
16363.640625,0.796875
16364.406250,0.765625
16365.171875,0.765625
16365.906250,0.734375
16366.656250,0.750000
16367.359375,0.703125
16368.109375,0.750000
16368.828125,0.718750
16369.531250,0.703125
16370.265625,0.734375
16378.265625,0.781250
16379.125000,0.859375
16379.984375,0.859375
16380.875000,0.890625
16381.812500,0.937500
16382.781250,0.968750
16383.671875,0.890625
16384.531250,0.859375
16385.406250,0.875000
16386.265625,0.859375
16387.125000,0.859375
16387.968750,0.843750
16388.812500,0.843750
16389.625000,0.812500
16390.500000,0.875000
16391.468750,0.968750
16392.468750,1.000000
16393.406250,0.937500
16394.359375,0.953125
16395.281250,0.921875
16396.171875,0.890625
16397.031250,0.859375
16397.859375,0.828125
16398.703125,0.843750
16399.546875,0.843750
16400.484375,0.937500
16401.484375,1.000000
16402.468750,0.984375
16403.453125,0.984375
16404.453125,1.000000
16405.406250,0.953125
16406.312500,0.906250
16407.218750,0.906250
16408.125000,0.906250
16409.015625,0.890625
16409.890625,0.875000
16410.734375,0.843750
16411.578125,0.843750
16412.437500,0.859375
16413.296875,0.859375
16414.218750,0.921875
16415.109375,0.890625
16415.984375,0.875000
16416.875000,0.890625
16417.750000,0.875000
16432.640625,0.875000
16433.531250,0.890625
16434.421875,0.890625
16435.375000,0.953125
16436.312500,0.937500
16437.250000,0.937500
16438.171875,0.921875
16439.109375,0.937500
16440.000000,0.890625
16440.890625,0.890625
16441.828125,0.937500
16442.812500,0.984375
16443.765625,0.953125
16444.750000,0.984375
16445.765625,1.015625
16446.718750,0.953125
16447.640625,0.921875
16448.578125,0.937500
16449.531250,0.953125
16450.437500,0.906250
16451.328125,0.890625
16452.218750,0.890625
16453.109375,0.890625
16454.000000,0.890625
16454.921875,0.921875
16455.828125,0.906250
16456.734375,0.906250
16457.687500,0.953125
16458.687500,1.000000
16459.640625,0.953125
16460.562500,0.921875
16461.484375,0.921875
16462.375000,0.890625
16463.250000,0.875000
16464.156250,0.906250
16465.125000,0.968750
16466.031250,0.906250
16466.906250,0.875000
16467.781250,0.875000
16468.671875,0.890625
16469.531250,0.859375
16470.375000,0.843750
16471.250000,0.875000
16472.093750,0.843750
16472.953125,0.859375
16473.828125,0.875000
16474.734375,0.906250
16475.593750,0.859375
16476.453125,0.859375
16477.312500,0.859375
16478.140625,0.828125
16478.968750,0.828125
16479.781250,0.812500
16480.625000,0.843750
16481.437500,0.812500
16482.281250,0.843750
16483.125000,0.843750
16483.953125,0.828125
16484.781250,0.828125
16485.609375,0.828125
16486.437500,0.828125
16487.250000,0.812500
16488.062500,0.812500
16488.859375,0.796875
16489.640625,0.781250
16490.421875,0.781250
16491.171875,0.750000
16491.937500,0.765625
16492.703125,0.765625
16493.515625,0.812500
16494.359375,0.843750
16495.265625,0.906250
16496.140625,0.875000
16497.031250,0.890625
16497.937500,0.906250
16498.812500,0.875000
16499.687500,0.875000
16500.546875,0.859375
16501.421875,0.875000
16502.281250,0.859375
16503.140625,0.859375
16504.015625,0.875000
16504.875000,0.859375
16505.734375,0.859375
16506.578125,0.843750
16507.421875,0.843750
16508.250000,0.828125
16509.078125,0.828125
16509.937500,0.859375
16510.781250,0.843750
16511.656250,0.875000
16512.515625,0.859375
16513.375000,0.859375
16514.218750,0.843750
16515.078125,0.859375
16515.937500,0.859375
16516.781250,0.843750
16517.625000,0.843750
16518.484375,0.859375
16519.343750,0.859375
16520.187500,0.843750
16521.046875,0.859375
16521.890625,0.843750
16522.734375,0.843750
16523.578125,0.843750
16524.421875,0.843750
16525.281250,0.859375
16526.125000,0.843750
16527.000000,0.875000
16527.906250,0.906250
16528.796875,0.890625
16529.687500,0.890625
16530.562500,0.875000
16531.468750,0.906250
16532.359375,0.890625
16533.218750,0.859375
16534.125000,0.906250
16535.031250,0.906250
16535.906250,0.875000
16536.796875,0.890625
16537.703125,0.906250
16538.578125,0.875000
16539.421875,0.843750
16540.281250,0.859375
16541.156250,0.875000
16542.015625,0.859375
16542.859375,0.843750
16543.750000,0.890625
16544.640625,0.890625
16545.515625,0.875000
16546.375000,0.859375
16547.218750,0.843750
16548.078125,0.859375
16548.906250,0.828125
16549.750000,0.843750
16550.640625,0.890625
16551.515625,0.875000
16552.390625,0.875000
16553.296875,0.906250
16554.203125,0.906250
16555.062500,0.859375
16555.937500,0.875000
16556.828125,0.890625
16557.687500,0.859375
16558.531250,0.843750
16559.406250,0.875000
16560.265625,0.859375
16561.093750,0.828125
16561.953125,0.859375
16562.812500,0.859375
16563.687500,0.875000
16564.515625,0.828125
16565.375000,0.859375
16566.234375,0.859375
16567.062500,0.828125
16567.906250,0.843750
16568.734375,0.828125
16569.625000,0.890625
16570.468750,0.843750
16571.281250,0.812500
16572.109375,0.828125
16572.953125,0.843750
16573.781250,0.828125
16574.625000,0.843750
16575.484375,0.859375
16576.359375,0.875000
16577.203125,0.843750
16578.031250,0.828125
16578.859375,0.828125
16579.671875,0.812500
16580.484375,0.812500
16581.312500,0.828125
16582.187500,0.875000
16583.046875,0.859375
16583.906250,0.859375
16584.796875,0.890625
16585.734375,0.937500
16586.609375,0.875000
16587.484375,0.875000
16588.375000,0.890625
16589.250000,0.875000
16590.093750,0.843750
16590.937500,0.843750
16591.812500,0.875000
16592.671875,0.859375
16593.515625,0.843750
16594.375000,0.859375
16595.281250,0.906250
16596.140625,0.859375
16596.984375,0.843750
16597.828125,0.843750
16598.687500,0.859375
16599.531250,0.843750
16600.390625,0.859375
16601.265625,0.875000
16602.156250,0.890625
16603.031250,0.875000
16603.921875,0.890625
16604.843750,0.921875
16605.718750,0.875000
16606.609375,0.890625
16607.500000,0.890625
16608.390625,0.890625
16609.250000,0.859375
16610.109375,0.859375
16611.046875,0.937500
16611.937500,0.890625
16612.796875,0.859375
16613.625000,0.828125
16614.484375,0.859375
16615.312500,0.828125
16616.140625,0.828125
16617.000000,0.859375
16617.859375,0.859375
16618.703125,0.843750
16619.546875,0.843750
16620.421875,0.875000
16621.296875,0.875000
16622.125000,0.828125
16622.984375,0.859375
16623.859375,0.875000
16624.734375,0.875000
16625.593750,0.859375
16626.468750,0.875000
16627.359375,0.890625
16628.234375,0.875000
16629.109375,0.875000
16629.968750,0.859375
16630.843750,0.875000
16631.687500,0.843750
16632.562500,0.875000
16633.453125,0.890625
16634.328125,0.875000
16635.187500,0.859375
16636.062500,0.875000
16636.937500,0.875000
16637.796875,0.859375
16638.609375,0.812500
16639.437500,0.828125
16640.296875,0.859375
16641.140625,0.843750
16641.984375,0.843750
16642.843750,0.859375
16643.734375,0.890625
16644.578125,0.843750
16645.468750,0.890625
16646.343750,0.875000
16647.218750,0.875000
16648.093750,0.875000
16649.000000,0.906250
16649.906250,0.906250
16650.765625,0.859375
16651.656250,0.890625
16652.578125,0.921875
16653.468750,0.890625
16654.359375,0.890625
16655.250000,0.890625
16656.203125,0.953125
16657.093750,0.890625
16657.953125,0.859375
16658.843750,0.890625
16659.750000,0.906250
16660.625000,0.875000
16661.500000,0.875000
16662.390625,0.890625
16663.281250,0.890625
16664.156250,0.875000
16665.015625,0.859375
16665.875000,0.859375
16666.718750,0.843750
16667.546875,0.828125
16668.375000,0.828125
16669.218750,0.843750
16670.062500,0.843750
16670.890625,0.828125
16671.734375,0.843750
16672.593750,0.859375
16673.453125,0.859375
16674.281250,0.828125
16675.109375,0.828125
16675.906250,0.796875
16676.734375,0.828125
16677.625000,0.890625
16678.515625,0.890625
16679.390625,0.875000
16680.296875,0.906250
16681.234375,0.937500
16682.140625,0.906250
16683.015625,0.875000
16683.937500,0.921875
16684.828125,0.890625
16685.718750,0.890625
16686.593750,0.875000
16687.484375,0.890625
16688.359375,0.875000
16689.187500,0.828125
16690.046875,0.859375
16690.937500,0.890625
16691.828125,0.890625
16692.734375,0.906250
16693.671875,0.937500
16694.609375,0.937500
16695.500000,0.890625
16696.359375,0.859375
16697.234375,0.875000
16698.125000,0.890625
16698.968750,0.843750
16699.843750,0.875000
16700.750000,0.906250
16701.625000,0.875000
16702.515625,0.890625
16703.406250,0.890625
16704.328125,0.921875
16705.203125,0.875000
16706.078125,0.875000
16706.968750,0.890625
16707.859375,0.890625
16708.718750,0.859375
16709.578125,0.859375
16710.468750,0.890625
16711.343750,0.875000
16712.171875,0.828125
16713.031250,0.859375
16713.890625,0.859375
16714.718750,0.828125
16715.531250,0.812500
16716.343750,0.812500
16717.156250,0.812500
16717.953125,0.796875
16718.750000,0.796875
16719.578125,0.828125
16720.453125,0.875000
16721.296875,0.843750
16722.187500,0.890625
16723.109375,0.921875
16724.015625,0.906250
16724.921875,0.906250
16725.843750,0.921875
16726.796875,0.953125
16727.718750,0.921875
16728.640625,0.921875
16729.593750,0.953125
16730.546875,0.953125
16731.453125,0.906250
16732.359375,0.906250
16733.296875,0.937500
16734.203125,0.906250
16735.078125,0.875000
16736.000000,0.921875
16736.937500,0.937500
16737.843750,0.906250
16738.750000,0.906250
16739.718750,0.968750
16740.640625,0.921875
16741.531250,0.890625
16742.406250,0.875000
16743.296875,0.890625
16744.171875,0.875000
16745.031250,0.859375
16745.906250,0.875000
16746.828125,0.921875
16747.734375,0.906250
16748.640625,0.906250
16749.562500,0.921875
16750.468750,0.906250
16751.343750,0.875000
16752.234375,0.890625
16753.140625,0.906250
16754.015625,0.875000
16754.875000,0.859375
16755.734375,0.859375
16765.734375,0.750000
16776.437500,0.671875
16777.125000,0.687500
16777.828125,0.703125
16778.546875,0.718750
16779.250000,0.703125
16779.968750,0.718750
16780.703125,0.734375
16781.453125,0.750000
16782.218750,0.765625
16782.984375,0.765625
16783.750000,0.765625
16784.546875,0.796875
16785.328125,0.781250
16786.093750,0.765625
16786.875000,0.781250
16787.671875,0.796875
16788.468750,0.796875
16789.296875,0.828125
16790.171875,0.875000
16791.062500,0.890625
16791.937500,0.875000
16792.796875,0.859375
16793.671875,0.875000
16794.500000,0.828125
16795.375000,0.875000
16796.250000,0.875000
16797.187500,0.937500
16798.093750,0.906250
16799.000000,0.906250
16799.921875,0.921875
16800.828125,0.906250
16801.718750,0.890625
16802.640625,0.921875
16803.562500,0.921875
16804.453125,0.890625
16805.375000,0.921875
16806.296875,0.921875
16807.187500,0.890625
16808.093750,0.906250
16808.984375,0.890625
16809.859375,0.875000
16810.750000,0.890625
16811.656250,0.906250
16812.531250,0.875000
16813.421875,0.890625
16814.312500,0.890625
16815.203125,0.890625
16816.093750,0.890625
16817.000000,0.906250
16817.937500,0.937500
16818.828125,0.890625
16819.734375,0.906250
16820.640625,0.906250
16821.531250,0.890625
16822.437500,0.906250
16823.375000,0.937500
16824.312500,0.937500
16825.250000,0.937500
16826.203125,0.953125
16827.187500,0.984375
16828.109375,0.921875
16829.046875,0.937500
16830.000000,0.953125
16830.890625,0.890625
16831.750000,0.859375
16832.609375,0.859375
16833.500000,0.890625
16834.406250,0.906250
16835.328125,0.921875
16836.265625,0.937500
16837.234375,0.968750
16838.187500,0.953125
16839.187500,1.000000
16840.187500,1.000000
16841.109375,0.921875
16842.015625,0.906250
16842.937500,0.921875
16843.828125,0.890625
16844.703125,0.875000
16845.578125,0.875000
16846.484375,0.906250
16847.406250,0.921875
16848.312500,0.906250
16849.265625,0.953125
16850.281250,1.015625
16851.203125,0.921875
16852.109375,0.906250
16853.046875,0.937500
16853.953125,0.906250
16854.828125,0.875000
16855.687500,0.859375
16856.578125,0.890625
16857.500000,0.921875
16858.359375,0.859375
16859.203125,0.843750
16860.093750,0.890625
16861.015625,0.921875
16861.937500,0.921875
16862.906250,0.968750
16863.875000,0.968750
16864.796875,0.921875
16865.734375,0.937500
16866.671875,0.937500
16867.593750,0.921875
16868.500000,0.906250
16869.406250,0.906250
16870.312500,0.906250
16871.187500,0.875000
16872.062500,0.875000
16872.937500,0.875000
16873.828125,0.890625
16874.687500,0.859375
16875.546875,0.859375
16876.421875,0.875000
16877.312500,0.890625
16878.171875,0.859375
16879.046875,0.875000
16879.953125,0.906250
16880.859375,0.906250
16881.750000,0.890625
16882.687500,0.937500
16883.640625,0.953125
16884.531250,0.890625
16885.437500,0.906250
16886.359375,0.921875
16887.281250,0.921875
16888.156250,0.875000
16889.046875,0.890625
16889.968750,0.921875
16890.875000,0.906250
16891.734375,0.859375
16892.609375,0.875000
16893.500000,0.890625
16894.359375,0.859375
16895.187500,0.828125
16895.984375,0.796875
16896.750000,0.765625
16897.484375,0.734375
16898.218750,0.734375
16898.953125,0.734375
16899.656250,0.703125
16900.375000,0.718750
16901.078125,0.703125
16901.781250,0.703125
16902.515625,0.734375
16903.203125,0.687500
16903.937500,0.734375
16904.656250,0.718750
16905.390625,0.734375
16906.125000,0.734375
16906.859375,0.734375
16907.593750,0.734375
16908.328125,0.734375
16909.046875,0.718750
16909.781250,0.734375
16910.515625,0.734375
16911.234375,0.718750
16911.984375,0.750000
16912.734375,0.750000
16913.546875,0.812500
16914.406250,0.859375
16915.281250,0.875000
16916.125000,0.843750
16916.968750,0.843750
16917.796875,0.828125
16918.609375,0.812500
16919.390625,0.781250
16920.171875,0.781250
16920.968750,0.796875
16921.765625,0.796875
16922.703125,0.937500
16923.765625,1.062500
16924.734375,0.968750
16925.640625,0.906250
16926.515625,0.875000
16927.437500,0.921875
16928.312500,0.875000
16929.234375,0.921875
16930.203125,0.968750
16931.156250,0.953125
16932.125000,0.968750
16933.078125,0.953125
16934.000000,0.921875
16934.890625,0.890625
16935.765625,0.875000
16936.656250,0.890625
16937.531250,0.875000
16938.437500,0.906250
16939.375000,0.937500
16940.296875,0.921875
16941.281250,0.984375
16942.250000,0.968750
16943.171875,0.921875
16944.125000,0.953125
16945.078125,0.953125
16946.031250,0.953125
16946.984375,0.953125
16947.953125,0.968750
16948.921875,0.968750
16949.859375,0.937500
16950.843750,0.984375
16951.828125,0.984375
16952.781250,0.953125
16953.734375,0.953125
16954.687500,0.953125
16955.656250,0.968750
16956.625000,0.968750
16957.609375,0.984375
16958.609375,1.000000
16959.515625,0.906250
16960.421875,0.906250
16961.375000,0.953125
16962.296875,0.921875
16963.203125,0.906250
16964.125000,0.921875
16965.046875,0.921875
16965.968750,0.921875
16966.890625,0.921875
16967.843750,0.953125
16968.796875,0.953125
16969.703125,0.906250
16970.593750,0.890625
16971.500000,0.906250
16972.484375,0.984375
16973.453125,0.968750
16974.468750,1.015625
16975.484375,1.015625
16976.484375,1.000000
16977.421875,0.937500
16978.375000,0.953125
16979.359375,0.984375
16980.312500,0.953125
16981.265625,0.953125
16982.218750,0.953125
16983.187500,0.968750
16984.109375,0.921875
16985.078125,0.968750
16986.109375,1.031250
16987.078125,0.968750
16988.046875,0.968750
16989.015625,0.968750
16989.984375,0.968750
16990.890625,0.906250
16991.812500,0.921875
16992.734375,0.921875
16993.656250,0.921875
16994.578125,0.921875
16995.468750,0.890625
16996.359375,0.890625
16997.265625,0.906250
16998.140625,0.875000
16999.062500,0.921875
17000.015625,0.953125
17000.921875,0.906250
17001.828125,0.906250
17002.750000,0.921875
17003.625000,0.875000
17004.484375,0.859375
17005.343750,0.859375
17006.203125,0.859375
17007.046875,0.843750
17007.906250,0.859375
17008.828125,0.921875
17009.718750,0.890625
17010.609375,0.890625
17011.515625,0.906250
17012.453125,0.937500
17013.343750,0.890625
17014.265625,0.921875
17015.203125,0.937500
17016.093750,0.890625
17016.984375,0.890625
17017.921875,0.937500
17018.875000,0.953125
17019.796875,0.921875
17020.687500,0.890625
17021.578125,0.890625
17022.484375,0.906250
17023.343750,0.859375
17024.234375,0.890625
17025.140625,0.906250
17026.015625,0.875000
17026.890625,0.875000
17027.781250,0.890625
17028.671875,0.890625
17029.546875,0.875000
17030.421875,0.875000
17031.343750,0.921875
17032.234375,0.890625
17033.125000,0.890625
17034.031250,0.906250
17034.968750,0.937500
17035.859375,0.890625
17036.781250,0.921875
17037.734375,0.953125
17038.703125,0.968750
17039.609375,0.906250
17040.546875,0.937500
17041.468750,0.921875
17042.375000,0.906250
17043.265625,0.890625
17044.156250,0.890625
17045.062500,0.906250
17045.937500,0.875000
17046.828125,0.890625
17047.750000,0.921875
17048.656250,0.906250
17049.546875,0.890625
17050.437500,0.890625
17051.343750,0.906250
17052.218750,0.875000
17053.078125,0.859375
17053.968750,0.890625
17054.843750,0.875000
17055.703125,0.859375
17056.578125,0.875000
17057.453125,0.875000
17058.312500,0.859375
17059.187500,0.875000
17060.093750,0.906250
17061.015625,0.921875
17061.953125,0.937500
17062.875000,0.921875
17063.859375,0.984375
17064.828125,0.968750
17065.765625,0.937500
17066.734375,0.968750
17067.750000,1.015625
17068.734375,0.984375
17069.656250,0.921875
17070.609375,0.953125
17071.593750,0.984375
17072.562500,0.968750
17073.500000,0.937500
17074.437500,0.937500
17075.390625,0.953125
17076.281250,0.890625
17077.203125,0.921875
17078.109375,0.906250
17079.000000,0.890625
17079.859375,0.859375
17080.734375,0.875000
17081.625000,0.890625
17082.500000,0.875000
17083.359375,0.859375
17084.218750,0.859375
17085.109375,0.890625
17085.984375,0.875000
17086.828125,0.843750
17087.687500,0.859375
17088.578125,0.890625
17089.453125,0.875000
17090.328125,0.875000
17091.234375,0.906250
17092.140625,0.906250
17093.046875,0.906250
17093.906250,0.859375
17094.796875,0.890625
17095.703125,0.906250
17096.593750,0.890625
17097.453125,0.859375
17098.328125,0.875000
17099.234375,0.906250
17100.140625,0.906250
17101.015625,0.875000
17101.937500,0.921875
17102.875000,0.937500
17103.781250,0.906250
17104.687500,0.906250
17105.640625,0.953125
17106.609375,0.968750
17107.531250,0.921875
17108.468750,0.937500
17109.453125,0.984375
17110.390625,0.937500
17111.296875,0.906250
17112.203125,0.906250
17113.125000,0.921875
17114.000000,0.875000
17114.906250,0.906250
17115.812500,0.906250
17116.718750,0.906250
17117.578125,0.859375
17118.468750,0.890625
17119.359375,0.890625
17120.250000,0.890625
17121.125000,0.875000
17122.015625,0.890625
17122.921875,0.906250
17123.812500,0.890625
17124.687500,0.875000
17125.593750,0.906250
17126.531250,0.937500
17127.453125,0.921875
17128.359375,0.906250
17129.296875,0.937500
17130.281250,0.984375
17131.218750,0.937500
17132.109375,0.890625
17133.000000,0.890625
17133.921875,0.921875
17134.828125,0.906250
17135.703125,0.875000
17136.593750,0.890625
17137.500000,0.906250
17138.375000,0.875000
17139.250000,0.875000
17140.171875,0.921875
17141.125000,0.953125
17142.031250,0.906250
17142.937500,0.906250
17143.890625,0.953125
17144.843750,0.953125
17145.781250,0.937500
17146.734375,0.953125
17147.671875,0.937500
17148.578125,0.906250
17149.453125,0.875000
17150.343750,0.890625
17151.250000,0.906250
17152.140625,0.890625
17153.015625,0.875000
17153.875000,0.859375
17154.750000,0.875000
17155.593750,0.843750
17156.437500,0.843750
17157.312500,0.875000
17158.203125,0.890625
17159.078125,0.875000
17159.937500,0.859375
17160.812500,0.875000
17161.687500,0.875000
17162.515625,0.828125
17163.375000,0.859375
17164.265625,0.890625
17165.187500,0.921875
17166.093750,0.906250
17167.000000,0.906250
17167.937500,0.937500
17168.859375,0.921875
17169.750000,0.890625
17170.640625,0.890625
17171.562500,0.921875
17172.468750,0.906250
17173.375000,0.906250
17174.281250,0.906250
17175.203125,0.921875
17176.109375,0.906250
17177.031250,0.921875
17178.015625,0.984375
17178.937500,0.921875
17179.859375,0.921875
17180.781250,0.921875
17181.750000,0.968750
17182.656250,0.906250
17183.562500,0.906250
17184.531250,0.968750
17185.515625,0.984375
17186.421875,0.906250
17187.343750,0.921875
17188.250000,0.906250
17189.156250,0.906250
17190.031250,0.875000
17190.906250,0.875000
17191.796875,0.890625
17192.687500,0.890625
17193.546875,0.859375
17194.375000,0.828125
17195.203125,0.828125
17196.046875,0.843750
17196.937500,0.890625
17197.906250,0.968750
17198.875000,0.968750
17199.843750,0.968750
17200.828125,0.984375
17201.765625,0.937500
17202.718750,0.953125
17203.640625,0.921875
17204.546875,0.906250
17205.437500,0.890625
17206.312500,0.875000
17207.203125,0.890625
17208.109375,0.906250
17209.031250,0.921875
17209.953125,0.921875
17210.828125,0.875000
17211.718750,0.890625
17212.609375,0.890625
17213.484375,0.875000
17214.359375,0.875000
17215.250000,0.890625
17216.140625,0.890625
17217.000000,0.859375
17217.890625,0.890625
17218.781250,0.890625
17219.640625,0.859375
17220.531250,0.890625
17221.421875,0.890625
17222.312500,0.890625
17223.203125,0.890625
17224.125000,0.921875
17225.031250,0.906250
17225.921875,0.890625
17226.828125,0.906250
17227.734375,0.906250
17228.625000,0.890625
17229.515625,0.890625
17230.421875,0.906250
17231.328125,0.906250
17232.218750,0.890625
17233.125000,0.906250
17234.046875,0.921875
17234.968750,0.921875
17235.859375,0.890625
17236.765625,0.906250
17237.687500,0.921875
17238.609375,0.921875
17239.515625,0.906250
17240.421875,0.906250
17241.375000,0.953125
17242.343750,0.968750
17243.218750,0.875000
17244.125000,0.906250
17245.078125,0.953125
17246.000000,0.921875
17246.875000,0.875000
17247.781250,0.906250
17248.718750,0.937500
17249.640625,0.921875
17250.562500,0.921875
17251.500000,0.937500
17252.453125,0.953125
17253.343750,0.890625
17254.281250,0.937500
17255.203125,0.921875
17256.125000,0.921875
17257.046875,0.921875
17258.031250,0.984375
17259.031250,1.000000
17259.968750,0.937500
17260.937500,0.968750
17261.937500,1.000000
17262.875000,0.937500
17263.828125,0.953125
17264.796875,0.968750
17265.750000,0.953125
17266.687500,0.937500
17267.656250,0.968750
17268.640625,0.984375
17269.609375,0.968750
17270.593750,0.984375
17271.593750,1.000000
17272.578125,0.984375
17273.531250,0.953125
17274.484375,0.953125
17275.437500,0.953125
17276.359375,0.921875
17277.281250,0.921875
17278.203125,0.921875
17279.140625,0.937500
17280.078125,0.937500
17281.046875,0.968750
17282.015625,0.968750
17282.968750,0.953125
17283.921875,0.953125
17284.859375,0.937500
17285.781250,0.921875
17286.687500,0.906250
17287.593750,0.906250
17288.500000,0.906250
17289.375000,0.875000
17290.250000,0.875000
17291.156250,0.906250
17292.046875,0.890625
17292.921875,0.875000
17293.812500,0.890625
17294.703125,0.890625
17295.578125,0.875000
17296.484375,0.906250
17297.390625,0.906250
17298.250000,0.859375
17299.140625,0.890625
17300.015625,0.875000
17300.875000,0.859375
17301.734375,0.859375
17302.593750,0.859375
17303.468750,0.875000
17304.328125,0.859375
17305.218750,0.890625
17306.109375,0.890625
17307.031250,0.921875
17307.937500,0.906250
17308.875000,0.937500
17309.828125,0.953125
17310.781250,0.953125
17311.734375,0.953125
17312.687500,0.953125
17313.625000,0.937500
17314.546875,0.921875
17315.531250,0.984375
17316.515625,0.984375
17317.468750,0.953125
17318.468750,1.000000
17319.453125,0.984375
17320.437500,0.984375
17321.437500,1.000000
17322.453125,1.015625
17323.437500,0.984375
17324.406250,0.968750
17325.406250,1.000000
17326.406250,1.000000
17327.421875,1.015625
17328.421875,1.000000
17329.421875,1.000000
17330.375000,0.953125
17331.375000,1.000000
17332.375000,1.000000
17333.312500,0.937500
17334.234375,0.921875
17335.156250,0.921875
17336.062500,0.906250
17336.937500,0.875000
17337.796875,0.859375
17338.656250,0.859375
17339.500000,0.843750
17340.343750,0.843750
17341.234375,0.890625
17342.109375,0.875000
17342.968750,0.859375
17343.828125,0.859375
17344.687500,0.859375
17345.531250,0.843750
17346.390625,0.859375
17347.234375,0.843750
17348.062500,0.828125
17348.875000,0.812500
17349.687500,0.812500
17350.515625,0.828125
17351.343750,0.828125
17352.156250,0.812500
17353.015625,0.859375
17353.890625,0.875000
17354.796875,0.906250
17355.687500,0.890625
17356.578125,0.890625
17357.484375,0.906250
17358.390625,0.906250
17359.265625,0.875000
17360.156250,0.890625
17361.046875,0.890625
17361.937500,0.890625
17362.843750,0.906250
17363.765625,0.921875
17364.750000,0.984375
17365.687500,0.937500
17366.625000,0.937500
17367.593750,0.968750
17368.562500,0.968750
17369.484375,0.921875
17370.390625,0.906250
17371.296875,0.906250
17372.203125,0.906250
17373.078125,0.875000
17373.968750,0.890625
17374.890625,0.921875
17375.890625,1.000000
17376.875000,0.984375
17377.890625,1.015625
17378.953125,1.062500
17379.937500,0.984375
17380.921875,0.984375
17381.906250,0.984375
17382.875000,0.968750
17383.812500,0.937500
17384.765625,0.953125
17385.718750,0.953125
17386.671875,0.953125
17387.625000,0.953125
17388.562500,0.937500
17389.515625,0.953125
17390.484375,0.968750
17391.421875,0.937500
17392.359375,0.937500
17393.312500,0.953125
17394.234375,0.921875
17395.125000,0.890625
17396.015625,0.890625
17396.921875,0.906250
17397.812500,0.890625
17398.703125,0.890625
17399.609375,0.906250
17400.531250,0.921875
17401.437500,0.906250
17402.359375,0.921875
17403.265625,0.906250
17404.140625,0.875000
17405.015625,0.875000
17405.875000,0.859375
17406.718750,0.843750
17407.562500,0.843750
17408.390625,0.828125
17409.187500,0.796875
17410.015625,0.828125
17410.859375,0.843750
17411.781250,0.921875
17412.781250,1.000000
17413.718750,0.937500
17414.687500,0.968750
17415.656250,0.968750
17416.562500,0.906250
17417.453125,0.890625
17418.343750,0.890625
17419.203125,0.859375
17420.046875,0.843750
17420.890625,0.843750
17421.750000,0.859375
17422.609375,0.859375
17423.484375,0.875000
17424.390625,0.906250
17425.343750,0.953125
17426.281250,0.937500
17427.234375,0.953125
17428.218750,0.984375
17429.171875,0.953125
17430.140625,0.968750
17431.109375,0.968750
17432.078125,0.968750
17433.046875,0.968750
17434.046875,1.000000
17435.062500,1.015625
17436.046875,0.984375
17437.078125,1.031250
17438.093750,1.015625
17439.078125,0.984375
17440.046875,0.968750
17441.046875,1.000000
17442.031250,0.984375
17443.000000,0.968750
17444.000000,1.000000
17444.984375,0.984375
17445.937500,0.953125
17446.906250,0.968750
17447.843750,0.937500
17448.750000,0.906250
17449.625000,0.875000
17450.500000,0.875000
17451.421875,0.921875
17452.328125,0.906250
17453.203125,0.875000
17454.109375,0.906250
17455.031250,0.921875
17455.937500,0.906250
17456.828125,0.890625
17457.750000,0.921875
17458.640625,0.890625
17459.515625,0.875000
17460.390625,0.875000
17461.265625,0.875000
17462.140625,0.875000
17463.000000,0.859375
17463.859375,0.859375
17464.734375,0.875000
17465.609375,0.875000
17466.468750,0.859375
17467.375000,0.906250
17468.296875,0.921875
17469.218750,0.921875
17470.140625,0.921875
17471.078125,0.937500
17472.062500,0.984375
17473.046875,0.984375
17473.984375,0.937500
17474.937500,0.953125
17475.921875,0.984375
17476.875000,0.953125
17477.843750,0.968750
17478.843750,1.000000
17479.828125,0.984375
17480.812500,0.984375
17481.812500,1.000000
17482.781250,0.968750
17483.718750,0.937500
17484.656250,0.937500
17485.562500,0.906250
17486.468750,0.906250
17487.375000,0.906250
17488.281250,0.906250
17489.156250,0.875000
17490.062500,0.906250
17491.000000,0.937500
17491.984375,0.984375
17492.984375,1.000000
17494.031250,1.046875
17495.000000,0.968750
17495.921875,0.921875
17496.859375,0.937500
17497.796875,0.937500
17498.703125,0.906250
17499.593750,0.890625
17500.515625,0.921875
17501.437500,0.921875
17502.343750,0.906250
17503.250000,0.906250
17504.203125,0.953125
17505.109375,0.906250
17506.015625,0.906250
17506.937500,0.921875
17507.859375,0.921875
17508.796875,0.937500
17509.750000,0.953125
17510.765625,1.015625
17511.750000,0.984375
17512.734375,0.984375
17513.750000,1.015625
17514.750000,1.000000
17515.734375,0.984375
17516.718750,0.984375
17517.703125,0.984375
17518.671875,0.968750
17519.640625,0.968750
17520.609375,0.968750
17521.546875,0.937500
17522.500000,0.953125
17523.453125,0.953125
17524.406250,0.953125
17525.343750,0.937500
17526.296875,0.953125
17527.296875,1.000000
17528.250000,0.953125
17529.234375,0.984375
17530.250000,1.015625
17531.265625,1.015625
17532.281250,1.015625
17533.296875,1.015625
17534.312500,1.015625
17535.312500,1.000000
17536.328125,1.015625
17537.296875,0.968750
17538.265625,0.968750
17539.250000,0.984375
17540.203125,0.953125
17541.125000,0.921875
17542.031250,0.906250
17542.937500,0.906250
17543.843750,0.906250
17544.750000,0.906250
17545.687500,0.937500
17546.687500,1.000000
17547.656250,0.968750
17548.625000,0.968750
17549.609375,0.984375
17550.515625,0.906250
17551.421875,0.906250
17552.343750,0.921875
17553.218750,0.875000
17554.093750,0.875000
17554.968750,0.875000
17555.859375,0.890625
17556.734375,0.875000
17557.593750,0.859375
17558.484375,0.890625
17559.406250,0.921875
17560.343750,0.937500
17561.250000,0.906250
17562.171875,0.921875
17563.140625,0.968750
17564.046875,0.906250
17564.937500,0.890625
17565.828125,0.890625
17566.734375,0.906250
17567.609375,0.875000
17568.468750,0.859375
17569.312500,0.843750
17570.156250,0.843750
17571.015625,0.859375
17571.890625,0.875000
17572.781250,0.890625
17573.687500,0.906250
17574.625000,0.937500
17575.625000,1.000000
17576.656250,1.031250
17577.593750,0.937500
17578.531250,0.937500
17579.453125,0.921875
17580.390625,0.937500
17581.281250,0.890625
17582.156250,0.875000
17583.062500,0.906250
17583.968750,0.906250
17584.890625,0.921875
17585.828125,0.937500
17586.843750,1.015625
17587.843750,1.000000
17588.812500,0.968750
17589.781250,0.968750
17590.765625,0.984375
17591.718750,0.953125
17592.656250,0.937500
17593.625000,0.968750
17594.531250,0.906250
17595.453125,0.921875
17596.375000,0.921875
17597.296875,0.921875
17598.218750,0.921875
17599.140625,0.921875
17600.109375,0.968750
17601.062500,0.953125
17602.000000,0.937500
17602.968750,0.968750
17603.921875,0.953125
17604.859375,0.937500
17605.781250,0.921875
17606.718750,0.937500
17607.656250,0.937500
17608.546875,0.890625
17609.453125,0.906250
17610.375000,0.921875
17611.281250,0.906250
17612.156250,0.875000
17613.046875,0.890625
17613.968750,0.921875
17614.859375,0.890625
17615.750000,0.890625
17616.656250,0.906250
17617.578125,0.921875
17618.468750,0.890625
17619.375000,0.906250
17620.328125,0.953125
17621.312500,0.984375
17622.296875,0.984375
17623.234375,0.937500
17624.187500,0.953125
17625.093750,0.906250
17625.984375,0.890625
17626.859375,0.875000
17627.765625,0.906250
17628.703125,0.937500
17629.640625,0.937500
17630.593750,0.953125
17631.562500,0.968750
17632.515625,0.953125
17633.453125,0.937500
17634.421875,0.968750
17635.343750,0.921875
17636.265625,0.921875
17637.203125,0.937500
17638.109375,0.906250
17639.015625,0.906250
17639.937500,0.921875
17640.843750,0.906250
17641.734375,0.890625
17642.625000,0.890625
17643.531250,0.906250
17644.453125,0.921875
17645.328125,0.875000
17646.218750,0.890625
17647.093750,0.875000
17647.968750,0.875000
17648.843750,0.875000
17649.765625,0.921875
17650.734375,0.968750
17651.703125,0.968750
17652.687500,0.984375
17653.671875,0.984375
17654.640625,0.968750
17655.625000,0.984375
17656.625000,1.000000
17657.593750,0.968750
17658.546875,0.953125
17659.500000,0.953125
17660.437500,0.937500
17661.375000,0.937500
17662.328125,0.953125
17663.250000,0.921875
17664.203125,0.953125
17665.171875,0.968750
17666.140625,0.968750
17667.140625,1.000000
17668.156250,1.015625
17669.140625,0.984375
17670.078125,0.937500
17671.000000,0.921875
17671.906250,0.906250
17672.796875,0.890625
17673.703125,0.906250
17674.671875,0.968750
17675.609375,0.937500
17676.546875,0.937500
17677.500000,0.953125
17678.390625,0.890625
17679.265625,0.875000
17680.156250,0.890625
17681.046875,0.890625
17681.906250,0.859375
17682.781250,0.875000
17683.656250,0.875000
17684.531250,0.875000
17685.375000,0.843750
17686.250000,0.875000
17687.140625,0.890625
17688.015625,0.875000
17688.890625,0.875000
17689.765625,0.875000
17690.687500,0.921875
17691.578125,0.890625
17692.484375,0.906250
17693.437500,0.953125
17694.375000,0.937500
17695.281250,0.906250
17696.218750,0.937500
17697.171875,0.953125
17698.125000,0.953125
17699.078125,0.953125
17700.031250,0.953125
17700.984375,0.953125
17701.937500,0.953125
17702.875000,0.937500
17703.828125,0.953125
17704.765625,0.937500
17705.734375,0.968750
17706.671875,0.937500
17707.640625,0.968750
17708.593750,0.953125
17709.531250,0.937500
17710.468750,0.937500
17711.406250,0.937500
17712.328125,0.921875
17713.265625,0.937500
17714.218750,0.953125
17715.156250,0.937500
17716.093750,0.937500
17717.062500,0.968750
17718.015625,0.953125
17718.953125,0.937500
17719.906250,0.953125
17720.859375,0.953125
17721.796875,0.937500
17722.765625,0.968750
17723.750000,0.984375
17724.703125,0.953125
17725.656250,0.953125
17726.609375,0.953125
17727.562500,0.953125
17728.562500,1.000000
17729.531250,0.968750
17730.500000,0.968750
17731.500000,1.000000
17732.468750,0.968750
17733.468750,1.000000
17734.468750,1.000000
17735.421875,0.953125
17736.375000,0.953125
17737.328125,0.953125
17738.218750,0.890625
17739.109375,0.890625
17740.000000,0.890625
17740.890625,0.890625
17741.796875,0.906250
17742.781250,0.984375
17743.734375,0.953125
17744.687500,0.953125
17745.671875,0.984375
17746.640625,0.968750
17747.562500,0.921875
17748.500000,0.937500
17749.421875,0.921875
17750.312500,0.890625
17751.203125,0.890625
17752.093750,0.890625
17752.968750,0.875000
17753.859375,0.890625
17754.734375,0.875000
17755.593750,0.859375
17756.484375,0.890625
17757.375000,0.890625
17758.281250,0.906250
17759.187500,0.906250
17760.125000,0.937500
17761.062500,0.937500
17762.046875,0.984375
17762.984375,0.937500
17763.937500,0.953125
17764.875000,0.937500
17765.828125,0.953125
17766.781250,0.953125
17767.718750,0.937500
17768.640625,0.921875
17769.546875,0.906250
17770.453125,0.906250
17771.343750,0.890625
17772.265625,0.921875
17773.328125,1.062500
17774.312500,0.984375
17775.250000,0.937500
17776.203125,0.953125
17777.109375,0.906250
17778.046875,0.937500
17779.000000,0.953125
17779.921875,0.921875
17780.828125,0.906250
17781.718750,0.890625
17782.609375,0.890625
17783.484375,0.875000
17784.359375,0.875000
17785.250000,0.890625
17786.156250,0.906250
17787.031250,0.875000
17787.921875,0.890625
17788.843750,0.921875
17789.718750,0.875000
17790.578125,0.859375
17791.437500,0.859375
17792.312500,0.875000
17793.171875,0.859375
17794.046875,0.875000
17795.031250,0.984375
17796.015625,0.984375
17796.968750,0.953125
17797.906250,0.937500
17798.843750,0.937500
17799.765625,0.921875
17800.703125,0.937500
17801.640625,0.937500
17802.562500,0.921875
17803.531250,0.968750
17804.500000,0.968750
17805.453125,0.953125
17806.421875,0.968750
17807.390625,0.968750
17808.343750,0.953125
17809.281250,0.937500
17810.234375,0.953125
17811.171875,0.937500
17812.109375,0.937500
17813.078125,0.968750
17814.031250,0.953125
17814.953125,0.921875
17815.890625,0.937500
17816.875000,0.984375
17817.859375,0.984375
17818.812500,0.953125
17819.750000,0.937500
17820.687500,0.937500
17821.625000,0.937500
17822.546875,0.921875
17823.500000,0.953125
17824.453125,0.953125
17825.437500,0.984375
17826.406250,0.968750
17827.406250,1.000000
17828.406250,1.000000
17829.390625,0.984375
17830.359375,0.968750
17831.328125,0.968750
17832.281250,0.953125
17833.265625,0.984375
17834.265625,1.000000
17835.312500,1.046875
17836.359375,1.046875
17837.390625,1.031250
17838.375000,0.984375
17839.390625,1.015625
17840.421875,1.031250
17841.421875,1.000000
17842.406250,0.984375
17843.437500,1.031250
17844.375000,0.937500
17845.328125,0.953125
17846.281250,0.953125
17847.203125,0.921875
17848.109375,0.906250
17849.046875,0.937500
17849.984375,0.937500
17850.875000,0.890625
17851.781250,0.906250
17852.703125,0.921875
17853.593750,0.890625
17854.515625,0.921875
17855.453125,0.937500
17856.359375,0.906250
17857.265625,0.906250
17858.187500,0.921875
17859.109375,0.921875
17859.984375,0.875000
17860.859375,0.875000
17861.750000,0.890625
17862.609375,0.859375
17863.453125,0.843750
17864.312500,0.859375
17865.187500,0.875000
17866.078125,0.890625
17866.953125,0.875000
17867.859375,0.906250
17868.781250,0.921875
17869.703125,0.921875
17870.593750,0.890625
17871.500000,0.906250
17872.437500,0.937500
17873.375000,0.937500
17874.265625,0.890625
17875.171875,0.906250
17876.093750,0.921875
17877.031250,0.937500
17877.921875,0.890625
17878.812500,0.890625
17879.734375,0.921875
17880.671875,0.937500
17881.640625,0.968750
17882.625000,0.984375
17883.656250,1.031250
17884.718750,1.062500
17885.734375,1.015625
17886.765625,1.031250
17887.796875,1.031250
17888.796875,1.000000
17889.796875,1.000000
17890.781250,0.984375
17891.781250,1.000000
17892.750000,0.968750
17893.718750,0.968750
17894.703125,0.984375
17895.718750,1.015625
17896.718750,1.000000
17897.718750,1.000000
17898.687500,0.968750
17899.687500,1.000000
17900.640625,0.953125
17901.593750,0.953125
17902.578125,0.984375
17903.546875,0.968750
17904.515625,0.968750
17905.500000,0.984375
17906.500000,1.000000
17907.468750,0.968750
17908.437500,0.968750
17909.437500,1.000000
17910.359375,0.921875
17911.312500,0.953125
17912.250000,0.937500
17913.187500,0.937500
17914.078125,0.890625
17914.968750,0.890625
17915.906250,0.937500
17916.812500,0.906250
17917.718750,0.906250
17918.656250,0.937500
17919.609375,0.953125
17920.500000,0.890625
17921.421875,0.921875
17922.343750,0.921875
17923.250000,0.906250
17924.140625,0.890625
17925.031250,0.890625
17925.937500,0.906250
17926.812500,0.875000
17927.718750,0.906250
17928.640625,0.921875
17929.546875,0.906250
17930.468750,0.921875
17931.406250,0.937500
17932.375000,0.968750
17933.312500,0.937500
17934.265625,0.953125
17935.234375,0.968750
17936.171875,0.937500
17937.140625,0.968750
17938.093750,0.953125
17939.046875,0.953125
17940.031250,0.984375
17941.046875,1.015625
17942.046875,1.000000
17943.031250,0.984375
17944.062500,1.031250
17945.078125,1.015625
17946.046875,0.968750
17947.109375,1.062500
17948.109375,1.000000
17949.078125,0.968750
17950.031250,0.953125
17951.000000,0.968750
17951.953125,0.953125
17952.890625,0.937500
17953.859375,0.968750
17954.812500,0.953125
17955.781250,0.968750
17956.734375,0.953125
17957.687500,0.953125
17958.656250,0.968750
17959.671875,1.015625
17960.656250,0.984375
17961.625000,0.968750
17962.562500,0.937500
17963.609375,1.046875
17964.593750,0.984375
17965.578125,0.984375
17966.562500,0.984375
17967.593750,1.031250
17968.625000,1.031250
17969.609375,0.984375
17970.609375,1.000000
17971.593750,0.984375
17972.562500,0.968750
17973.500000,0.937500
17974.437500,0.937500
17975.343750,0.906250
17976.265625,0.921875
17977.234375,0.968750
17978.156250,0.921875
17979.093750,0.937500
17980.062500,0.968750
17981.000000,0.937500
17981.921875,0.921875
17982.843750,0.921875
17983.734375,0.890625
17984.609375,0.875000
17985.468750,0.859375
17986.328125,0.859375
17987.187500,0.859375
17988.031250,0.843750
17988.906250,0.875000
17989.812500,0.906250
17990.687500,0.875000
17991.578125,0.890625
17992.484375,0.906250
17993.375000,0.890625
17994.250000,0.875000
17995.171875,0.921875
17996.109375,0.937500
17997.031250,0.921875
17997.968750,0.937500
17998.906250,0.937500
17999.796875,0.890625
18000.718750,0.921875
18001.656250,0.937500
18002.562500,0.906250
18003.500000,0.937500
18004.468750,0.968750
18005.406250,0.937500
18006.343750,0.937500
18007.296875,0.953125
18008.250000,0.953125
18009.171875,0.921875
18010.109375,0.937500
18011.015625,0.906250
18011.921875,0.906250
18012.843750,0.921875
18013.765625,0.921875
18014.687500,0.921875
18015.593750,0.906250
18016.531250,0.937500
18017.437500,0.906250
18018.328125,0.890625
18019.203125,0.875000
18020.062500,0.859375
18020.937500,0.875000
18021.781250,0.843750
18022.671875,0.890625
18023.593750,0.921875
18024.484375,0.890625
18025.343750,0.859375
18026.218750,0.875000
18027.109375,0.890625
18027.968750,0.859375
18028.828125,0.859375
18029.687500,0.859375
18030.578125,0.890625
18031.437500,0.859375
18032.296875,0.859375
18033.171875,0.875000
18034.062500,0.890625
18034.968750,0.906250
18035.828125,0.859375
18036.718750,0.890625
18037.609375,0.890625
18038.500000,0.890625
18039.359375,0.859375
18040.218750,0.859375
18041.093750,0.875000
18042.000000,0.906250
18042.890625,0.890625
18043.765625,0.875000
18044.671875,0.906250
18045.609375,0.937500
18046.515625,0.906250
18047.390625,0.875000
18048.281250,0.890625
18049.171875,0.890625
18050.046875,0.875000
18050.906250,0.859375
18051.781250,0.875000
18052.656250,0.875000
18053.531250,0.875000
18054.406250,0.875000
18055.296875,0.890625
18056.187500,0.890625
18057.156250,0.968750
18058.125000,0.968750
18059.062500,0.937500
18060.015625,0.953125
18060.984375,0.968750
18061.953125,0.968750
18062.921875,0.968750
18063.921875,1.000000
18064.906250,0.984375
18065.875000,0.968750
18066.843750,0.968750
18067.781250,0.937500
18068.703125,0.921875
18069.671875,0.968750
18070.625000,0.953125
18071.562500,0.937500
18072.500000,0.937500
18073.484375,0.984375
18074.421875,0.937500
18075.359375,0.937500
18076.281250,0.921875
18077.218750,0.937500
18078.156250,0.937500
18079.078125,0.921875
18080.062500,0.984375
18080.984375,0.921875
18081.953125,0.968750
18082.953125,1.000000
18083.906250,0.953125
18084.875000,0.968750
18085.890625,1.015625
18086.906250,1.015625
18087.875000,0.968750
18088.843750,0.968750
18089.812500,0.968750
18090.843750,1.031250
18091.843750,1.000000
18092.796875,0.953125
18093.765625,0.968750
18094.750000,0.984375
18095.718750,0.968750
18096.656250,0.937500
18097.625000,0.968750
18098.593750,0.968750
18099.484375,0.890625
18100.375000,0.890625
18101.203125,0.828125
18115.046875,0.718750
18115.750000,0.703125
18116.453125,0.703125
18117.171875,0.718750
18117.921875,0.750000
18118.718750,0.796875
18119.578125,0.859375
18120.546875,0.968750
18121.562500,1.015625
18122.546875,0.984375
18123.484375,0.937500
18124.468750,0.984375
18125.437500,0.968750
18126.343750,0.906250
18127.203125,0.859375
18128.078125,0.875000
18128.968750,0.890625
18129.859375,0.890625
18130.781250,0.921875
18131.734375,0.953125
18132.703125,0.968750
18133.656250,0.953125
18134.640625,0.984375
18135.593750,0.953125
18136.500000,0.906250
18137.406250,0.906250
18138.281250,0.875000
18139.156250,0.875000
18140.031250,0.875000
18140.921875,0.890625
18141.765625,0.843750
18142.593750,0.828125
18143.437500,0.843750
18144.375000,0.937500
18145.281250,0.906250
18146.218750,0.937500
18147.171875,0.953125
18148.125000,0.953125
18149.062500,0.937500
18149.968750,0.906250
18150.906250,0.937500
18151.812500,0.906250
18152.718750,0.906250
18153.656250,0.937500
18154.609375,0.953125
18155.593750,0.984375
18156.609375,1.015625
18157.562500,0.953125
18158.578125,1.015625
18159.546875,0.968750
18160.468750,0.921875
18161.421875,0.953125
18162.359375,0.937500
18163.281250,0.921875
18164.203125,0.921875
18165.125000,0.921875
18166.031250,0.906250
18166.937500,0.906250
18167.875000,0.937500
18168.828125,0.953125
18169.734375,0.906250
18170.671875,0.937500
18171.609375,0.937500
18172.546875,0.937500
18173.468750,0.921875
18174.421875,0.953125
18175.421875,1.000000
18176.453125,1.031250
18177.500000,1.046875
18178.484375,0.984375
18179.468750,0.984375
18180.453125,0.984375
18181.390625,0.937500
18182.343750,0.953125
18183.312500,0.968750
18184.281250,0.968750
18185.250000,0.968750
18186.281250,1.031250
18187.250000,0.968750
18188.234375,0.984375
18189.250000,1.015625
18190.203125,0.953125
18191.140625,0.937500
18192.109375,0.968750
18193.062500,0.953125
18194.000000,0.937500
18194.968750,0.968750
18195.921875,0.953125
18196.875000,0.953125
18197.859375,0.984375
18198.906250,1.046875
18199.937500,1.031250
18201.000000,1.062500
18202.015625,1.015625
18203.046875,1.031250
18204.062500,1.015625
18205.046875,0.984375
18206.046875,1.000000
18207.062500,1.015625
18208.062500,1.000000
18209.140625,1.078125
18210.187500,1.046875
18211.234375,1.046875
18212.312500,1.078125
18213.343750,1.031250
18214.390625,1.046875
18215.390625,1.000000
18216.359375,0.968750
18217.375000,1.015625
18218.312500,0.937500
18219.218750,0.906250
18228.359375,0.703125
18229.046875,0.687500
18229.765625,0.718750
18230.515625,0.750000
18231.234375,0.718750
18231.937500,0.703125
18232.640625,0.703125
18233.375000,0.734375
18234.093750,0.718750
18234.812500,0.718750
18235.531250,0.718750
18236.265625,0.734375
18237.046875,0.781250
18237.906250,0.859375
18238.812500,0.906250
18239.765625,0.953125
18240.765625,1.000000
18241.765625,1.000000
18242.687500,0.921875
18243.640625,0.953125
18244.578125,0.937500
18245.531250,0.953125
18246.421875,0.890625
18247.343750,0.921875
18248.281250,0.937500
18249.218750,0.937500
18250.125000,0.906250
18251.078125,0.953125
18252.062500,0.984375
18252.984375,0.921875
18253.875000,0.890625
18254.781250,0.906250
18255.656250,0.875000
18256.515625,0.859375
18257.359375,0.843750
18258.187500,0.828125
18259.031250,0.843750
18259.921875,0.890625
18260.843750,0.921875
18261.718750,0.875000
18262.625000,0.906250
18263.531250,0.906250
18264.406250,0.875000
18265.265625,0.859375
18266.125000,0.859375
18266.968750,0.843750
18267.781250,0.812500
18268.593750,0.812500
18269.421875,0.828125
18277.062500,0.750000
18277.796875,0.734375
18278.562500,0.765625
18279.343750,0.781250
18280.156250,0.812500
18280.984375,0.828125
18281.796875,0.812500
18282.609375,0.812500
18283.406250,0.796875
18284.203125,0.796875
18285.062500,0.859375
18286.000000,0.937500
18286.984375,0.984375
18288.046875,1.062500
18289.156250,1.109375
18290.171875,1.015625
18291.156250,0.984375
18292.125000,0.968750
18293.078125,0.953125
18294.000000,0.921875
18294.953125,0.953125
18295.953125,1.000000
18296.968750,1.015625
18297.906250,0.937500
18298.859375,0.953125
18299.812500,0.953125
18300.703125,0.890625
18301.625000,0.921875
18302.546875,0.921875
18303.515625,0.968750
18304.421875,0.906250
18305.312500,0.890625
18306.203125,0.890625
18307.125000,0.921875
18308.078125,0.953125
18309.031250,0.953125
18309.953125,0.921875
18310.890625,0.937500
18311.843750,0.953125
18312.750000,0.906250
18313.640625,0.890625
18314.515625,0.875000
18315.375000,0.859375
18316.218750,0.843750
18317.046875,0.828125
18317.875000,0.828125
18318.703125,0.828125
18319.593750,0.890625
18320.562500,0.968750
18321.500000,0.937500
18322.453125,0.953125
18323.437500,0.984375
18324.375000,0.937500
18325.281250,0.906250
18326.203125,0.921875
18327.062500,0.859375
18327.953125,0.890625
18328.859375,0.906250
18329.781250,0.921875
18330.687500,0.906250
18331.671875,0.984375
18332.656250,0.984375
18333.625000,0.968750
18334.562500,0.937500
18335.531250,0.968750
18336.546875,1.015625
18337.531250,0.984375
18338.578125,1.046875
18339.750000,1.171875
18340.859375,1.109375
18341.968750,1.109375
18343.093750,1.125000
18344.125000,1.031250
18345.125000,1.000000
18346.140625,1.015625
18347.109375,0.968750
18348.078125,0.968750
18349.093750,1.015625
18350.156250,1.062500
18351.171875,1.015625
18352.218750,1.046875
18353.234375,1.015625
18354.234375,1.000000
18355.296875,1.062500
18356.281250,0.984375
18357.250000,0.968750
18358.265625,1.015625
18359.281250,1.015625
18360.328125,1.046875
18361.437500,1.109375
18362.468750,1.031250
18363.500000,1.031250
18364.562500,1.062500
18365.562500,1.000000
18366.578125,1.015625
18367.562500,0.984375
18368.500000,0.937500
18369.468750,0.968750
18370.437500,0.968750
18371.390625,0.953125
18372.375000,0.984375
18373.343750,0.968750
18374.281250,0.937500
18375.234375,0.953125
18376.171875,0.937500
18377.078125,0.906250
18378.000000,0.921875
18378.906250,0.906250
18379.781250,0.875000
18380.671875,0.890625
18381.578125,0.906250
18382.468750,0.890625
18383.406250,0.937500
18384.328125,0.921875
18385.281250,0.953125
18386.265625,0.984375
18387.250000,0.984375
18388.265625,1.015625
18389.234375,0.968750
18390.187500,0.953125
18391.125000,0.937500
18392.031250,0.906250
18392.968750,0.937500
18393.921875,0.953125
18394.843750,0.921875
18395.812500,0.968750
18396.781250,0.968750
18397.703125,0.921875
18398.671875,0.968750
18399.640625,0.968750
18400.562500,0.921875
18401.484375,0.921875
18402.375000,0.890625
18403.281250,0.906250
18404.218750,0.937500
18405.156250,0.937500
18406.062500,0.906250
18406.984375,0.921875
18407.921875,0.937500
18408.843750,0.921875
18409.796875,0.953125
18410.781250,0.984375
18411.750000,0.968750
18412.734375,0.984375
18413.687500,0.953125
18414.625000,0.937500
18415.578125,0.953125
18416.515625,0.937500
18422.843750,0.718750
18423.562500,0.718750
18424.312500,0.750000
18425.062500,0.750000
18425.859375,0.796875
18426.734375,0.875000
18427.546875,0.812500
18428.453125,0.906250
18429.375000,0.921875
18430.328125,0.953125
18431.187500,0.859375
18432.062500,0.875000
18432.953125,0.890625
18433.843750,0.890625
18434.734375,0.890625
18435.609375,0.875000
18436.484375,0.875000
18437.359375,0.875000
18438.265625,0.906250
18439.187500,0.921875
18440.093750,0.906250
18441.031250,0.937500
18442.031250,1.000000
18443.031250,1.000000
18444.000000,0.968750
18444.968750,0.968750
18445.968750,1.000000
18446.984375,1.015625
18448.000000,1.015625
18448.984375,0.984375
18450.046875,1.062500
18451.156250,1.109375
18452.203125,1.046875
18453.218750,1.015625
18454.265625,1.046875
18455.281250,1.015625
18456.328125,1.046875
18457.359375,1.031250
18458.359375,1.000000
18459.343750,0.984375
18460.343750,1.000000
18461.359375,1.015625
18462.359375,1.000000
18463.421875,1.062500
18464.484375,1.062500
18465.484375,1.000000
18466.515625,1.031250
18467.515625,1.000000
18468.484375,0.968750
18469.515625,1.031250
18470.609375,1.093750
18471.656250,1.046875
18472.718750,1.062500
18473.734375,1.015625
18474.812500,1.078125
18475.859375,1.046875
18476.859375,1.000000
18477.875000,1.015625
18478.937500,1.062500
18479.921875,0.984375
18480.921875,1.000000
18481.906250,0.984375
18482.843750,0.937500
18483.812500,0.968750
18484.796875,0.984375
18485.765625,0.968750
18486.750000,0.984375
18487.703125,0.953125
18488.625000,0.921875
18489.531250,0.906250
18490.453125,0.921875
18491.359375,0.906250
18492.265625,0.906250
18493.218750,0.953125
18494.125000,0.906250
18495.062500,0.937500
18496.000000,0.937500
18496.890625,0.890625
18497.765625,0.875000
18498.640625,0.875000
18499.484375,0.843750
18500.343750,0.859375
18501.187500,0.843750
18502.046875,0.859375
18502.890625,0.843750
18503.796875,0.906250
18504.703125,0.906250
18505.609375,0.906250
18506.500000,0.890625
18507.421875,0.921875
18508.343750,0.921875
18509.234375,0.890625
18510.171875,0.937500
18511.140625,0.968750
18512.093750,0.953125
18513.093750,1.000000
18514.109375,1.015625
18515.140625,1.031250
18516.203125,1.062500
18517.187500,0.984375
18518.156250,0.968750
18519.125000,0.968750
18520.093750,0.968750
18521.062500,0.968750
18522.031250,0.968750
18523.031250,1.000000
18524.125000,1.093750
18525.171875,1.046875
18526.218750,1.046875
18527.250000,1.031250
18528.218750,0.968750
18529.218750,1.000000
18530.203125,0.984375
18531.140625,0.937500
18532.078125,0.937500
18533.031250,0.953125
18533.968750,0.937500
18534.890625,0.921875
18535.843750,0.953125
18536.781250,0.937500
18537.765625,0.984375
18538.734375,0.968750
18539.640625,0.906250
18540.390625,0.750000
18557.890625,0.656250
18558.593750,0.703125
18563.015625,0.890625
18563.859375,0.843750
18564.750000,0.890625
18565.671875,0.921875
18566.562500,0.890625
18567.562500,1.000000
18568.609375,1.046875
18569.640625,1.031250
18570.703125,1.062500
18571.875000,1.171875
18573.046875,1.171875
18574.187500,1.140625
18575.250000,1.062500
18576.484375,1.234375
18577.578125,1.093750
18578.640625,1.062500
18579.562500,0.921875
18580.578125,1.015625
18581.593750,1.015625
18582.546875,0.953125
18583.671875,1.125000
18584.687500,1.015625
18585.640625,0.953125
18586.578125,0.937500
18587.515625,0.937500
18588.515625,1.000000
18589.437500,0.921875
18590.328125,0.890625
18591.218750,0.890625
18592.140625,0.921875
18593.078125,0.937500
18594.109375,1.031250
18595.078125,0.968750
18596.031250,0.953125
18597.015625,0.984375
18597.953125,0.937500
18598.937500,0.984375
18599.859375,0.921875
18600.812500,0.953125
18601.781250,0.968750
18602.734375,0.953125
18603.765625,1.031250
18604.750000,0.984375
18605.734375,0.984375
18606.750000,1.015625
18607.687500,0.937500
18608.671875,0.984375
18609.687500,1.015625
18610.609375,0.921875
18611.546875,0.937500
18612.531250,0.984375
18613.468750,0.937500
18614.406250,0.937500
18615.359375,0.953125
18616.281250,0.921875
18617.281250,1.000000
18618.265625,0.984375
18619.281250,1.015625
18620.359375,1.078125
18621.296875,0.937500
18622.281250,0.984375
18623.234375,0.953125
18624.140625,0.906250
18625.078125,0.937500
18626.031250,0.953125
18626.937500,0.906250
18627.890625,0.953125
18628.859375,0.968750
18629.781250,0.921875
18630.718750,0.937500
18631.656250,0.937500
18632.562500,0.906250
18633.515625,0.953125
18634.468750,0.953125
18635.359375,0.890625
18636.328125,0.968750
18637.296875,0.968750
18638.203125,0.906250
18639.109375,0.906250
18639.984375,0.875000
18648.937500,0.859375
18649.968750,1.031250
18651.000000,1.031250
18652.000000,1.000000
18653.031250,1.031250
18654.125000,1.093750
18655.140625,1.015625
18656.140625,1.000000
18657.078125,0.937500
18658.015625,0.937500
18658.937500,0.921875
18659.843750,0.906250
18660.734375,0.890625
18661.593750,0.859375
18662.421875,0.828125
18663.265625,0.843750
18664.171875,0.906250
18665.093750,0.921875
18666.031250,0.937500
18667.031250,1.000000
18667.953125,0.921875
18668.921875,0.968750
18669.875000,0.953125
18670.781250,0.906250
18671.687500,0.906250
18672.625000,0.937500
18673.484375,0.859375
18674.390625,0.906250
18675.281250,0.890625
18676.156250,0.875000
18677.031250,0.875000
18677.921875,0.890625
18678.781250,0.859375
18679.687500,0.906250
18680.593750,0.906250
18681.468750,0.875000
18682.375000,0.906250
18683.281250,0.906250
18684.171875,0.890625
18685.093750,0.921875
18686.046875,0.953125
18686.953125,0.906250
18687.890625,0.937500
18688.859375,0.968750
18689.765625,0.906250
18690.703125,0.937500
18691.656250,0.953125
18692.562500,0.906250
18693.500000,0.937500
18694.468750,0.968750
18695.390625,0.921875
18696.312500,0.921875
18697.250000,0.937500
18698.156250,0.906250
18699.046875,0.890625
18700.000000,0.953125
18700.906250,0.906250
18701.781250,0.875000
18702.671875,0.890625
18703.531250,0.859375
18704.375000,0.843750
18705.234375,0.859375
18706.109375,0.875000
18706.968750,0.859375
18707.875000,0.906250
18708.796875,0.921875
18709.687500,0.890625
18710.593750,0.906250
18711.531250,0.937500
18712.421875,0.890625
18713.312500,0.890625
18714.203125,0.890625
18715.093750,0.890625
18715.937500,0.843750
18716.812500,0.875000
18717.765625,0.953125
18718.656250,0.890625
18719.609375,0.953125
18720.562500,0.953125
18721.437500,0.875000
18722.375000,0.937500
18723.328125,0.953125
18724.218750,0.890625
18725.140625,0.921875
18726.093750,0.953125
18727.000000,0.906250
18727.906250,0.906250
18728.812500,0.906250
18729.703125,0.890625
18730.546875,0.843750
18731.453125,0.906250
18732.406250,0.953125
18733.296875,0.890625
18734.218750,0.921875
18735.125000,0.906250
18735.968750,0.843750
18736.859375,0.890625
18737.781250,0.921875
18738.656250,0.875000
18739.515625,0.859375
18740.406250,0.890625
18741.265625,0.859375
18742.093750,0.828125
18742.968750,0.875000
18743.875000,0.906250
18744.765625,0.890625
18745.656250,0.890625
18746.593750,0.937500
18747.484375,0.890625
18748.390625,0.906250
18749.328125,0.937500
18750.265625,0.937500
18751.140625,0.875000
18752.062500,0.921875
18753.015625,0.953125
18753.906250,0.890625
18754.812500,0.906250
18755.781250,0.968750
18756.781250,1.000000
18757.687500,0.906250
18758.656250,0.968750
18759.625000,0.968750
18760.500000,0.875000
18761.421875,0.921875
18762.343750,0.921875
18763.203125,0.859375
18764.109375,0.906250
18765.062500,0.953125
18765.953125,0.890625
18766.875000,0.921875
18767.812500,0.937500
18768.687500,0.875000
18769.578125,0.890625
18770.484375,0.906250
18771.359375,0.875000
18772.187500,0.828125
18773.046875,0.859375
18773.921875,0.875000
18774.765625,0.843750
18775.656250,0.890625
18776.546875,0.890625
18777.421875,0.875000
18778.234375,0.812500
18791.156250,0.671875
18791.843750,0.687500
18792.500000,0.656250
18793.140625,0.640625
18793.796875,0.656250
18794.453125,0.656250
18795.140625,0.687500
18795.828125,0.687500
18796.531250,0.703125
18797.281250,0.750000
18798.078125,0.796875
18798.906250,0.828125
18799.718750,0.812500
18800.562500,0.843750
18801.546875,0.984375
18802.515625,0.968750
18803.421875,0.906250
18804.312500,0.890625
18805.203125,0.890625
18806.125000,0.921875
18807.046875,0.921875
18807.953125,0.906250
18808.859375,0.906250
18809.796875,0.937500
18810.687500,0.890625
18820.906250,0.718750
18821.640625,0.734375
18822.375000,0.734375
18823.125000,0.750000
18823.921875,0.796875
18824.750000,0.828125
18825.546875,0.796875
18826.375000,0.828125
18827.218750,0.843750
18828.078125,0.859375
18828.921875,0.843750
18829.781250,0.859375
18834.687500,0.781250
18835.484375,0.796875
18836.328125,0.843750
18837.125000,0.796875
18837.984375,0.859375
18838.921875,0.937500
18839.812500,0.890625
18840.812500,1.000000
18841.796875,0.984375
18842.859375,1.062500
18843.937500,1.078125
18844.937500,1.000000
18845.921875,0.984375
18846.906250,0.984375
18847.906250,1.000000
18848.859375,0.953125
18849.828125,0.968750
18850.781250,0.953125
18851.796875,1.015625
18860.765625,1.000000
18861.734375,0.968750
18862.671875,0.937500
18863.671875,1.000000
18864.671875,1.000000
18865.625000,0.953125
18866.593750,0.968750
18867.531250,0.937500
18868.437500,0.906250
18869.359375,0.921875
18870.312500,0.953125
18871.218750,0.906250
18872.140625,0.921875
18873.125000,0.984375
18874.062500,0.937500
18875.015625,0.953125
18876.015625,1.000000
18876.968750,0.953125
18877.843750,0.875000
18878.781250,0.937500
18879.687500,0.906250
18880.593750,0.906250
18881.500000,0.906250
18882.484375,0.984375
18883.515625,1.031250
18884.468750,0.953125
18885.468750,1.000000
18886.484375,1.015625
18887.484375,1.000000
18888.453125,0.968750
18889.421875,0.968750
18890.390625,0.968750
18891.265625,0.875000
18892.203125,0.937500
18893.171875,0.968750
18894.171875,1.000000
18895.171875,1.000000
18896.250000,1.078125
18897.265625,1.015625
18898.203125,0.937500
18899.171875,0.968750
18900.140625,0.968750
18901.046875,0.906250
18901.937500,0.890625
18902.781250,0.843750
18908.984375,0.734375
18909.750000,0.765625
18910.515625,0.765625
18911.343750,0.828125
18912.109375,0.765625
18919.156250,0.765625
18919.953125,0.796875
18920.718750,0.765625
18921.578125,0.859375
18922.453125,0.875000
18923.296875,0.843750
18945.218750,0.859375
18946.203125,0.984375
18947.109375,0.906250
18948.109375,1.000000
18954.828125,0.953125
18955.703125,0.875000
18956.625000,0.921875
18957.609375,0.984375
18958.484375,0.875000
18959.437500,0.953125
18960.375000,0.937500
18961.343750,0.968750
18962.234375,0.890625
18963.125000,0.890625
18964.156250,1.031250
18965.078125,0.921875
18965.937500,0.859375
18966.843750,0.906250
18967.765625,0.921875
18968.531250,0.765625
18969.578125,1.046875
18970.500000,0.921875
18971.453125,0.953125
18972.359375,0.906250
18973.234375,0.875000
18974.250000,1.015625
18975.015625,0.765625
18976.062500,1.046875
18977.000000,0.937500
18977.953125,0.953125
18983.515625,0.953125
18984.453125,0.937500
18985.343750,0.890625
18986.312500,0.968750
18987.281250,0.968750
18988.093750,0.812500
18993.140625,0.953125
18994.093750,0.953125
18999.500000,0.953125
19000.500000,1.000000
19006.218750,0.953125
19007.187500,0.968750
19013.875000,0.968750
19014.718750,0.843750
19015.765625,1.046875
19016.734375,0.968750
19017.687500,0.953125
19018.593750,0.906250
19019.515625,0.921875
19020.500000,0.984375
19021.515625,1.015625
19022.390625,0.875000
19023.250000,0.859375
19024.156250,0.906250
19025.015625,0.859375
19025.875000,0.859375
19026.781250,0.906250
19027.718750,0.937500
19028.578125,0.859375
19029.406250,0.828125
19030.390625,0.984375
19031.250000,0.859375
19032.109375,0.859375
19033.031250,0.921875
19033.875000,0.843750
19034.843750,0.968750
19035.796875,0.953125
19036.734375,0.937500
19042.281250,0.937500
19043.250000,0.968750
19044.140625,0.890625
19045.046875,0.906250
19046.140625,1.093750
19046.921875,0.781250
19047.984375,1.062500
19048.937500,0.953125
19049.828125,0.890625
19050.703125,0.875000
19051.593750,0.890625
19052.546875,0.953125
19053.312500,0.765625
19054.359375,1.046875
19055.281250,0.921875
19056.203125,0.921875
19057.062500,0.859375
19057.953125,0.890625
19058.906250,0.953125
19059.812500,0.906250
19060.671875,0.859375
19061.625000,0.953125
19062.578125,0.953125
19063.421875,0.843750
19064.468750,1.046875
19065.406250,0.937500
19066.359375,0.953125
19071.703125,0.875000
19072.625000,0.921875
19073.546875,0.921875
19074.421875,0.875000
19075.265625,0.843750
19076.343750,1.078125
19077.265625,0.921875
19078.203125,0.937500
19079.187500,0.984375
19080.109375,0.921875
19081.000000,0.890625
19081.906250,0.906250
19082.875000,0.968750
19083.828125,0.953125
19084.734375,0.906250
19085.656250,0.921875
19086.656250,1.000000
19087.593750,0.937500
19088.500000,0.906250
19089.484375,0.984375
19090.421875,0.937500
19091.250000,0.828125
19092.296875,1.046875
19093.265625,0.968750
19094.234375,0.968750
19094.984375,0.750000
19096.062500,1.078125
19097.015625,0.953125
19097.984375,0.968750
19098.890625,0.906250
19099.812500,0.921875
19100.750000,0.937500
19101.656250,0.906250
19102.500000,0.843750
19103.312500,0.812500
19104.171875,0.859375
19104.984375,0.812500
19105.859375,0.875000
19106.765625,0.906250
19107.718750,0.953125
19108.593750,0.875000
19109.578125,0.984375
19110.593750,1.015625
19111.375000,0.781250
19112.468750,1.093750
19113.390625,0.921875
19114.281250,0.890625
19115.171875,0.890625
19116.046875,0.875000
19116.953125,0.906250
19117.812500,0.859375
19118.703125,0.890625
19119.625000,0.921875
19120.375000,0.750000
19121.390625,1.015625
19122.265625,0.875000
19123.171875,0.906250
19124.031250,0.859375
19124.906250,0.875000
19125.812500,0.906250
19126.718750,0.906250
19127.593750,0.875000
19128.546875,0.953125
19129.500000,0.953125
19130.406250,0.906250
19131.343750,0.937500
19132.234375,0.890625
19133.312500,1.078125
19134.078125,0.765625
19135.125000,1.046875
19135.984375,0.859375
19137.015625,1.031250
19137.796875,0.781250
19138.859375,1.062500
19139.843750,0.984375
19140.765625,0.921875
19141.734375,0.968750
19142.734375,1.000000
19143.781250,1.046875
19144.718750,0.937500
19145.562500,0.843750
19146.656250,1.093750
19147.546875,0.890625
19148.453125,0.906250
19149.375000,0.921875
19150.328125,0.953125
19151.140625,0.812500
19152.156250,1.015625
19153.109375,0.953125
19154.062500,0.953125
19154.906250,0.843750
19155.843750,0.937500
19156.781250,0.937500
19157.718750,0.937500
19158.640625,0.921875
19159.562500,0.921875
19160.671875,1.109375
19161.531250,0.859375
19162.562500,1.031250
19163.531250,0.968750
19164.453125,0.921875
19165.328125,0.875000
19166.265625,0.937500
19167.218750,0.953125
19167.968750,0.750000
19169.046875,1.078125
19169.968750,0.921875
19170.921875,0.953125
19171.718750,0.796875
19172.703125,0.984375
19173.609375,0.906250
19174.562500,0.953125
19175.453125,0.890625
19176.390625,0.937500
19177.390625,1.000000
19178.359375,0.968750
19179.312500,0.953125
19180.296875,0.984375
19181.296875,1.000000
19182.218750,0.921875
19183.156250,0.937500
19184.062500,0.906250
19184.906250,0.843750
19185.765625,0.859375
19186.640625,0.875000
19187.531250,0.890625
19188.328125,0.796875
19189.328125,1.000000
19190.328125,1.000000
19191.281250,0.953125
19192.218750,0.937500
19193.093750,0.875000
19194.125000,1.031250
19195.015625,0.890625
19195.921875,0.906250
19196.859375,0.937500
19197.859375,1.000000
19198.765625,0.906250
19199.781250,1.015625
19200.812500,1.031250
19201.812500,1.000000
19202.812500,1.000000
19203.796875,0.984375
19204.781250,0.984375
19205.656250,0.875000
19206.593750,0.937500
19207.515625,0.921875
19208.437500,0.921875
19209.187500,0.750000
19210.187500,1.000000
19211.078125,0.890625
19211.968750,0.890625
19212.843750,0.875000
19213.750000,0.906250
19214.718750,0.968750
19215.640625,0.921875
19216.578125,0.937500
19217.515625,0.937500
19218.390625,0.875000
19219.296875,0.906250
19220.187500,0.890625
19221.156250,0.968750
19221.937500,0.781250
19223.000000,1.062500
19223.968750,0.968750
19224.921875,0.953125
19225.812500,0.890625
19226.718750,0.906250
19227.656250,0.937500
19228.625000,0.968750
19229.484375,0.859375
19230.390625,0.906250
19231.296875,0.906250
19232.250000,0.953125
19233.140625,0.890625
19234.062500,0.921875
19235.031250,0.968750
19235.984375,0.953125
19236.859375,0.875000
19237.765625,0.906250
19238.671875,0.906250
19239.531250,0.859375
19240.437500,0.906250
19241.343750,0.906250
19242.265625,0.921875
19243.140625,0.875000
19244.093750,0.953125
19245.046875,0.953125
19245.843750,0.796875
19246.875000,1.031250
19247.812500,0.937500
19248.765625,0.953125
19249.671875,0.906250
19250.562500,0.890625
19251.468750,0.906250
19252.390625,0.921875
19253.234375,0.843750
19254.140625,0.906250
19255.062500,0.921875
19255.890625,0.828125
19256.843750,0.953125
19257.750000,0.906250
19258.718750,0.968750
19259.609375,0.890625
19260.531250,0.921875
19261.453125,0.921875
19262.343750,0.890625
19263.218750,0.875000
19264.125000,0.906250
19265.046875,0.921875
19265.937500,0.890625
19266.796875,0.859375
19267.890625,1.093750
19268.703125,0.812500
19269.750000,1.046875
19270.687500,0.937500
19271.625000,0.937500
19272.515625,0.890625
19273.468750,0.953125
19274.468750,1.000000
19275.375000,0.906250
19276.312500,0.937500
19277.281250,0.968750
19278.218750,0.937500
19279.140625,0.921875
19280.109375,0.968750
19281.062500,0.953125
19281.984375,0.921875
19282.890625,0.906250
19283.875000,0.984375
19284.781250,0.906250
19285.703125,0.921875
19286.671875,0.968750
19287.609375,0.937500
19288.531250,0.921875
19289.484375,0.953125
19290.468750,0.984375
19291.375000,0.906250
19292.359375,0.984375
19293.281250,0.921875
19294.203125,0.921875
19295.078125,0.875000
19296.000000,0.921875
19296.906250,0.906250
19297.859375,0.953125
19298.734375,0.875000
19299.687500,0.953125
19300.625000,0.937500
19301.437500,0.812500
19302.468750,1.031250
19303.375000,0.906250
19304.328125,0.953125
19305.218750,0.890625
19306.187500,0.968750
19307.140625,0.953125
19308.031250,0.890625
19308.968750,0.937500
19309.906250,0.937500
19310.812500,0.906250
19311.671875,0.859375
19312.546875,0.875000
19313.453125,0.906250
19314.312500,0.859375
19315.171875,0.859375
19316.078125,0.906250
19317.046875,0.968750
19317.953125,0.906250
19318.890625,0.937500
19319.906250,1.015625
19320.812500,0.906250
19321.781250,0.968750
19322.765625,0.984375
19323.562500,0.796875
19324.578125,1.015625
19325.484375,0.906250
19326.406250,0.921875
19327.250000,0.843750
19328.109375,0.859375
19329.031250,0.921875
19329.812500,0.781250
19334.781250,0.968750
19335.765625,0.984375
19336.515625,0.750000
19337.562500,1.046875
19338.500000,0.937500
19339.265625,0.765625
19340.281250,1.015625
19341.218750,0.937500
19342.187500,0.968750
19343.109375,0.921875
19344.046875,0.937500
19345.031250,0.984375
19345.937500,0.906250
19346.859375,0.921875
19347.781250,0.921875
19348.703125,0.921875
19349.484375,0.781250
19350.421875,0.937500
19351.453125,1.031250
19352.359375,0.906250
19353.218750,0.859375
19354.078125,0.859375
19354.953125,0.875000
19355.828125,0.875000
19356.703125,0.875000
19357.609375,0.906250
19358.578125,0.968750
19359.484375,0.906250
19360.453125,0.968750
19361.406250,0.953125
19362.187500,0.781250
19363.218750,1.031250
19364.171875,0.953125
19365.156250,0.984375
19366.078125,0.921875
19367.062500,0.984375
19368.062500,1.000000
19369.000000,0.937500
19369.968750,0.968750
19370.890625,0.921875
19371.828125,0.937500
19372.703125,0.875000
19373.640625,0.937500
19374.625000,0.984375
19375.453125,0.828125
19376.500000,1.046875
19377.468750,0.968750
19378.421875,0.953125
19379.296875,0.875000
19380.203125,0.906250
19380.968750,0.765625
19381.984375,1.015625
19382.828125,0.843750
19383.718750,0.890625
19384.671875,0.953125
19385.578125,0.906250
19386.500000,0.921875
19387.468750,0.968750
19388.421875,0.953125
19393.875000,0.812500
19394.937500,1.062500
19395.718750,0.781250
19396.796875,1.078125
19397.718750,0.921875
19398.671875,0.953125
19404.125000,0.937500
19405.046875,0.921875
19405.937500,0.890625
19406.828125,0.890625
19407.734375,0.906250
19408.625000,0.890625
19409.515625,0.890625
19410.437500,0.921875
19411.375000,0.937500
19412.234375,0.859375
19413.109375,0.875000
19414.000000,0.890625
19414.890625,0.890625
19415.796875,0.906250
19416.703125,0.906250
19417.656250,0.953125
19418.562500,0.906250
19419.468750,0.906250
19420.421875,0.953125
19421.296875,0.875000
19422.171875,0.875000
19423.078125,0.906250
19423.921875,0.843750
19424.796875,0.875000
19425.703125,0.906250
19426.468750,0.765625
19427.484375,1.015625
19428.421875,0.937500
19429.390625,0.968750
19430.281250,0.890625
19431.234375,0.953125
19432.203125,0.968750
19433.000000,0.796875
19434.031250,1.031250
19435.031250,1.000000
19435.984375,0.953125
19436.906250,0.921875
19437.890625,0.984375
19438.828125,0.937500
19439.734375,0.906250
19440.703125,0.968750
19441.671875,0.968750
19442.593750,0.921875
19443.593750,1.000000
19444.546875,0.953125
19445.500000,0.953125
19446.406250,0.906250
19447.328125,0.921875
19448.250000,0.921875
19449.062500,0.812500
19450.078125,1.015625
19451.000000,0.921875
19451.890625,0.890625
19452.796875,0.906250
19453.750000,0.953125
19454.703125,0.953125
19460.156250,0.921875
19461.078125,0.921875
19461.968750,0.890625
19462.875000,0.906250
19463.796875,0.921875
19464.687500,0.890625
19465.609375,0.921875
19466.437500,0.828125
19467.468750,1.031250
19468.359375,0.890625
19469.296875,0.937500
19470.125000,0.828125
19471.187500,1.062500
19472.109375,0.921875
19473.062500,0.953125
19474.062500,1.000000
19474.859375,0.796875
19475.937500,1.078125
19476.890625,0.953125
19477.859375,0.968750
19478.750000,0.890625
19479.640625,0.890625
19480.625000,0.984375
19481.562500,0.937500
19490.625000,0.921875
19491.812500,1.187500
19497.687500,0.937500
19498.609375,0.921875
19499.500000,0.890625
19500.390625,0.890625
19501.359375,0.968750
19502.234375,0.875000
19503.156250,0.921875
19504.093750,0.937500
19505.015625,0.921875
19505.921875,0.906250
19506.812500,0.890625
19507.718750,0.906250
19508.578125,0.859375
19509.468750,0.890625
19510.343750,0.875000
19511.218750,0.875000
19512.125000,0.906250
19513.093750,0.968750
19514.046875,0.953125
19514.953125,0.906250
19515.906250,0.953125
19516.875000,0.968750
19522.375000,0.921875
19523.328125,0.953125
19524.125000,0.796875
19525.156250,1.031250
19526.140625,0.984375
19527.078125,0.937500
19527.968750,0.890625
19528.875000,0.906250
19529.796875,0.921875
19530.734375,0.937500
19531.625000,0.890625
19532.562500,0.937500
19533.531250,0.968750
19534.312500,0.781250
19535.375000,1.062500
19536.312500,0.937500
19537.250000,0.937500
19538.140625,0.890625
19539.046875,0.906250
19540.015625,0.968750
19540.796875,0.781250
19541.843750,1.046875
19542.750000,0.906250
19543.703125,0.953125
19544.609375,0.906250
19545.515625,0.906250
19546.468750,0.953125
19547.359375,0.890625
19548.281250,0.921875
19549.187500,0.906250
19550.156250,0.968750
19555.640625,0.953125
19556.625000,0.984375
19557.515625,0.890625
19558.406250,0.890625
19559.312500,0.906250
19560.218750,0.906250
19561.093750,0.875000
19561.968750,0.875000
19562.906250,0.937500
19563.703125,0.796875
19564.718750,1.015625
19565.671875,0.953125
19566.593750,0.921875
19571.953125,0.906250
19572.906250,0.953125
19573.671875,0.765625
19574.703125,1.031250
19575.625000,0.921875
19576.609375,0.984375
19577.500000,0.890625
19578.406250,0.906250
19579.328125,0.921875
19580.218750,0.890625
19581.109375,0.890625
19582.000000,0.890625
19582.906250,0.906250
19583.781250,0.875000
19584.656250,0.875000
19585.578125,0.921875
19586.500000,0.921875
19591.828125,0.906250
19592.750000,0.921875
19600.093750,0.921875
19600.984375,0.890625
19601.890625,0.906250
19602.781250,0.890625
19603.656250,0.875000
19604.531250,0.875000
19605.453125,0.921875
19606.343750,0.890625
19607.125000,0.781250
19612.078125,0.921875
19613.015625,0.937500
19613.890625,0.875000
19614.828125,0.937500
19615.765625,0.937500
19616.718750,0.953125
19617.625000,0.906250
19618.562500,0.937500
19619.500000,0.937500
19620.406250,0.906250
19621.250000,0.843750
19622.140625,0.890625
19623.046875,0.906250
19623.890625,0.843750
19624.765625,0.875000
19625.703125,0.937500
19626.750000,1.046875
19627.546875,0.796875
19628.671875,1.125000
19629.687500,1.015625
19630.593750,0.906250
19631.578125,0.984375
19632.515625,0.937500
19633.453125,0.937500
19638.734375,0.906250
19639.703125,0.968750
19640.593750,0.890625
19641.531250,0.937500
19642.484375,0.953125
19643.390625,0.906250
19644.265625,0.875000
19645.203125,0.937500
19646.171875,0.968750
19647.062500,0.890625
19647.984375,0.921875
19648.890625,0.906250
19649.781250,0.890625
19650.640625,0.859375
19651.515625,0.875000
19652.437500,0.921875
19653.296875,0.859375
19654.203125,0.906250
19655.140625,0.937500
19656.046875,0.906250
19656.984375,0.937500
19657.890625,0.906250
19658.859375,0.968750
19659.625000,0.765625
19660.687500,1.062500
19661.609375,0.921875
19662.578125,0.968750
19663.453125,0.875000
19664.312500,0.859375
19665.171875,0.859375
19666.062500,0.890625
19666.953125,0.890625
19667.906250,0.953125
19668.890625,0.984375
19669.906250,1.015625
19670.781250,0.875000
19671.734375,0.953125
19672.718750,0.984375
19673.656250,0.937500
19674.578125,0.921875
19675.500000,0.921875
19676.453125,0.953125
19677.343750,0.890625
19678.281250,0.937500
19679.234375,0.953125
19680.171875,0.937500
19685.687500,0.921875
19686.609375,0.921875
19687.484375,0.875000
19688.406250,0.921875
19689.390625,0.984375
19690.171875,0.781250
19691.203125,1.031250
19692.156250,0.953125
19693.109375,0.953125
19694.000000,0.890625
19694.921875,0.921875
19695.875000,0.953125
19696.796875,0.921875
19697.703125,0.906250
19698.625000,0.921875
19699.593750,0.968750
19700.500000,0.906250
19701.437500,0.937500
19702.359375,0.921875
19703.281250,0.921875
19704.203125,0.921875
19705.078125,0.875000
19705.937500,0.859375
19706.906250,0.968750
19707.750000,0.843750
19708.640625,0.890625
19709.562500,0.921875
19710.468750,0.906250
19711.390625,0.921875
19712.359375,0.968750
19713.265625,0.906250
19718.843750,0.968750
19719.781250,0.937500
19720.734375,0.953125
19721.671875,0.937500
19722.640625,0.968750
19723.578125,0.937500
19724.546875,0.968750
19725.500000,0.953125
19726.468750,0.968750
19727.375000,0.906250
19728.281250,0.906250
19729.125000,0.843750
19730.015625,0.890625
19731.000000,0.984375
19732.031250,1.031250
19740.671875,0.921875
19741.609375,0.937500
19742.500000,0.890625
19743.390625,0.890625
19744.328125,0.937500
19745.343750,1.015625
19746.140625,0.796875
19747.218750,1.078125
19748.187500,0.968750
19749.109375,0.921875
19749.953125,0.843750
19750.859375,0.906250
19751.843750,0.984375
19752.781250,0.937500
19753.671875,0.890625
19754.656250,0.984375
19755.703125,1.046875
19756.500000,0.796875
19757.640625,1.140625
19758.640625,1.000000
19759.578125,0.937500
19760.500000,0.921875
19761.437500,0.937500
19762.406250,0.968750
19763.328125,0.921875
19764.234375,0.906250
19765.203125,0.968750
19766.156250,0.953125
19767.062500,0.906250
19767.984375,0.921875
19768.984375,1.000000
19769.937500,0.953125
19770.828125,0.890625
19771.718750,0.890625
19772.656250,0.937500
19773.453125,0.796875
19774.468750,1.015625
19775.453125,0.984375
19776.421875,0.968750
19777.343750,0.921875
19778.281250,0.937500
19779.218750,0.937500
19780.093750,0.875000
19780.937500,0.843750
19781.765625,0.828125
19782.625000,0.859375
19783.359375,0.734375
19784.343750,0.984375
19785.312500,0.968750
19786.296875,0.984375
19787.187500,0.890625
19788.171875,0.984375
19789.187500,1.015625
19790.140625,0.953125
19791.109375,0.968750
19792.062500,0.953125
19792.937500,0.875000
19793.750000,0.812500
19794.765625,1.015625
19795.671875,0.906250
19796.625000,0.953125
19797.531250,0.906250
19798.515625,0.984375
19799.500000,0.984375
19800.265625,0.765625
19801.390625,1.125000
19802.359375,0.968750
19803.312500,0.953125
19804.203125,0.890625
19805.156250,0.953125
19806.109375,0.953125
19807.015625,0.906250
19807.968750,0.953125
19808.875000,0.906250
19809.796875,0.921875
19810.687500,0.890625
19811.656250,0.968750
19812.609375,0.953125
19813.515625,0.906250
19814.406250,0.890625
19815.328125,0.921875
19816.265625,0.937500
19817.156250,0.890625
19817.984375,0.828125
19818.828125,0.843750
19819.656250,0.828125
19820.468750,0.812500
19821.328125,0.859375
19822.312500,0.984375
19823.234375,0.921875
19824.125000,0.890625
19825.093750,0.968750
19826.140625,1.046875
19827.125000,0.984375
19828.046875,0.921875
19828.953125,0.906250
19829.906250,0.953125
19830.781250,0.875000
19831.734375,0.953125
19832.703125,0.968750
19833.734375,1.031250
19839.281250,0.921875
19840.250000,0.968750
19841.062500,0.812500
19842.140625,1.078125
19843.125000,0.984375
19844.078125,0.953125
19845.000000,0.921875
19845.859375,0.859375
19846.671875,0.812500
19858.296875,0.671875
19858.921875,0.625000
19859.578125,0.656250
19860.187500,0.609375
19860.812500,0.625000
19861.437500,0.625000
19862.062500,0.625000
19862.671875,0.609375
19863.296875,0.625000
19863.968750,0.671875
19864.687500,0.718750
19865.437500,0.750000
19866.218750,0.781250
19867.171875,0.953125
19868.171875,1.000000
19869.187500,1.015625
19870.218750,1.031250
19871.328125,1.109375
19872.546875,1.218750
19873.796875,1.250000
19875.000000,1.203125
19876.156250,1.156250
19877.265625,1.109375
19878.343750,1.078125
19879.390625,1.046875
19880.312500,0.921875
19881.218750,0.906250
19882.140625,0.921875
19883.078125,0.937500
19884.046875,0.968750
19884.968750,0.921875
19885.859375,0.890625
19886.781250,0.921875
19887.687500,0.906250
19888.578125,0.890625
19889.531250,0.953125
19890.515625,0.984375
19891.546875,1.031250
19892.750000,1.203125
19893.843750,1.093750
19894.765625,0.921875
19895.671875,0.906250
19896.578125,0.906250
19897.453125,0.875000
19898.390625,0.937500
19899.375000,0.984375
19900.281250,0.906250
19901.250000,0.968750
19902.296875,1.046875
19903.359375,1.062500
19904.437500,1.078125
19905.562500,1.125000
19906.609375,1.046875
19907.593750,0.984375
19908.562500,0.968750
19909.546875,0.984375
19910.562500,1.015625
19911.546875,0.984375
19912.625000,1.078125
19913.687500,1.062500
19914.656250,0.968750
19915.718750,1.062500
19916.718750,1.000000
19917.687500,0.968750
19918.671875,0.984375
19919.609375,0.937500
19920.578125,0.968750
19921.578125,1.000000
19922.546875,0.968750
19923.515625,0.968750
19924.421875,0.906250
19925.265625,0.843750
19926.125000,0.859375
19926.984375,0.859375
19927.812500,0.828125
19928.687500,0.875000
19929.640625,0.953125
19930.562500,0.921875
19931.515625,0.953125
19932.546875,1.031250
19933.468750,0.921875
19934.437500,0.968750
19935.421875,0.984375
19936.375000,0.953125
19937.296875,0.921875
19938.265625,0.968750
19939.218750,0.953125
19940.125000,0.906250
19958.656250,0.656250
19959.312500,0.656250
19959.968750,0.656250
19960.625000,0.656250
19961.281250,0.656250
19961.953125,0.671875
19962.656250,0.703125
19963.359375,0.703125
19991.828125,0.765625
19992.656250,0.828125
19993.296875,0.640625
20011.078125,0.656250
20011.734375,0.656250
20012.375000,0.640625
20013.015625,0.640625
20013.656250,0.640625
20014.328125,0.671875
20015.031250,0.703125
20015.750000,0.718750
20016.453125,0.703125
20017.156250,0.703125
20017.890625,0.734375
20018.640625,0.750000
20019.390625,0.750000
20020.140625,0.750000
20020.875000,0.734375
20021.593750,0.718750
20022.312500,0.718750
20023.000000,0.687500
20023.671875,0.671875
20024.343750,0.671875
20025.031250,0.687500
20025.765625,0.734375
20026.593750,0.828125
20027.375000,0.781250
20028.171875,0.796875
20028.984375,0.812500
20029.843750,0.859375
20030.687500,0.843750
20031.500000,0.812500
20032.296875,0.796875
20033.093750,0.796875
20033.828125,0.734375
20034.546875,0.718750
20035.234375,0.687500
20035.921875,0.687500
20036.578125,0.656250
20037.250000,0.671875
20037.906250,0.656250
20038.562500,0.656250
20039.250000,0.687500
20039.953125,0.703125
20040.640625,0.687500
20041.328125,0.687500
20042.062500,0.734375
20042.796875,0.734375
20043.515625,0.718750
20044.203125,0.687500
20044.937500,0.734375
20045.625000,0.687500
20046.328125,0.703125
20047.000000,0.671875
20047.671875,0.671875
20048.343750,0.671875
20049.015625,0.671875
20049.671875,0.656250
20050.343750,0.671875
20051.031250,0.687500
20051.765625,0.734375
20052.500000,0.734375
20053.265625,0.765625
20054.000000,0.734375
20054.718750,0.718750
20055.468750,0.750000
20056.187500,0.718750
20056.921875,0.734375
20057.625000,0.703125
20058.343750,0.718750
20059.046875,0.703125
20059.734375,0.687500
20060.406250,0.671875
20061.093750,0.687500
20061.765625,0.671875
20062.437500,0.671875
20063.093750,0.656250
20063.781250,0.687500
20064.468750,0.687500
20065.156250,0.687500
20065.843750,0.687500
20066.546875,0.703125
20067.265625,0.718750
20067.968750,0.703125
20107.484375,0.703125
20108.203125,0.718750
20108.890625,0.687500
20117.328125,0.718750
20125.328125,0.765625
20126.093750,0.765625
20126.843750,0.750000
20127.609375,0.765625
20128.328125,0.718750
20129.093750,0.765625
20129.843750,0.750000
20130.593750,0.750000
20131.328125,0.734375
20132.031250,0.703125
20132.734375,0.703125
20133.437500,0.703125
20139.781250,0.796875
20197.125000,0.765625
20197.906250,0.781250
20198.718750,0.812500
20199.546875,0.828125
20200.375000,0.828125
20201.203125,0.828125
20202.062500,0.859375
20202.890625,0.828125
20203.703125,0.812500
20204.546875,0.843750
20205.453125,0.906250
20206.312500,0.859375
20207.203125,0.890625
20230.609375,0.765625
20231.375000,0.765625
20232.125000,0.750000
20232.906250,0.781250
20233.718750,0.812500
20234.562500,0.843750
20235.390625,0.828125
20236.250000,0.859375
20237.140625,0.890625
20238.015625,0.875000
20238.859375,0.843750
20239.734375,0.875000
20240.656250,0.921875
20241.546875,0.890625
20242.421875,0.875000
20243.328125,0.906250
20244.265625,0.937500
20245.140625,0.875000
20246.093750,0.953125
20246.984375,0.890625
20247.890625,0.906250
20248.687500,0.796875
20249.515625,0.828125
20250.312500,0.796875
20251.093750,0.781250
20251.875000,0.781250
20252.609375,0.734375
20253.343750,0.734375
20254.093750,0.750000
20254.875000,0.781250
20255.640625,0.765625
20256.421875,0.781250
20257.218750,0.796875
20258.062500,0.843750
20258.906250,0.843750
20259.750000,0.843750
20260.609375,0.859375
20261.531250,0.921875
20262.406250,0.875000
20263.312500,0.906250
20264.234375,0.921875
20265.125000,0.890625
20266.015625,0.890625
20266.984375,0.968750
20267.937500,0.953125
20268.828125,0.890625
20269.781250,0.953125
20270.781250,1.000000
20271.703125,0.921875
20272.625000,0.921875
20273.515625,0.890625
20274.359375,0.843750
20275.187500,0.828125
20276.031250,0.843750
20276.875000,0.843750
20277.734375,0.859375
20278.656250,0.921875
20279.515625,0.859375
20280.359375,0.843750
20281.218750,0.859375
20282.046875,0.828125
20282.890625,0.843750
20283.718750,0.828125
20284.562500,0.843750
20285.375000,0.812500
20286.187500,0.812500
20287.046875,0.859375
20287.875000,0.828125
20288.703125,0.828125
20289.562500,0.859375
20290.406250,0.843750
20291.234375,0.828125
20292.093750,0.859375
20293.015625,0.921875
20293.906250,0.890625
20294.843750,0.937500
20295.812500,0.968750
20296.703125,0.890625
20297.656250,0.953125
20298.593750,0.937500
20299.500000,0.906250
20300.421875,0.921875
20301.359375,0.937500
20302.265625,0.906250
20303.125000,0.859375
20304.000000,0.875000
20304.843750,0.843750
20305.671875,0.828125
20306.546875,0.875000
20307.515625,0.968750
20308.421875,0.906250
20309.375000,0.953125
20310.328125,0.953125
20311.218750,0.890625
20312.140625,0.921875
20313.078125,0.937500
20313.968750,0.890625
20314.859375,0.890625
20315.734375,0.875000
20316.562500,0.828125
20317.437500,0.875000
20318.296875,0.859375
20319.203125,0.906250
20320.187500,0.984375
20321.093750,0.906250
20322.046875,0.953125
20323.015625,0.968750
20323.890625,0.875000
20324.765625,0.875000
20325.578125,0.812500
20326.359375,0.781250
20327.140625,0.781250
20327.937500,0.796875
20328.718750,0.781250
20329.531250,0.812500
20330.375000,0.843750
20331.234375,0.859375
20332.093750,0.859375
20332.984375,0.890625
20333.937500,0.953125
20334.828125,0.890625
20335.765625,0.937500
20336.703125,0.937500
20337.578125,0.875000
20338.500000,0.921875
20339.453125,0.953125
20340.359375,0.906250
20341.296875,0.937500
20342.343750,1.046875
20343.296875,0.953125
20344.250000,0.953125
20345.265625,1.015625
20346.250000,0.984375
20347.234375,0.984375
20348.203125,0.968750
20349.093750,0.890625
20350.000000,0.906250
20350.953125,0.953125
20351.843750,0.890625
20352.718750,0.875000
20371.250000,0.671875
20371.921875,0.671875
20372.640625,0.718750
20373.406250,0.765625
20374.312500,0.906250
20375.156250,0.843750
20376.046875,0.890625
20377.031250,0.984375
20378.031250,1.000000
20378.937500,0.906250
20379.781250,0.843750
20380.640625,0.859375
20381.515625,0.875000
20394.171875,0.750000
20394.875000,0.703125
20395.593750,0.718750
20396.296875,0.703125
20397.015625,0.718750
20397.765625,0.750000
20398.515625,0.750000
20399.296875,0.781250
20400.093750,0.796875
20400.906250,0.812500
20401.734375,0.828125
20402.578125,0.843750
20403.390625,0.812500
20404.203125,0.812500
20405.031250,0.828125
20405.875000,0.843750
20406.718750,0.843750
20407.593750,0.875000
20408.500000,0.906250
20409.453125,0.953125
20410.468750,1.015625
20411.468750,1.000000
20412.453125,0.984375
20413.406250,0.953125
20414.328125,0.921875
20415.218750,0.890625
20416.125000,0.906250
20417.062500,0.937500
20417.968750,0.906250
20418.906250,0.937500
20419.859375,0.953125
20420.765625,0.906250
20421.687500,0.921875
20422.578125,0.890625
20423.453125,0.875000
20424.328125,0.875000
20425.203125,0.875000
20426.078125,0.875000
20426.921875,0.843750
20427.734375,0.812500
20428.562500,0.828125
20429.406250,0.843750
20430.265625,0.859375
20431.187500,0.921875
20432.125000,0.937500
20433.046875,0.921875
20433.937500,0.890625
20434.843750,0.906250
20435.750000,0.906250
20436.609375,0.859375
20437.453125,0.843750
20438.312500,0.859375
20439.125000,0.812500
20439.968750,0.843750
20440.812500,0.843750
20441.703125,0.890625
20442.625000,0.921875
20443.484375,0.859375
20444.343750,0.859375
20445.187500,0.843750
20446.015625,0.828125
20446.828125,0.812500
20447.640625,0.812500
20448.437500,0.796875
20449.250000,0.812500
20450.078125,0.828125
20450.937500,0.859375
20451.812500,0.875000
20452.687500,0.875000
20453.562500,0.875000
20454.468750,0.906250
20455.312500,0.843750
20456.171875,0.859375
20457.031250,0.859375
20457.890625,0.859375
20458.812500,0.921875
20459.750000,0.937500
20460.703125,0.953125
20461.640625,0.937500
20462.609375,0.968750
20463.531250,0.921875
20464.421875,0.890625
20465.328125,0.906250
20466.218750,0.890625
20467.093750,0.875000
20467.984375,0.890625
20468.859375,0.875000
20478.843750,0.734375
20479.578125,0.734375
20480.312500,0.734375
20481.046875,0.734375
20481.796875,0.750000
20482.546875,0.750000
20483.312500,0.765625
20484.093750,0.781250
20484.921875,0.828125
20485.734375,0.812500
20486.625000,0.890625
20487.531250,0.906250
20488.468750,0.937500
20489.468750,1.000000
20490.531250,1.062500
20491.578125,1.046875
20492.562500,0.984375
20493.578125,1.015625
20494.687500,1.109375
20495.515625,0.828125
20499.671875,0.921875
20500.640625,0.968750
20501.578125,0.937500
20502.484375,0.906250
20503.359375,0.875000
20504.296875,0.937500
20505.250000,0.953125
20506.171875,0.921875
20507.109375,0.937500
20508.125000,1.015625
20509.062500,0.937500
20509.984375,0.921875
20510.937500,0.953125
20511.859375,0.921875
20512.750000,0.890625
20513.609375,0.859375
20514.468750,0.859375
20515.328125,0.859375
20516.218750,0.890625
20517.343750,1.125000
20518.390625,1.046875
20519.375000,0.984375
20520.375000,1.000000
20521.359375,0.984375
20522.265625,0.906250
20523.187500,0.921875
20524.109375,0.921875
20525.062500,0.953125
20525.984375,0.921875
20526.921875,0.937500
20527.906250,0.984375
20528.812500,0.906250
20529.765625,0.953125
20530.718750,0.953125
20531.640625,0.921875
20532.578125,0.937500
20533.500000,0.921875
20534.421875,0.921875
20535.328125,0.906250
20536.234375,0.906250
20537.109375,0.875000
20537.968750,0.859375
20538.843750,0.875000
20539.718750,0.875000
20540.593750,0.875000
20541.468750,0.875000
20542.343750,0.875000
20543.203125,0.859375
20544.093750,0.890625
20545.000000,0.906250
20545.953125,0.953125
20546.843750,0.890625
20547.781250,0.937500
20548.718750,0.937500
20549.640625,0.921875
20550.546875,0.906250
20551.484375,0.937500
20552.437500,0.953125
20553.343750,0.906250
20554.281250,0.937500
20555.250000,0.968750
20556.171875,0.921875
20557.109375,0.937500
20558.078125,0.968750
20559.015625,0.937500
20559.937500,0.921875
20560.859375,0.921875
20561.812500,0.953125
20562.718750,0.906250
20563.687500,0.968750
20564.656250,0.968750
20565.578125,0.921875
20566.531250,0.953125
20567.453125,0.921875
20568.359375,0.906250
20569.281250,0.921875
20570.218750,0.937500
20571.156250,0.937500
20572.062500,0.906250
20573.015625,0.953125
20573.953125,0.937500
20574.859375,0.906250
20575.796875,0.937500
20576.703125,0.906250
20577.546875,0.843750
20578.437500,0.890625
20579.328125,0.890625
20580.218750,0.890625
20581.125000,0.906250
20582.046875,0.921875
20582.937500,0.890625
20583.828125,0.890625
20584.718750,0.890625
20585.609375,0.890625
20586.453125,0.843750
20587.296875,0.843750
20588.125000,0.828125
20588.937500,0.812500
20589.765625,0.828125
20590.609375,0.843750
20591.421875,0.812500
20592.250000,0.828125
20593.093750,0.843750
20593.937500,0.843750
20594.781250,0.843750
20595.640625,0.859375
20596.546875,0.906250
20597.421875,0.875000
20598.328125,0.906250
20599.234375,0.906250
20600.125000,0.890625
20601.000000,0.875000
20601.843750,0.843750
20602.703125,0.859375
20603.593750,0.890625
20604.531250,0.937500
20605.468750,0.937500
20606.406250,0.937500
20607.343750,0.937500
20608.250000,0.906250
20609.125000,0.875000
20610.000000,0.875000
20610.875000,0.875000
20611.750000,0.875000
20612.671875,0.921875
20613.640625,0.968750
20614.609375,0.968750
20615.562500,0.953125
20616.515625,0.953125
20617.468750,0.953125
20618.390625,0.921875
20619.312500,0.921875
20620.265625,0.953125
20621.171875,0.906250
20622.078125,0.906250
20623.000000,0.921875
20623.937500,0.937500
20624.828125,0.890625
20625.765625,0.937500
20626.703125,0.937500
20627.609375,0.906250
20628.531250,0.921875
20629.468750,0.937500
20630.390625,0.921875
20631.296875,0.906250
20632.218750,0.921875
20633.171875,0.953125
20634.078125,0.906250
20634.984375,0.906250
20635.906250,0.921875
20636.812500,0.906250
20637.703125,0.890625
20638.640625,0.937500
20639.546875,0.906250
20640.453125,0.906250
20641.359375,0.906250
20642.234375,0.875000
20643.093750,0.859375
20643.953125,0.859375
20644.812500,0.859375
20645.656250,0.843750
20646.500000,0.843750
20647.375000,0.875000
20648.234375,0.859375
20649.140625,0.906250
20650.109375,0.968750
20651.031250,0.921875
20651.953125,0.921875
20652.890625,0.937500
20653.765625,0.875000
20654.640625,0.875000
20655.531250,0.890625
20656.375000,0.843750
20657.218750,0.843750
20658.109375,0.890625
20659.031250,0.921875
20659.921875,0.890625
20660.890625,0.968750
20661.859375,0.968750
20662.781250,0.921875
20663.703125,0.921875
20664.625000,0.921875
20665.500000,0.875000
20666.375000,0.875000
20667.250000,0.875000
20668.140625,0.890625
20669.031250,0.890625
20669.953125,0.921875
20670.921875,0.968750
20671.875000,0.953125
20672.843750,0.968750
20673.843750,1.000000
20674.796875,0.953125
20675.703125,0.906250
20676.625000,0.921875
20677.578125,0.953125
20678.500000,0.921875
20679.406250,0.906250
20680.328125,0.921875
20681.234375,0.906250
20682.125000,0.890625
20683.031250,0.906250
20683.984375,0.953125
20684.890625,0.906250
20685.828125,0.937500
20686.765625,0.937500
20687.671875,0.906250
20688.531250,0.859375
20689.406250,0.875000
20690.312500,0.906250
20691.187500,0.875000
20692.078125,0.890625
20693.000000,0.921875
20693.953125,0.953125
20694.843750,0.890625
20695.765625,0.921875
20696.718750,0.953125
20697.609375,0.890625
20698.468750,0.859375
20699.328125,0.859375
20700.218750,0.890625
20701.109375,0.890625
20702.031250,0.921875
20703.000000,0.968750
20703.921875,0.921875
20704.890625,0.968750
20705.875000,0.984375
20706.828125,0.953125
20707.718750,0.890625
20708.625000,0.906250
20709.531250,0.906250
20710.421875,0.890625
20711.312500,0.890625
20712.218750,0.906250
20713.218750,1.000000
20714.171875,0.953125
20715.109375,0.937500
20716.015625,0.906250
20716.906250,0.890625
20717.750000,0.843750
20718.593750,0.843750
20719.453125,0.859375
20720.281250,0.828125
20721.125000,0.843750
20721.968750,0.843750
20722.812500,0.843750
20723.640625,0.828125
20724.468750,0.828125
20725.296875,0.828125
20726.109375,0.812500
20726.921875,0.812500
20727.750000,0.828125
20728.562500,0.812500
20729.375000,0.812500
20730.203125,0.828125
20731.031250,0.828125
20731.906250,0.875000
20732.796875,0.890625
20733.703125,0.906250
20734.640625,0.937500
20735.562500,0.921875
20736.500000,0.937500
20737.453125,0.953125
20738.390625,0.937500
20739.296875,0.906250
20740.203125,0.906250
20741.125000,0.921875
20742.000000,0.875000
20742.921875,0.921875
20743.890625,0.968750
20744.890625,1.000000
20745.828125,0.937500
20746.796875,0.968750
20747.765625,0.968750
20748.703125,0.937500
20749.609375,0.906250
20750.562500,0.953125
20751.453125,0.890625
20752.375000,0.921875
20753.312500,0.937500
20754.312500,1.000000
20755.265625,0.953125
20756.218750,0.953125
20757.218750,1.000000
20758.156250,0.937500
20759.093750,0.937500
20760.031250,0.937500
20760.968750,0.937500
20761.890625,0.921875
20762.796875,0.906250
20763.750000,0.953125
20764.656250,0.906250
20765.578125,0.921875
20766.500000,0.921875
20767.406250,0.906250
20768.312500,0.906250
20769.250000,0.937500
20770.187500,0.937500
20771.093750,0.906250
20772.015625,0.921875
20772.968750,0.953125
20773.890625,0.921875
20774.781250,0.890625
20775.671875,0.890625
20776.562500,0.890625
20777.453125,0.890625
20778.375000,0.921875
20779.359375,0.984375
20780.265625,0.906250
20781.156250,0.890625
20782.062500,0.906250
20782.953125,0.890625
20783.828125,0.875000
20784.734375,0.906250
20785.640625,0.906250
20786.531250,0.890625
20787.437500,0.906250
20788.343750,0.906250
20789.203125,0.859375
20790.078125,0.875000
20790.968750,0.890625
20791.859375,0.890625
20792.703125,0.843750
20793.546875,0.843750
20794.390625,0.843750
20795.265625,0.875000
20796.171875,0.906250
20797.125000,0.953125
20798.125000,1.000000
20799.109375,0.984375
20800.156250,1.046875
20801.156250,1.000000
20802.093750,0.937500
20803.046875,0.953125
20804.000000,0.953125
20804.921875,0.921875
20805.828125,0.906250
20806.765625,0.937500
20807.718750,0.953125
20808.640625,0.921875
20809.562500,0.921875
20810.515625,0.953125
20811.437500,0.921875
20812.328125,0.890625
20813.234375,0.906250
20814.187500,0.953125
20815.109375,0.921875
20816.046875,0.937500
20817.015625,0.968750
20817.937500,0.921875
20818.828125,0.890625
20819.718750,0.890625
20820.609375,0.890625
20821.515625,0.906250
20822.375000,0.859375
20823.265625,0.890625
20824.171875,0.906250
20825.062500,0.890625
20825.953125,0.890625
20826.843750,0.890625
20827.718750,0.875000
20828.593750,0.875000
20829.453125,0.859375
20830.390625,0.937500
20831.281250,0.890625
20832.171875,0.890625
20833.093750,0.921875
20834.015625,0.921875
20834.921875,0.906250
20835.828125,0.906250
20836.750000,0.921875
20837.671875,0.921875
20838.546875,0.875000
20839.437500,0.890625
20840.312500,0.875000
20841.156250,0.843750
20842.015625,0.859375
20842.906250,0.890625
20843.796875,0.890625
20844.687500,0.890625
20845.593750,0.906250
20846.515625,0.921875
20847.390625,0.875000
20848.281250,0.890625
20849.203125,0.921875
20850.093750,0.890625
20850.984375,0.890625
20851.843750,0.859375
20852.687500,0.843750
20853.500000,0.812500
20854.312500,0.812500
20855.109375,0.796875
20855.890625,0.781250
20856.671875,0.781250
20857.437500,0.765625
20858.218750,0.781250
20859.000000,0.781250
20859.796875,0.796875
20860.593750,0.796875
20861.406250,0.812500
20862.250000,0.843750
20863.125000,0.875000
20864.031250,0.906250
20864.968750,0.937500
20865.953125,0.984375
20866.968750,1.015625
20867.906250,0.937500
20868.843750,0.937500
20869.796875,0.953125
20870.703125,0.906250
20871.609375,0.906250
20872.515625,0.906250
20873.437500,0.921875
20874.406250,0.968750
20875.359375,0.953125
20876.343750,0.984375
20877.359375,1.015625
20878.296875,0.937500
20879.234375,0.937500
20880.187500,0.953125
20881.156250,0.968750
20882.078125,0.921875
20883.031250,0.953125
20884.031250,1.000000
20884.984375,0.953125
20885.937500,0.953125
20886.906250,0.968750
20887.843750,0.937500
20888.734375,0.890625
20889.640625,0.906250
20890.546875,0.906250
20891.437500,0.890625
20892.343750,0.906250
20893.265625,0.921875
20894.171875,0.906250
20895.062500,0.890625
20895.968750,0.906250
20896.890625,0.921875
20897.781250,0.890625
20898.671875,0.890625
20899.562500,0.890625
20900.437500,0.875000
20901.312500,0.875000
20902.203125,0.890625
20903.078125,0.875000
20903.968750,0.890625
20904.875000,0.906250
20905.781250,0.906250
20906.656250,0.875000
20907.578125,0.921875
20908.515625,0.937500
20909.421875,0.906250
20910.312500,0.890625
20911.218750,0.906250
20912.156250,0.937500
20913.062500,0.906250
20913.968750,0.906250
20914.906250,0.937500
20915.875000,0.968750
20916.812500,0.937500
20917.734375,0.921875
20918.703125,0.968750
20919.671875,0.968750
20920.562500,0.890625
20921.484375,0.921875
20922.437500,0.953125
20923.406250,0.968750
20924.296875,0.890625
20925.203125,0.906250
20926.125000,0.921875
20927.078125,0.953125
20927.984375,0.906250
20928.921875,0.937500
20929.906250,0.984375
20930.843750,0.937500
20931.796875,0.953125
20932.734375,0.937500
20933.656250,0.921875
20934.562500,0.906250
20935.468750,0.906250
20936.421875,0.953125
20937.343750,0.921875
20938.265625,0.921875
20939.218750,0.953125
20940.140625,0.921875
20941.078125,0.937500
20942.000000,0.921875
20942.937500,0.937500
20943.843750,0.906250
20944.750000,0.906250
20945.671875,0.921875
20946.546875,0.875000
20947.421875,0.875000
20948.312500,0.890625
20949.203125,0.890625
20950.109375,0.906250
20951.046875,0.937500
20951.968750,0.921875
20952.875000,0.906250
20953.812500,0.937500
20954.734375,0.921875
20955.640625,0.906250
20956.546875,0.906250
20957.453125,0.906250
20958.343750,0.890625
20959.234375,0.890625
20960.156250,0.921875
20961.046875,0.890625
20961.953125,0.906250
20962.890625,0.937500
20963.843750,0.953125
20964.750000,0.906250
20965.671875,0.921875
20972.812500,0.921875
20973.671875,0.859375
20974.562500,0.890625
20975.437500,0.875000
20976.312500,0.875000
20977.156250,0.843750
20978.015625,0.859375
20978.921875,0.906250
20979.781250,0.859375
20980.671875,0.890625
20981.562500,0.890625
20982.437500,0.875000
20983.281250,0.843750
20984.140625,0.859375
20985.031250,0.890625
20985.921875,0.890625
20986.812500,0.890625
20987.734375,0.921875
20988.671875,0.937500
20989.546875,0.875000
20990.421875,0.875000
20991.312500,0.890625
20992.187500,0.875000
20993.062500,0.875000
20993.937500,0.875000
20994.812500,0.875000
20995.656250,0.843750
20996.515625,0.859375
20997.359375,0.843750
20998.187500,0.828125
20998.984375,0.796875
20999.781250,0.796875
21000.546875,0.765625
21001.312500,0.765625
21002.062500,0.750000
21002.828125,0.765625
21003.609375,0.781250
21004.421875,0.812500
21005.265625,0.843750
21006.156250,0.890625
21007.031250,0.875000
21007.953125,0.921875
21008.921875,0.968750
21009.843750,0.921875
21010.781250,0.937500
21011.734375,0.953125
21012.671875,0.937500
21013.593750,0.921875
21014.515625,0.921875
21015.500000,0.984375
21016.421875,0.921875
21017.390625,0.968750
21018.359375,0.968750
21019.265625,0.906250
21020.187500,0.921875
21021.125000,0.937500
21022.093750,0.968750
21023.015625,0.921875
21023.984375,0.968750
21024.968750,0.984375
21025.937500,0.968750
21026.843750,0.906250
21027.750000,0.906250
21028.703125,0.953125
21029.609375,0.906250
21030.500000,0.890625
21031.390625,0.890625
21032.281250,0.890625
21033.171875,0.890625
21034.062500,0.890625
21034.953125,0.890625
21035.843750,0.890625
21036.703125,0.859375
21037.578125,0.875000
21038.468750,0.890625
21039.359375,0.890625
21040.250000,0.890625
21041.140625,0.890625
21042.046875,0.906250
21042.906250,0.859375
21043.765625,0.859375
21044.640625,0.875000
21045.546875,0.906250
21046.421875,0.875000
21047.296875,0.875000
21048.203125,0.906250
21049.109375,0.906250
21049.984375,0.875000
21050.906250,0.921875
21051.828125,0.921875
21052.750000,0.921875
21053.640625,0.890625
21054.578125,0.937500
21055.546875,0.968750
21056.437500,0.890625
21057.343750,0.906250
21058.312500,0.968750
21059.250000,0.937500
21060.187500,0.937500
21061.187500,1.000000
21062.156250,0.968750
21063.093750,0.937500
21064.031250,0.937500
21064.984375,0.953125
21065.890625,0.906250
21066.828125,0.937500
21067.781250,0.953125
21068.703125,0.921875
21069.640625,0.937500
21070.593750,0.953125
21071.515625,0.921875
21072.453125,0.937500
21073.406250,0.953125
21074.343750,0.937500
21075.250000,0.906250
21076.171875,0.921875
21077.125000,0.953125
21078.046875,0.921875
21078.984375,0.937500
21079.921875,0.937500
21080.890625,0.968750
21081.812500,0.921875
21082.734375,0.921875
21083.640625,0.906250
21084.468750,0.828125
21085.375000,0.906250
21086.250000,0.875000
21087.171875,0.921875
21097.984375,0.765625
21098.734375,0.750000
21099.500000,0.765625
21100.281250,0.781250
21101.031250,0.750000
21101.781250,0.750000
21102.531250,0.750000
21103.296875,0.765625
21104.078125,0.781250
21104.875000,0.796875
21105.671875,0.796875
21106.531250,0.859375
21107.421875,0.890625
21108.296875,0.875000
21109.171875,0.875000
21110.093750,0.921875
21111.000000,0.906250
21111.937500,0.937500
21112.843750,0.906250
21113.796875,0.953125
21114.828125,1.031250
21115.859375,1.031250
21116.812500,0.953125
21117.781250,0.968750
21118.750000,0.968750
21119.718750,0.968750
21120.640625,0.921875
21121.562500,0.921875
21122.515625,0.953125
21123.406250,0.890625
21124.312500,0.906250
21125.250000,0.937500
21126.187500,0.937500
21127.062500,0.875000
21127.953125,0.890625
21128.859375,0.906250
21129.734375,0.875000
21130.640625,0.906250
21131.578125,0.937500
21132.578125,1.000000
21133.515625,0.937500
21134.421875,0.906250
21135.359375,0.937500
21136.312500,0.953125
21137.250000,0.937500
21138.250000,1.000000
21139.265625,1.015625
21140.218750,0.953125
21141.187500,0.968750
21142.156250,0.968750
21143.078125,0.921875
21144.062500,0.984375
21145.078125,1.015625
21146.078125,1.000000
21147.031250,0.953125
21147.968750,0.937500
21148.921875,0.953125
21149.875000,0.953125
21150.796875,0.921875
21151.734375,0.937500
21152.671875,0.937500
21153.625000,0.953125
21154.625000,1.000000
21155.625000,1.000000
21156.578125,0.953125
21157.562500,0.984375
21158.484375,0.921875
21159.421875,0.937500
21160.343750,0.921875
21161.265625,0.921875
21162.140625,0.875000
21163.015625,0.875000
21163.906250,0.890625
21164.781250,0.875000
21165.656250,0.875000
21166.546875,0.890625
21167.437500,0.890625
21168.343750,0.906250
21169.296875,0.953125
21170.218750,0.921875
21171.140625,0.921875
21172.093750,0.953125
21173.062500,0.968750
21173.968750,0.906250
21174.890625,0.921875
21175.828125,0.937500
21176.734375,0.906250
21177.671875,0.937500
21178.640625,0.968750
21179.578125,0.937500
21180.484375,0.906250
21181.406250,0.921875
21182.328125,0.921875
21183.234375,0.906250
21184.171875,0.937500
21185.093750,0.921875
21185.984375,0.890625
21186.859375,0.875000
21187.703125,0.843750
21188.562500,0.859375
21189.406250,0.843750
21190.296875,0.890625
21191.203125,0.906250
21192.093750,0.890625
21192.984375,0.890625
21193.875000,0.890625
21194.765625,0.890625
21195.640625,0.875000
21196.515625,0.875000
21197.390625,0.875000
21198.234375,0.843750
21199.046875,0.812500
21199.843750,0.796875
21200.640625,0.796875
21201.453125,0.812500
21202.296875,0.843750
21203.156250,0.859375
21204.015625,0.859375
21204.921875,0.906250
21205.828125,0.906250
21206.765625,0.937500
21207.656250,0.890625
21208.562500,0.906250
21209.453125,0.890625
21210.312500,0.859375
21211.187500,0.875000
21212.046875,0.859375
21212.906250,0.859375
21213.750000,0.843750
21214.640625,0.890625
21215.515625,0.875000
21216.390625,0.875000
21217.265625,0.875000
21218.156250,0.890625
21219.000000,0.843750
21219.875000,0.875000
21220.750000,0.875000
21221.609375,0.859375
21222.484375,0.875000
21223.359375,0.875000
21224.234375,0.875000
21225.078125,0.843750
21225.953125,0.875000
21226.812500,0.859375
21227.656250,0.843750
21228.546875,0.890625
21229.437500,0.890625
21230.328125,0.890625
21231.218750,0.890625
21232.109375,0.890625
21232.953125,0.843750
21233.812500,0.859375
21234.687500,0.875000
21235.546875,0.859375
21236.421875,0.875000
21237.328125,0.906250
21238.234375,0.906250
21239.125000,0.890625
21240.031250,0.906250
21240.906250,0.875000
21241.734375,0.828125
21242.546875,0.812500
21243.343750,0.796875
21244.093750,0.750000
21244.843750,0.750000
21245.593750,0.750000
21246.343750,0.750000
21247.125000,0.781250
21247.921875,0.796875
21248.718750,0.796875
21249.500000,0.781250
21250.312500,0.812500
21251.125000,0.812500
21261.593750,0.703125
21262.328125,0.734375
21263.093750,0.765625
21263.906250,0.812500
21264.765625,0.859375
21265.640625,0.875000
21266.593750,0.953125
21267.578125,0.984375
21268.625000,1.046875
21269.656250,1.031250
21270.656250,1.000000
21271.718750,1.062500
21272.781250,1.062500
21273.734375,0.953125
21274.687500,0.953125
21275.671875,0.984375
21276.671875,1.000000
21277.625000,0.953125
21278.640625,1.015625
21279.718750,1.078125
21280.718750,1.000000
21289.015625,1.015625
21290.078125,1.062500
21291.109375,1.031250
21292.093750,0.984375
21293.156250,1.062500
21294.203125,1.046875
21295.187500,0.984375
21296.203125,1.015625
21297.296875,1.093750
21298.281250,0.984375
21299.234375,0.953125
21300.171875,0.937500
21301.109375,0.937500
21302.078125,0.968750
21303.031250,0.953125
21303.953125,0.921875
21304.859375,0.906250
21305.812500,0.953125
21306.734375,0.921875
21307.640625,0.906250
21308.578125,0.937500
21309.531250,0.953125
21310.453125,0.921875
21311.406250,0.953125
21312.437500,1.031250
21313.390625,0.953125
21314.328125,0.937500
21315.312500,0.984375
21316.265625,0.953125
21317.265625,1.000000
21318.328125,1.062500
21319.375000,1.046875
21320.453125,1.078125
21321.515625,1.062500
21322.531250,1.015625
21323.500000,0.968750
21324.515625,1.015625
21325.562500,1.046875
21326.546875,0.984375
21327.546875,1.000000
21328.562500,1.015625
21329.531250,0.968750
21330.531250,1.000000
21331.562500,1.031250
21332.546875,0.984375
21333.500000,0.953125
21334.468750,0.968750
21335.421875,0.953125
21336.328125,0.906250
21337.281250,0.953125
21338.250000,0.968750
21339.187500,0.937500
21340.109375,0.921875
21341.031250,0.921875
21341.984375,0.953125
21342.906250,0.921875
21343.812500,0.906250
21344.750000,0.937500
21345.671875,0.921875
21346.578125,0.906250
21347.453125,0.875000
21348.328125,0.875000
21349.187500,0.859375
21350.078125,0.890625
21351.171875,1.093750
21352.234375,1.062500
21353.234375,1.000000
21354.250000,1.015625
21355.187500,0.937500
21356.109375,0.921875
21357.000000,0.890625
21357.921875,0.921875
21358.812500,0.890625
21359.687500,0.875000
21360.593750,0.906250
21361.531250,0.937500
21362.421875,0.890625
21363.343750,0.921875
21364.328125,0.984375
21365.265625,0.937500
21366.218750,0.953125
21367.218750,1.000000
21368.171875,0.953125
21369.109375,0.937500
21370.078125,0.968750
21371.000000,0.921875
21371.906250,0.906250
21372.812500,0.906250
21373.734375,0.921875
21374.609375,0.875000
21375.515625,0.906250
21376.453125,0.937500
21377.343750,0.890625
21378.234375,0.890625
21379.109375,0.875000
21379.984375,0.875000
21380.843750,0.859375
21381.703125,0.859375
21382.562500,0.859375
21383.421875,0.859375
21384.296875,0.875000
21385.171875,0.875000
21386.000000,0.828125
21386.828125,0.828125
21387.625000,0.796875
21388.406250,0.781250
21389.187500,0.781250
21389.953125,0.765625
21390.734375,0.781250
21391.515625,0.781250
21392.359375,0.843750
21393.265625,0.906250
21394.140625,0.875000
21395.062500,0.921875
21396.015625,0.953125
21396.953125,0.937500
21397.906250,0.953125
21398.843750,0.937500
21399.781250,0.937500
21400.718750,0.937500
21401.718750,1.000000
21402.781250,1.062500
21403.734375,0.953125
21404.671875,0.937500
21405.609375,0.937500
21406.515625,0.906250
21407.468750,0.953125
21408.515625,1.046875
21409.593750,1.078125
21410.593750,1.000000
21411.609375,1.015625
21412.640625,1.031250
21413.578125,0.937500
21414.500000,0.921875
21415.421875,0.921875
21416.343750,0.921875
21417.250000,0.906250
21418.203125,0.953125
21419.203125,1.000000
21420.203125,1.000000
21421.140625,0.937500
21422.093750,0.953125
21423.031250,0.937500
21423.953125,0.921875
21424.859375,0.906250
21425.796875,0.937500
21426.703125,0.906250
21427.593750,0.890625
21428.531250,0.937500
21429.468750,0.937500
21430.421875,0.953125
21431.453125,1.031250
21432.390625,0.937500
21433.312500,0.921875
21434.250000,0.937500
21435.171875,0.921875
21436.046875,0.875000
21436.937500,0.890625
21437.875000,0.937500
21438.781250,0.906250
21439.671875,0.890625
21440.609375,0.937500
21441.578125,0.968750
21442.484375,0.906250
21443.421875,0.937500
21444.359375,0.937500
21445.265625,0.906250
21446.250000,0.984375
21447.265625,1.015625
21448.265625,1.000000
21449.234375,0.968750
21450.343750,1.109375
21451.437500,1.093750
21452.390625,0.953125
21453.312500,0.921875
21454.296875,0.984375
21455.234375,0.937500
21456.156250,0.921875
21457.125000,0.968750
21458.140625,1.015625
21459.093750,0.953125
21460.031250,0.937500
21461.031250,1.000000
21461.984375,0.953125
21462.875000,0.890625
21463.765625,0.890625
21464.687500,0.921875
21465.593750,0.906250
21466.468750,0.875000
21467.375000,0.906250
21468.328125,0.953125
21469.250000,0.921875
21470.156250,0.906250
21471.062500,0.906250
21471.968750,0.906250
21472.828125,0.859375
21473.718750,0.890625
21474.593750,0.875000
21475.515625,0.921875
21476.406250,0.890625
21477.312500,0.906250
21478.265625,0.953125
21479.250000,0.984375
21480.187500,0.937500
21481.156250,0.968750
21482.156250,1.000000
21483.125000,0.968750
21484.015625,0.890625
21484.921875,0.906250
21485.875000,0.953125
21486.781250,0.906250
21487.703125,0.921875
21488.656250,0.953125
21489.609375,0.953125
21490.515625,0.906250
21491.468750,0.953125
21492.468750,1.000000
21493.421875,0.953125
21494.375000,0.953125
21495.328125,0.953125
21496.281250,0.953125
21497.187500,0.906250
21498.125000,0.937500
21499.062500,0.937500
21500.000000,0.937500
21500.906250,0.906250
21501.843750,0.937500
21502.859375,1.015625
21503.812500,0.953125
21504.750000,0.937500
21505.687500,0.937500
21506.609375,0.921875
21507.500000,0.890625
21508.406250,0.906250
21509.343750,0.937500
21510.265625,0.921875
21511.203125,0.937500
21512.171875,0.968750
21513.156250,0.984375
21514.093750,0.937500
21515.078125,0.984375
21516.015625,0.937500
21516.890625,0.875000
21517.750000,0.859375
21518.609375,0.859375
21519.500000,0.890625
21520.390625,0.890625
21521.281250,0.890625
21522.187500,0.906250
21523.093750,0.906250
21523.984375,0.890625
21524.921875,0.937500
21525.875000,0.953125
21526.796875,0.921875
21527.703125,0.906250
21528.640625,0.937500
21529.578125,0.937500
21530.500000,0.921875
21531.437500,0.937500
21532.406250,0.968750
21533.312500,0.906250
21534.203125,0.890625
21535.093750,0.890625
21536.015625,0.921875
21536.906250,0.890625
21537.796875,0.890625
21538.734375,0.937500
21539.656250,0.921875
21540.562500,0.906250
21541.500000,0.937500
21542.453125,0.953125
21543.359375,0.906250
21544.281250,0.921875
21545.218750,0.937500
21546.140625,0.921875
21547.078125,0.937500
21548.031250,0.953125
21548.984375,0.953125
21549.906250,0.921875
21550.828125,0.921875
21551.765625,0.937500
21552.656250,0.890625
21553.593750,0.937500
21554.546875,0.953125
21555.453125,0.906250
21556.328125,0.875000
21557.234375,0.906250
21558.156250,0.921875
21559.046875,0.890625
21559.953125,0.906250
21560.906250,0.953125
21561.859375,0.953125
21562.781250,0.921875
21563.734375,0.953125
21564.687500,0.953125
21565.625000,0.937500
21566.500000,0.875000
21567.390625,0.890625
21568.296875,0.906250
21569.171875,0.875000
21570.046875,0.875000
21570.953125,0.906250
21571.875000,0.921875
21572.765625,0.890625
21573.703125,0.937500
21574.640625,0.937500
21575.546875,0.906250
21576.453125,0.906250
21577.359375,0.906250
21578.281250,0.921875
21579.171875,0.890625
21580.078125,0.906250
21581.015625,0.937500
21581.921875,0.906250
21582.812500,0.890625
21583.734375,0.921875
21584.671875,0.937500
21585.562500,0.890625
21586.468750,0.906250
21587.390625,0.921875
21588.296875,0.906250
21589.218750,0.921875
21590.140625,0.921875
21591.078125,0.937500
21591.984375,0.906250
21592.890625,0.906250
21593.859375,0.968750
21594.765625,0.906250
21595.671875,0.906250
21596.593750,0.921875
21597.500000,0.906250
21598.390625,0.890625
21599.328125,0.937500
21600.296875,0.968750
21601.203125,0.906250
21602.078125,0.875000
21602.968750,0.890625
21603.875000,0.906250
21604.750000,0.875000
21605.625000,0.875000
21606.531250,0.906250
21607.406250,0.875000
21608.296875,0.890625
21609.203125,0.906250
21610.125000,0.921875
21611.015625,0.890625
21611.875000,0.859375
21612.750000,0.875000
21613.640625,0.890625
21614.484375,0.843750
21615.328125,0.843750
21616.171875,0.843750
21617.046875,0.875000
21617.937500,0.890625
21618.812500,0.875000
21619.718750,0.906250
21620.640625,0.921875
21621.531250,0.890625
21622.468750,0.937500
21623.406250,0.937500
21624.312500,0.906250
21625.218750,0.906250
21626.140625,0.921875
21627.046875,0.906250
21627.921875,0.875000
21628.828125,0.906250
21629.750000,0.921875
21630.625000,0.875000
21631.515625,0.890625
21632.421875,0.906250
21633.328125,0.906250
21634.203125,0.875000
21635.109375,0.906250
21636.031250,0.921875
21636.953125,0.921875
21637.843750,0.890625
21638.734375,0.890625
21639.640625,0.906250
21640.531250,0.890625
21641.421875,0.890625
21642.343750,0.921875
21643.296875,0.953125
21644.187500,0.890625
21645.109375,0.921875
21646.046875,0.937500
21646.937500,0.890625
21647.812500,0.875000
21648.671875,0.859375
21649.546875,0.875000
21650.421875,0.875000
21651.296875,0.875000
21652.187500,0.890625
21653.062500,0.875000
21653.937500,0.875000
21654.812500,0.875000
21655.687500,0.875000
21656.531250,0.843750
21657.390625,0.859375
21658.250000,0.859375
21659.125000,0.875000
21659.968750,0.843750
21660.843750,0.875000
21661.750000,0.906250
21662.609375,0.859375
21663.468750,0.859375
21664.375000,0.906250
21665.281250,0.906250
21666.140625,0.859375
21667.015625,0.875000
21667.937500,0.921875
21668.828125,0.890625
21669.703125,0.875000
21670.609375,0.906250
21671.531250,0.921875
21672.390625,0.859375
21673.265625,0.875000
21674.171875,0.906250
21675.062500,0.890625
21675.953125,0.890625
21676.875000,0.921875
21677.812500,0.937500
21678.687500,0.875000
21679.531250,0.843750
21680.390625,0.859375
21681.281250,0.890625
21682.218750,0.937500
21683.296875,1.078125
21684.390625,1.093750
21685.390625,1.000000
21686.468750,1.078125
21687.453125,0.984375
21688.375000,0.921875
21689.312500,0.937500
21690.250000,0.937500
21691.156250,0.906250
21692.062500,0.906250
21693.000000,0.937500
21693.984375,0.984375
21694.906250,0.921875
21695.859375,0.953125
21696.812500,0.953125
21697.750000,0.937500
21698.671875,0.921875
21699.593750,0.921875
21700.531250,0.937500
21701.437500,0.906250
21702.328125,0.890625
21703.250000,0.921875
21704.156250,0.906250
21705.015625,0.859375
21705.906250,0.890625
21706.812500,0.906250
21707.687500,0.875000
21708.562500,0.875000
21709.453125,0.890625
21710.343750,0.890625
21711.203125,0.859375
21712.062500,0.859375
21712.937500,0.875000
21713.843750,0.906250
21714.718750,0.875000
21715.593750,0.875000
21716.468750,0.875000
21717.359375,0.890625
21718.218750,0.859375
21719.093750,0.875000
21720.000000,0.906250
21720.875000,0.875000
21721.765625,0.890625
21722.671875,0.906250
21723.640625,0.968750
21724.546875,0.906250
21725.468750,0.921875
21726.390625,0.921875
21727.296875,0.906250
21728.187500,0.890625
21729.093750,0.906250
21730.031250,0.937500
21730.921875,0.890625
21731.796875,0.875000
21732.671875,0.875000
21733.578125,0.906250
21734.453125,0.875000
21735.343750,0.890625
21736.296875,0.953125
21737.218750,0.921875
21738.109375,0.890625
21739.015625,0.906250
21739.921875,0.906250
21740.796875,0.875000
21741.656250,0.859375
21742.515625,0.859375
21743.359375,0.843750
21744.187500,0.828125
21745.062500,0.875000
21745.937500,0.875000
21746.796875,0.859375
21747.671875,0.875000
21748.562500,0.890625
21749.437500,0.875000
21750.296875,0.859375
21751.156250,0.859375
21752.031250,0.875000
21752.875000,0.843750
21753.750000,0.875000
21754.625000,0.875000
21755.500000,0.875000
21756.359375,0.859375
21757.250000,0.890625
21758.140625,0.890625
21759.000000,0.859375
21759.875000,0.875000
21760.734375,0.859375
21761.593750,0.859375
21762.453125,0.859375
21763.312500,0.859375
21764.218750,0.906250
21765.078125,0.859375
21765.968750,0.890625
21766.875000,0.906250
21767.750000,0.875000
21768.609375,0.859375
21769.500000,0.890625
21770.437500,0.937500
21771.328125,0.890625
21772.234375,0.906250
21773.156250,0.921875
21774.031250,0.875000
21774.890625,0.859375
21775.765625,0.875000
21776.656250,0.890625
21777.531250,0.875000
21778.390625,0.859375
21779.281250,0.890625
21780.187500,0.906250
21781.078125,0.890625
21781.984375,0.906250
21782.906250,0.921875
21783.812500,0.906250
21784.687500,0.875000
21785.609375,0.921875
21786.515625,0.906250
21787.390625,0.875000
21788.281250,0.890625
21789.203125,0.921875
21790.109375,0.906250
21791.015625,0.906250
21791.953125,0.937500
21792.937500,0.984375
21793.843750,0.906250
21794.765625,0.921875
21795.703125,0.937500
21796.593750,0.890625
21797.484375,0.890625
21798.375000,0.890625
21799.265625,0.890625
21800.125000,0.859375
21801.000000,0.875000
21801.906250,0.906250
21802.812500,0.906250
21803.687500,0.875000
21804.593750,0.906250
21805.515625,0.921875
21806.406250,0.890625
21807.265625,0.859375
21808.156250,0.890625
21809.062500,0.906250
21809.937500,0.875000
21810.812500,0.875000
21811.687500,0.875000
21812.546875,0.859375
21813.375000,0.828125
21814.234375,0.859375
21815.109375,0.875000
21815.953125,0.843750
21816.812500,0.859375
21817.687500,0.875000
21818.562500,0.875000
21819.406250,0.843750
21820.281250,0.875000
21821.156250,0.875000
21822.015625,0.859375
21822.843750,0.828125
21823.718750,0.875000
21824.593750,0.875000
21825.484375,0.890625
21826.359375,0.875000
21827.265625,0.906250
21828.187500,0.921875
21829.062500,0.875000
21829.937500,0.875000
21830.812500,0.875000
21831.687500,0.875000
21832.531250,0.843750
21833.421875,0.890625
21834.343750,0.921875
21835.218750,0.875000
21836.140625,0.921875
21837.031250,0.890625
21837.906250,0.875000
21838.796875,0.890625
21839.718750,0.921875
21840.640625,0.921875
21841.531250,0.890625
21842.468750,0.937500
21843.453125,0.984375
21844.390625,0.937500
21845.312500,0.921875
21846.250000,0.937500
21847.187500,0.937500
21848.078125,0.890625
21848.984375,0.906250
21849.906250,0.921875
21850.796875,0.890625
21851.687500,0.890625
21852.593750,0.906250
21853.484375,0.890625
21854.359375,0.875000
21855.265625,0.906250
21856.187500,0.921875
21857.046875,0.859375
21857.937500,0.890625
21858.843750,0.906250
21859.734375,0.890625
21860.609375,0.875000
21861.484375,0.875000
21862.390625,0.906250
21863.250000,0.859375
21864.125000,0.875000
21864.984375,0.859375
21865.843750,0.859375
21866.687500,0.843750
21867.546875,0.859375
21868.421875,0.875000
21869.328125,0.906250
21870.187500,0.859375
21871.093750,0.906250
21872.078125,0.984375
21873.000000,0.921875
21873.906250,0.906250
21874.843750,0.937500
21875.781250,0.937500
21876.656250,0.875000
21877.562500,0.906250
21878.468750,0.906250
21879.359375,0.890625
21880.250000,0.890625
21881.187500,0.937500
21882.125000,0.937500
21883.031250,0.906250
21883.937500,0.906250
21884.859375,0.921875
21885.750000,0.890625
21886.656250,0.906250
21887.562500,0.906250
21888.453125,0.890625
21889.328125,0.875000
21890.218750,0.890625
21891.109375,0.890625
21892.015625,0.906250
21892.875000,0.859375
21893.765625,0.890625
21894.734375,0.968750
21895.640625,0.906250
21896.562500,0.921875
21897.531250,0.968750
21898.484375,0.953125
21899.390625,0.906250
21900.312500,0.921875
21901.265625,0.953125
21902.171875,0.906250
21903.062500,0.890625
21903.968750,0.906250
21904.906250,0.937500
21905.796875,0.890625
21906.718750,0.921875
21907.687500,0.968750
21908.625000,0.937500
21909.500000,0.875000
21910.421875,0.921875
21911.328125,0.906250
21912.218750,0.890625
21913.093750,0.875000
21914.000000,0.906250
21914.890625,0.890625
21915.750000,0.859375
21916.625000,0.875000
21917.515625,0.890625
21918.421875,0.906250
21919.281250,0.859375
21920.140625,0.859375
21921.031250,0.890625
21921.921875,0.890625
21922.781250,0.859375
21923.671875,0.890625
21924.562500,0.890625
21925.437500,0.875000
21926.296875,0.859375
21927.171875,0.875000
21928.046875,0.875000
21928.890625,0.843750
21929.781250,0.890625
21930.656250,0.875000
21931.515625,0.859375
21932.359375,0.843750
21933.218750,0.859375
21934.125000,0.906250
21934.984375,0.859375
21935.859375,0.875000
21936.765625,0.906250
21937.671875,0.906250
21938.562500,0.890625
21939.484375,0.921875
21940.421875,0.937500
21941.328125,0.906250
21942.218750,0.890625
21943.140625,0.921875
21944.093750,0.953125
21945.000000,0.906250
21945.906250,0.906250
21946.781250,0.875000
21947.640625,0.859375
21948.500000,0.859375
21949.359375,0.859375
21950.281250,0.921875
21951.171875,0.890625
21952.078125,0.906250
21953.031250,0.953125
21954.000000,0.968750
21954.890625,0.890625
21955.843750,0.953125
21956.812500,0.968750
21957.703125,0.890625
21958.609375,0.906250
21959.531250,0.921875
21960.421875,0.890625
21961.265625,0.843750
21962.140625,0.875000
21963.031250,0.890625
21963.906250,0.875000
21964.796875,0.890625
21965.687500,0.890625
21966.609375,0.921875
21967.484375,0.875000
21968.390625,0.906250
21969.312500,0.921875
21970.250000,0.937500
21971.156250,0.906250
21972.078125,0.921875
21973.031250,0.953125
21973.937500,0.906250
21974.859375,0.921875
21975.765625,0.906250
21976.671875,0.906250
21977.546875,0.875000
21978.421875,0.875000
21979.312500,0.890625
21980.234375,0.921875
21981.093750,0.859375
21982.000000,0.906250
21982.921875,0.921875
21983.812500,0.890625
21984.734375,0.921875
21985.625000,0.890625
21986.515625,0.890625
21987.375000,0.859375
21988.250000,0.875000
21989.125000,0.875000
21990.046875,0.921875
21990.937500,0.890625
21991.828125,0.890625
21992.750000,0.921875
21993.656250,0.906250
21994.531250,0.875000
21995.421875,0.890625
21996.359375,0.937500
21997.265625,0.906250
21998.171875,0.906250
21999.109375,0.937500
22000.046875,0.937500
22000.937500,0.890625
22001.843750,0.906250
22002.781250,0.937500
22003.656250,0.875000
22004.531250,0.875000
22005.421875,0.890625
22006.312500,0.890625
22007.171875,0.859375
22008.046875,0.875000
22008.968750,0.921875
22009.843750,0.875000
22010.734375,0.890625
22011.656250,0.921875
22012.531250,0.875000
22013.375000,0.843750
22014.234375,0.859375
22015.078125,0.843750
22015.921875,0.843750
22016.765625,0.843750
22017.656250,0.890625
22018.546875,0.890625
22019.437500,0.890625
22020.375000,0.937500
22021.312500,0.937500
22022.203125,0.890625
22023.109375,0.906250
22024.031250,0.921875
22024.921875,0.890625
22025.796875,0.875000
22026.703125,0.906250
22027.656250,0.953125
22028.546875,0.890625
22029.468750,0.921875
22030.421875,0.953125
22031.328125,0.906250
22032.203125,0.875000
22033.093750,0.890625
22034.015625,0.921875
22034.890625,0.875000
22035.765625,0.875000
22036.671875,0.906250
22037.546875,0.875000
22038.406250,0.859375
22039.281250,0.875000
22040.156250,0.875000
22041.031250,0.875000
22041.906250,0.875000
22042.812500,0.906250
22043.734375,0.921875
22044.609375,0.875000
22045.546875,0.937500
22046.484375,0.937500
22047.359375,0.875000
22048.250000,0.890625
22049.171875,0.921875
22050.078125,0.906250
22050.953125,0.875000
22051.843750,0.890625
22052.781250,0.937500
22053.687500,0.906250
22054.609375,0.921875
22055.562500,0.953125
22056.500000,0.937500
22057.390625,0.890625
22058.296875,0.906250
22059.203125,0.906250
22060.078125,0.875000
22060.968750,0.890625
22061.843750,0.875000
22062.718750,0.875000
22063.593750,0.875000
22064.468750,0.875000
22065.359375,0.890625
22066.265625,0.906250
22067.140625,0.875000
22068.031250,0.890625
22068.890625,0.859375
22069.734375,0.843750
22070.562500,0.828125
22071.437500,0.875000
22072.359375,0.921875
22073.281250,0.921875
22074.218750,0.937500
22075.187500,0.968750
22076.109375,0.921875
22077.015625,0.906250
22077.937500,0.921875
22078.859375,0.921875
22079.750000,0.890625
22080.656250,0.906250
22081.546875,0.890625
22082.453125,0.906250
22083.343750,0.890625
22084.234375,0.890625
22085.156250,0.921875
22086.031250,0.875000
22086.890625,0.859375
22087.765625,0.875000
22088.671875,0.906250
22089.593750,0.921875
22090.453125,0.859375
22091.359375,0.906250
22092.281250,0.921875
22093.156250,0.875000
22094.046875,0.890625
22094.968750,0.921875
22095.921875,0.953125
22096.796875,0.875000
22097.687500,0.890625
22098.593750,0.906250
22099.500000,0.906250
22100.390625,0.890625
22101.296875,0.906250
22102.218750,0.921875
22103.109375,0.890625
22104.000000,0.890625
22104.875000,0.875000
22105.734375,0.859375
22106.562500,0.828125
22107.421875,0.859375
22108.312500,0.890625
22109.187500,0.875000
22110.093750,0.906250
22111.015625,0.921875
22111.921875,0.906250
22112.781250,0.859375
22113.656250,0.875000
22114.531250,0.875000
22115.390625,0.859375
22116.203125,0.812500
22117.046875,0.843750
22117.875000,0.828125
22118.718750,0.843750
22119.593750,0.875000
22120.515625,0.921875
22121.468750,0.953125
22122.390625,0.921875
22123.296875,0.906250
22124.265625,0.968750
22125.171875,0.906250
22126.078125,0.906250
22127.015625,0.937500
22127.968750,0.953125
22128.890625,0.921875
22129.828125,0.937500
22130.812500,0.984375
22131.750000,0.937500
22132.687500,0.937500
22133.625000,0.937500
22134.531250,0.906250
22135.421875,0.890625
22136.343750,0.921875
22137.265625,0.921875
22138.140625,0.875000
22139.046875,0.906250
22140.000000,0.953125
22140.937500,0.937500
22141.828125,0.890625
22142.765625,0.937500
22143.703125,0.937500
22144.593750,0.890625
22145.484375,0.890625
22146.406250,0.921875
22147.296875,0.890625
22148.171875,0.875000
22149.046875,0.875000
22149.953125,0.906250
22150.843750,0.890625
22151.718750,0.875000
22152.609375,0.890625
22153.500000,0.890625
22154.390625,0.890625
22155.218750,0.828125
22156.062500,0.843750
22156.875000,0.812500
22157.734375,0.859375
22158.593750,0.859375
22159.515625,0.921875
22160.515625,1.000000
22161.484375,0.968750
22162.453125,0.968750
22163.421875,0.968750
22164.406250,0.984375
22165.328125,0.921875
22166.250000,0.921875
22167.218750,0.968750
22168.125000,0.906250
22169.046875,0.921875
22170.015625,0.968750
22170.968750,0.953125
22171.859375,0.890625
22172.765625,0.906250
22173.687500,0.921875
22174.640625,0.953125
22175.546875,0.906250
22176.468750,0.921875
22177.406250,0.937500
22178.296875,0.890625
22179.187500,0.890625
22180.125000,0.937500
22181.031250,0.906250
22181.906250,0.875000
22182.796875,0.890625
22183.671875,0.875000
22184.562500,0.890625
22185.437500,0.875000
22186.328125,0.890625
22187.265625,0.937500
22188.140625,0.875000
22189.062500,0.921875
22190.000000,0.937500
22190.906250,0.906250
22191.781250,0.875000
22192.687500,0.906250
22193.609375,0.921875
22194.468750,0.859375
22195.359375,0.890625
22196.281250,0.921875
22197.203125,0.921875
22198.093750,0.890625
22199.015625,0.921875
22199.968750,0.953125
22200.890625,0.921875
22201.781250,0.890625
22202.671875,0.890625
22203.546875,0.875000
22204.406250,0.859375
22205.281250,0.875000
22206.171875,0.890625
22207.078125,0.906250
22207.953125,0.875000
22208.859375,0.906250
22209.765625,0.906250
22210.625000,0.859375
22211.484375,0.859375
22212.375000,0.890625
22213.281250,0.906250
22214.171875,0.890625
22215.062500,0.890625
22215.953125,0.890625
22216.859375,0.906250
22217.734375,0.875000
22218.609375,0.875000
22219.546875,0.937500
22220.453125,0.906250
22221.328125,0.875000
22222.234375,0.906250
22223.171875,0.937500
22224.078125,0.906250
22224.984375,0.906250
22225.906250,0.921875
22226.828125,0.921875
22227.718750,0.890625
22228.640625,0.921875
22229.562500,0.921875
22230.453125,0.890625
22231.328125,0.875000
22232.250000,0.921875
22233.109375,0.859375
22233.984375,0.875000
22234.875000,0.890625
22235.750000,0.875000
22236.625000,0.875000
22237.484375,0.859375
22238.359375,0.875000
22239.218750,0.859375
22240.062500,0.843750
22240.921875,0.859375
22241.812500,0.890625
22242.687500,0.875000
22243.546875,0.859375
22244.406250,0.859375
22245.296875,0.890625
22246.187500,0.890625
22247.109375,0.921875
22248.078125,0.968750
22249.078125,1.000000
22250.000000,0.921875
22250.953125,0.953125
22251.906250,0.953125
22252.812500,0.906250
22253.750000,0.937500
22254.687500,0.937500
22255.593750,0.906250
22256.500000,0.906250
22257.390625,0.890625
22258.281250,0.890625
22259.109375,0.828125
22259.984375,0.875000
22260.890625,0.906250
22261.765625,0.875000
22262.656250,0.890625
22263.562500,0.906250
22264.515625,0.953125
22265.406250,0.890625
22266.281250,0.875000
22267.171875,0.890625
22268.062500,0.890625
22268.921875,0.859375
22269.796875,0.875000
22270.734375,0.937500
22271.625000,0.890625
22272.531250,0.906250
22273.453125,0.921875
22274.375000,0.921875
22275.250000,0.875000
22276.156250,0.906250
22277.062500,0.906250
22277.937500,0.875000
22278.812500,0.875000
22279.687500,0.875000
22280.546875,0.859375
22281.390625,0.843750
22282.250000,0.859375
22283.140625,0.890625
22284.015625,0.875000
22284.875000,0.859375
22285.781250,0.906250
22286.703125,0.921875
22287.593750,0.890625
22288.500000,0.906250
22289.437500,0.937500
22290.359375,0.921875
22291.234375,0.875000
22292.140625,0.906250
22293.062500,0.921875
22293.984375,0.921875
22294.937500,0.953125
22295.921875,0.984375
22296.859375,0.937500
22297.765625,0.906250
22298.656250,0.890625
22299.562500,0.906250
22300.421875,0.859375
22301.281250,0.859375
22302.156250,0.875000
22303.046875,0.890625
22303.921875,0.875000
22304.828125,0.906250
22305.828125,1.000000
22306.750000,0.921875
22307.703125,0.953125
22308.656250,0.953125
22309.609375,0.953125
22310.515625,0.906250
22311.437500,0.921875
22312.375000,0.937500
22313.281250,0.906250
22314.156250,0.875000
22315.046875,0.890625
22315.937500,0.890625
22316.843750,0.906250
22317.703125,0.859375
22318.578125,0.875000
22319.484375,0.906250
22320.359375,0.875000
22321.203125,0.843750
22322.062500,0.859375
22322.953125,0.890625
22323.812500,0.859375
22324.671875,0.859375
22325.562500,0.890625
22326.484375,0.921875
22327.359375,0.875000
22328.234375,0.875000
22329.093750,0.859375
22329.968750,0.875000
22330.812500,0.843750
22331.671875,0.859375
22332.546875,0.875000
22333.421875,0.875000
22334.281250,0.859375
22335.156250,0.875000
22336.062500,0.906250
22336.921875,0.859375
22337.796875,0.875000
22338.671875,0.875000
22339.546875,0.875000
22340.406250,0.859375
22341.250000,0.843750
22342.125000,0.875000
22342.984375,0.859375
22343.859375,0.875000
22344.734375,0.875000
22345.625000,0.890625
22346.500000,0.875000
22347.390625,0.890625
22348.312500,0.921875
22349.203125,0.890625
22350.093750,0.890625
22350.984375,0.890625
22351.906250,0.921875
22352.812500,0.906250
22353.734375,0.921875
22354.671875,0.937500
22355.640625,0.968750
22356.546875,0.906250
22357.421875,0.875000
22358.328125,0.906250
22359.203125,0.875000
22360.062500,0.859375
22360.937500,0.875000
22361.828125,0.890625
22362.687500,0.859375
22363.546875,0.859375
22364.437500,0.890625
22365.343750,0.906250
22366.203125,0.859375
22367.109375,0.906250
22368.031250,0.921875
22368.921875,0.890625
22369.781250,0.859375
22370.671875,0.890625
22371.593750,0.921875
22372.468750,0.875000
22373.328125,0.859375
22374.234375,0.906250
22375.125000,0.890625
22375.968750,0.843750
22376.843750,0.875000
22377.718750,0.875000
22378.562500,0.843750
22379.437500,0.875000
22380.312500,0.875000
22381.171875,0.859375
22382.015625,0.843750
22382.875000,0.859375
22383.750000,0.875000
22384.593750,0.843750
22385.484375,0.890625
22386.390625,0.906250
22387.328125,0.937500
22388.203125,0.875000
22389.109375,0.906250
22390.031250,0.921875
22390.921875,0.890625
22391.828125,0.906250
22392.750000,0.921875
22393.703125,0.953125
22394.609375,0.906250
22395.546875,0.937500
22396.500000,0.953125
22397.390625,0.890625
22398.281250,0.890625
22399.187500,0.906250
22400.078125,0.890625
22400.921875,0.843750
22401.796875,0.875000
22402.750000,0.953125
22403.671875,0.921875
22404.546875,0.875000
22405.468750,0.921875
22406.406250,0.937500
22407.296875,0.890625
22408.218750,0.921875
22409.140625,0.921875
22410.046875,0.906250
22410.937500,0.890625
22411.828125,0.890625
22412.718750,0.890625
22413.593750,0.875000
22414.484375,0.890625
22415.390625,0.906250
22416.296875,0.906250
22417.187500,0.890625
22418.093750,0.906250
22419.015625,0.921875
22419.921875,0.906250
22420.796875,0.875000
22421.703125,0.906250
22422.578125,0.875000
22423.437500,0.859375
22424.312500,0.875000
22425.203125,0.890625
22426.093750,0.890625
22426.968750,0.875000
22427.859375,0.890625
22428.812500,0.953125
22429.718750,0.906250
22430.593750,0.875000
22431.500000,0.906250
22432.390625,0.890625
22433.250000,0.859375
22434.156250,0.906250
22435.078125,0.921875
22435.953125,0.875000
22436.843750,0.890625
22437.734375,0.890625
22438.640625,0.906250
22439.500000,0.859375
22440.375000,0.875000
22441.265625,0.890625
22442.156250,0.890625
22443.015625,0.859375
22443.890625,0.875000
22444.781250,0.890625
22445.656250,0.875000
22446.515625,0.859375
22447.406250,0.890625
22448.328125,0.921875
22449.234375,0.906250
22450.109375,0.875000
22451.000000,0.890625
22451.906250,0.906250
22452.781250,0.875000
22453.671875,0.890625
22454.562500,0.890625
22455.453125,0.890625
22456.312500,0.859375
22457.203125,0.890625
22458.140625,0.937500
22459.046875,0.906250
22459.906250,0.859375
22460.796875,0.890625
22461.703125,0.906250
22462.656250,0.953125
22463.546875,0.890625
22464.468750,0.921875
22465.437500,0.968750
22466.359375,0.921875
22467.296875,0.937500
22468.281250,0.984375
22469.234375,0.953125
22470.156250,0.921875
22471.093750,0.937500
22472.062500,0.968750
22472.953125,0.890625
22473.828125,0.875000
22474.734375,0.906250
22475.640625,0.906250
22476.515625,0.875000
22477.421875,0.906250
22478.343750,0.921875
22479.234375,0.890625
22480.125000,0.890625
22481.046875,0.921875
22482.000000,0.953125
22482.875000,0.875000
22483.765625,0.890625
22484.687500,0.921875
22485.625000,0.937500
22486.546875,0.921875
22487.500000,0.953125
22488.453125,0.953125
22489.359375,0.906250
22490.234375,0.875000
22491.109375,0.875000
22492.015625,0.906250
22492.875000,0.859375
22493.765625,0.890625
22494.703125,0.937500
22495.625000,0.921875
22496.546875,0.921875
22497.500000,0.953125
22498.437500,0.937500
22499.328125,0.890625
22500.203125,0.875000
22501.093750,0.890625
22501.953125,0.859375
22502.812500,0.859375
22503.687500,0.875000
22504.578125,0.890625
22505.468750,0.890625
22506.375000,0.906250
22507.328125,0.953125
22508.281250,0.953125
22509.203125,0.921875
22510.140625,0.937500
22511.140625,1.000000
22512.078125,0.937500
22512.984375,0.906250
22513.890625,0.906250
22514.796875,0.906250
22515.703125,0.906250
22516.578125,0.875000
22517.453125,0.875000
22518.359375,0.906250
22519.234375,0.875000
22520.109375,0.875000
22520.984375,0.875000
22521.906250,0.921875
22522.781250,0.875000
22523.671875,0.890625
22524.578125,0.906250
22525.468750,0.890625
22526.343750,0.875000
22527.234375,0.890625
22528.171875,0.937500
22529.078125,0.906250
22529.968750,0.890625
22530.859375,0.890625
22531.750000,0.890625
22532.625000,0.875000
22533.500000,0.875000
22534.375000,0.875000
22535.250000,0.875000
22536.156250,0.906250
22537.015625,0.859375
22537.906250,0.890625
22538.828125,0.921875
22539.734375,0.906250
22540.625000,0.890625
22541.546875,0.921875
22542.453125,0.906250
22543.312500,0.859375
22544.218750,0.906250
22545.125000,0.906250
22546.015625,0.890625
22546.859375,0.843750
22547.734375,0.875000
22548.609375,0.875000
22549.468750,0.859375
22550.312500,0.843750
22551.171875,0.859375
22552.093750,0.921875
22552.984375,0.890625
22553.875000,0.890625
22554.781250,0.906250
22555.750000,0.968750
22556.625000,0.875000
22557.484375,0.859375
22558.359375,0.875000
22559.234375,0.875000
22560.078125,0.843750
22560.968750,0.890625
22561.921875,0.953125
22562.796875,0.875000
22563.687500,0.890625
22564.578125,0.890625
22565.453125,0.875000
22566.328125,0.875000
22567.265625,0.937500
22568.187500,0.921875
22569.078125,0.890625
22569.984375,0.906250
22570.937500,0.953125
22571.843750,0.906250
22572.765625,0.921875
22573.718750,0.953125
22574.656250,0.937500
22575.546875,0.890625
22576.515625,0.968750
22577.484375,0.968750
22578.390625,0.906250
22579.281250,0.890625
22580.171875,0.890625
22581.062500,0.890625
22581.937500,0.875000
22582.812500,0.875000
22583.718750,0.906250
22584.625000,0.906250
22585.531250,0.906250
22586.468750,0.937500
22587.437500,0.968750
22588.343750,0.906250
22589.312500,0.968750
22590.265625,0.953125
22591.203125,0.937500
22592.125000,0.921875
22593.078125,0.953125
22594.015625,0.937500
22594.890625,0.875000
22595.796875,0.906250
22596.703125,0.906250
22597.593750,0.890625
22598.468750,0.875000
22599.359375,0.890625
22600.265625,0.906250
22601.125000,0.859375
22602.000000,0.875000
22602.890625,0.890625
22603.765625,0.875000
22604.609375,0.843750
22605.484375,0.875000
22606.375000,0.890625
22607.234375,0.859375
22608.109375,0.875000
22609.015625,0.906250
22609.921875,0.906250
22610.796875,0.875000
22611.703125,0.906250
22612.625000,0.921875
22613.484375,0.859375
22614.375000,0.890625
22615.281250,0.906250
22616.187500,0.906250
22617.046875,0.859375
22617.937500,0.890625
22618.859375,0.921875
22619.750000,0.890625
22620.609375,0.859375
22621.484375,0.875000
22622.390625,0.906250
22623.250000,0.859375
22624.109375,0.859375
22624.953125,0.843750
22625.812500,0.859375
22626.656250,0.843750
22627.500000,0.843750
22628.375000,0.875000
22629.281250,0.906250
22630.156250,0.875000
22631.015625,0.859375
22631.875000,0.859375
22632.750000,0.875000
22633.593750,0.843750
22634.515625,0.921875
22635.468750,0.953125
22636.375000,0.906250
22637.281250,0.906250
22638.218750,0.937500
22639.125000,0.906250
22640.015625,0.890625
22640.906250,0.890625
22641.828125,0.921875
22642.765625,0.937500
22643.687500,0.921875
22644.640625,0.953125
22645.593750,0.953125
22646.500000,0.906250
22647.421875,0.921875
22648.343750,0.921875
22649.250000,0.906250
22650.125000,0.875000
22651.000000,0.875000
22651.890625,0.890625
22652.750000,0.859375
22653.593750,0.843750
22654.500000,0.906250
22655.421875,0.921875
22656.312500,0.890625
22657.203125,0.890625
22658.109375,0.906250
22659.015625,0.906250
22659.890625,0.875000
22660.781250,0.890625
22661.671875,0.890625
22662.546875,0.875000
22663.406250,0.859375
22664.281250,0.875000
22665.156250,0.875000
22666.015625,0.859375
22666.859375,0.843750
22667.703125,0.843750
22668.562500,0.859375
22669.406250,0.843750
22670.250000,0.843750
22671.093750,0.843750
22671.968750,0.875000
22672.796875,0.828125
22673.640625,0.843750
22674.531250,0.890625
22675.390625,0.859375
22676.234375,0.843750
22677.093750,0.859375
22677.984375,0.890625
22678.828125,0.843750
22679.687500,0.859375
22680.562500,0.875000
22681.468750,0.906250
22682.328125,0.859375
22683.218750,0.890625
22684.125000,0.906250
22685.046875,0.921875
22685.937500,0.890625
22686.843750,0.906250
22687.765625,0.921875
22688.671875,0.906250
22689.562500,0.890625
22690.437500,0.875000
22691.312500,0.875000
22692.187500,0.875000
22693.078125,0.890625
22693.984375,0.906250
22694.890625,0.906250
22695.796875,0.906250
22696.765625,0.968750
22697.734375,0.968750
22698.671875,0.937500
22699.625000,0.953125
22700.609375,0.984375
22701.546875,0.937500
22702.453125,0.906250
22703.375000,0.921875
22704.281250,0.906250
22705.156250,0.875000
22706.046875,0.890625
22706.937500,0.890625
22707.843750,0.906250
22708.718750,0.875000
22709.656250,0.937500
22710.625000,0.968750
22711.562500,0.937500
22712.515625,0.953125
22713.484375,0.968750
22714.406250,0.921875
22715.281250,0.875000
22716.171875,0.890625
22717.046875,0.875000
22717.890625,0.843750
22718.750000,0.859375
22719.671875,0.921875
22720.546875,0.875000
22721.421875,0.875000
22722.312500,0.890625
22723.203125,0.890625
22724.062500,0.859375
22724.937500,0.875000
22725.828125,0.890625
22726.703125,0.875000
22727.578125,0.875000
22728.468750,0.890625
22729.390625,0.921875
22730.281250,0.890625
22731.140625,0.859375
22732.015625,0.875000
22732.890625,0.875000
22733.765625,0.875000
22734.625000,0.859375
22735.515625,0.890625
22736.453125,0.937500
22737.390625,0.937500
22738.312500,0.921875
22739.265625,0.953125
22740.234375,0.968750
22741.140625,0.906250
22742.046875,0.906250
22742.953125,0.906250
22743.828125,0.875000
22744.703125,0.875000
22745.578125,0.875000
22746.468750,0.890625
22747.343750,0.875000
22748.203125,0.859375
22749.078125,0.875000
22749.984375,0.906250
22750.859375,0.875000
22751.765625,0.906250
22752.687500,0.921875
22753.593750,0.906250
22754.468750,0.875000
22755.359375,0.890625
22756.265625,0.906250
22757.187500,0.921875
22758.078125,0.890625
22759.000000,0.921875
22759.953125,0.953125
22760.890625,0.937500
22761.796875,0.906250
22762.703125,0.906250
22763.656250,0.953125
22764.546875,0.890625
22765.484375,0.937500
22766.421875,0.937500
22767.328125,0.906250
22768.203125,0.875000
22769.109375,0.906250
22770.046875,0.937500
22770.937500,0.890625
22771.843750,0.906250
22772.765625,0.921875
22773.640625,0.875000
22774.515625,0.875000
22775.390625,0.875000
22776.281250,0.890625
22777.125000,0.843750
22777.984375,0.859375
22778.843750,0.859375
22779.703125,0.859375
22780.531250,0.828125
22781.406250,0.875000
22782.312500,0.906250
22783.203125,0.890625
22784.093750,0.890625
22785.015625,0.921875
22785.906250,0.890625
22786.765625,0.859375
22787.625000,0.859375
22788.500000,0.875000
22789.359375,0.859375
22790.234375,0.875000
22791.156250,0.921875
22792.046875,0.890625
22792.906250,0.859375
22793.796875,0.890625
22794.718750,0.921875
22795.609375,0.890625
22796.484375,0.875000
22797.390625,0.906250
22798.312500,0.921875
22799.218750,0.906250
22800.093750,0.875000
22800.968750,0.875000
22801.843750,0.875000
22802.687500,0.843750
22803.546875,0.859375
22804.421875,0.875000
22805.265625,0.843750
22806.109375,0.843750
22806.953125,0.843750
22807.796875,0.843750
22808.640625,0.843750
22809.484375,0.843750
22810.343750,0.859375
22811.234375,0.890625
22812.156250,0.921875
22813.062500,0.906250
22813.984375,0.921875
22814.953125,0.968750
22815.875000,0.921875
22816.796875,0.921875
22817.734375,0.937500
22818.656250,0.921875
22819.546875,0.890625
22820.453125,0.906250
22821.375000,0.921875
22822.265625,0.890625
22823.156250,0.890625
22824.062500,0.906250
22824.984375,0.921875
22825.875000,0.890625
22826.750000,0.875000
22827.671875,0.921875
22828.562500,0.890625
22829.437500,0.875000
22830.296875,0.859375
22831.187500,0.890625
22832.078125,0.890625
22832.953125,0.875000
22833.812500,0.859375
22834.687500,0.875000
22835.593750,0.906250
22836.468750,0.875000
22837.359375,0.890625
22838.281250,0.921875
22839.187500,0.906250
22840.062500,0.875000
22841.000000,0.937500
22841.921875,0.921875
22842.796875,0.875000
22843.671875,0.875000
22844.562500,0.890625
22845.484375,0.921875
22846.375000,0.890625
22847.312500,0.937500
22848.234375,0.921875
22849.140625,0.906250
22850.031250,0.890625
22850.953125,0.921875
22851.875000,0.921875
22852.750000,0.875000
22853.640625,0.890625
22854.562500,0.921875
22855.453125,0.890625
22856.328125,0.875000
22857.187500,0.859375
22858.062500,0.875000
22858.921875,0.859375
22859.781250,0.859375
22860.640625,0.859375
22861.546875,0.906250
22862.406250,0.859375
22863.250000,0.843750
22864.078125,0.828125
22864.921875,0.843750
22865.781250,0.859375
22866.671875,0.890625
22867.609375,0.937500
22868.578125,0.968750
22869.515625,0.937500
22870.453125,0.937500
22871.406250,0.953125
22872.359375,0.953125
22873.343750,0.984375
22874.296875,0.953125
22875.218750,0.921875
22876.156250,0.937500
22877.125000,0.968750
22878.031250,0.906250
22878.937500,0.906250
22879.859375,0.921875
22880.765625,0.906250
22881.656250,0.890625
22882.562500,0.906250
22883.484375,0.921875
22884.375000,0.890625
22885.265625,0.890625
22886.171875,0.906250
22887.093750,0.921875
22887.953125,0.859375
22888.843750,0.890625
22889.765625,0.921875
22890.656250,0.890625
22891.484375,0.828125
22892.312500,0.828125
22893.171875,0.859375
22894.046875,0.875000
22894.906250,0.859375
22895.781250,0.875000
22896.656250,0.875000
22897.546875,0.890625
22898.453125,0.906250
22899.375000,0.921875
22900.328125,0.953125
22901.218750,0.890625
22902.109375,0.890625
22903.046875,0.937500
22903.937500,0.890625
22904.812500,0.875000
22905.703125,0.890625
22906.609375,0.906250
22907.484375,0.875000
22908.328125,0.843750
22909.203125,0.875000
22910.109375,0.906250
22911.015625,0.906250
22911.906250,0.890625
22912.843750,0.937500
22913.734375,0.890625
22914.609375,0.875000
22915.500000,0.890625
22916.406250,0.906250
22917.312500,0.906250
22918.203125,0.890625
22919.125000,0.921875
22920.093750,0.968750
22920.968750,0.875000
22921.859375,0.890625
22922.781250,0.921875
22923.687500,0.906250
22924.546875,0.859375
22925.421875,0.875000
22926.343750,0.921875
22927.250000,0.906250
22928.156250,0.906250
22929.125000,0.968750
22930.109375,0.984375
22931.015625,0.906250
22931.890625,0.875000
22932.781250,0.890625
22933.671875,0.890625
22934.531250,0.859375
22935.421875,0.890625
22936.343750,0.921875
22937.265625,0.921875
22938.171875,0.906250
22939.109375,0.937500
22940.000000,0.890625
22940.843750,0.843750
22941.656250,0.812500
22942.453125,0.796875
22943.312500,0.859375
22944.218750,0.906250
22945.125000,0.906250
22946.046875,0.921875
22947.015625,0.968750
22947.937500,0.921875
22948.875000,0.937500
22949.812500,0.937500
22950.750000,0.937500
22951.640625,0.890625
22952.546875,0.906250
22953.453125,0.906250
22954.343750,0.890625
22955.234375,0.890625
22956.125000,0.890625
22957.000000,0.875000
22957.859375,0.859375
22958.734375,0.875000
22959.625000,0.890625
22960.515625,0.890625
22961.421875,0.906250
22962.328125,0.906250
22963.281250,0.953125
22964.187500,0.906250
22965.062500,0.875000
22965.953125,0.890625
22966.859375,0.906250
22967.765625,0.906250
22968.640625,0.875000
22969.562500,0.921875
22970.546875,0.984375
22971.484375,0.937500
22972.421875,0.937500
22973.375000,0.953125
22974.328125,0.953125
22975.250000,0.921875
22976.171875,0.921875
22977.109375,0.937500
22978.015625,0.906250
22978.921875,0.906250
22979.859375,0.937500
22980.812500,0.953125
22981.703125,0.890625
22982.562500,0.859375
22983.437500,0.875000
22984.359375,0.921875
22985.250000,0.890625
22986.125000,0.875000
22987.046875,0.921875
22988.000000,0.953125
22988.906250,0.906250
22989.796875,0.890625
22990.718750,0.921875
22991.578125,0.859375
22992.484375,0.906250
22993.390625,0.906250
22994.296875,0.906250
22995.171875,0.875000
22996.046875,0.875000
22996.953125,0.906250
22997.859375,0.906250
22998.750000,0.890625
22999.640625,0.890625
23000.593750,0.953125
23001.546875,0.953125
23002.468750,0.921875
23003.406250,0.937500
23004.296875,0.890625
23005.171875,0.875000
23006.078125,0.906250
23007.015625,0.937500
23007.906250,0.890625
23008.890625,0.984375
23009.875000,0.984375
23010.906250,1.031250
23011.843750,0.937500
23012.812500,0.968750
23013.781250,0.968750
23014.687500,0.906250
23015.609375,0.921875
23016.546875,0.937500
23017.453125,0.906250
23018.343750,0.890625
23019.250000,0.906250
23020.203125,0.953125
23021.125000,0.921875
23022.078125,0.953125
23023.031250,0.953125
23023.953125,0.921875
23024.843750,0.890625
23025.765625,0.921875
23026.703125,0.937500
23027.625000,0.921875
23028.531250,0.906250
23029.437500,0.906250
23030.421875,0.984375
23031.390625,0.968750
23032.406250,1.015625
23033.453125,1.046875
23034.406250,0.953125
23035.343750,0.937500
23036.296875,0.953125
23037.234375,0.937500
23038.140625,0.906250
23039.078125,0.937500
23040.000000,0.921875
23040.890625,0.890625
23041.843750,0.953125
23042.796875,0.953125
23043.718750,0.921875
23044.687500,0.968750
23045.656250,0.968750
23046.562500,0.906250
23047.484375,0.921875
23048.453125,0.968750
23049.375000,0.921875
23050.296875,0.921875
23051.281250,0.984375
23052.234375,0.953125
23053.187500,0.953125
23054.156250,0.968750
23055.125000,0.968750
23056.046875,0.921875
23056.968750,0.921875
23057.921875,0.953125
23058.843750,0.921875
23059.750000,0.906250
23060.687500,0.937500
23061.625000,0.937500
23062.500000,0.875000
23063.390625,0.890625
23064.265625,0.875000
23065.156250,0.890625
23066.046875,0.890625
23067.000000,0.953125
23067.968750,0.968750
23068.875000,0.906250
23069.843750,0.968750
23070.796875,0.953125
23071.703125,0.906250
23072.625000,0.921875
23073.546875,0.921875
23074.453125,0.906250
23075.359375,0.906250
23076.250000,0.890625
23077.156250,0.906250
23078.031250,0.875000
23078.906250,0.875000
23079.781250,0.875000
23080.656250,0.875000
23081.484375,0.828125
23082.359375,0.875000
23083.265625,0.906250
23084.156250,0.890625
23085.031250,0.875000
23085.937500,0.906250
23086.890625,0.953125
23087.781250,0.890625
23088.703125,0.921875
23089.625000,0.921875
23090.515625,0.890625
23091.375000,0.859375
23092.265625,0.890625
23093.140625,0.875000
23094.015625,0.875000
23094.921875,0.906250
23095.812500,0.890625
23096.703125,0.890625
23097.562500,0.859375
23098.453125,0.890625
23099.390625,0.937500
23100.296875,0.906250
23101.187500,0.890625
23102.125000,0.937500
23103.046875,0.921875
23103.921875,0.875000
23104.812500,0.890625
23105.718750,0.906250
23106.593750,0.875000
23107.468750,0.875000
23108.359375,0.890625
23109.250000,0.890625
23110.109375,0.859375
23111.015625,0.906250
23111.937500,0.921875
23112.828125,0.890625
23113.734375,0.906250
23114.640625,0.906250
23115.531250,0.890625
23116.390625,0.859375
23117.250000,0.859375
23118.109375,0.859375
23118.984375,0.875000
23119.859375,0.875000
23120.734375,0.875000
23121.656250,0.921875
23122.593750,0.937500
23123.515625,0.921875
23124.468750,0.953125
23125.406250,0.937500
23126.296875,0.890625
23127.171875,0.875000
23128.046875,0.875000
23128.921875,0.875000
23129.781250,0.859375
23130.609375,0.828125
23131.484375,0.875000
23132.359375,0.875000
23133.234375,0.875000
23134.046875,0.812500
23134.843750,0.796875
23135.625000,0.781250
23136.375000,0.750000
23158.203125,0.687500
23159.015625,0.812500
23159.890625,0.875000
23160.781250,0.890625
23161.859375,1.078125
23162.921875,1.062500
23163.968750,1.046875
23165.078125,1.109375
23166.234375,1.156250
23167.375000,1.140625
23168.468750,1.093750
23174.828125,0.718750
23175.625000,0.796875
23181.687500,1.078125
23182.765625,1.078125
23183.812500,1.046875
23185.000000,1.187500
23186.203125,1.203125
23187.296875,1.093750
23188.390625,1.093750
23189.359375,0.968750
23190.296875,0.937500
23191.187500,0.890625
23192.046875,0.859375
23192.968750,0.921875
23199.000000,1.093750
23200.078125,1.078125
23201.093750,1.015625
23202.187500,1.093750
23203.234375,1.046875
23204.265625,1.031250
23205.312500,1.046875
23206.265625,0.953125
23207.281250,1.015625
23208.265625,0.984375
23209.281250,1.015625
23231.265625,0.734375
23232.000000,0.734375
23232.765625,0.765625
23233.562500,0.796875
23234.406250,0.843750
23235.328125,0.921875
23236.375000,1.046875
23237.359375,0.984375
23238.359375,1.000000
23239.421875,1.062500
23240.343750,0.921875
23241.218750,0.875000
23242.078125,0.859375
23242.906250,0.828125
23243.734375,0.828125
23244.546875,0.812500
23245.421875,0.875000
23246.265625,0.843750
23247.062500,0.796875
23247.859375,0.796875
23248.671875,0.812500
23249.453125,0.781250
23250.234375,0.781250
23250.968750,0.734375
23251.734375,0.765625
23252.531250,0.796875
23262.765625,0.703125
23263.500000,0.734375
23264.203125,0.703125
23264.953125,0.750000
23265.703125,0.750000
23266.484375,0.781250
23267.296875,0.812500
23268.109375,0.812500
23268.875000,0.765625
23269.671875,0.796875
23270.437500,0.765625
23271.078125,0.640625
23271.890625,0.812500
23283.843750,0.718750
23284.546875,0.703125
23285.250000,0.703125
23285.953125,0.703125
23286.656250,0.703125
23287.343750,0.687500
23288.031250,0.687500
23288.687500,0.656250
23289.421875,0.734375
23290.187500,0.765625
23290.984375,0.796875
23291.734375,0.750000
23292.484375,0.750000
23293.265625,0.781250
23294.062500,0.796875
23294.921875,0.859375
23295.843750,0.921875
23296.812500,0.968750
23297.828125,1.015625
23298.828125,1.000000
23299.828125,1.000000
23300.765625,0.937500
23301.703125,0.937500
23302.687500,0.984375
23303.671875,0.984375
23304.703125,1.031250
23305.781250,1.078125
23306.859375,1.078125
23307.906250,1.046875
23309.000000,1.093750
23310.093750,1.093750
23311.078125,0.984375
23312.093750,1.015625
23313.140625,1.046875
23314.062500,0.921875
23315.062500,1.000000
23316.062500,1.000000
23317.046875,0.984375
23318.062500,1.015625
23319.156250,1.093750
23320.187500,1.031250
23321.156250,0.968750
23322.171875,1.015625
23329.265625,1.078125
23330.250000,0.984375
23331.265625,1.015625
23332.312500,1.046875
23333.265625,0.953125
23334.234375,0.968750
23335.203125,0.968750
23336.156250,0.953125
23337.093750,0.937500
23338.015625,0.921875
23355.984375,0.734375
23356.703125,0.718750
23357.531250,0.828125
23358.359375,0.828125
23359.296875,0.937500
23360.250000,0.953125
23361.234375,0.984375
23362.156250,0.921875
23363.062500,0.906250
23363.953125,0.890625
23364.843750,0.890625
23365.734375,0.890625
23366.687500,0.953125
23367.843750,1.156250
23368.968750,1.125000
23379.546875,0.781250
23380.312500,0.765625
23381.109375,0.796875
23382.031250,0.921875
23382.984375,0.953125
23394.921875,1.125000
23396.125000,1.203125
23397.156250,1.031250
23398.171875,1.015625
23399.156250,0.984375
23400.062500,0.906250
23401.046875,0.984375
23406.671875,0.937500
23412.921875,0.968750
23418.703125,1.046875
23419.812500,1.109375
23420.937500,1.125000
23421.859375,0.921875
23423.015625,1.156250
23423.984375,0.968750
23424.906250,0.921875
23425.734375,0.828125
23426.593750,0.859375
23457.562500,0.843750
23458.437500,0.875000
23459.312500,0.875000
23460.328125,1.015625
23461.437500,1.109375
23462.421875,0.984375
23463.453125,1.031250
23464.531250,1.078125
23465.562500,1.031250
23466.671875,1.109375
23467.906250,1.234375
23469.093750,1.187500
23470.234375,1.140625
23471.437500,1.203125
23472.531250,1.093750
23473.578125,1.046875
23474.640625,1.062500
23475.765625,1.125000
23482.218750,1.171875
23483.265625,1.046875
23484.328125,1.062500
23485.453125,1.125000
23486.515625,1.062500
23487.640625,1.125000
23488.796875,1.156250
23489.828125,1.031250
23490.843750,1.015625
23491.921875,1.078125
23492.968750,1.046875
23494.031250,1.062500
23495.171875,1.140625
23496.250000,1.078125
23497.265625,1.015625
23498.359375,1.093750
23499.421875,1.062500
23500.390625,0.968750
23501.390625,1.000000
23502.437500,1.046875
23503.421875,0.984375
23504.421875,1.000000
23505.453125,1.031250
23506.453125,1.000000
23507.437500,0.984375
23508.484375,1.046875
23509.531250,1.046875
23510.546875,1.015625
23511.562500,1.015625
23512.718750,1.156250
23513.875000,1.156250
23514.906250,1.031250
23515.968750,1.062500
23517.078125,1.109375
23518.109375,1.031250
23519.156250,1.046875
23520.265625,1.109375
23521.281250,1.015625
23522.328125,1.046875
23523.453125,1.125000
23524.453125,1.000000
23525.453125,1.000000
23526.546875,1.093750
23527.703125,1.156250
23528.687500,0.984375
23529.718750,1.031250
23530.734375,1.015625
23531.718750,0.984375
23532.750000,1.031250
23533.765625,1.015625
23534.828125,1.062500
23540.843750,0.953125
23541.750000,0.906250
23542.687500,0.937500
23543.656250,0.968750
23544.578125,0.921875
23545.562500,0.984375
23546.640625,1.078125
23547.578125,0.937500
23548.546875,0.968750
23549.531250,0.984375
23550.562500,1.031250
23551.515625,0.953125
23552.468750,0.953125
23553.453125,0.984375
23554.375000,0.921875
23555.328125,0.953125
23556.312500,0.984375
23557.281250,0.968750
23558.187500,0.906250
23559.125000,0.937500
23560.109375,0.984375
23567.046875,1.031250
23568.062500,1.015625
23569.093750,1.031250
23570.203125,1.109375
23571.218750,1.015625
23572.281250,1.062500
23573.390625,1.109375
23574.421875,1.031250
23575.468750,1.046875
23576.562500,1.093750
23577.640625,1.078125
23578.718750,1.078125
23579.828125,1.109375
23580.875000,1.046875
23581.843750,0.968750
23582.875000,1.031250
23583.937500,1.062500
23584.953125,1.015625
23585.875000,0.921875
23586.843750,0.968750
23587.828125,0.984375
23588.765625,0.937500
23589.796875,1.031250
23590.968750,1.171875
23592.015625,1.046875
23593.031250,1.015625
23594.109375,1.078125
23595.156250,1.046875
23596.125000,0.968750
23597.156250,1.031250
23598.171875,1.015625
23599.109375,0.937500
23600.093750,0.984375
23601.140625,1.046875
23602.109375,0.968750
23603.031250,0.921875
23603.968750,0.937500
23604.906250,0.937500
23605.812500,0.906250
23606.765625,0.953125
23607.796875,1.031250
23608.828125,1.031250
23609.843750,1.015625
23610.984375,1.140625
23612.109375,1.125000
23613.140625,1.031250
23614.125000,0.984375
23615.171875,1.046875
23616.125000,0.953125
23617.171875,1.046875
23618.234375,1.062500
23619.328125,1.093750
23620.421875,1.093750
23621.593750,1.171875
23622.765625,1.171875
23623.859375,1.093750
23625.046875,1.187500
23626.203125,1.156250
23627.312500,1.109375
23628.531250,1.218750
23629.718750,1.187500
23630.812500,1.093750
23631.937500,1.125000
23633.062500,1.125000
23634.140625,1.078125
23635.203125,1.062500
23636.187500,0.984375
23637.187500,1.000000
23638.218750,1.031250
23639.187500,0.968750
23640.171875,0.984375
23641.171875,1.000000
23642.156250,0.984375
23643.078125,0.921875
23644.078125,1.000000
23645.078125,1.000000
23646.000000,0.921875
23646.937500,0.937500
23647.921875,0.984375
23648.859375,0.937500
23649.718750,0.859375
23650.625000,0.906250
23651.593750,0.968750
23652.531250,0.937500
23653.437500,0.906250
23654.390625,0.953125
23655.406250,1.015625
23656.406250,1.000000
23657.328125,0.921875
23658.312500,0.984375
23659.281250,0.968750
23660.218750,0.937500
23661.093750,0.875000
23662.015625,0.921875
23662.937500,0.921875
23663.859375,0.921875
23664.734375,0.875000
23665.687500,0.953125
23666.734375,1.046875
23667.812500,1.078125
23668.937500,1.125000
23670.093750,1.156250
23671.203125,1.109375
23672.343750,1.140625
23673.484375,1.140625
23674.515625,1.031250
23675.562500,1.046875
23676.609375,1.046875
23677.578125,0.968750
23678.546875,0.968750
23679.546875,1.000000
23680.500000,0.953125
23681.468750,0.968750
23682.468750,1.000000
23683.468750,1.000000
23684.484375,1.015625
23685.562500,1.078125
23686.625000,1.062500
23687.609375,0.984375
23688.687500,1.078125
23689.765625,1.078125
23690.750000,0.984375
23691.781250,1.031250
23692.796875,1.015625
23693.750000,0.953125
23694.703125,0.953125
23695.703125,1.000000
23696.656250,0.953125
23697.562500,0.906250
23698.500000,0.937500
23699.500000,1.000000
23700.437500,0.937500
23701.343750,0.906250
23702.312500,0.968750
23703.281250,0.968750
23704.203125,0.921875
23705.109375,0.906250
23706.046875,0.937500
23707.015625,0.968750
23707.906250,0.890625
23708.781250,0.875000
23709.656250,0.875000
23710.562500,0.906250
23711.468750,0.906250
23712.312500,0.843750
23713.218750,0.906250
23714.187500,0.968750
23715.140625,0.953125
23716.000000,0.859375
23716.953125,0.953125
23717.921875,0.968750
23718.890625,0.968750
23719.812500,0.921875
23720.734375,0.921875
23721.687500,0.953125
23722.609375,0.921875
23723.484375,0.875000
23724.390625,0.906250
23725.390625,1.000000
23726.390625,1.000000
23727.203125,0.812500
23728.296875,1.093750
23729.296875,1.000000
23730.250000,0.953125
23731.171875,0.921875
23732.125000,0.953125
23733.015625,0.890625
23733.937500,0.921875
23734.828125,0.890625
23735.703125,0.875000
23736.640625,0.937500
23737.578125,0.937500
23738.562500,0.984375
23739.640625,1.078125
23740.734375,1.093750
23741.765625,1.031250
23742.812500,1.046875
23743.875000,1.062500
23744.875000,1.000000
23745.937500,1.062500
23747.000000,1.062500
23748.046875,1.046875
23749.093750,1.046875
23750.171875,1.078125
23751.250000,1.078125
23752.421875,1.171875
23753.578125,1.156250
23754.718750,1.140625
23755.828125,1.109375
23756.875000,1.046875
23757.921875,1.046875
23759.000000,1.078125
23765.250000,1.078125
23766.250000,1.000000
23767.265625,1.015625
23768.328125,1.062500
23769.296875,0.968750
23770.359375,1.062500
23771.453125,1.093750
23772.484375,1.031250
23773.562500,1.078125
23774.640625,1.078125
23775.671875,1.031250
23776.703125,1.031250
23777.765625,1.062500
23778.828125,1.062500
23779.843750,1.015625
23780.843750,1.000000
23781.890625,1.046875
23782.937500,1.046875
23783.968750,1.031250
23785.031250,1.062500
23786.078125,1.046875
23787.109375,1.031250
23788.218750,1.109375
23789.312500,1.093750
23790.328125,1.015625
23791.406250,1.078125
23792.468750,1.062500
23793.390625,0.921875
23794.375000,0.984375
23795.359375,0.984375
23796.234375,0.875000
23797.171875,0.937500
23798.093750,0.921875
23799.031250,0.937500
23804.421875,0.890625
23805.312500,0.890625
23806.140625,0.828125
23806.984375,0.843750
23807.828125,0.843750
23808.671875,0.843750
23809.484375,0.812500
23810.359375,0.875000
23811.234375,0.875000
23812.171875,0.937500
23812.968750,0.796875
23813.937500,0.968750
23814.859375,0.921875
23815.796875,0.937500
23816.687500,0.890625
23817.578125,0.890625
23818.515625,0.937500
23819.468750,0.953125
23820.390625,0.921875
23821.328125,0.937500
23822.296875,0.968750
23823.281250,0.984375
23824.218750,0.937500
23825.125000,0.906250
23826.062500,0.937500
23827.062500,1.000000
23828.062500,1.000000
23835.515625,0.968750
23836.453125,0.937500
23837.546875,1.093750
23843.546875,0.859375
23844.609375,1.062500
23845.843750,1.234375
23847.078125,1.234375
23848.265625,1.187500
23849.437500,1.171875
23850.578125,1.140625
23851.687500,1.109375
23852.781250,1.093750
23853.859375,1.078125
23854.890625,1.031250
23855.937500,1.046875
23856.953125,1.015625
23857.906250,0.953125
23858.906250,1.000000
23859.953125,1.046875
23860.921875,0.968750
23861.921875,1.000000
23862.937500,1.015625
23863.937500,1.000000
23864.953125,1.015625
23866.046875,1.093750
23867.078125,1.031250
23868.156250,1.078125
23869.265625,1.109375
23870.328125,1.062500
23871.437500,1.109375
23872.484375,1.046875
23873.593750,1.109375
23874.703125,1.109375
23875.765625,1.062500
23876.796875,1.031250
23877.875000,1.078125
23878.906250,1.031250
23879.921875,1.015625
23880.921875,1.000000
23881.968750,1.046875
23883.015625,1.046875
23884.156250,1.140625
23885.203125,1.046875
23886.250000,1.046875
23887.390625,1.140625
23888.453125,1.062500
23889.500000,1.046875
23890.593750,1.093750
23891.640625,1.046875
23892.703125,1.062500
23893.734375,1.031250
23894.734375,1.000000
23895.750000,1.015625
23896.812500,1.062500
23897.875000,1.062500
23898.890625,1.015625
23899.984375,1.093750
23900.937500,0.953125
23902.203125,1.265625
23903.375000,1.171875
23909.484375,0.953125
23910.390625,0.906250
23911.312500,0.921875
23912.296875,0.984375
23913.093750,0.796875
23914.171875,1.078125
23915.125000,0.953125
23916.093750,0.968750
23916.984375,0.890625
23917.921875,0.937500
23918.828125,0.906250
23919.734375,0.906250
23920.562500,0.828125
23921.437500,0.875000
23922.296875,0.859375
23923.187500,0.890625
23924.046875,0.859375
23924.921875,0.875000
23925.875000,0.953125
23926.843750,0.968750
23927.781250,0.937500
23933.406250,0.953125
23934.375000,0.968750
23935.281250,0.906250
23936.140625,0.859375
23937.062500,0.921875
23937.984375,0.921875
23938.953125,0.968750
23939.859375,0.906250
23940.812500,0.953125
23941.875000,1.062500
23943.046875,1.171875
23944.109375,1.062500
23945.171875,1.062500
23946.265625,1.093750
23947.375000,1.109375
23948.406250,1.031250
23949.500000,1.093750
23950.609375,1.109375
23951.718750,1.109375
23952.843750,1.125000
23953.890625,1.046875
23954.921875,1.031250
23956.015625,1.093750
23956.984375,0.968750
23957.968750,0.984375
23958.968750,1.000000
23959.921875,0.953125
23960.906250,0.984375
23962.000000,1.093750
23963.015625,1.015625
23964.078125,1.062500
23965.078125,1.000000
23966.093750,1.015625
23967.125000,1.031250
23968.156250,1.031250
23969.171875,1.015625
23970.218750,1.046875
23971.281250,1.062500
23972.328125,1.046875
23978.484375,1.000000
23979.515625,1.031250
23980.578125,1.062500
23981.515625,0.937500
23982.500000,0.984375
23983.515625,1.015625
23984.437500,0.921875
23985.406250,0.968750
23986.390625,0.984375
23987.343750,0.953125
23988.281250,0.937500
23989.234375,0.953125
23990.203125,0.968750
23991.109375,0.906250
23992.093750,0.984375
23993.093750,1.000000
23994.046875,0.953125
23995.000000,0.953125
23996.000000,1.000000
23997.015625,1.015625
23997.953125,0.937500
23998.937500,0.984375
24000.031250,1.093750
24001.109375,1.078125
24002.125000,1.015625
24003.187500,1.062500
24004.187500,1.000000
24005.187500,1.000000
24006.187500,1.000000
24007.218750,1.031250
24008.171875,0.953125
24009.203125,1.031250
24010.218750,1.015625
24011.234375,1.015625
24012.296875,1.062500
24013.375000,1.078125
24014.390625,1.015625
24015.468750,1.078125
24016.562500,1.093750
24017.593750,1.031250
24018.671875,1.078125
24019.796875,1.125000
24020.812500,1.015625
24021.843750,1.031250
24022.906250,1.062500
24023.875000,0.968750
24024.890625,1.015625
24025.906250,1.015625
24026.906250,1.000000
24027.828125,0.921875
24028.796875,0.968750
24029.828125,1.031250
24030.781250,0.953125
24031.750000,0.968750
24032.812500,1.062500
24033.953125,1.140625
24039.968750,1.062500
24041.109375,1.140625
24042.187500,1.078125
24043.234375,1.046875
24044.218750,0.984375
24045.265625,1.046875
24046.250000,0.984375
24047.218750,0.968750
24048.265625,1.046875
24049.203125,0.937500
24050.218750,1.015625
24051.234375,1.015625
24057.109375,1.015625
24058.000000,0.890625
24059.062500,1.062500
24060.062500,1.000000
24061.093750,1.031250
24062.031250,0.937500
24063.046875,1.015625
24064.093750,1.046875
24064.953125,0.859375
24066.062500,1.109375
24067.078125,1.015625
24068.062500,0.984375
24069.062500,1.000000
24070.093750,1.031250
24071.125000,1.031250
24072.078125,0.953125
24073.093750,1.015625
24074.109375,1.015625
24080.062500,0.984375
24081.000000,0.937500
24081.921875,0.921875
24082.859375,0.937500
24083.843750,0.984375
24084.796875,0.953125
24085.750000,0.953125
24086.687500,0.937500
24087.765625,1.078125
24088.843750,1.078125
24094.781250,0.968750
24095.718750,0.937500
24096.593750,0.875000
24097.515625,0.921875
24098.437500,0.921875
24099.296875,0.859375
24100.203125,0.906250
24101.125000,0.921875
24102.078125,0.953125
24102.890625,0.812500
24103.953125,1.062500
24104.937500,0.984375
24105.953125,1.015625
24106.890625,0.937500
24107.828125,0.937500
24108.828125,1.000000
24109.828125,1.000000
24110.796875,0.968750
24111.734375,0.937500
24112.687500,0.953125
24113.515625,0.828125
24114.578125,1.062500
24115.625000,1.046875
24116.781250,1.156250
24117.937500,1.156250
24118.968750,1.031250
24119.984375,1.015625
24121.000000,1.015625
24121.968750,0.968750
24122.968750,1.000000
24123.968750,1.000000
24124.968750,1.000000
24125.968750,1.000000
24126.937500,0.968750
24127.984375,1.046875
24129.062500,1.078125
24130.078125,1.015625
24131.109375,1.031250
24132.093750,0.984375
24133.078125,0.984375
24134.125000,1.046875
24135.140625,1.015625
24136.140625,1.000000
24137.203125,1.062500
24138.250000,1.046875
24144.000000,0.984375
24144.828125,0.828125
24145.890625,1.062500
24146.890625,1.000000
24147.843750,0.953125
24148.828125,0.984375
24149.812500,0.984375
24150.781250,0.968750
24151.718750,0.937500
24152.671875,0.953125
24153.671875,1.000000
24154.484375,0.812500
24155.593750,1.109375
24156.640625,1.046875
24157.640625,1.000000
24158.718750,1.078125
24159.796875,1.078125
24160.781250,0.984375
24161.781250,1.000000
24162.812500,1.031250
24163.781250,0.968750
24164.765625,0.984375
24165.781250,1.015625
24166.718750,0.937500
24167.734375,1.015625
24168.843750,1.109375
24169.937500,1.093750
24170.921875,0.984375
24171.937500,1.015625
24172.937500,1.000000
24173.890625,0.953125
24174.859375,0.968750
24175.843750,0.984375
24176.671875,0.828125
24177.734375,1.062500
24178.765625,1.031250
24179.812500,1.046875
24180.781250,0.968750
24181.906250,1.125000
24183.000000,1.093750
24184.000000,1.000000
24185.031250,1.031250
24186.031250,1.000000
24186.984375,0.953125
24187.968750,0.984375
24188.953125,0.984375
24189.796875,0.843750
24190.796875,1.000000
24191.765625,0.968750
24192.750000,0.984375
24193.640625,0.890625
24194.578125,0.937500
24195.500000,0.921875
24196.421875,0.921875
24197.140625,0.718750
24198.156250,1.015625
24199.031250,0.875000
24200.000000,0.968750
24200.984375,0.984375
24201.953125,0.968750
24203.015625,1.062500
24204.093750,1.078125
24205.140625,1.046875
24206.078125,0.937500
24213.156250,1.015625
24214.296875,1.140625
24215.406250,1.109375
24216.500000,1.093750
24217.593750,1.093750
24218.656250,1.062500
24219.687500,1.031250
24220.750000,1.062500
24221.640625,0.890625
24222.781250,1.140625
24223.859375,1.078125
24224.921875,1.062500
24225.937500,1.015625
24226.984375,1.046875
24228.062500,1.078125
24229.078125,1.015625
24230.171875,1.093750
24231.078125,0.906250
24232.281250,1.203125
24233.421875,1.140625
24234.453125,1.031250
24235.546875,1.093750
24236.656250,1.109375
24237.687500,1.031250
24238.734375,1.046875
24239.750000,1.015625
24240.750000,1.000000
24241.796875,1.046875
24242.812500,1.015625
24243.828125,1.015625
24244.890625,1.062500
24245.796875,0.906250
24246.890625,1.093750
24247.984375,1.093750
24248.921875,0.937500
24250.015625,1.093750
24251.078125,1.062500
24252.078125,1.000000
24253.078125,1.000000
24254.140625,1.062500
24254.984375,0.843750
24256.187500,1.203125
24257.328125,1.140625
24258.390625,1.062500
24259.453125,1.062500
24260.515625,1.062500
24261.546875,1.031250
24262.640625,1.093750
24263.578125,0.937500
24264.718750,1.140625
24265.781250,1.062500
24266.640625,0.859375
24267.796875,1.156250
24268.828125,1.031250
24275.515625,1.093750
24276.593750,1.078125
24277.703125,1.109375
24278.703125,1.000000
24279.750000,1.046875
24280.796875,1.046875
24290.828125,1.078125
24291.765625,0.937500
24292.765625,1.000000
24293.781250,1.015625
24294.750000,0.968750
24295.859375,1.109375
24297.015625,1.156250
24298.062500,1.046875
24299.171875,1.109375
24300.265625,1.093750
24301.250000,0.984375
24302.265625,1.015625
24303.250000,0.984375
24304.171875,0.921875
24305.125000,0.953125
24306.109375,0.984375
24307.125000,1.015625
24308.125000,1.000000
24309.375000,1.250000
24310.531250,1.156250
24311.562500,1.031250
24312.625000,1.062500
24313.656250,1.031250
24319.125000,0.906250
24320.031250,0.906250
24321.000000,0.968750
24321.906250,0.906250
24322.812500,0.906250
24323.687500,0.875000
24324.593750,0.906250
24325.515625,0.921875
24326.375000,0.859375
24327.265625,0.890625
24328.203125,0.937500
24329.109375,0.906250
24329.968750,0.859375
24330.859375,0.890625
24331.734375,0.875000
24332.593750,0.859375
24333.437500,0.843750
24334.281250,0.843750
24335.171875,0.890625
24336.140625,0.968750
24337.140625,1.000000
24337.937500,0.796875
24339.031250,1.093750
24340.000000,0.968750
24340.968750,0.968750
24341.890625,0.921875
24342.828125,0.937500
24343.812500,0.984375
24344.750000,0.937500
24345.703125,0.953125
24346.609375,0.906250
24347.546875,0.937500
24348.546875,1.000000
24349.531250,0.984375
24350.453125,0.921875
24351.406250,0.953125
24352.406250,1.000000
24353.406250,1.000000
24354.390625,0.984375
24355.375000,0.984375
24356.375000,1.000000
24357.296875,0.921875
24358.234375,0.937500
24359.203125,0.968750
24360.234375,1.031250
24361.187500,0.953125
24362.187500,1.000000
24363.234375,1.046875
24364.093750,0.859375
24365.281250,1.187500
24366.437500,1.156250
24367.531250,1.093750
24368.671875,1.140625
24369.890625,1.218750
24376.171875,1.031250
24377.187500,1.015625
24378.218750,1.031250
24379.218750,1.000000
24380.250000,1.031250
24381.343750,1.093750
24382.359375,1.015625
24383.421875,1.062500
24384.593750,1.171875
24385.671875,1.078125
24386.781250,1.109375
24387.937500,1.156250
24389.046875,1.109375
24390.156250,1.109375
24391.281250,1.125000
24392.328125,1.046875
24393.484375,1.156250
24394.593750,1.109375
24395.671875,1.078125
24396.765625,1.093750
24412.515625,0.890625
24413.781250,1.265625
24415.015625,1.234375
24416.015625,1.000000
24427.937500,1.031250
24428.968750,1.031250
24429.828125,0.859375
24430.875000,1.046875
24431.796875,0.921875
24432.703125,0.906250
24433.562500,0.859375
24434.359375,0.796875
24435.218750,0.859375
24436.109375,0.890625
24437.062500,0.953125
24437.921875,0.859375
24438.890625,0.968750
24439.875000,0.984375
24440.906250,1.031250
24441.671875,0.765625
24442.781250,1.109375
24443.796875,1.015625
24444.859375,1.062500
24445.812500,0.953125
24446.828125,1.015625
24447.906250,1.078125
24448.968750,1.062500
24449.937500,0.968750
24450.921875,0.984375
24451.906250,0.984375
24452.906250,1.000000
24453.875000,0.968750
24454.859375,0.984375
24455.859375,1.000000
24456.890625,1.031250
24457.828125,0.937500
24458.781250,0.953125
24459.750000,0.968750
24460.671875,0.921875
24461.625000,0.953125
24462.593750,0.968750
24463.562500,0.968750
24464.531250,0.968750
24465.515625,0.984375
24466.640625,1.125000
24473.093750,1.046875
24474.218750,1.125000
24475.250000,1.031250
24476.234375,0.984375
24477.234375,1.000000
24478.187500,0.953125
24479.093750,0.906250
24498.593750,0.593750
24499.203125,0.609375
24499.812500,0.609375
24500.515625,0.703125
24501.296875,0.781250
24502.093750,0.796875
24502.953125,0.859375
24503.890625,0.937500
24504.828125,0.937500
24505.828125,1.000000
24506.796875,0.968750
24507.812500,1.015625
24508.890625,1.078125
24509.921875,1.031250
24510.953125,1.031250
24511.968750,1.015625
24512.968750,1.000000
24513.953125,0.984375
24514.875000,0.921875
24515.796875,0.921875
24516.796875,1.000000
24517.937500,1.140625
24518.921875,0.984375
24519.843750,0.921875
24520.765625,0.921875
24521.734375,0.968750
24522.796875,1.062500
24523.828125,1.031250
24524.875000,1.046875
24525.875000,1.000000
24526.906250,1.031250
24528.078125,1.171875
24529.218750,1.140625
24530.406250,1.187500
24531.593750,1.187500
24532.765625,1.171875
24533.937500,1.171875
24535.078125,1.140625
24536.218750,1.140625
24537.312500,1.093750
24538.406250,1.093750
24539.515625,1.109375
24540.500000,0.984375
24541.406250,0.906250
24542.359375,0.953125
24543.265625,0.906250
24544.203125,0.937500
24545.109375,0.906250
24545.968750,0.859375
24546.890625,0.921875
24547.750000,0.859375
24548.578125,0.828125
24549.421875,0.843750
24550.250000,0.828125
24551.046875,0.796875
24551.828125,0.781250
24552.609375,0.781250
24553.406250,0.796875
24554.187500,0.781250
24555.015625,0.828125
24555.875000,0.859375
24556.703125,0.828125
24557.578125,0.875000
24558.468750,0.890625
24559.390625,0.921875
24560.281250,0.890625
24561.250000,0.968750
24562.390625,1.140625
24563.437500,1.046875
24564.562500,1.125000
24565.609375,1.046875
24566.765625,1.156250
24567.921875,1.156250
24568.968750,1.046875
24570.046875,1.078125
24571.000000,0.953125
24572.125000,1.125000
24573.125000,1.000000
24574.140625,1.015625
24575.140625,1.000000
24576.421875,1.281250
24577.609375,1.187500
24578.687500,1.078125
24579.765625,1.078125
24580.718750,0.953125
24581.703125,0.984375
24582.671875,0.968750
24583.609375,0.937500
24584.562500,0.953125
24585.500000,0.937500
24586.562500,1.062500
24587.781250,1.218750
24588.796875,1.015625
24589.906250,1.109375
24590.984375,1.078125
24592.031250,1.046875
24593.062500,1.031250
24594.015625,0.953125
24594.984375,0.968750
24596.000000,1.015625
24597.015625,1.015625
24598.031250,1.015625
24599.171875,1.140625
24600.171875,1.000000
24601.156250,0.984375
24602.140625,0.984375
24603.078125,0.937500
24604.093750,1.015625
24605.062500,0.968750
24606.015625,0.953125
24607.046875,1.031250
24608.031250,0.984375
24609.015625,0.984375
24610.031250,1.015625
24611.015625,0.984375
24611.937500,0.921875
24612.906250,0.968750
24613.953125,1.046875
24614.937500,0.984375
24616.000000,1.062500
24617.093750,1.093750
24618.093750,1.000000
24619.109375,1.015625
24620.093750,0.984375
24621.046875,0.953125
24621.984375,0.937500
24622.937500,0.953125
24623.890625,0.953125
24624.890625,1.000000
24625.859375,0.968750
24626.796875,0.937500
24627.750000,0.953125
24628.640625,0.890625
24629.609375,0.968750
24630.593750,0.984375
24631.484375,0.890625
24632.375000,0.890625
24633.281250,0.906250
24634.140625,0.859375
24635.046875,0.906250
24635.968750,0.921875
24636.843750,0.875000
24637.750000,0.906250
24638.750000,1.000000
24639.734375,0.984375
24640.718750,0.984375
24641.781250,1.062500
24642.765625,0.984375
24643.703125,0.937500
24644.734375,1.031250
24645.734375,1.000000
24646.640625,0.906250
24647.625000,0.984375
24648.578125,0.953125
24649.437500,0.859375
24660.968750,0.703125
24661.671875,0.703125
24662.390625,0.718750
24663.109375,0.718750
24663.828125,0.718750
24664.562500,0.734375
24665.312500,0.750000
24666.156250,0.843750
24667.062500,0.906250
24667.937500,0.875000
24668.968750,1.031250
24674.953125,1.203125
24676.046875,1.093750
24677.140625,1.093750
24678.437500,1.296875
24679.562500,1.125000
24680.781250,1.218750
24681.968750,1.187500
24682.968750,1.000000
24684.000000,1.031250
24685.109375,1.109375
24686.125000,1.015625
24687.187500,1.062500
24688.281250,1.093750
24689.281250,1.000000
24690.328125,1.046875
24691.390625,1.062500
24692.390625,1.000000
24693.375000,0.984375
24694.406250,1.031250
24695.375000,0.968750
24696.375000,1.000000
24697.406250,1.031250
24698.390625,0.984375
24699.406250,1.015625
24700.437500,1.031250
24701.406250,0.968750
24702.468750,1.062500
24703.531250,1.062500
24704.531250,1.000000
24705.593750,1.062500
24706.609375,1.015625
24707.562500,0.953125
24708.578125,1.015625
24709.656250,1.078125
24710.625000,0.968750
24711.609375,0.984375
24712.656250,1.046875
24713.640625,0.984375
24714.671875,1.031250
24715.765625,1.093750
24716.765625,1.000000
24717.765625,1.000000
24718.796875,1.031250
24719.750000,0.953125
24720.687500,0.937500
24721.625000,0.937500
24722.578125,0.953125
24740.828125,0.687500
24741.484375,0.656250
24742.125000,0.640625
24742.750000,0.625000
24743.421875,0.671875
24744.156250,0.734375
24744.968750,0.812500
24745.765625,0.796875
24746.625000,0.859375
24747.484375,0.859375
24748.312500,0.828125
24749.109375,0.796875
24749.890625,0.781250
24750.656250,0.765625
24751.406250,0.750000
24752.171875,0.765625
24752.953125,0.781250
24753.765625,0.812500
24754.593750,0.828125
24755.390625,0.796875
24756.218750,0.828125
24757.046875,0.828125
24757.859375,0.812500
24758.656250,0.796875
24759.484375,0.828125
24760.296875,0.812500
24761.125000,0.828125
24761.921875,0.796875
24768.453125,0.890625
24769.437500,0.984375
24770.609375,1.171875
24771.718750,1.109375
24772.875000,1.156250
24774.078125,1.203125
24775.187500,1.109375
24776.250000,1.062500
24777.390625,1.140625
24778.546875,1.156250
24779.500000,0.953125
24780.437500,0.937500
24781.390625,0.953125
24782.343750,0.953125
24783.296875,0.953125
24784.343750,1.046875
24785.437500,1.093750
24786.390625,0.953125
24787.359375,0.968750
24788.375000,1.015625
24789.312500,0.937500
24790.250000,0.937500
24791.250000,1.000000
24792.250000,1.000000
24793.171875,0.921875
24794.140625,0.968750
24795.109375,0.968750
24796.015625,0.906250
24796.953125,0.937500
24797.906250,0.953125
24798.828125,0.921875
24799.718750,0.890625
24800.640625,0.921875
24801.562500,0.921875
24802.468750,0.906250
24803.375000,0.906250
24804.281250,0.906250
24805.140625,0.859375
24806.000000,0.859375
24806.906250,0.906250
24807.843750,0.937500
24808.765625,0.921875
24809.750000,0.984375
24810.765625,1.015625
24811.734375,0.968750
24812.687500,0.953125
24813.625000,0.937500
24814.546875,0.921875
24815.453125,0.906250
24816.421875,0.968750
24817.390625,0.968750
24818.343750,0.953125
24819.312500,0.968750
24820.296875,0.984375
24821.265625,0.968750
24822.250000,0.984375
24823.234375,0.984375
24824.187500,0.953125
24825.140625,0.953125
24826.093750,0.953125
24827.046875,0.953125
24828.031250,0.984375
24829.125000,1.093750
24830.140625,1.015625
24831.125000,0.984375
24832.140625,1.015625
24833.125000,0.984375
24834.046875,0.921875
24835.000000,0.953125
24835.968750,0.968750
24836.906250,0.937500
24837.843750,0.937500
24838.812500,0.968750
24839.734375,0.921875
24840.671875,0.937500
24841.671875,1.000000
24842.609375,0.937500
24843.531250,0.921875
24844.453125,0.921875
24845.421875,0.968750
24846.312500,0.890625
24847.218750,0.906250
24848.109375,0.890625
24848.968750,0.859375
24849.828125,0.859375
24850.671875,0.843750
24851.500000,0.828125
24852.312500,0.812500
24853.140625,0.828125
24853.953125,0.812500
24854.765625,0.812500
24855.578125,0.812500
24856.406250,0.828125
24857.203125,0.796875
24858.000000,0.796875
24858.781250,0.781250
24859.546875,0.765625
24860.296875,0.750000
24861.031250,0.734375
24861.750000,0.718750
24862.468750,0.718750
24863.187500,0.718750
24863.890625,0.703125
24864.625000,0.734375
24865.328125,0.703125
24866.078125,0.750000
24866.812500,0.734375
24867.546875,0.734375
24868.312500,0.765625
24869.062500,0.750000
24869.843750,0.781250
24870.609375,0.765625
24871.390625,0.781250
24872.156250,0.765625
24872.953125,0.796875
24876.750000,0.781250
24877.562500,0.812500
24878.390625,0.828125
24879.312500,0.921875
24880.234375,0.921875
24881.250000,1.015625
24882.359375,1.109375
24883.593750,1.234375
24884.812500,1.218750
24885.968750,1.156250
24892.609375,0.968750
24893.562500,0.953125
24894.578125,1.015625
24895.718750,1.140625
24896.734375,1.015625
24897.765625,1.031250
24898.781250,1.015625
24899.750000,0.968750
24900.703125,0.953125
24901.671875,0.968750
24902.640625,0.968750
24903.578125,0.937500
24904.531250,0.953125
24905.546875,1.015625
24906.625000,1.078125
24907.640625,1.015625
24908.640625,1.000000
24909.656250,1.015625
24910.640625,0.984375
24911.609375,0.968750
24912.609375,1.000000
24913.625000,1.015625
24914.562500,0.937500
24915.484375,0.921875
24916.406250,0.921875
24917.343750,0.937500
24918.250000,0.906250
24919.234375,0.984375
24920.234375,1.000000
24921.171875,0.937500
24922.125000,0.953125
24923.125000,1.000000
24924.078125,0.953125
24925.000000,0.921875
24925.906250,0.906250
24926.796875,0.890625
24927.687500,0.890625
24928.578125,0.890625
24929.500000,0.921875
24930.406250,0.906250
24931.328125,0.921875
24932.296875,0.968750
24933.218750,0.921875
24934.140625,0.921875
24935.093750,0.953125
24936.062500,0.968750
24937.000000,0.937500
24937.968750,0.968750
24938.953125,0.984375
24939.890625,0.937500
24940.796875,0.906250
24941.703125,0.906250
24942.625000,0.921875
24943.546875,0.921875
24944.515625,0.968750
24945.500000,0.984375
24946.406250,0.906250
24947.343750,0.937500
24948.281250,0.937500
24949.203125,0.921875
24950.109375,0.906250
24951.078125,0.968750
24952.046875,0.968750
24952.953125,0.906250
24953.906250,0.953125
24954.875000,0.968750
24955.828125,0.953125
24956.750000,0.921875
24957.734375,0.984375
24958.734375,1.000000
24959.671875,0.937500
24960.593750,0.921875
24961.531250,0.937500
24962.515625,0.984375
24963.437500,0.921875
24964.406250,0.968750
24965.390625,0.984375
24966.343750,0.953125
24967.296875,0.953125
24968.265625,0.968750
24969.171875,0.906250
24970.078125,0.906250
24971.000000,0.921875
24971.968750,0.968750
24972.875000,0.906250
24973.734375,0.859375
24974.640625,0.906250
24975.562500,0.921875
24976.437500,0.875000
24977.312500,0.875000
24978.203125,0.890625
24979.078125,0.875000
24979.984375,0.906250
24980.890625,0.906250
24981.781250,0.890625
24982.656250,0.875000
24983.593750,0.937500
24984.625000,1.031250
24985.593750,0.968750
24986.578125,0.984375
24987.593750,1.015625
24988.562500,0.968750
24989.484375,0.921875
24990.406250,0.921875
24991.343750,0.937500
24992.250000,0.906250
24993.156250,0.906250
24994.140625,0.984375
24995.109375,0.968750
24996.046875,0.937500
24997.046875,1.000000
24998.046875,1.000000
24998.968750,0.921875
24999.906250,0.937500
25000.859375,0.953125
25001.796875,0.937500
25002.703125,0.906250
25003.656250,0.953125
25004.625000,0.968750
25005.546875,0.921875
25006.484375,0.937500
25007.406250,0.921875
25008.312500,0.906250
25009.218750,0.906250
25010.109375,0.890625
25010.984375,0.875000
25011.828125,0.843750
25012.703125,0.875000
25013.578125,0.875000
25014.468750,0.890625
25015.375000,0.906250
25016.312500,0.937500
25017.250000,0.937500
25018.171875,0.921875
25019.140625,0.968750
25020.093750,0.953125
25021.015625,0.921875
25021.890625,0.875000
25022.781250,0.890625
25023.656250,0.875000
25024.531250,0.875000
25025.468750,0.937500
25026.406250,0.937500
25027.328125,0.921875
25028.296875,0.968750
25029.281250,0.984375
25030.234375,0.953125
25031.171875,0.937500
25032.140625,0.968750
25033.109375,0.968750
25034.031250,0.921875
25035.000000,0.968750
25035.937500,0.937500
25036.859375,0.921875
25037.781250,0.921875
25038.781250,1.000000
25039.843750,1.062500
25040.843750,1.000000
25041.843750,1.000000
25042.890625,1.046875
25043.875000,0.984375
25044.812500,0.937500
25045.781250,0.968750
25046.734375,0.953125
25047.671875,0.937500
25048.625000,0.953125
25049.625000,1.000000
25050.578125,0.953125
25051.546875,0.968750
25052.593750,1.046875
25053.609375,1.015625
25054.562500,0.953125
25055.500000,0.937500
25056.500000,1.000000
25057.421875,0.921875
25058.312500,0.890625
25059.203125,0.890625
25060.109375,0.906250
25061.062500,0.953125
25062.031250,0.968750
25063.093750,1.062500
25064.234375,1.140625
25065.250000,1.015625
25066.265625,1.015625
25067.312500,1.046875
25068.312500,1.000000
25069.265625,0.953125
25070.203125,0.937500
25071.171875,0.968750
25072.125000,0.953125
25073.093750,0.968750
25074.109375,1.015625
25075.125000,1.015625
25076.062500,0.937500
25076.968750,0.906250
25077.859375,0.890625
25078.781250,0.921875
25079.703125,0.921875
25080.593750,0.890625
25081.500000,0.906250
25082.375000,0.875000
25083.218750,0.843750
25084.046875,0.828125
25084.859375,0.812500
25085.640625,0.781250
25086.406250,0.765625
25087.203125,0.796875
25087.984375,0.781250
25088.781250,0.796875
25089.578125,0.796875
25090.406250,0.828125
25091.250000,0.843750
25092.109375,0.859375
25093.078125,0.968750
25094.109375,1.031250
25095.093750,0.984375
25096.109375,1.015625
25097.109375,1.000000
25098.109375,1.000000
25099.046875,0.937500
25100.000000,0.953125
25100.968750,0.968750
25101.906250,0.937500
25102.875000,0.968750
25103.859375,0.984375
25104.890625,1.031250
25105.875000,0.984375
25106.875000,1.000000
25107.906250,1.031250
25108.875000,0.968750
25109.828125,0.953125
25110.781250,0.953125
25111.765625,0.984375
25112.703125,0.937500
25113.656250,0.953125
25114.671875,1.015625
25115.671875,1.000000
25116.656250,0.984375
25117.625000,0.968750
25125.046875,0.968750
25125.984375,0.937500
25126.921875,0.937500
25127.890625,0.968750
25128.812500,0.921875
25129.734375,0.921875
25130.687500,0.953125
25131.640625,0.953125
25132.546875,0.906250
25133.515625,0.968750
25134.484375,0.968750
25135.421875,0.937500
25136.375000,0.953125
25137.375000,1.000000
25138.359375,0.984375
25139.312500,0.953125
25140.296875,0.984375
25141.265625,0.968750
25142.187500,0.921875
25143.156250,0.968750
25144.171875,1.015625
25145.203125,1.031250
25146.265625,1.062500
25147.484375,1.218750
25148.656250,1.171875
25149.671875,1.015625
25150.718750,1.046875
25151.765625,1.046875
25152.750000,0.984375
25153.750000,1.000000
25154.796875,1.046875
25155.859375,1.062500
25156.843750,0.984375
25157.875000,1.031250
25158.937500,1.062500
25159.937500,1.000000
25160.906250,0.968750
25161.890625,0.984375
25162.828125,0.937500
25163.750000,0.921875
25164.671875,0.921875
25165.593750,0.921875
25166.515625,0.921875
25167.437500,0.921875
25168.375000,0.937500
25169.343750,0.968750
25170.296875,0.953125
25171.265625,0.968750
25172.203125,0.937500
25173.109375,0.906250
25174.000000,0.890625
25174.875000,0.875000
25175.765625,0.890625
25176.656250,0.890625
25177.546875,0.890625
25178.468750,0.921875
25179.390625,0.921875
25180.296875,0.906250
25181.234375,0.937500
25182.187500,0.953125
25183.109375,0.921875
25184.015625,0.906250
25184.937500,0.921875
25185.875000,0.937500
25186.781250,0.906250
25187.718750,0.937500
25188.703125,0.984375
25189.640625,0.937500
25190.578125,0.937500
25191.515625,0.937500
25192.453125,0.937500
25193.359375,0.906250
25194.296875,0.937500
25195.250000,0.953125
25196.218750,0.968750
25197.140625,0.921875
25198.093750,0.953125
25199.046875,0.953125
25200.000000,0.953125
25200.953125,0.953125
25201.906250,0.953125
25202.796875,0.890625
25203.718750,0.921875
25204.656250,0.937500
25205.562500,0.906250
25206.453125,0.890625
25207.390625,0.937500
25208.328125,0.937500
25209.250000,0.921875
25210.187500,0.937500
25211.140625,0.953125
25212.109375,0.968750
25213.031250,0.921875
25213.984375,0.953125
25214.953125,0.968750
25215.906250,0.953125
25216.812500,0.906250
25217.781250,0.968750
25218.750000,0.968750
25219.703125,0.953125
25220.656250,0.953125
25221.625000,0.968750
25222.609375,0.984375
25223.546875,0.937500
25224.531250,0.984375
25225.578125,1.046875
25226.593750,1.015625
25227.593750,1.000000
25228.640625,1.046875
25229.609375,0.968750
25230.546875,0.937500
25231.468750,0.921875
25232.406250,0.937500
25233.312500,0.906250
25234.203125,0.890625
25235.140625,0.937500
25236.046875,0.906250
25236.937500,0.890625
25237.890625,0.953125
25238.843750,0.953125
25239.750000,0.906250
25240.656250,0.906250
25241.593750,0.937500
25242.500000,0.906250
25243.421875,0.921875
25244.328125,0.906250
25245.265625,0.937500
25246.156250,0.890625
25247.015625,0.859375
25247.875000,0.859375
25248.703125,0.828125
25249.546875,0.843750
25250.390625,0.843750
25251.250000,0.859375
25252.109375,0.859375
25252.984375,0.875000
25253.859375,0.875000
25254.750000,0.890625
25255.640625,0.890625
25256.531250,0.890625
25257.468750,0.937500
25258.437500,0.968750
25259.375000,0.937500
25260.328125,0.953125
25261.312500,0.984375
25262.296875,0.984375
25263.234375,0.937500
25264.203125,0.968750
25265.187500,0.984375
25266.171875,0.984375
25267.109375,0.937500
25268.093750,0.984375
25269.125000,1.031250
25270.140625,1.015625
25271.140625,1.000000
25272.187500,1.046875
25273.187500,1.000000
25274.140625,0.953125
25275.093750,0.953125
25276.078125,0.984375
25277.093750,1.015625
25278.062500,0.968750
25279.031250,0.968750
25280.031250,1.000000
25281.046875,1.015625
25281.984375,0.937500
25282.937500,0.953125
25283.906250,0.968750
25284.859375,0.953125
25285.781250,0.921875
25286.703125,0.921875
25287.640625,0.937500
25288.609375,0.968750
25289.515625,0.906250
25290.421875,0.906250
25291.328125,0.906250
25292.234375,0.906250
25293.109375,0.875000
25294.000000,0.890625
25294.906250,0.906250
25295.796875,0.890625
25296.687500,0.890625
25297.562500,0.875000
25298.421875,0.859375
25299.281250,0.859375
25300.140625,0.859375
25301.015625,0.875000
25301.890625,0.875000
25302.812500,0.921875
25303.828125,1.015625
25304.843750,1.015625
25305.796875,0.953125
25306.796875,1.000000
25307.781250,0.984375
25308.687500,0.906250
25309.593750,0.906250
25310.515625,0.921875
25311.406250,0.890625
25312.328125,0.921875
25313.250000,0.921875
25314.156250,0.906250
25315.078125,0.921875
25316.031250,0.953125
25317.000000,0.968750
25317.921875,0.921875
25318.859375,0.937500
25319.812500,0.953125
25320.718750,0.906250
25321.609375,0.890625
25322.546875,0.937500
25323.500000,0.953125
25324.421875,0.921875
25325.437500,1.015625
25326.484375,1.046875
25327.562500,1.078125
25328.531250,0.968750
25329.468750,0.937500
25330.421875,0.953125
25331.375000,0.953125
25332.312500,0.937500
25333.265625,0.953125
25334.296875,1.031250
25335.265625,0.968750
25336.250000,0.984375
25337.250000,1.000000
25338.218750,0.968750
25339.140625,0.921875
25340.093750,0.953125
25341.062500,0.968750
25341.968750,0.906250
25342.890625,0.921875
25343.812500,0.921875
25344.718750,0.906250
25345.625000,0.906250
25346.562500,0.937500
25347.515625,0.953125
25348.406250,0.890625
25349.265625,0.859375
25350.140625,0.875000
25351.031250,0.890625
25351.921875,0.890625
25352.937500,1.015625
25354.046875,1.109375
25355.046875,1.000000
25356.031250,0.984375
25357.062500,1.031250
25358.031250,0.968750
25359.000000,0.968750
25359.984375,0.984375
25361.000000,1.015625
25361.953125,0.953125
25362.921875,0.968750
25363.984375,1.062500
25364.953125,0.968750
25365.906250,0.953125
25366.859375,0.953125
25367.843750,0.984375
25368.828125,0.984375
25369.781250,0.953125
25370.765625,0.984375
25371.796875,1.031250
25372.781250,0.984375
25373.718750,0.937500
25374.687500,0.968750
25375.687500,1.000000
25376.656250,0.968750
25377.609375,0.953125
25378.625000,1.015625
25379.656250,1.031250
25380.609375,0.953125
25381.546875,0.937500
25382.515625,0.968750
25383.437500,0.921875
25384.359375,0.921875
25385.312500,0.953125
25386.265625,0.953125
25387.187500,0.921875
25388.125000,0.937500
25389.031250,0.906250
25389.953125,0.921875
25390.843750,0.890625
25391.765625,0.921875
25392.718750,0.953125
25393.640625,0.921875
25394.562500,0.921875
25395.515625,0.953125
25396.437500,0.921875
25397.328125,0.890625
25398.234375,0.906250
25399.171875,0.937500
25400.078125,0.906250
25401.000000,0.921875
25401.968750,0.968750
25402.953125,0.984375
25403.890625,0.937500
25404.859375,0.968750
25405.828125,0.968750
25406.765625,0.937500
25407.671875,0.906250
25408.593750,0.921875
25409.531250,0.937500
25410.421875,0.890625
25411.328125,0.906250
25412.234375,0.906250
25413.156250,0.921875
25414.078125,0.921875
25415.062500,0.984375
25416.078125,1.015625
25417.000000,0.921875
25417.937500,0.937500
25418.875000,0.937500
25419.781250,0.906250
25420.671875,0.890625
25421.593750,0.921875
25422.578125,0.984375
25423.515625,0.937500
25424.421875,0.906250
25425.343750,0.921875
25426.281250,0.937500
25427.187500,0.906250
25428.109375,0.921875
25429.046875,0.937500
25429.984375,0.937500
25430.906250,0.921875
25431.875000,0.968750
25432.875000,1.000000
25433.828125,0.953125
25434.765625,0.937500
25435.718750,0.953125
25443.078125,0.750000
25443.828125,0.750000
25444.578125,0.750000
25445.343750,0.765625
25446.109375,0.765625
25446.906250,0.796875
25447.718750,0.812500
25448.578125,0.859375
25449.453125,0.875000
25450.312500,0.859375
25451.140625,0.828125
25451.968750,0.828125
25452.796875,0.828125
25453.640625,0.843750
25454.484375,0.843750
25455.406250,0.921875
25456.343750,0.937500
25457.343750,1.000000
25458.296875,0.953125
25459.250000,0.953125
25460.187500,0.937500
25461.078125,0.890625
25461.984375,0.906250
25462.828125,0.843750
25463.890625,1.062500
25464.890625,1.000000
25465.953125,1.062500
25467.046875,1.093750
25468.093750,1.046875
25469.078125,0.984375
25470.078125,1.000000
25471.046875,0.968750
25472.000000,0.953125
25472.968750,0.968750
25473.968750,1.000000
25474.937500,0.968750
25475.875000,0.937500
25493.296875,0.718750
25494.015625,0.718750
25494.750000,0.734375
25495.484375,0.734375
25496.250000,0.765625
25497.031250,0.781250
25497.859375,0.828125
25498.718750,0.859375
25499.593750,0.875000
25500.531250,0.937500
25501.609375,1.078125
25502.750000,1.140625
25503.859375,1.109375
25504.937500,1.078125
25506.015625,1.078125
25507.062500,1.046875
25508.109375,1.046875
25509.078125,0.968750
25510.062500,0.984375
25511.000000,0.937500
25511.875000,0.875000
25512.765625,0.890625
25513.625000,0.859375
25514.484375,0.859375
25515.375000,0.890625
25516.218750,0.843750
25517.078125,0.859375
25523.593750,0.796875
25524.390625,0.796875
25525.234375,0.843750
25526.093750,0.859375
25527.046875,0.953125
25528.093750,1.046875
25529.125000,1.031250
25530.218750,1.093750
25531.343750,1.125000
25538.421875,1.000000
25539.437500,1.015625
25540.500000,1.062500
25541.468750,0.968750
25542.421875,0.953125
25543.390625,0.968750
25544.406250,1.015625
25545.390625,0.984375
25546.437500,1.046875
25547.593750,1.156250
25548.625000,1.031250
25549.609375,0.984375
25550.625000,1.015625
25551.562500,0.937500
25552.500000,0.937500
25553.437500,0.937500
25554.437500,1.000000
25555.406250,0.968750
25556.437500,1.031250
25557.562500,1.125000
25558.625000,1.062500
25559.640625,1.015625
25560.671875,1.031250
25561.656250,0.984375
25562.593750,0.937500
25563.578125,0.984375
25564.593750,1.015625
25565.531250,0.937500
25572.218750,0.953125
25573.203125,0.984375
25574.281250,1.078125
25575.281250,1.000000
25576.281250,1.000000
25577.296875,1.015625
25578.281250,0.984375
25579.218750,0.937500
25580.156250,0.937500
25581.125000,0.968750
25582.125000,1.000000
25583.140625,1.015625
25584.281250,1.140625
25585.328125,1.046875
25586.312500,0.984375
25587.312500,1.000000
25588.328125,1.015625
25589.281250,0.953125
25590.265625,0.984375
25591.250000,0.984375
25592.234375,0.984375
25593.203125,0.968750
25594.187500,0.984375
25595.203125,1.015625
25596.140625,0.937500
25597.078125,0.937500
25597.984375,0.906250
25598.890625,0.906250
25599.781250,0.890625
25600.687500,0.906250
25601.609375,0.921875
25602.515625,0.906250
25603.421875,0.906250
25604.375000,0.953125
25605.296875,0.921875
25606.203125,0.906250
25607.156250,0.953125
25608.062500,0.906250
25608.953125,0.890625
25609.890625,0.937500
25610.812500,0.921875
25611.687500,0.875000
25612.593750,0.906250
25613.468750,0.875000
25614.343750,0.875000
25615.218750,0.875000
25616.109375,0.890625
25617.062500,0.953125
25618.031250,0.968750
25619.031250,1.000000
25620.140625,1.109375
25621.140625,1.000000
25622.093750,0.953125
25623.046875,0.953125
25623.984375,0.937500
25624.890625,0.906250
25625.843750,0.953125
25626.812500,0.968750
25627.812500,1.000000
25628.843750,1.031250
25629.812500,0.968750
25630.781250,0.968750
25631.796875,1.015625
25632.765625,0.968750
25633.718750,0.953125
25634.687500,0.968750
25635.640625,0.953125
25636.562500,0.921875
25637.515625,0.953125
25638.515625,1.000000
25639.468750,0.953125
25640.390625,0.921875
25641.328125,0.937500
25642.265625,0.937500
25643.171875,0.906250
25644.062500,0.890625
25645.000000,0.937500
25645.906250,0.906250
25646.796875,0.890625
25647.687500,0.890625
25648.546875,0.859375
25649.390625,0.843750
25670.734375,0.703125
25671.421875,0.687500
25672.125000,0.703125
25672.812500,0.687500
25673.500000,0.687500
25674.187500,0.687500
25674.843750,0.656250
25675.515625,0.671875
25676.171875,0.656250
25676.828125,0.656250
25677.484375,0.656250
25678.156250,0.671875
25678.828125,0.671875
25679.531250,0.703125
25680.250000,0.718750
25681.000000,0.750000
25681.718750,0.718750
25682.578125,0.859375
25683.468750,0.890625
25684.468750,1.000000
25685.515625,1.046875
25686.453125,0.937500
25687.359375,0.906250
25688.234375,0.875000
25689.062500,0.828125
25689.859375,0.796875
25690.640625,0.781250
25691.406250,0.765625
25692.265625,0.859375
25698.250000,1.078125
25699.312500,1.062500
25700.406250,1.093750
25701.468750,1.062500
25702.468750,1.000000
25703.453125,0.984375
25704.453125,1.000000
25705.421875,0.968750
25706.359375,0.937500
25707.390625,1.031250
25708.484375,1.093750
25709.453125,0.968750
25710.406250,0.953125
25711.359375,0.953125
25712.265625,0.906250
25713.187500,0.921875
25714.203125,1.015625
25715.218750,1.015625
25716.343750,1.125000
25717.515625,1.171875
25718.593750,1.078125
25719.828125,1.234375
25721.062500,1.234375
25722.218750,1.156250
25723.375000,1.156250
25724.484375,1.109375
25725.593750,1.109375
25726.625000,1.031250
25727.593750,0.968750
25728.640625,1.046875
25729.750000,1.109375
25730.750000,1.000000
25731.718750,0.968750
25732.640625,0.921875
25733.531250,0.890625
25748.671875,0.718750
25749.406250,0.734375
25750.093750,0.687500
25750.796875,0.703125
25751.531250,0.734375
25752.375000,0.843750
25753.250000,0.875000
25754.171875,0.921875
25755.218750,1.046875
25761.296875,1.187500
25768.453125,0.953125
25769.343750,0.890625
25770.265625,0.921875
25771.203125,0.937500
25772.125000,0.921875
25773.078125,0.953125
25774.109375,1.031250
25775.093750,0.984375
25776.015625,0.921875
25777.046875,1.031250
25778.140625,1.093750
25779.156250,1.015625
25780.125000,0.968750
25781.125000,1.000000
25782.218750,1.093750
25783.234375,1.015625
25784.406250,1.171875
25785.531250,1.125000
25786.593750,1.062500
25787.593750,1.000000
25788.640625,1.046875
25789.671875,1.031250
25790.687500,1.015625
25791.687500,1.000000
25792.781250,1.093750
25793.796875,1.015625
25794.781250,0.984375
25795.796875,1.015625
25796.750000,0.953125
25797.718750,0.968750
25798.687500,0.968750
25799.671875,0.984375
25800.578125,0.906250
25801.578125,1.000000
25802.515625,0.937500
25803.406250,0.890625
25804.296875,0.890625
25805.140625,0.843750
25806.031250,0.890625
25806.937500,0.906250
25807.953125,1.015625
25809.000000,1.046875
25816.031250,0.953125
25817.031250,1.000000
25818.062500,1.031250
25819.015625,0.953125
25820.015625,1.000000
25821.062500,1.046875
25822.062500,1.000000
25823.078125,1.015625
25824.156250,1.078125
25825.156250,1.000000
25826.171875,1.015625
25827.250000,1.078125
25828.312500,1.062500
25829.296875,0.984375
25830.406250,1.109375
25831.515625,1.109375
25832.531250,1.015625
25833.578125,1.046875
25834.578125,1.000000
25835.562500,0.984375
25836.562500,1.000000
25837.781250,1.218750
25838.859375,1.078125
25839.953125,1.093750
25841.046875,1.093750
25842.015625,0.968750
25842.984375,0.968750
25844.000000,1.015625
25844.953125,0.953125
25845.937500,0.984375
25846.984375,1.046875
25848.015625,1.031250
25849.015625,1.000000
25850.171875,1.156250
25851.328125,1.156250
25852.343750,1.015625
25853.296875,0.953125
25854.296875,1.000000
25855.312500,1.015625
25856.265625,0.953125
25857.218750,0.953125
25858.250000,1.031250
25859.265625,1.015625
25860.250000,0.984375
25861.281250,1.031250
25862.250000,0.968750
25863.187500,0.937500
25864.125000,0.937500
25865.062500,0.937500
25866.015625,0.953125
25866.921875,0.906250
25867.890625,0.968750
25869.000000,1.109375
25870.093750,1.093750
25871.046875,0.953125
25871.984375,0.937500
25873.000000,1.015625
25874.015625,1.015625
25875.062500,1.046875
25876.234375,1.171875
25877.265625,1.031250
25878.343750,1.078125
25879.421875,1.078125
25880.406250,0.984375
25881.359375,0.953125
25882.359375,1.000000
25883.343750,0.984375
25884.343750,1.000000
25885.453125,1.109375
25886.515625,1.062500
25887.500000,0.984375
25888.468750,0.968750
25889.484375,1.015625
25890.437500,0.953125
25891.406250,0.968750
25892.375000,0.968750
25893.343750,0.968750
25894.234375,0.890625
25895.140625,0.906250
25896.046875,0.906250
25896.984375,0.937500
25897.937500,0.953125
25898.921875,0.984375
25899.921875,1.000000
25900.890625,0.968750
25901.859375,0.968750
25902.812500,0.953125
25903.718750,0.906250
25904.640625,0.921875
25905.578125,0.937500
25906.500000,0.921875
25907.437500,0.937500
25908.406250,0.968750
25909.328125,0.921875
25910.281250,0.953125
25911.281250,1.000000
25912.265625,0.984375
25913.187500,0.921875
25914.140625,0.953125
25915.109375,0.968750
25916.015625,0.906250
25916.953125,0.937500
25917.953125,1.000000
25918.921875,0.968750
25919.906250,0.984375
25921.015625,1.109375
25922.078125,1.062500
25923.062500,0.984375
25924.078125,1.015625
25925.109375,1.031250
25926.093750,0.984375
25927.109375,1.015625
25928.140625,1.031250
25929.109375,0.968750
25930.046875,0.937500
25931.015625,0.968750
25931.937500,0.921875
25932.906250,0.968750
25933.875000,0.968750
25934.843750,0.968750
25935.765625,0.921875
25936.687500,0.921875
25937.671875,0.984375
25938.625000,0.953125
25939.546875,0.921875
25940.500000,0.953125
25941.500000,1.000000
25942.484375,0.984375
25943.500000,1.015625
25944.515625,1.015625
25945.546875,1.031250
25946.593750,1.046875
25947.625000,1.031250
25948.593750,0.968750
25949.625000,1.031250
25950.640625,1.015625
25951.609375,0.968750
25952.625000,1.015625
25953.671875,1.046875
25954.656250,0.984375
25955.609375,0.953125
25956.578125,0.968750
25957.578125,1.000000
25958.546875,0.968750
25959.531250,0.984375
25960.593750,1.062500
25961.593750,1.000000
25962.515625,0.921875
25963.468750,0.953125
25964.484375,1.015625
25965.468750,0.984375
25966.406250,0.937500
25967.453125,1.046875
25968.437500,0.984375
25969.421875,0.984375
25970.500000,1.078125
25971.531250,1.031250
25972.484375,0.953125
25973.468750,0.984375
25974.500000,1.031250
25975.453125,0.953125
25976.468750,1.015625
25977.484375,1.015625
25978.453125,0.968750
25979.406250,0.953125
25980.390625,0.984375
25981.359375,0.968750
25982.281250,0.921875
25983.250000,0.968750
25984.218750,0.968750
25985.171875,0.953125
25986.156250,0.984375
25987.203125,1.046875
25988.203125,1.000000
25989.156250,0.953125
25990.171875,1.015625
25991.156250,0.984375
25992.093750,0.937500
25993.078125,0.984375
25994.062500,0.984375
25995.046875,0.984375
25996.031250,0.984375
25997.046875,1.015625
25998.015625,0.968750
25998.953125,0.937500
25999.937500,0.984375
26000.890625,0.953125
26001.843750,0.953125
26002.843750,1.000000
26003.843750,1.000000
26004.765625,0.921875
26005.703125,0.937500
26006.671875,0.968750
26007.593750,0.921875
26008.531250,0.937500
26009.546875,1.015625
26010.515625,0.968750
26011.453125,0.937500
26012.453125,1.000000
26013.421875,0.968750
26014.359375,0.937500
26015.359375,1.000000
26016.359375,1.000000
26017.312500,0.953125
26018.234375,0.921875
26019.218750,0.984375
26020.234375,1.015625
26021.218750,0.984375
26022.187500,0.968750
26023.234375,1.046875
26024.296875,1.062500
26025.265625,0.968750
26026.234375,0.968750
26027.234375,1.000000
26028.171875,0.937500
26029.093750,0.921875
26030.015625,0.921875
26030.953125,0.937500
26031.859375,0.906250
26032.812500,0.953125
26033.796875,0.984375
26034.750000,0.953125
26035.718750,0.968750
26036.750000,1.031250
26037.765625,1.015625
26038.718750,0.953125
26039.718750,1.000000
26040.765625,1.046875
26041.734375,0.968750
26042.734375,1.000000
26043.781250,1.046875
26044.781250,1.000000
26045.750000,0.968750
26046.765625,1.015625
26047.796875,1.031250
26048.750000,0.953125
26049.703125,0.953125
26050.687500,0.984375
26051.625000,0.937500
26052.593750,0.968750
26053.593750,1.000000
26054.609375,1.015625
26055.593750,0.984375
26056.625000,1.031250
26057.687500,1.062500
26058.656250,0.968750
26059.609375,0.953125
26060.593750,0.984375
26061.546875,0.953125
26062.484375,0.937500
26063.453125,0.968750
26064.531250,1.078125
26065.609375,1.078125
26066.578125,0.968750
26067.640625,1.062500
26068.687500,1.046875
26069.625000,0.937500
26070.625000,1.000000
26071.625000,1.000000
26072.562500,0.937500
26073.531250,0.968750
26074.578125,1.046875
26075.625000,1.046875
26076.578125,0.953125
26077.531250,0.953125
26078.500000,0.968750
26079.421875,0.921875
26080.375000,0.953125
26081.359375,0.984375
26082.328125,0.968750
26083.265625,0.937500
26084.296875,1.031250
26085.328125,1.031250
26086.296875,0.968750
26087.281250,0.984375
26088.312500,1.031250
26089.265625,0.953125
26090.265625,1.000000
26091.328125,1.062500
26092.343750,1.015625
26093.312500,0.968750
26094.312500,1.000000
26095.312500,1.000000
26096.250000,0.937500
26097.171875,0.921875
26098.156250,0.984375
26099.109375,0.953125
26100.031250,0.921875
26101.000000,0.968750
26101.953125,0.953125
26102.890625,0.937500
26103.890625,1.000000
26104.906250,1.015625
26105.859375,0.953125
26106.859375,1.000000
26107.890625,1.031250
26108.875000,0.984375
26109.875000,1.000000
26110.843750,0.968750
26111.875000,1.031250
26112.828125,0.953125
26113.750000,0.921875
26114.750000,1.000000
26115.703125,0.953125
26116.609375,0.906250
26117.593750,0.984375
26118.625000,1.031250
26119.578125,0.953125
26120.515625,0.937500
26121.500000,0.984375
26122.421875,0.921875
26123.328125,0.906250
26124.296875,0.968750
26125.312500,1.015625
26126.250000,0.937500
26127.171875,0.921875
26128.125000,0.953125
26129.062500,0.937500
26129.968750,0.906250
26130.906250,0.937500
26131.812500,0.906250
26132.734375,0.921875
26133.687500,0.953125
26134.687500,1.000000
26135.625000,0.937500
26136.562500,0.937500
26137.531250,0.968750
26138.453125,0.921875
26139.343750,0.890625
26140.250000,0.906250
26141.156250,0.906250
26142.062500,0.906250
26142.984375,0.921875
26143.921875,0.937500
26144.921875,1.000000
26145.765625,0.843750
26146.765625,1.000000
26147.968750,1.203125
26149.125000,1.156250
26150.218750,1.093750
26151.218750,1.000000
26152.140625,0.921875
26153.062500,0.921875
26154.015625,0.953125
26154.968750,0.953125
26155.906250,0.937500
26156.937500,1.031250
26158.062500,1.125000
26159.046875,0.984375
26160.031250,0.984375
26161.046875,1.015625
26162.046875,1.000000
26162.984375,0.937500
26164.000000,1.015625
26165.000000,1.000000
26165.937500,0.937500
26166.890625,0.953125
26167.906250,1.015625
26168.875000,0.968750
26169.812500,0.937500
26170.750000,0.937500
26171.718750,0.968750
26172.609375,0.890625
26173.562500,0.953125
26174.531250,0.968750
26175.484375,0.953125
26176.468750,0.984375
26177.437500,0.968750
26178.390625,0.953125
26179.312500,0.921875
26180.281250,0.968750
26181.250000,0.968750
26182.187500,0.937500
26183.093750,0.906250
26184.000000,0.906250
26184.875000,0.875000
26185.765625,0.890625
26186.671875,0.906250
26187.593750,0.921875
26188.468750,0.875000
26189.406250,0.937500
26190.390625,0.984375
26191.328125,0.937500
26192.281250,0.953125
26193.281250,1.000000
26194.281250,1.000000
26195.250000,0.968750
26196.250000,1.000000
26197.218750,0.968750
26198.140625,0.921875
26199.109375,0.968750
26200.078125,0.968750
26201.000000,0.921875
26201.921875,0.921875
26202.875000,0.953125
26203.796875,0.921875
26204.718750,0.921875
26205.656250,0.937500
26206.578125,0.921875
26207.484375,0.906250
26208.453125,0.968750
26209.484375,1.031250
26210.437500,0.953125
26211.406250,0.968750
26212.359375,0.953125
26213.328125,0.968750
26214.234375,0.906250
26215.171875,0.937500
26216.078125,0.906250
26217.000000,0.921875
26218.031250,1.031250
26219.078125,1.046875
26220.093750,1.015625
26221.156250,1.062500
26222.234375,1.078125
26223.187500,0.953125
26224.156250,0.968750
26225.140625,0.984375
26226.046875,0.906250
26227.031250,0.984375
26228.062500,1.031250
26229.000000,0.937500
26230.015625,1.015625
26231.125000,1.109375
26232.109375,0.984375
26233.000000,0.890625
26233.906250,0.906250
26234.859375,0.953125
26235.796875,0.937500
26236.718750,0.921875
26237.750000,1.031250
26238.765625,1.015625
26239.718750,0.953125
26240.703125,0.984375
26241.718750,1.015625
26242.703125,0.984375
26243.640625,0.937500
26244.640625,1.000000
26245.703125,1.062500
26246.671875,0.968750
26247.687500,1.015625
26248.687500,1.000000
26249.687500,1.000000
26250.640625,0.953125
26251.656250,1.015625
26252.687500,1.031250
26253.640625,0.953125
26254.609375,0.968750
26255.671875,1.062500
26256.703125,1.031250
26257.625000,0.921875
26258.593750,0.968750
26259.578125,0.984375
26260.515625,0.937500
26261.453125,0.937500
26262.390625,0.937500
26263.328125,0.937500
26264.234375,0.906250
26265.203125,0.968750
26266.203125,1.000000
26267.187500,0.984375
26268.109375,0.921875
26269.171875,1.062500
26270.218750,1.046875
26271.156250,0.937500
26272.093750,0.937500
26273.078125,0.984375
26274.078125,1.000000
26274.984375,0.906250
26275.906250,0.921875
26276.828125,0.921875
26277.796875,0.968750
26278.718750,0.921875
26279.718750,1.000000
26280.765625,1.046875
26281.703125,0.937500
26282.625000,0.921875
26283.578125,0.953125
26284.546875,0.968750
26285.468750,0.921875
26286.437500,0.968750
26287.390625,0.953125
26288.312500,0.921875
26289.234375,0.921875
26290.250000,1.015625
26291.187500,0.937500
26292.125000,0.937500
26293.171875,1.046875
26294.140625,0.968750
26295.156250,1.015625
26296.187500,1.031250
26297.265625,1.078125
26298.187500,0.921875
26299.203125,1.015625
26300.234375,1.031250
26301.187500,0.953125
26302.218750,1.031250
26303.265625,1.046875
26304.281250,1.015625
26305.265625,0.984375
26306.312500,1.046875
26307.359375,1.046875
26308.296875,0.937500
26309.281250,0.984375
26310.296875,1.015625
26311.265625,0.968750
26312.171875,0.906250
26313.156250,0.984375
26314.187500,1.031250
26315.140625,0.953125
26316.031250,0.890625
26316.984375,0.953125
26317.937500,0.953125
26318.859375,0.921875
26319.843750,0.984375
26320.984375,1.140625
26322.046875,1.062500
26323.062500,1.015625
26324.125000,1.062500
26325.109375,0.984375
26326.046875,0.937500
26327.015625,0.968750
26327.984375,0.968750
26328.906250,0.921875
26329.859375,0.953125
26330.796875,0.937500
26331.734375,0.937500
26332.625000,0.890625
26333.531250,0.906250
26334.421875,0.890625
26335.406250,0.984375
26336.343750,0.937500
26337.375000,1.031250
26338.406250,1.031250
26339.343750,0.937500
26340.359375,1.015625
26341.343750,0.984375
26342.234375,0.890625
26343.187500,0.953125
26344.140625,0.953125
26345.093750,0.953125
26346.031250,0.937500
26347.031250,1.000000
26348.000000,0.968750
26348.937500,0.937500
26349.937500,1.000000
26350.937500,1.000000
26351.859375,0.921875
26352.781250,0.921875
26353.718750,0.937500
26354.656250,0.937500
26355.562500,0.906250
26356.484375,0.921875
26357.453125,0.968750
26358.484375,1.031250
26359.406250,0.921875
26360.406250,1.000000
26361.453125,1.046875
26362.406250,0.953125
26363.343750,0.937500
26364.312500,0.968750
26365.250000,0.937500
26366.140625,0.890625
26367.062500,0.921875
26368.000000,0.937500
26368.921875,0.921875
26369.859375,0.937500
26370.828125,0.968750
26371.843750,1.015625
26372.812500,0.968750
26373.843750,1.031250
26374.859375,1.015625
26375.843750,0.984375
26376.890625,1.046875
26377.953125,1.062500
26378.937500,0.984375
26379.937500,1.000000
26380.984375,1.046875
26381.968750,0.984375
26382.921875,0.953125
26383.937500,1.015625
26384.937500,1.000000
26385.859375,0.921875
26386.875000,1.015625
26387.968750,1.093750
26388.937500,0.968750
26389.937500,1.000000
26391.031250,1.093750
26392.093750,1.062500
26393.062500,0.968750
26394.046875,0.984375
26395.140625,1.093750
26396.125000,0.984375
26397.062500,0.937500
26398.000000,0.937500
26398.968750,0.968750
26399.921875,0.953125
26400.890625,0.968750
26401.937500,1.046875
26402.968750,1.031250
26403.953125,0.984375
26404.968750,1.015625
26405.937500,0.968750
26406.843750,0.906250
26407.765625,0.921875
26408.718750,0.953125
26409.625000,0.906250
26410.562500,0.937500
26411.562500,1.000000
26412.562500,1.000000
26413.546875,0.984375
26414.531250,0.984375
26415.484375,0.953125
26416.390625,0.906250
26417.328125,0.937500
26418.234375,0.906250
26419.109375,0.875000
26420.031250,0.921875
26421.000000,0.968750
26421.921875,0.921875
26422.859375,0.937500
26423.765625,0.906250
26424.718750,0.953125
26425.625000,0.906250
26426.515625,0.890625
26427.421875,0.906250
26428.281250,0.859375
26429.187500,0.906250
26430.156250,0.968750
26431.093750,0.937500
26432.031250,0.937500
26433.031250,1.000000
26433.984375,0.953125
26434.984375,1.000000
26436.015625,1.031250
26437.031250,1.015625
26437.937500,0.906250
26438.890625,0.953125
26439.859375,0.968750
26440.781250,0.921875
26441.703125,0.921875
26442.765625,1.062500
26443.796875,1.031250
26444.750000,0.953125
26445.703125,0.953125
26446.687500,0.984375
26447.625000,0.937500
26448.546875,0.921875
26449.500000,0.953125
26450.484375,0.984375
26451.468750,0.984375
26452.515625,1.046875
26453.593750,1.078125
26454.562500,0.968750
26455.562500,1.000000
26456.593750,1.031250
26457.562500,0.968750
26458.593750,1.031250
26459.640625,1.046875
26460.578125,0.937500
26461.531250,0.953125
26462.531250,1.000000
26463.500000,0.968750
26464.468750,0.968750
26465.468750,1.000000
26466.531250,1.062500
26467.468750,0.937500
26468.421875,0.953125
26469.406250,0.984375
26470.312500,0.906250
26471.234375,0.921875
26472.218750,0.984375
26473.265625,1.046875
26474.203125,0.937500
26475.140625,0.937500
26476.109375,0.968750
26477.031250,0.921875
26477.906250,0.875000
26478.828125,0.921875
26479.734375,0.906250
26480.609375,0.875000
26481.500000,0.890625
26482.421875,0.921875
26483.390625,0.968750
26484.296875,0.906250
26485.281250,0.984375
26486.328125,1.046875
26487.265625,0.937500
26488.218750,0.953125
26489.203125,0.984375
26490.156250,0.953125
26491.078125,0.921875
26492.078125,1.000000
26493.109375,1.031250
26494.062500,0.953125
26495.046875,0.984375
26496.093750,1.046875
26497.062500,0.968750
26498.031250,0.968750
26499.046875,1.015625
26500.109375,1.062500
26501.062500,0.953125
26502.046875,0.984375
26503.093750,1.046875
26504.078125,0.984375
26505.046875,0.968750
26506.062500,1.015625
26507.093750,1.031250
26508.031250,0.937500
26509.000000,0.968750
26510.015625,1.015625
26510.968750,0.953125
26511.937500,0.968750
26512.953125,1.015625
26513.968750,1.015625
26514.921875,0.953125
26515.890625,0.968750
26516.906250,1.015625
26517.843750,0.937500
26518.796875,0.953125
26519.781250,0.984375
26520.781250,1.000000
26521.718750,0.937500
26522.609375,0.890625
26523.562500,0.953125
26524.531250,0.968750
26525.468750,0.937500
26526.406250,0.937500
26527.375000,0.968750
26528.343750,0.968750
26529.265625,0.921875
26530.203125,0.937500
26531.156250,0.953125
26532.078125,0.921875
26533.015625,0.937500
26534.015625,1.000000
26535.015625,1.000000
26535.968750,0.953125
26536.968750,1.000000
26537.968750,1.000000
26538.890625,0.921875
26539.843750,0.953125
26540.812500,0.968750
26541.750000,0.937500
26542.656250,0.906250
26543.625000,0.968750
26544.625000,1.000000
26545.531250,0.906250
26546.437500,0.906250
26547.296875,0.859375
26548.187500,0.890625
26549.046875,0.859375
26549.937500,0.890625
26550.812500,0.875000
26551.718750,0.906250
26552.593750,0.875000
26553.484375,0.890625
26554.421875,0.937500
26555.312500,0.890625
26556.218750,0.906250
26557.140625,0.921875
26558.031250,0.890625
26558.906250,0.875000
26559.812500,0.906250
26560.765625,0.953125
26561.656250,0.890625
26562.578125,0.921875
26563.546875,0.968750
26564.484375,0.937500
26565.421875,0.937500
26566.390625,0.968750
26567.390625,1.000000
26568.359375,0.968750
26569.281250,0.921875
26570.234375,0.953125
26571.203125,0.968750
26572.093750,0.890625
26573.015625,0.921875
26573.953125,0.937500
26574.921875,0.968750
26575.828125,0.906250
26576.750000,0.921875
26577.718750,0.968750
26578.718750,1.000000
26579.671875,0.953125
26580.625000,0.953125
26581.578125,0.953125
26582.500000,0.921875
26583.390625,0.890625
26584.359375,0.968750
26585.343750,0.984375
26586.234375,0.890625
26587.187500,0.953125
26588.109375,0.921875
26589.031250,0.921875
26589.906250,0.875000
26590.796875,0.890625
26591.765625,0.968750
26592.687500,0.921875
26593.609375,0.921875
26594.578125,0.968750
26595.562500,0.984375
26596.468750,0.906250
26597.421875,0.953125
26598.375000,0.953125
26599.296875,0.921875
26600.250000,0.953125
26601.265625,1.015625
26602.296875,1.031250
26603.250000,0.953125
26604.234375,0.984375
26605.296875,1.062500
26606.281250,0.984375
26607.281250,1.000000
26608.328125,1.046875
26609.359375,1.031250
26610.312500,0.953125
26611.312500,1.000000
26612.359375,1.046875
26613.312500,0.953125
26614.312500,1.000000
26615.343750,1.031250
26616.328125,0.984375
26617.343750,1.015625
26618.390625,1.046875
26619.437500,1.046875
26620.359375,0.921875
26621.328125,0.968750
26622.296875,0.968750
26623.234375,0.937500
26624.187500,0.953125
26625.156250,0.968750
26626.125000,0.968750
26627.046875,0.921875
26627.953125,0.906250
26628.968750,1.015625
26629.890625,0.921875
26630.843750,0.953125
26631.828125,0.984375
26632.750000,0.921875
26633.703125,0.953125
26634.687500,0.984375
26635.671875,0.984375
26636.609375,0.937500
26637.546875,0.937500
26638.515625,0.968750
26639.421875,0.906250
26640.375000,0.953125
26641.375000,1.000000
26642.343750,0.968750
26643.343750,1.000000
26644.406250,1.062500
26645.421875,1.015625
26646.390625,0.968750
26647.359375,0.968750
26648.343750,0.984375
26649.250000,0.906250
26650.187500,0.937500
26651.156250,0.968750
26652.156250,1.000000
26653.093750,0.937500
26654.062500,0.968750
26655.078125,1.015625
26656.062500,0.984375
26657.046875,0.984375
26658.062500,1.015625
26659.093750,1.031250
26660.031250,0.937500
26661.000000,0.968750
26662.031250,1.031250
26662.953125,0.921875
26663.890625,0.937500
26664.875000,0.984375
26665.828125,0.953125
26666.796875,0.968750
26667.765625,0.968750
26668.750000,0.984375
26669.656250,0.906250
26670.593750,0.937500
26671.609375,1.015625
26672.531250,0.921875
26673.484375,0.953125
26674.484375,1.000000
26675.531250,1.046875
26676.500000,0.968750
26677.531250,1.031250
26678.578125,1.046875
26679.562500,0.984375
26680.531250,0.968750
26681.515625,0.984375
26682.515625,1.000000
26683.468750,0.953125
26684.375000,0.906250
26685.328125,0.953125
26686.328125,1.000000
26687.265625,0.937500
26688.171875,0.906250
26689.093750,0.921875
26690.046875,0.953125
26690.984375,0.937500
26691.921875,0.937500
26692.875000,0.953125
26693.781250,0.906250
26694.703125,0.921875
26695.640625,0.937500
26696.625000,0.984375
26697.531250,0.906250
26698.437500,0.906250
26699.375000,0.937500
26700.265625,0.890625
26701.156250,0.890625
26702.062500,0.906250
26703.031250,0.968750
26703.906250,0.875000
26704.796875,0.890625
26705.750000,0.953125
26706.687500,0.937500
26707.578125,0.890625
26708.484375,0.906250
26709.468750,0.984375
26710.437500,0.968750
26711.484375,1.046875
26712.625000,1.140625
26713.687500,1.062500
26714.718750,1.031250
26715.765625,1.046875
26716.781250,1.015625
26717.703125,0.921875
26718.703125,1.000000
26719.671875,0.968750
26720.609375,0.937500
26721.531250,0.921875
26722.453125,0.921875
26723.406250,0.953125
26724.312500,0.906250
26725.312500,1.000000
26726.328125,1.015625
26727.250000,0.921875
26728.218750,0.968750
26729.218750,1.000000
26730.171875,0.953125
26731.109375,0.937500
26732.046875,0.937500
26733.078125,1.031250
26734.000000,0.921875
26734.953125,0.953125
26735.984375,1.031250
26736.984375,1.000000
26737.937500,0.953125
26738.921875,0.984375
26739.906250,0.984375
26740.859375,0.953125
26741.859375,1.000000
26742.875000,1.015625
26743.843750,0.968750
26744.781250,0.937500
26745.750000,0.968750
26746.734375,0.984375
26747.640625,0.906250
26748.593750,0.953125
26749.593750,1.000000
26750.531250,0.937500
26751.468750,0.937500
26752.437500,0.968750
26753.390625,0.953125
26754.328125,0.937500
26755.250000,0.921875
26756.187500,0.937500
26757.078125,0.890625
26757.984375,0.906250
26758.906250,0.921875
26759.859375,0.953125
26760.734375,0.875000
26761.656250,0.921875
26762.609375,0.953125
26763.531250,0.921875
26764.453125,0.921875
26765.406250,0.953125
26766.328125,0.921875
26767.265625,0.937500
26768.234375,0.968750
26769.218750,0.984375
26770.125000,0.906250
26771.046875,0.921875
26771.984375,0.937500
26772.953125,0.968750
26773.859375,0.906250
26774.781250,0.921875
26775.765625,0.984375
26776.734375,0.968750
26777.640625,0.906250
26778.562500,0.921875
26779.531250,0.968750
26780.421875,0.890625
26781.328125,0.906250
26782.281250,0.953125
26783.328125,1.046875
26784.328125,1.000000
26785.421875,1.093750
26786.515625,1.093750
26787.484375,0.968750
26788.468750,0.984375
26789.484375,1.015625
26790.421875,0.937500
26791.359375,0.937500
26792.328125,0.968750
26793.281250,0.953125
26794.171875,0.890625
26795.109375,0.937500
26796.125000,1.015625
26797.109375,0.984375
26798.062500,0.953125
26799.015625,0.953125
26799.984375,0.968750
26800.890625,0.906250
26801.781250,0.890625
26802.796875,1.015625
26803.734375,0.937500
26804.718750,0.984375
26805.703125,0.984375
26806.734375,1.031250
26807.703125,0.968750
26808.687500,0.984375
26809.734375,1.046875
26810.781250,1.046875
26811.734375,0.953125
26812.765625,1.031250
26813.828125,1.062500
26814.796875,0.968750
26815.734375,0.937500
26816.750000,1.015625
26817.750000,1.000000
26818.687500,0.937500
26819.656250,0.968750
26820.593750,0.937500
26821.515625,0.921875
26822.421875,0.906250
26823.421875,1.000000
26824.421875,1.000000
26825.375000,0.953125
26826.421875,1.046875
26827.453125,1.031250
26828.406250,0.953125
26829.375000,0.968750
26830.375000,1.000000
26831.343750,0.968750
26832.265625,0.921875
26850.843750,0.640625
26851.500000,0.656250
26852.171875,0.671875
26852.875000,0.703125
26853.671875,0.796875
26854.437500,0.765625
26855.218750,0.781250
26855.953125,0.734375
26856.687500,0.734375
26857.406250,0.718750
26858.218750,0.812500
26863.906250,1.093750
26864.906250,1.000000
26865.937500,1.031250
26867.015625,1.078125
26868.078125,1.062500
26869.125000,1.046875
26870.140625,1.015625
26871.171875,1.031250
26872.296875,1.125000
26873.468750,1.171875
26874.562500,1.093750
26875.718750,1.156250
26876.843750,1.125000
26877.828125,0.984375
26878.875000,1.046875
26879.984375,1.109375
26881.015625,1.031250
26882.109375,1.093750
26883.296875,1.187500
26884.406250,1.109375
26898.390625,0.796875
26899.203125,0.812500
26900.062500,0.859375
26900.968750,0.906250
26901.984375,1.015625
26903.171875,1.187500
26904.375000,1.203125
26905.515625,1.140625
26906.703125,1.187500
26907.875000,1.171875
26908.906250,1.031250
26910.046875,1.140625
26911.390625,1.343750
26912.515625,1.125000
26913.859375,1.343750
26915.078125,1.218750
26916.140625,1.062500
26917.343750,1.203125
26918.468750,1.125000
26919.531250,1.062500
26920.593750,1.062500
26921.703125,1.109375
26922.765625,1.062500
26923.734375,0.968750
26924.812500,1.078125
26925.968750,1.156250
26927.015625,1.046875
26928.156250,1.140625
26929.328125,1.171875
26930.406250,1.078125
26931.531250,1.125000
26932.703125,1.171875
26933.828125,1.125000
26934.906250,1.078125
26936.031250,1.125000
26937.156250,1.125000
26938.187500,1.031250
26939.296875,1.109375
26940.375000,1.078125
26941.343750,0.968750
26942.375000,1.031250
26943.468750,1.093750
26944.468750,1.000000
26945.468750,1.000000
26946.546875,1.078125
26947.640625,1.093750
26948.671875,1.031250
26949.687500,1.015625
26950.671875,0.984375
26951.593750,0.921875
26952.500000,0.906250
26953.406250,0.906250
26954.359375,0.953125
26955.375000,1.015625
26956.562500,1.187500
26957.734375,1.171875
26958.937500,1.203125
26959.984375,1.046875
26961.015625,1.031250
26962.015625,1.000000
26962.968750,0.953125
26963.953125,0.984375
26965.000000,1.046875
26966.000000,1.000000
26966.968750,0.968750
26968.015625,1.046875
26969.000000,0.984375
26969.953125,0.953125
26970.984375,1.031250
26972.015625,1.031250
26972.984375,0.968750
26974.015625,1.031250
26975.062500,1.046875
26976.109375,1.046875
26977.125000,1.015625
26978.156250,1.031250
26979.078125,0.921875
26980.015625,0.937500
26981.046875,1.031250
26982.031250,0.984375
26983.000000,0.968750
26983.984375,0.984375
26985.015625,1.031250
26985.937500,0.921875
26986.875000,0.937500
26987.843750,0.968750
26988.781250,0.937500
26989.703125,0.921875
26990.765625,1.062500
26991.781250,1.015625
26992.812500,1.031250
26993.953125,1.140625
26994.984375,1.031250
26996.046875,1.062500
26997.093750,1.046875
26998.078125,0.984375
26999.062500,0.984375
27000.078125,1.015625
27001.015625,0.937500
27002.000000,0.984375
27003.093750,1.093750
27004.250000,1.156250
27005.375000,1.125000
27006.453125,1.078125
27007.453125,1.000000
27008.375000,0.921875
27009.359375,0.984375
27010.359375,1.000000
27011.343750,0.984375
27012.390625,1.046875
27013.515625,1.125000
27014.546875,1.031250
27015.640625,1.093750
27016.843750,1.203125
27017.843750,1.000000
27018.843750,1.000000
27019.875000,1.031250
27020.859375,0.984375
27021.812500,0.953125
27022.796875,0.984375
27023.750000,0.953125
27024.671875,0.921875
27025.656250,0.984375
27026.781250,1.125000
27027.796875,1.015625
27028.828125,1.031250
27029.843750,1.015625
27030.812500,0.968750
27031.750000,0.937500
27032.750000,1.000000
27033.765625,1.015625
27034.734375,0.968750
27035.671875,0.937500
27036.593750,0.921875
27037.453125,0.859375
27045.671875,0.718750
27046.375000,0.703125
27047.093750,0.718750
27047.812500,0.718750
27048.531250,0.718750
27049.265625,0.734375
27050.031250,0.765625
27050.812500,0.781250
27051.656250,0.843750
27052.453125,0.796875
27053.312500,0.859375
27054.187500,0.875000
27055.046875,0.859375
27055.875000,0.828125
27056.734375,0.859375
27057.593750,0.859375
27058.468750,0.875000
27059.390625,0.921875
27060.375000,0.984375
27061.328125,0.953125
27062.250000,0.921875
27063.171875,0.921875
27064.140625,0.968750
27065.031250,0.890625
27065.968750,0.937500
27066.953125,0.984375
27067.890625,0.937500
27068.843750,0.953125
27069.890625,1.046875
27070.890625,1.000000
27071.843750,0.953125
27072.843750,1.000000
27073.921875,1.078125
27074.890625,0.968750
27075.890625,1.000000
27076.953125,1.062500
27078.015625,1.062500
27079.203125,1.187500
27080.343750,1.140625
27081.328125,0.984375
27082.328125,1.000000
27083.390625,1.062500
27084.390625,1.000000
27085.468750,1.078125
27086.687500,1.218750
27087.765625,1.078125
27088.734375,0.968750
27089.734375,1.000000
27090.828125,1.093750
27091.859375,1.031250
27092.875000,1.015625
27093.984375,1.109375
27095.062500,1.078125
27096.078125,1.015625
27097.203125,1.125000
27098.421875,1.218750
27099.500000,1.078125
27100.546875,1.046875
27101.687500,1.140625
27102.734375,1.046875
27103.750000,1.015625
27104.796875,1.046875
27105.843750,1.046875
27106.859375,1.015625
27107.921875,1.062500
27109.078125,1.156250
27110.156250,1.078125
27111.203125,1.046875
27112.234375,1.031250
27113.250000,1.015625
27114.250000,1.000000
27115.265625,1.015625
27116.296875,1.031250
27117.281250,0.984375
27118.281250,1.000000
27119.312500,1.031250
27120.281250,0.968750
27121.265625,0.984375
27122.265625,1.000000
27123.234375,0.968750
27124.156250,0.921875
27125.109375,0.953125
27126.125000,1.015625
27127.078125,0.953125
27128.000000,0.921875
27128.953125,0.953125
27129.859375,0.906250
27130.765625,0.906250
27131.750000,0.984375
27132.750000,1.000000
27133.765625,1.015625
27134.718750,0.953125
27135.671875,0.953125
27136.640625,0.968750
27137.562500,0.921875
27138.500000,0.937500
27139.468750,0.968750
27140.437500,0.968750
27141.390625,0.953125
27142.390625,1.000000
27143.453125,1.062500
27144.421875,0.968750
27145.437500,1.015625
27146.531250,1.093750
27147.500000,0.968750
27148.500000,1.000000
27149.578125,1.078125
27150.593750,1.015625
27151.562500,0.968750
27152.609375,1.046875
27153.718750,1.109375
27154.765625,1.046875
27155.796875,1.031250
27156.875000,1.078125
27157.859375,0.984375
27158.828125,0.968750
27159.812500,0.984375
27160.765625,0.953125
27161.656250,0.890625
27162.531250,0.875000
27163.453125,0.921875
27164.437500,0.984375
27165.390625,0.953125
27166.531250,1.140625
27167.828125,1.296875
27169.000000,1.171875
27170.125000,1.125000
27171.296875,1.171875
27172.343750,1.046875
27173.296875,0.953125
27174.312500,1.015625
27175.390625,1.078125
27176.406250,1.015625
27177.437500,1.031250
27178.531250,1.093750
27179.578125,1.046875
27180.609375,1.031250
27181.687500,1.078125
27182.765625,1.078125
27183.734375,0.968750
27184.750000,1.015625
27185.781250,1.031250
27186.781250,1.000000
27187.812500,1.031250
27188.906250,1.093750
27189.890625,0.984375
27190.812500,0.921875
27191.734375,0.921875
27206.687500,0.765625
27207.453125,0.765625
27208.375000,0.921875
27209.031250,0.656250
27209.828125,0.796875
27210.703125,0.875000
27211.656250,0.953125
27212.656250,1.000000
27213.625000,0.968750
27214.671875,1.046875
27215.796875,1.125000
27216.828125,1.031250
27217.843750,1.015625
27218.937500,1.093750
27219.953125,1.015625
27220.968750,1.015625
27222.062500,1.093750
27223.109375,1.046875
27224.109375,1.000000
27225.156250,1.046875
27226.093750,0.937500
27227.078125,0.984375
27228.125000,1.046875
27229.109375,0.984375
27230.093750,0.984375
27231.156250,1.062500
27232.156250,1.000000
27233.140625,0.984375
27234.234375,1.093750
27235.375000,1.140625
27236.578125,1.203125
27237.796875,1.218750
27238.968750,1.171875
27239.984375,1.015625
27241.062500,1.078125
27242.187500,1.125000
27243.203125,1.015625
27244.218750,1.015625
27245.265625,1.046875
27246.281250,1.015625
27247.296875,1.015625
27248.359375,1.062500
27249.390625,1.031250
27250.390625,1.000000
27251.453125,1.062500
27252.531250,1.078125
27253.515625,0.984375
27254.500000,0.984375
27255.546875,1.046875
27256.562500,1.015625
27257.687500,1.125000
27258.859375,1.171875
27259.890625,1.031250
27260.921875,1.031250
27261.984375,1.062500
27262.984375,1.000000
27263.953125,0.968750
27264.984375,1.031250
27266.000000,1.015625
27266.968750,0.968750
27268.062500,1.093750
27269.125000,1.062500
27270.125000,1.000000
27271.156250,1.031250
27272.250000,1.093750
27273.250000,1.000000
27274.265625,1.015625
27275.359375,1.093750
27276.375000,1.015625
27277.390625,1.015625
27278.453125,1.062500
27279.437500,0.984375
27280.421875,0.984375
27281.453125,1.031250
27282.453125,1.000000
27283.437500,0.984375
27284.515625,1.078125
27285.625000,1.109375
27286.640625,1.015625
27287.734375,1.093750
27288.796875,1.062500
27289.781250,0.984375
27290.843750,1.062500
27291.921875,1.078125
27292.937500,1.015625
27293.953125,1.015625
27295.000000,1.046875
27296.031250,1.031250
27296.984375,0.953125
27297.968750,0.984375
27299.031250,1.062500
27300.000000,0.968750
27300.937500,0.937500
27301.953125,1.015625
27303.000000,1.046875
27304.015625,1.015625
27305.046875,1.031250
27306.109375,1.062500
27307.125000,1.015625
27308.187500,1.062500
27309.265625,1.078125
27310.265625,1.000000
27311.265625,1.000000
27312.296875,1.031250
27313.265625,0.968750
27314.187500,0.921875
27315.109375,0.921875
27316.062500,0.953125
27317.015625,0.953125
27318.000000,0.984375
27319.109375,1.109375
27320.156250,1.046875
27321.250000,1.093750
27322.406250,1.156250
27323.453125,1.046875
27324.484375,1.031250
27325.453125,0.968750
27326.390625,0.937500
27327.296875,0.906250
27328.203125,0.906250
27329.156250,0.953125
27330.125000,0.968750
27331.140625,1.015625
27332.218750,1.078125
27333.328125,1.109375
27334.328125,1.000000
27335.343750,1.015625
27336.406250,1.062500
27337.390625,0.984375
27338.375000,0.984375
27339.390625,1.015625
27340.421875,1.031250
27341.375000,0.953125
27342.390625,1.015625
27343.421875,1.031250
27344.406250,0.984375
27345.421875,1.015625
27346.453125,1.031250
27347.437500,0.984375
27348.375000,0.937500
27349.359375,0.984375
27350.359375,1.000000
27351.328125,0.968750
27352.250000,0.921875
27353.250000,1.000000
27354.281250,1.031250
27355.265625,0.984375
27356.359375,1.093750
27357.421875,1.062500
27358.484375,1.062500
27359.593750,1.109375
27360.593750,1.000000
27361.546875,0.953125
27362.515625,0.968750
27363.468750,0.953125
27364.359375,0.890625
27365.296875,0.937500
27366.296875,1.000000
27367.218750,0.921875
27368.171875,0.953125
27369.171875,1.000000
27370.109375,0.937500
27371.046875,0.937500
27372.093750,1.046875
27373.156250,1.062500
27374.156250,1.000000
27375.171875,1.015625
27376.171875,1.000000
27377.156250,0.984375
27378.140625,0.984375
27379.125000,0.984375
27380.078125,0.953125
27381.093750,1.015625
27386.734375,1.046875
27387.718750,0.984375
27388.750000,1.031250
27389.859375,1.109375
27390.906250,1.046875
27391.984375,1.078125
27393.109375,1.125000
27394.203125,1.093750
27395.234375,1.031250
27396.250000,1.015625
27397.265625,1.015625
27398.250000,0.984375
27399.312500,1.062500
27400.500000,1.187500
27401.562500,1.062500
27402.703125,1.140625
27403.875000,1.171875
27404.921875,1.046875
27406.000000,1.078125
27407.093750,1.093750
27408.125000,1.031250
27409.109375,0.984375
27410.171875,1.062500
27411.234375,1.062500
27412.234375,1.000000
27413.218750,0.984375
27414.234375,1.015625
27415.156250,0.921875
27416.062500,0.906250
27417.015625,0.953125
27418.031250,1.015625
27419.046875,1.015625
27420.062500,1.015625
27421.109375,1.046875
27422.046875,0.937500
27423.078125,1.031250
27424.109375,1.031250
27425.078125,0.968750
27426.031250,0.953125
27427.031250,1.000000
27428.000000,0.968750
27428.921875,0.921875
27429.859375,0.937500
27430.875000,1.015625
27431.843750,0.968750
27432.843750,1.000000
27433.890625,1.046875
27434.921875,1.031250
27435.890625,0.968750
27436.843750,0.953125
27437.828125,0.984375
27438.765625,0.937500
27439.718750,0.953125
27440.703125,0.984375
27441.640625,0.937500
27442.609375,0.968750
27443.593750,0.984375
27444.546875,0.953125
27445.468750,0.921875
27446.406250,0.937500
27447.406250,1.000000
27448.359375,0.953125
27449.359375,1.000000
27450.468750,1.109375
27451.515625,1.046875
27452.531250,1.015625
27453.609375,1.078125
27454.593750,0.984375
27455.625000,1.031250
27456.781250,1.156250
27457.890625,1.109375
27458.921875,1.031250
27459.984375,1.062500
27461.046875,1.062500
27462.046875,1.000000
27463.062500,1.015625
27464.062500,1.000000
27464.953125,0.890625
27465.953125,1.000000
27466.984375,1.031250
27467.953125,0.968750
27468.984375,1.031250
27470.046875,1.062500
27471.109375,1.062500
27472.125000,1.015625
27473.125000,1.000000
27474.140625,1.015625
27475.046875,0.906250
27475.968750,0.921875
27476.953125,0.984375
27477.968750,1.015625
27478.968750,1.000000
27480.078125,1.109375
27481.203125,1.125000
27482.234375,1.031250
27483.265625,1.031250
27484.343750,1.078125
27485.421875,1.078125
27486.406250,0.984375
27487.421875,1.015625
27488.609375,1.187500
27489.671875,1.062500
27490.687500,1.015625
27491.750000,1.062500
27492.781250,1.031250
27493.734375,0.953125
27494.703125,0.968750
27495.718750,1.015625
27496.703125,0.984375
27497.656250,0.953125
27498.671875,1.015625
27499.671875,1.000000
27500.562500,0.890625
27501.515625,0.953125
27502.468750,0.953125
27503.390625,0.921875
27504.343750,0.953125
27505.312500,0.968750
27506.296875,0.984375
27507.218750,0.921875
27508.281250,1.062500
27509.359375,1.078125
27510.328125,0.968750
27511.312500,0.984375
27512.312500,1.000000
27513.296875,0.984375
27514.250000,0.953125
27515.234375,0.984375
27516.296875,1.062500
27517.234375,0.937500
27518.218750,0.984375
27523.421875,0.843750
27524.218750,0.796875
27525.078125,0.859375
27525.906250,0.828125
27526.703125,0.796875
27527.546875,0.843750
27528.390625,0.843750
27529.328125,0.937500
27530.250000,0.921875
27531.234375,0.984375
27532.328125,1.093750
27533.390625,1.062500
27534.421875,1.031250
27535.484375,1.062500
27536.515625,1.031250
27537.484375,0.968750
27538.484375,1.000000
27539.515625,1.031250
27540.484375,0.968750
27541.421875,0.937500
27542.359375,0.937500
27543.296875,0.937500
27544.187500,0.890625
27545.093750,0.906250
27546.046875,0.953125
27546.984375,0.937500
27547.906250,0.921875
27548.890625,0.984375
27549.953125,1.062500
27550.937500,0.984375
27551.921875,0.984375
27552.937500,1.015625
27553.890625,0.953125
27554.828125,0.937500
27555.796875,0.968750
27556.718750,0.921875
27557.609375,0.890625
27558.531250,0.921875
27559.484375,0.953125
27560.390625,0.906250
27561.312500,0.921875
27562.281250,0.968750
27563.265625,0.984375
27564.171875,0.906250
27565.109375,0.937500
27566.062500,0.953125
27566.984375,0.921875
27567.953125,0.968750
27568.953125,1.000000
27569.937500,0.984375
27570.890625,0.953125
27571.921875,1.031250
27572.953125,1.031250
27573.937500,0.984375
27574.953125,1.015625
27575.968750,1.015625
27576.921875,0.953125
27577.890625,0.968750
27578.859375,0.968750
27579.812500,0.953125
27580.734375,0.921875
27581.703125,0.968750
27582.656250,0.953125
27583.593750,0.937500
27584.500000,0.906250
27585.484375,0.984375
27586.562500,1.078125
27587.640625,1.078125
27594.296875,0.984375
27595.546875,1.250000
27596.687500,1.140625
27597.781250,1.093750
27598.875000,1.093750
27600.000000,1.125000
27601.046875,1.046875
27602.125000,1.078125
27603.234375,1.109375
27604.250000,1.015625
27605.328125,1.078125
27606.531250,1.203125
27607.578125,1.046875
27608.718750,1.140625
27609.953125,1.234375
27611.218750,1.265625
27612.484375,1.265625
27613.656250,1.171875
27614.937500,1.281250
27616.093750,1.156250
27617.156250,1.062500
27618.359375,1.203125
27619.421875,1.062500
27620.500000,1.078125
27621.640625,1.140625
27622.718750,1.078125
27623.734375,1.015625
27624.828125,1.093750
27625.906250,1.078125
27626.968750,1.062500
27628.250000,1.281250
27629.515625,1.265625
27630.703125,1.187500
27631.781250,1.078125
27632.781250,1.000000
27633.781250,1.000000
27634.750000,0.968750
27635.703125,0.953125
27636.765625,1.062500
27637.796875,1.031250
27638.781250,0.984375
27639.828125,1.046875
27640.859375,1.031250
27641.828125,0.968750
27642.859375,1.031250
27643.890625,1.031250
27644.843750,0.953125
27645.765625,0.921875
27646.703125,0.937500
27647.656250,0.953125
27648.546875,0.890625
27649.546875,1.000000
27650.703125,1.156250
27651.796875,1.093750
27652.859375,1.062500
27653.859375,1.000000
27654.875000,1.015625
27655.968750,1.093750
27656.968750,1.000000
27657.968750,1.000000
27658.968750,1.000000
27659.937500,0.968750
27660.937500,1.000000
27662.109375,1.171875
27663.234375,1.125000
27664.421875,1.187500
27665.640625,1.218750
27666.734375,1.093750
27667.843750,1.109375
27668.890625,1.046875
27669.890625,1.000000
27671.046875,1.156250
27672.171875,1.125000
27673.281250,1.109375
27674.390625,1.109375
27675.500000,1.109375
27676.687500,1.187500
27677.750000,1.062500
27678.828125,1.078125
27679.890625,1.062500
27680.875000,0.984375
27681.937500,1.062500
27682.937500,1.000000
27683.890625,0.953125
27684.921875,1.031250
27685.921875,1.000000
27686.843750,0.921875
27687.796875,0.953125
27688.765625,0.968750
27689.671875,0.906250
27690.609375,0.937500
27691.562500,0.953125
27692.546875,0.984375
27693.468750,0.921875
27694.468750,1.000000
27695.484375,1.015625
27696.421875,0.937500
27697.312500,0.890625
27698.234375,0.921875
27699.125000,0.890625
27700.000000,0.875000
27700.828125,0.828125
27701.687500,0.859375
27702.562500,0.875000
27703.437500,0.875000
27704.296875,0.859375
27705.125000,0.828125
27705.968750,0.843750
27706.843750,0.875000
27707.734375,0.890625
27708.578125,0.843750
27709.421875,0.843750
27710.250000,0.828125
27711.078125,0.828125
27711.937500,0.859375
27712.796875,0.859375
27713.609375,0.812500
27714.437500,0.828125
27715.265625,0.828125
27716.140625,0.875000
27717.000000,0.859375
27717.843750,0.843750
27718.703125,0.859375
27719.578125,0.875000
27720.468750,0.890625
27721.343750,0.875000
27722.187500,0.843750
27723.046875,0.859375
27723.921875,0.875000
27724.796875,0.875000
27725.671875,0.875000
27726.500000,0.828125
27727.343750,0.843750
27728.187500,0.843750
27729.109375,0.921875
27730.015625,0.906250
27730.984375,0.968750
27732.093750,1.109375
27733.296875,1.203125
27734.468750,1.171875
27735.625000,1.156250
27736.656250,1.031250
27737.703125,1.046875
27738.578125,0.875000
27739.703125,1.125000
27740.718750,1.015625
27741.687500,0.968750
27742.687500,1.000000
27743.734375,1.046875
27744.703125,0.968750
27745.687500,0.984375
27746.781250,1.093750
27747.859375,1.078125
27748.890625,1.031250
27750.000000,1.109375
27751.015625,1.015625
27752.046875,1.031250
27753.109375,1.062500
27754.093750,0.984375
27755.109375,1.015625
27756.218750,1.109375
27757.250000,1.031250
27758.265625,1.015625
27759.390625,1.125000
27760.625000,1.234375
27761.796875,1.171875
27763.000000,1.203125
27764.046875,1.046875
27765.125000,1.078125
27766.125000,1.000000
27767.125000,1.000000
27768.187500,1.062500
27769.203125,1.015625
27770.250000,1.046875
27771.328125,1.078125
27772.328125,1.000000
27773.328125,1.000000
27774.312500,0.984375
27775.281250,0.968750
27776.296875,1.015625
27777.250000,0.953125
27778.234375,0.984375
27779.234375,1.000000
27780.250000,1.015625
27781.218750,0.968750
27782.234375,1.015625
27783.296875,1.062500
27784.250000,0.953125
27785.265625,1.015625
27786.265625,1.000000
27787.250000,0.984375
27788.203125,0.953125
27789.281250,1.078125
27790.296875,1.015625
27791.281250,0.984375
27792.375000,1.093750
27793.390625,1.015625
27794.546875,1.156250
27795.656250,1.109375
27796.718750,1.062500
27797.734375,1.015625
27798.750000,1.015625
27799.812500,1.062500
27800.828125,1.015625
27801.812500,0.984375
27802.843750,1.031250
27803.796875,0.953125
27804.750000,0.953125
27805.734375,0.984375
27806.671875,0.937500
27807.625000,0.953125
27808.578125,0.953125
27809.500000,0.921875
27810.421875,0.921875
27811.359375,0.937500
27812.281250,0.921875
27813.187500,0.906250
27814.125000,0.937500
27815.078125,0.953125
27815.984375,0.906250
27816.921875,0.937500
27817.875000,0.953125
27818.781250,0.906250
27819.750000,0.968750
27820.734375,0.984375
27821.656250,0.921875
27822.656250,1.000000
27823.625000,0.968750
27824.593750,0.968750
27825.531250,0.937500
27826.437500,0.906250
27827.437500,1.000000
27828.375000,0.937500
27829.296875,0.921875
27830.250000,0.953125
27831.218750,0.968750
27832.000000,0.781250
27833.109375,1.109375
27834.140625,1.031250
27835.125000,0.984375
27836.109375,0.984375
27837.125000,1.015625
27838.046875,0.921875
27839.015625,0.968750
27839.984375,0.968750
27840.921875,0.937500
27841.875000,0.953125
27842.828125,0.953125
27843.781250,0.953125
27844.671875,0.890625
27845.625000,0.953125
27846.546875,0.921875
27847.515625,0.968750
27848.484375,0.968750
27849.453125,0.968750
27850.390625,0.937500
27851.406250,1.015625
27852.343750,0.937500
27853.265625,0.921875
27854.218750,0.953125
27855.140625,0.921875
27856.093750,0.953125
27857.015625,0.921875
27857.968750,0.953125
27858.921875,0.953125
27859.843750,0.921875
27860.812500,0.968750
27861.765625,0.953125
27862.687500,0.921875
27863.625000,0.937500
27864.593750,0.968750
27865.515625,0.921875
27866.453125,0.937500
27867.421875,0.968750
27868.375000,0.953125
27869.281250,0.906250
27870.250000,0.968750
27871.203125,0.953125
27872.125000,0.921875
27873.062500,0.937500
27874.046875,0.984375
27875.015625,0.968750
27875.984375,0.968750
27876.968750,0.984375
27877.937500,0.968750
27878.921875,0.984375
27880.015625,1.093750
27881.109375,1.093750
27882.140625,1.031250
27883.218750,1.078125
27884.218750,1.000000
27885.234375,1.015625
27886.265625,1.031250
27887.265625,1.000000
27888.265625,1.000000
27889.296875,1.031250
27890.265625,0.968750
27891.250000,0.984375
27892.234375,0.984375
27893.187500,0.953125
27894.187500,1.000000
27895.203125,1.015625
27896.203125,1.000000
27897.218750,1.015625
27898.250000,1.031250
27899.218750,0.968750
27900.218750,1.000000
27901.218750,1.000000
27902.187500,0.968750
27903.156250,0.968750
27904.093750,0.937500
27905.062500,0.968750
27906.078125,1.015625
27906.984375,0.906250
27907.968750,0.984375
27908.937500,0.968750
27909.906250,0.968750
27910.843750,0.937500
27911.765625,0.921875
27912.703125,0.937500
27913.562500,0.859375
27914.437500,0.875000
27915.296875,0.859375
27916.125000,0.828125
27916.968750,0.843750
27917.812500,0.843750
27918.687500,0.875000
27919.609375,0.921875
27920.500000,0.890625
27921.359375,0.859375
27922.265625,0.906250
27923.171875,0.906250
27924.078125,0.906250
27924.953125,0.875000
27925.843750,0.890625
27926.750000,0.906250
27927.703125,0.953125
27928.625000,0.921875
27929.515625,0.890625
27930.468750,0.953125
27931.437500,0.968750
27932.390625,0.953125
27933.312500,0.921875
27934.281250,0.968750
27935.312500,1.031250
27936.296875,0.984375
27937.281250,0.984375
27938.312500,1.031250
27939.406250,1.093750
27940.421875,1.015625
27941.453125,1.031250
27942.625000,1.171875
27943.765625,1.140625
27944.765625,1.000000
27945.781250,1.015625
27946.796875,1.015625
27947.750000,0.953125
27948.718750,0.968750
27949.750000,1.031250
27950.796875,1.046875
27951.843750,1.046875
27953.015625,1.171875
27954.078125,1.062500
27955.125000,1.046875
27956.171875,1.046875
27957.156250,0.984375
27958.156250,1.000000
27959.171875,1.015625
27960.156250,0.984375
27961.156250,1.000000
27962.218750,1.062500
27963.187500,0.968750
27964.203125,1.015625
27965.250000,1.046875
27966.218750,0.968750
27967.218750,1.000000
27968.328125,1.109375
27969.359375,1.031250
27970.406250,1.046875
27971.484375,1.078125
27972.484375,1.000000
27973.515625,1.031250
27974.546875,1.031250
27975.531250,0.984375
27976.593750,1.062500
27977.656250,1.062500
27978.656250,1.000000
27979.750000,1.093750
27980.765625,1.015625
27981.734375,0.968750
27982.750000,1.015625
27983.718750,0.968750
27984.609375,0.890625
27985.515625,0.906250
27986.453125,0.937500
27987.359375,0.906250
27988.312500,0.953125
27989.359375,1.046875
27990.406250,1.046875
27991.421875,1.015625
27992.453125,1.031250
27993.406250,0.953125
27994.390625,0.984375
27995.421875,1.031250
27996.375000,0.953125
27997.343750,0.968750
27998.359375,1.015625
27999.296875,0.937500
28000.296875,1.000000
28001.296875,1.000000
28002.281250,0.984375
28003.281250,1.000000
28004.265625,0.984375
28005.234375,0.968750
28006.234375,1.000000
28007.234375,1.000000
28008.187500,0.953125
28009.203125,1.015625
28010.203125,1.000000
28011.187500,0.984375
28012.234375,1.046875
28013.265625,1.031250
28014.250000,0.984375
28015.296875,1.046875
28016.343750,1.046875
28017.296875,0.953125
28018.296875,1.000000
28019.296875,1.000000
28020.265625,0.968750
28021.250000,0.984375
28022.265625,1.015625
28023.234375,0.968750
28024.250000,1.015625
28025.312500,1.062500
28026.375000,1.062500
28027.406250,1.031250
28028.515625,1.109375
28029.546875,1.031250
28030.578125,1.031250
28031.609375,1.031250
28032.609375,1.000000
28033.593750,0.984375
28034.625000,1.031250
28035.671875,1.046875
28036.671875,1.000000
28037.718750,1.046875
28038.796875,1.078125
28039.796875,1.000000
28040.921875,1.125000
28041.968750,1.046875
28042.937500,0.968750
28043.921875,0.984375
28044.906250,0.984375
28045.875000,0.968750
28046.828125,0.953125
28047.843750,1.015625
28048.921875,1.078125
28049.906250,0.984375
28050.937500,1.031250
28051.984375,1.046875
28052.968750,0.984375
28053.984375,1.015625
28054.984375,1.000000
28055.937500,0.953125
28056.953125,1.015625
28057.953125,1.000000
28058.937500,0.984375
28059.906250,0.968750
28060.921875,1.015625
28061.906250,0.984375
28062.984375,1.078125
28064.015625,1.031250
28064.953125,0.937500
28065.921875,0.968750
28066.875000,0.953125
28067.812500,0.937500
28068.750000,0.937500
28069.671875,0.921875
28070.625000,0.953125
28071.484375,0.859375
28072.390625,0.906250
28073.296875,0.906250
28074.234375,0.937500
28075.125000,0.890625
28076.031250,0.906250
28076.953125,0.921875
28077.890625,0.937500
28078.750000,0.859375
28079.640625,0.890625
28080.531250,0.890625
28081.421875,0.890625
28082.312500,0.890625
28083.171875,0.859375
28084.046875,0.875000
28084.984375,0.937500
28085.968750,0.984375
28086.921875,0.953125
28087.812500,0.890625
28088.750000,0.937500
28089.687500,0.937500
28090.671875,0.984375
28091.734375,1.062500
28092.750000,1.015625
28093.812500,1.062500
28094.937500,1.125000
28096.046875,1.109375
28097.093750,1.046875
28098.140625,1.046875
28099.203125,1.062500
28100.296875,1.093750
28101.281250,0.984375
28102.265625,0.984375
28103.203125,0.937500
28104.218750,1.015625
28105.281250,1.062500
28106.359375,1.078125
28107.484375,1.125000
28108.562500,1.078125
28109.578125,1.015625
28110.765625,1.187500
28111.812500,1.046875
28112.921875,1.109375
28114.000000,1.078125
28120.109375,1.000000
28121.140625,1.031250
28122.203125,1.062500
28123.171875,0.968750
28124.140625,0.968750
28125.140625,1.000000
28126.140625,1.000000
28127.093750,0.953125
28128.187500,1.093750
28129.234375,1.046875
28130.265625,1.031250
28131.296875,1.031250
28132.265625,0.968750
28133.218750,0.953125
28134.140625,0.921875
28135.062500,0.921875
28135.984375,0.921875
28136.968750,0.984375
28137.921875,0.953125
28138.921875,1.000000
28139.937500,1.015625
28140.953125,1.015625
28141.984375,1.031250
28143.000000,1.015625
28143.937500,0.937500
28144.921875,0.984375
28145.890625,0.968750
28146.812500,0.921875
28147.765625,0.953125
28148.718750,0.953125
28149.671875,0.953125
28150.687500,1.015625
28151.718750,1.031250
28152.781250,1.062500
28153.750000,0.968750
28154.750000,1.000000
28155.765625,1.015625
28156.734375,0.968750
28157.750000,1.015625
28158.781250,1.031250
28159.781250,1.000000
28160.796875,1.015625
28162.093750,1.296875
28163.187500,1.093750
28164.234375,1.046875
28165.250000,1.015625
28166.234375,0.984375
28167.265625,1.031250
28168.296875,1.031250
28169.281250,0.984375
28170.296875,1.015625
28171.312500,1.015625
28172.234375,0.921875
28173.187500,0.953125
28174.125000,0.937500
28175.015625,0.890625
28175.875000,0.859375
28180.750000,0.921875
28181.531250,0.781250
28182.578125,1.046875
28183.578125,1.000000
28184.593750,1.015625
28185.500000,0.906250
28186.484375,0.984375
28187.468750,0.984375
28188.437500,0.968750
28189.359375,0.921875
28190.312500,0.953125
28191.234375,0.921875
28192.187500,0.953125
28193.109375,0.921875
28194.046875,0.937500
28195.015625,0.968750
28196.031250,1.015625
28197.046875,1.015625
28198.234375,1.187500
28199.484375,1.250000
28200.609375,1.125000
28201.734375,1.125000
28202.828125,1.093750
28203.890625,1.062500
28204.937500,1.046875
28206.015625,1.078125
28207.062500,1.046875
28208.093750,1.031250
28209.140625,1.046875
28210.171875,1.031250
28211.203125,1.031250
28212.250000,1.046875
28213.281250,1.031250
28214.281250,1.000000
28215.312500,1.031250
28216.406250,1.093750
28217.421875,1.015625
28218.500000,1.078125
28219.765625,1.265625
28220.812500,1.046875
28221.875000,1.062500
28222.953125,1.078125
28223.984375,1.031250
28225.015625,1.031250
28226.093750,1.078125
28227.140625,1.046875
28228.203125,1.062500
28229.343750,1.140625
28230.515625,1.171875
28231.718750,1.203125
28232.859375,1.140625
28233.937500,1.078125
28235.015625,1.078125
28236.062500,1.046875
28237.000000,0.937500
28237.968750,0.968750
28238.968750,1.000000
28239.937500,0.968750
28240.937500,1.000000
28241.953125,1.015625
28242.921875,0.968750
28243.953125,1.031250
28245.000000,1.046875
28245.984375,0.984375
28246.984375,1.000000
28247.968750,0.984375
28248.968750,1.000000
28249.906250,0.937500
28250.906250,1.000000
28251.937500,1.031250
28252.984375,1.046875
28254.031250,1.046875
28255.109375,1.078125
28256.140625,1.031250
28257.218750,1.078125
28258.281250,1.062500
28259.312500,1.031250
28260.359375,1.046875
28261.375000,1.015625
28262.359375,0.984375
28263.390625,1.031250
28264.390625,1.000000
28265.343750,0.953125
28266.359375,1.015625
28267.406250,1.046875
28268.375000,0.968750
28269.421875,1.046875
28270.484375,1.062500
28271.453125,0.968750
28272.453125,1.000000
28273.484375,1.031250
28274.484375,1.000000
28275.437500,0.953125
28276.421875,0.984375
28277.421875,1.000000
28278.421875,1.000000
28279.390625,0.968750
28280.453125,1.062500
28281.531250,1.078125
28282.546875,1.015625
28283.578125,1.031250
28284.625000,1.046875
28285.703125,1.078125
28286.750000,1.046875
28287.859375,1.109375
28288.906250,1.046875
28289.968750,1.062500
28290.921875,0.953125
28291.968750,1.046875
28292.984375,1.015625
28293.921875,0.937500
28294.937500,1.015625
28295.968750,1.031250
28297.000000,1.031250
28297.937500,0.937500
28298.953125,1.015625
28300.000000,1.046875
28300.953125,0.953125
28301.937500,0.984375
28302.968750,1.031250
28303.984375,1.015625
28304.937500,0.953125
28305.968750,1.031250
28307.015625,1.046875
28307.984375,0.968750
28309.000000,1.015625
28310.015625,1.015625
28311.015625,1.000000
28311.921875,0.906250
28312.937500,1.015625
28313.968750,1.031250
28314.921875,0.953125
28315.937500,1.015625
28316.968750,1.031250
28317.984375,1.015625
28318.937500,0.953125
28319.937500,1.000000
28320.953125,1.015625
28321.921875,0.968750
28322.953125,1.031250
28323.984375,1.031250
28324.984375,1.000000
28325.984375,1.000000
28327.171875,1.187500
28328.234375,1.062500
28329.546875,1.312500
28330.734375,1.187500
28331.781250,1.046875
28332.843750,1.062500
28334.062500,1.218750
28335.171875,1.109375
28336.140625,0.968750
28337.187500,1.046875
28338.265625,1.078125
28339.265625,1.000000
28340.281250,1.015625
28341.343750,1.062500
28342.359375,1.015625
28343.406250,1.046875
28344.437500,1.031250
28345.468750,1.031250
28346.531250,1.062500
28347.531250,1.000000
28348.578125,1.046875
28349.671875,1.093750
28350.656250,0.984375
28351.703125,1.046875
28352.765625,1.062500
28353.718750,0.953125
28354.765625,1.046875
28355.812500,1.046875
28356.796875,0.984375
28357.812500,1.015625
28358.812500,1.000000
28359.781250,0.968750
28360.750000,0.968750
28361.781250,1.031250
28362.781250,1.000000
28363.796875,1.015625
28364.828125,1.031250
28365.812500,0.984375
28366.843750,1.031250
28367.843750,1.000000
28368.828125,0.984375
28369.875000,1.046875
28370.921875,1.046875
28371.937500,1.015625
28373.015625,1.078125
28374.000000,0.984375
28374.953125,0.953125
28375.984375,1.031250
28377.046875,1.062500
28378.015625,0.968750
28379.125000,1.109375
28380.234375,1.109375
28381.312500,1.078125
28382.328125,1.015625
28383.375000,1.046875
28384.390625,1.015625
28385.375000,0.984375
28386.437500,1.062500
28387.484375,1.046875
28388.484375,1.000000
28389.500000,1.015625
28390.468750,0.968750
28391.468750,1.000000
28392.500000,1.031250
28393.453125,0.953125
28394.484375,1.031250
28395.546875,1.062500
28396.500000,0.953125
28397.500000,1.000000
28398.515625,1.015625
28399.515625,1.000000
28400.468750,0.953125
28401.437500,0.968750
28402.375000,0.937500
28403.265625,0.890625
28404.187500,0.921875
28405.125000,0.937500
28406.031250,0.906250
28406.890625,0.859375
28407.781250,0.890625
28408.656250,0.875000
28409.468750,0.812500
28410.281250,0.812500
28411.093750,0.812500
28411.906250,0.812500
28412.796875,0.890625
28413.515625,0.718750
28414.500000,0.984375
28415.421875,0.921875
28416.359375,0.937500
28417.281250,0.921875
28418.171875,0.890625
28419.062500,0.890625
28420.000000,0.937500
28420.906250,0.906250
28421.781250,0.875000
28422.687500,0.906250
28423.593750,0.906250
28424.546875,0.953125
28425.437500,0.890625
28426.375000,0.937500
28427.359375,0.984375
28428.375000,1.015625
28429.328125,0.953125
28430.265625,0.937500
28431.234375,0.968750
28432.250000,1.015625
28433.250000,1.000000
28434.203125,0.953125
28435.218750,1.015625
28436.250000,1.031250
28437.343750,1.093750
28438.375000,1.031250
28439.453125,1.078125
28440.562500,1.109375
28441.625000,1.062500
28442.687500,1.062500
28443.750000,1.062500
28444.812500,1.062500
28445.859375,1.046875
28446.937500,1.078125
28448.000000,1.062500
28449.046875,1.046875
28450.093750,1.046875
28451.109375,1.015625
28452.171875,1.062500
28453.218750,1.046875
28454.265625,1.046875
28455.312500,1.046875
28456.375000,1.062500
28457.421875,1.046875
28458.468750,1.046875
28459.578125,1.109375
28460.515625,0.937500
28461.656250,1.140625
28462.750000,1.093750
28463.781250,1.031250
28464.843750,1.062500
28465.937500,1.093750
28467.000000,1.062500
28468.140625,1.140625
28469.250000,1.109375
28470.390625,1.140625
28471.562500,1.171875
28472.750000,1.187500
28473.984375,1.234375
28475.109375,1.125000
28476.171875,1.062500
28477.234375,1.062500
28478.218750,0.984375
28479.187500,0.968750
28480.109375,0.921875
28481.062500,0.953125
28482.000000,0.937500
28482.953125,0.953125
28484.031250,1.078125
28485.046875,1.015625
28486.125000,1.078125
28487.218750,1.093750
28488.359375,1.140625
28489.421875,1.062500
28490.484375,1.062500
28491.515625,1.031250
28492.484375,0.968750
28493.500000,1.015625
28494.468750,0.968750
28495.468750,1.000000
28496.531250,1.062500
28497.562500,1.031250
28498.625000,1.062500
28499.703125,1.078125
28500.734375,1.031250
28501.828125,1.093750
28502.812500,0.984375
28503.859375,1.046875
28504.921875,1.062500
28505.937500,1.015625
28507.046875,1.109375
28508.109375,1.062500
28509.156250,1.046875
28510.250000,1.093750
28511.281250,1.031250
28512.359375,1.078125
28513.437500,1.078125
28514.546875,1.109375
28515.703125,1.156250
28516.765625,1.062500
28517.812500,1.046875
28518.968750,1.156250
28520.062500,1.093750
28521.234375,1.171875
28522.375000,1.140625
28523.500000,1.125000
28524.671875,1.171875
28525.843750,1.171875
28526.890625,1.046875
28527.937500,1.046875
28528.968750,1.031250
28530.015625,1.046875
28531.078125,1.062500
28532.140625,1.062500
28533.171875,1.031250
28534.078125,0.906250
28535.046875,0.968750
28535.984375,0.937500
28536.843750,0.859375
28537.781250,0.937500
28538.734375,0.953125
28539.671875,0.937500
28540.593750,0.921875
28541.609375,1.015625
28542.593750,0.984375
28548.281250,0.968750
28549.250000,0.968750
28550.156250,0.906250
28551.140625,0.984375
28552.140625,1.000000
28553.125000,0.984375
28554.078125,0.953125
28555.109375,1.031250
28556.015625,0.906250
28561.796875,1.078125
28562.890625,1.093750
28563.921875,1.031250
28565.218750,1.296875
28566.453125,1.234375
28567.656250,1.203125
28568.859375,1.203125
28569.968750,1.109375
28571.062500,1.093750
28572.203125,1.140625
28573.406250,1.203125
28574.765625,1.359375
28575.875000,1.109375
28576.843750,0.968750
28577.984375,1.140625
28579.000000,1.015625
28580.031250,1.031250
28581.015625,0.984375
28582.062500,1.046875
28582.953125,0.890625
28584.140625,1.187500
28585.218750,1.078125
28586.234375,1.015625
28587.296875,1.062500
28588.359375,1.062500
28589.359375,1.000000
28590.406250,1.046875
28591.484375,1.078125
28592.531250,1.046875
28593.640625,1.109375
28594.718750,1.078125
28595.859375,1.140625
28597.015625,1.156250
28598.109375,1.093750
28599.234375,1.125000
28600.375000,1.140625
28601.453125,1.078125
28602.593750,1.140625
28603.703125,1.109375
28604.812500,1.109375
28605.921875,1.109375
28607.000000,1.078125
28608.046875,1.046875
28609.156250,1.109375
28610.250000,1.093750
28611.343750,1.093750
28612.437500,1.093750
28613.437500,1.000000
28614.468750,1.031250
28615.500000,1.031250
28616.484375,0.984375
28617.500000,1.015625
28618.531250,1.031250
28619.515625,0.984375
28620.562500,1.046875
28621.625000,1.062500
28622.656250,1.031250
28623.703125,1.046875
28624.828125,1.125000
28625.953125,1.125000
28627.015625,1.062500
28628.109375,1.093750
28629.218750,1.109375
28630.265625,1.046875
28631.375000,1.109375
28632.468750,1.093750
28633.531250,1.062500
28634.656250,1.125000
28636.031250,1.375000
28637.234375,1.203125
28638.312500,1.078125
28639.375000,1.062500
28640.468750,1.093750
28641.468750,1.000000
28642.531250,1.062500
28643.640625,1.109375
28644.718750,1.078125
28645.812500,1.093750
28646.968750,1.156250
28648.046875,1.078125
28649.171875,1.125000
28650.265625,1.093750
28651.281250,1.015625
28652.328125,1.046875
28653.359375,1.031250
28654.343750,0.984375
28655.359375,1.015625
28656.375000,1.015625
28657.328125,0.953125
28658.296875,0.968750
28659.265625,0.968750
28660.187500,0.921875
28661.078125,0.890625
28661.984375,0.906250
28662.937500,0.953125
28663.812500,0.875000
28664.718750,0.906250
28665.671875,0.953125
28666.609375,0.937500
28667.484375,0.875000
28668.406250,0.921875
28669.343750,0.937500
28670.281250,0.937500
28671.125000,0.843750
28672.015625,0.890625
28672.890625,0.875000
28673.765625,0.875000
28674.640625,0.875000
28675.531250,0.890625
28676.515625,0.984375
28677.562500,1.046875
28678.578125,1.015625
28679.515625,0.937500
28680.500000,0.984375
28681.500000,1.000000
28682.468750,0.968750
28683.375000,0.906250
28684.281250,0.906250
28685.218750,0.937500
28686.203125,0.984375
28687.203125,1.000000
28688.140625,0.937500
28689.203125,1.062500
28690.359375,1.156250
28691.500000,1.140625
28692.625000,1.125000
28693.796875,1.171875
28694.968750,1.171875
28696.046875,1.078125
28697.218750,1.171875
28698.296875,1.078125
28699.343750,1.046875
28700.343750,1.000000
28701.312500,0.968750
28702.312500,1.000000
28703.312500,1.000000
28704.343750,1.031250
28705.375000,1.031250
28706.359375,0.984375
28707.390625,1.031250
28708.437500,1.046875
28709.437500,1.000000
28710.468750,1.031250
28711.500000,1.031250
28712.578125,1.078125
28713.718750,1.140625
28714.812500,1.093750
28715.968750,1.156250
28717.031250,1.062500
28718.218750,1.187500
28719.390625,1.171875
28720.421875,1.031250
28721.515625,1.093750
28722.562500,1.046875
28723.531250,0.968750
28724.562500,1.031250
28725.609375,1.046875
28726.593750,0.984375
28727.640625,1.046875
28728.656250,1.015625
28729.640625,0.984375
28730.781250,1.140625
28731.937500,1.156250
28733.125000,1.187500
28734.359375,1.234375
28735.468750,1.109375
28736.671875,1.203125
28737.750000,1.078125
28738.828125,1.078125
28739.906250,1.078125
28740.890625,0.984375
28741.890625,1.000000
28742.921875,1.031250
28743.890625,0.968750
28744.921875,1.031250
28746.078125,1.156250
28747.125000,1.046875
28748.171875,1.046875
28749.203125,1.031250
28750.203125,1.000000
28751.234375,1.031250
28752.265625,1.031250
28753.312500,1.046875
28754.375000,1.062500
28755.375000,1.000000
28756.437500,1.062500
28757.453125,1.015625
28758.500000,1.046875
28759.484375,0.984375
28760.531250,1.046875
28761.578125,1.046875
28762.593750,1.015625
28763.671875,1.078125
28764.687500,1.015625
28765.734375,1.046875
28766.843750,1.109375
28767.875000,1.031250
28768.906250,1.031250
28769.937500,1.031250
28770.906250,0.968750
28771.921875,1.015625
28772.921875,1.000000
28773.875000,0.953125
28774.875000,1.000000
28775.906250,1.031250
28776.859375,0.953125
28777.656250,0.796875
28778.531250,0.875000
28779.390625,0.859375
28792.390625,0.625000
28793.000000,0.609375
28793.593750,0.593750
28794.203125,0.609375
28794.812500,0.609375
28795.437500,0.625000
28796.078125,0.640625
28796.718750,0.640625
28797.375000,0.656250
28798.109375,0.734375
28802.781250,1.015625
28803.828125,1.046875
28804.906250,1.078125
28805.968750,1.062500
28807.000000,1.031250
28808.062500,1.062500
28809.140625,1.078125
28810.156250,1.015625
28811.187500,1.031250
28812.484375,1.296875
28813.765625,1.281250
28814.843750,1.078125
28815.906250,1.062500
28816.906250,1.000000
28832.578125,1.109375
28833.953125,1.375000
28835.281250,1.328125
28836.484375,1.203125
28837.718750,1.234375
28838.828125,1.109375
28839.921875,1.093750
28840.953125,1.031250
28842.093750,1.140625
28843.359375,1.265625
28844.531250,1.171875
28845.640625,1.109375
28846.640625,1.000000
28847.593750,0.953125
28848.609375,1.015625
28849.609375,1.000000
28850.781250,1.171875
28851.781250,1.000000
28852.781250,1.000000
28859.890625,0.859375
28860.890625,1.000000
28861.937500,1.046875
28862.937500,1.000000
28863.984375,1.046875
28865.062500,1.078125
28866.062500,1.000000
28867.125000,1.062500
28868.140625,1.015625
28869.140625,1.000000
28870.171875,1.031250
28871.140625,0.968750
28872.171875,1.031250
28873.203125,1.031250
28874.218750,1.015625
28875.296875,1.078125
28876.421875,1.125000
28877.515625,1.093750
28878.625000,1.109375
28879.656250,1.031250
28880.671875,1.015625
28881.734375,1.062500
28882.687500,0.953125
28883.687500,1.000000
28884.703125,1.015625
28885.671875,0.968750
28886.687500,1.015625
28887.609375,0.921875
28888.531250,0.921875
28889.406250,0.875000
28890.203125,0.796875
28890.968750,0.765625
28891.718750,0.750000
28892.500000,0.781250
28893.312500,0.812500
28894.234375,0.921875
28895.250000,1.015625
28896.187500,0.937500
28897.312500,1.125000
28898.437500,1.125000
28899.468750,1.031250
28900.593750,1.125000
28901.671875,1.078125
28902.671875,1.000000
28903.718750,1.046875
28904.765625,1.046875
28905.765625,1.000000
28906.781250,1.015625
28907.781250,1.000000
28908.734375,0.953125
28909.750000,1.015625
28910.734375,0.984375
28911.671875,0.937500
28912.625000,0.953125
28913.578125,0.953125
28914.484375,0.906250
28915.484375,1.000000
28916.546875,1.062500
28923.578125,1.062500
28924.625000,1.046875
28925.687500,1.062500
28926.640625,0.953125
28927.656250,1.015625
28928.625000,0.968750
28929.546875,0.921875
28930.468750,0.921875
28931.421875,0.953125
28932.296875,0.875000
28933.234375,0.937500
28934.171875,0.937500
28935.046875,0.875000
28935.968750,0.921875
28937.046875,1.078125
28938.218750,1.171875
28939.218750,1.000000
28940.187500,0.968750
28941.125000,0.937500
28942.046875,0.921875
28943.109375,1.062500
28944.281250,1.171875
28945.343750,1.062500
28946.390625,1.046875
28947.406250,1.015625
28948.343750,0.937500
28949.359375,1.015625
28950.375000,1.015625
28951.359375,0.984375
28952.281250,0.921875
28953.203125,0.921875
28954.156250,0.953125
28955.203125,1.046875
28956.187500,0.984375
28957.234375,1.046875
28958.265625,1.031250
28959.187500,0.921875
28960.140625,0.953125
28961.062500,0.921875
28961.921875,0.859375
28962.796875,0.875000
28963.687500,0.890625
28964.515625,0.828125
28965.359375,0.843750
28966.187500,0.828125
28967.015625,0.828125
28974.234375,0.953125
28975.187500,0.953125
28976.109375,0.921875
28977.062500,0.953125
28977.984375,0.921875
28978.890625,0.906250
28979.890625,1.000000
28980.875000,0.984375
28981.781250,0.906250
28982.750000,0.968750
28983.687500,0.937500
28984.562500,0.875000
28985.406250,0.843750
28986.281250,0.875000
28987.171875,0.890625
28988.046875,0.875000
28988.937500,0.890625
28989.890625,0.953125
28990.781250,0.890625
28991.734375,0.953125
28992.734375,1.000000
28993.703125,0.968750
28994.750000,1.046875
28995.765625,1.015625
28996.812500,1.046875
28997.812500,1.000000
28998.750000,0.937500
28999.703125,0.953125
29000.593750,0.890625
29001.468750,0.875000
29002.328125,0.859375
29003.156250,0.828125
29008.062500,0.890625
29023.234375,0.687500
29023.906250,0.671875
29024.546875,0.640625
29025.203125,0.656250
29025.843750,0.640625
29026.500000,0.656250
29027.218750,0.718750
29028.000000,0.781250
29028.828125,0.828125
29034.375000,1.203125
29035.515625,1.140625
29036.640625,1.125000
29037.687500,1.046875
29038.875000,1.187500
29040.062500,1.187500
29041.156250,1.093750
29042.187500,1.031250
29043.437500,1.250000
29044.671875,1.234375
29045.703125,1.031250
29046.750000,1.046875
29047.828125,1.078125
29048.781250,0.953125
29049.859375,1.078125
29050.937500,1.078125
29051.921875,0.984375
29052.906250,0.984375
29053.875000,0.968750
29054.828125,0.953125
29055.796875,0.968750
29056.828125,1.031250
29057.812500,0.984375
29058.796875,0.984375
29059.781250,0.984375
29060.718750,0.937500
29061.656250,0.937500
29062.609375,0.953125
29063.500000,0.890625
29064.359375,0.859375
29065.187500,0.828125
29066.062500,0.875000
29066.984375,0.921875
29067.906250,0.921875
29068.890625,0.984375
29069.843750,0.953125
29070.765625,0.921875
29071.703125,0.937500
29072.625000,0.921875
29073.468750,0.843750
29074.343750,0.875000
29075.218750,0.875000
29076.078125,0.859375
29076.968750,0.890625
29077.906250,0.937500
29078.781250,0.875000
29079.625000,0.843750
29080.453125,0.828125
29081.234375,0.781250
29082.000000,0.765625
29082.734375,0.734375
29083.484375,0.750000
29084.203125,0.718750
29084.937500,0.734375
29085.687500,0.750000
29086.453125,0.765625
29087.296875,0.843750
29088.109375,0.812500
29088.953125,0.843750
29089.796875,0.843750
29090.687500,0.890625
29091.562500,0.875000
29092.375000,0.812500
29093.218750,0.843750
29094.031250,0.812500
29094.812500,0.781250
29095.609375,0.796875
29096.421875,0.812500
29097.312500,0.890625
29098.203125,0.890625
29099.109375,0.906250
29100.156250,1.046875
29101.250000,1.093750
29102.421875,1.171875
29103.562500,1.140625
29104.625000,1.062500
29105.687500,1.062500
29106.828125,1.140625
29107.953125,1.125000
29108.937500,0.984375
29109.890625,0.953125
29110.890625,1.000000
29111.875000,0.984375
29112.781250,0.906250
29113.640625,0.859375
29114.484375,0.843750
29115.312500,0.828125
29116.156250,0.843750
29117.046875,0.890625
29117.890625,0.843750
29118.687500,0.796875
29119.500000,0.812500
29120.281250,0.781250
29121.062500,0.781250
29121.812500,0.750000
29122.546875,0.734375
29123.296875,0.750000
29124.031250,0.734375
29124.781250,0.750000
29125.531250,0.750000
29126.296875,0.765625
29127.093750,0.796875
29127.968750,0.875000
29128.843750,0.875000
29129.828125,0.984375
29135.328125,1.031250
29136.296875,0.968750
29137.265625,0.968750
29138.375000,1.109375
29139.640625,1.265625
29140.734375,1.093750
29141.843750,1.109375
29142.968750,1.125000
29144.062500,1.093750
29145.109375,1.046875
29146.093750,0.984375
29147.093750,1.000000
29148.109375,1.015625
29149.109375,1.000000
29150.203125,1.093750
29151.328125,1.125000
29152.375000,1.046875
29153.343750,0.968750
29154.359375,1.015625
29155.359375,1.000000
29156.328125,0.968750
29157.312500,0.984375
29158.343750,1.031250
29159.343750,1.000000
29160.281250,0.937500
29161.265625,0.984375
29162.296875,1.031250
29163.250000,0.953125
29164.187500,0.937500
29165.156250,0.968750
29166.250000,1.093750
29167.250000,1.000000
29168.218750,0.968750
29169.203125,0.984375
29170.156250,0.953125
29171.093750,0.937500
29172.031250,0.937500
29173.046875,1.015625
29174.078125,1.031250
29175.062500,0.984375
29176.078125,1.015625
29177.125000,1.046875
29178.078125,0.953125
29179.078125,1.000000
29180.109375,1.031250
29181.140625,1.031250
29182.109375,0.968750
29183.078125,0.968750
29183.984375,0.906250
29184.937500,0.953125
29185.906250,0.968750
29186.890625,0.984375
29187.828125,0.937500
29188.812500,0.984375
29189.843750,1.031250
29190.796875,0.953125
29191.703125,0.906250
29192.625000,0.921875
29193.562500,0.937500
29194.468750,0.906250
29195.359375,0.890625
29196.312500,0.953125
29197.359375,1.046875
29198.343750,0.984375
29199.328125,0.984375
29200.359375,1.031250
29201.375000,1.015625
29202.343750,0.968750
29203.312500,0.968750
29204.343750,1.031250
29205.296875,0.953125
29206.203125,0.906250
29207.140625,0.937500
29208.218750,1.078125
29209.250000,1.031250
29210.218750,0.968750
29211.234375,1.015625
29212.265625,1.031250
29213.203125,0.937500
29214.109375,0.906250
29215.062500,0.953125
29216.031250,0.968750
29216.953125,0.921875
29217.906250,0.953125
29218.843750,0.937500
29219.765625,0.921875
29220.671875,0.906250
29221.593750,0.921875
29222.500000,0.906250
29223.390625,0.890625
29224.375000,0.984375
29225.343750,0.968750
29226.265625,0.921875
29227.156250,0.890625
29228.046875,0.890625
29228.937500,0.890625
29229.812500,0.875000
29230.687500,0.875000
29231.578125,0.890625
29232.500000,0.921875
29233.390625,0.890625
29234.312500,0.921875
29235.250000,0.937500
29236.140625,0.890625
29237.093750,0.953125
29238.078125,0.984375
29239.000000,0.921875
29239.906250,0.906250
29240.843750,0.937500
29241.765625,0.921875
29242.671875,0.906250
29243.578125,0.906250
29244.500000,0.921875
29245.437500,0.937500
29246.343750,0.906250
29247.281250,0.937500
29248.203125,0.921875
29249.078125,0.875000
29250.000000,0.921875
29250.937500,0.937500
29251.859375,0.921875
29252.750000,0.890625
29253.656250,0.906250
29254.515625,0.859375
29255.375000,0.859375
29256.250000,0.875000
29257.125000,0.875000
29258.062500,0.937500
29259.140625,1.078125
29260.125000,0.984375
29261.046875,0.921875
29261.937500,0.890625
29262.812500,0.875000
29263.640625,0.828125
29264.484375,0.843750
29278.421875,0.671875
29279.125000,0.703125
29279.812500,0.687500
29280.515625,0.703125
29281.234375,0.718750
29282.000000,0.765625
29282.843750,0.843750
29283.781250,0.937500
29289.515625,1.093750
29290.531250,1.015625
29291.484375,0.953125
29292.437500,0.953125
29293.437500,1.000000
29294.375000,0.937500
29295.281250,0.906250
29296.203125,0.921875
29297.125000,0.921875
29298.031250,0.906250
29298.921875,0.890625
29299.890625,0.968750
29301.062500,1.171875
29302.125000,1.062500
29303.234375,1.109375
29304.343750,1.109375
29305.375000,1.031250
29306.390625,1.015625
29307.421875,1.031250
29308.484375,1.062500
29309.484375,1.000000
29310.515625,1.031250
29311.593750,1.078125
29312.656250,1.062500
29313.671875,1.015625
29314.687500,1.015625
29315.765625,1.078125
29316.796875,1.031250
29317.843750,1.046875
29318.906250,1.062500
29319.890625,0.984375
29320.906250,1.015625
29321.953125,1.046875
29322.921875,0.968750
29323.890625,0.968750
29324.875000,0.984375
29325.765625,0.890625
29326.671875,0.906250
29327.593750,0.921875
29328.453125,0.859375
29329.343750,0.890625
29330.328125,0.984375
29331.375000,1.046875
29332.375000,1.000000
29333.343750,0.968750
29334.328125,0.984375
29335.250000,0.921875
29336.187500,0.937500
29337.140625,0.953125
29338.093750,0.953125
29339.015625,0.921875
29339.968750,0.953125
29340.968750,1.000000
29341.984375,1.015625
29342.921875,0.937500
29343.875000,0.953125
29344.890625,1.015625
29345.828125,0.937500
29346.812500,0.984375
29347.859375,1.046875
29348.890625,1.031250
29349.890625,1.000000
29350.921875,1.031250
29351.906250,0.984375
29352.843750,0.937500
29353.781250,0.937500
29354.750000,0.968750
29355.734375,0.984375
29356.671875,0.937500
29357.687500,1.015625
29358.703125,1.015625
29359.671875,0.968750
29360.625000,0.953125
29361.609375,0.984375
29362.578125,0.968750
29363.515625,0.937500
29364.468750,0.953125
29365.421875,0.953125
29366.375000,0.953125
29367.390625,1.015625
29368.453125,1.062500
29369.437500,0.984375
29370.406250,0.968750
29371.484375,1.078125
29372.484375,1.000000
29373.437500,0.953125
29374.421875,0.984375
29375.406250,0.984375
29376.343750,0.937500
29377.359375,1.015625
29378.359375,1.000000
29379.296875,0.937500
29380.234375,0.937500
29381.218750,0.984375
29382.140625,0.921875
29383.031250,0.890625
29383.921875,0.890625
29384.828125,0.906250
29385.718750,0.890625
29386.609375,0.890625
29387.515625,0.906250
29388.406250,0.890625
29389.265625,0.859375
29390.156250,0.890625
29400.046875,0.718750
29400.781250,0.734375
29401.546875,0.765625
29402.312500,0.765625
29403.078125,0.765625
29403.859375,0.781250
29404.640625,0.781250
29405.437500,0.796875
29406.234375,0.796875
29407.015625,0.781250
29407.796875,0.781250
29408.593750,0.796875
29409.375000,0.781250
29410.171875,0.796875
29410.968750,0.796875
29411.796875,0.828125
29412.656250,0.859375
29413.546875,0.890625
29414.421875,0.875000
29415.343750,0.921875
29416.328125,0.984375
29417.343750,1.015625
29418.421875,1.078125
29419.421875,1.000000
29420.421875,1.000000
29421.453125,1.031250
29422.484375,1.031250
29423.468750,0.984375
29424.468750,1.000000
29425.515625,1.046875
29426.593750,1.078125
29427.546875,0.953125
29428.515625,0.968750
29429.484375,0.968750
29430.468750,0.984375
29431.390625,0.921875
29432.343750,0.953125
29433.296875,0.953125
29434.296875,1.000000
29435.218750,0.921875
29436.171875,0.953125
29437.140625,0.968750
29438.078125,0.937500
29438.968750,0.890625
29439.906250,0.937500
29440.875000,0.968750
29441.843750,0.968750
29442.765625,0.921875
29443.734375,0.968750
29444.781250,1.046875
29445.781250,1.000000
29446.796875,1.015625
29447.890625,1.093750
29448.937500,1.046875
29450.093750,1.156250
29451.375000,1.281250
29452.453125,1.078125
29453.453125,1.000000
29454.484375,1.031250
29455.484375,1.000000
29456.453125,0.968750
29457.437500,0.984375
29458.484375,1.046875
29459.468750,0.984375
29460.500000,1.031250
29461.562500,1.062500
29462.531250,0.968750
29463.515625,0.984375
29464.515625,1.000000
29465.453125,0.937500
29466.453125,1.000000
29467.468750,1.015625
29468.421875,0.953125
29469.343750,0.921875
29470.312500,0.968750
29471.312500,1.000000
29472.234375,0.921875
29473.203125,0.968750
29474.187500,0.984375
29475.109375,0.921875
29476.046875,0.937500
29477.046875,1.000000
29478.015625,0.968750
29478.921875,0.906250
29479.859375,0.937500
29480.828125,0.968750
29481.765625,0.937500
29482.703125,0.937500
29483.640625,0.937500
29484.578125,0.937500
29485.500000,0.921875
29486.390625,0.890625
29487.343750,0.953125
29488.328125,0.984375
29489.265625,0.937500
29490.234375,0.968750
29491.265625,1.031250
29492.203125,0.937500
29493.171875,0.968750
29494.140625,0.968750
29495.078125,0.937500
29496.000000,0.921875
29496.968750,0.968750
29497.890625,0.921875
29498.859375,0.968750
29499.859375,1.000000
29500.843750,0.984375
29501.812500,0.968750
29502.828125,1.015625
29503.812500,0.984375
29504.750000,0.937500
29505.750000,1.000000
29506.750000,1.000000
29507.687500,0.937500
29508.656250,0.968750
29509.656250,1.000000
29510.593750,0.937500
29511.515625,0.921875
29512.468750,0.953125
29513.453125,0.984375
29514.390625,0.937500
29515.343750,0.953125
29516.359375,1.015625
29517.328125,0.968750
29518.312500,0.984375
29519.281250,0.968750
29520.265625,0.984375
29521.187500,0.921875
29522.109375,0.921875
29523.000000,0.890625
29523.953125,0.953125
29524.859375,0.906250
29525.765625,0.906250
29526.718750,0.953125
29527.750000,1.031250
29528.750000,1.000000
29529.687500,0.937500
29530.687500,1.000000
29531.718750,1.031250
29532.703125,0.984375
29533.671875,0.968750
29534.671875,1.000000
29535.640625,0.968750
29536.562500,0.921875
29537.531250,0.968750
29538.562500,1.031250
29539.546875,0.984375
29540.515625,0.968750
29541.531250,1.015625
29542.546875,1.015625
29543.500000,0.953125
29544.484375,0.984375
29545.453125,0.968750
29546.390625,0.937500
29547.343750,0.953125
29548.312500,0.968750
29549.250000,0.937500
29550.156250,0.906250
29551.140625,0.984375
29552.250000,1.109375
29553.265625,1.015625
29554.296875,1.031250
29555.343750,1.046875
29556.312500,0.968750
29557.250000,0.937500
29558.234375,0.984375
29559.250000,1.015625
29560.203125,0.953125
29561.171875,0.968750
29562.171875,1.000000
29563.109375,0.937500
29564.000000,0.890625
29564.906250,0.906250
29570.281250,0.890625
29571.218750,0.937500
29572.203125,0.984375
29573.156250,0.953125
29574.078125,0.921875
29575.062500,0.984375
29576.000000,0.937500
29576.937500,0.937500
29577.890625,0.953125
29578.843750,0.953125
29579.750000,0.906250
29580.687500,0.937500
29581.671875,0.984375
29582.593750,0.921875
29583.515625,0.921875
29584.453125,0.937500
29585.406250,0.953125
29586.312500,0.906250
29587.250000,0.937500
29588.234375,0.984375
29589.203125,0.968750
29590.156250,0.953125
29591.156250,1.000000
29592.140625,0.984375
29593.062500,0.921875
29594.000000,0.937500
29594.953125,0.953125
29595.875000,0.921875
29596.765625,0.890625
29597.656250,0.890625
29598.546875,0.890625
29599.453125,0.906250
29600.343750,0.890625
29601.250000,0.906250
29602.281250,1.031250
29603.250000,0.968750
29604.187500,0.937500
29605.156250,0.968750
29606.109375,0.953125
29607.015625,0.906250
29607.937500,0.921875
29608.859375,0.921875
29609.765625,0.906250
29610.640625,0.875000
29611.562500,0.921875
29612.500000,0.937500
29613.390625,0.890625
29614.296875,0.906250
29615.250000,0.953125
29616.140625,0.890625
29617.046875,0.906250
29617.953125,0.906250
29618.890625,0.937500
29619.781250,0.890625
29620.671875,0.890625
29621.562500,0.890625
29622.453125,0.890625
29623.312500,0.859375
29624.171875,0.859375
29629.906250,0.796875
29630.718750,0.812500
29631.531250,0.812500
29632.359375,0.828125
29633.156250,0.796875
29633.953125,0.796875
29634.750000,0.796875
29635.531250,0.781250
29636.312500,0.781250
29637.125000,0.812500
29637.890625,0.765625
29638.718750,0.828125
29639.593750,0.875000
29640.531250,0.937500
29641.500000,0.968750
29642.468750,0.968750
29643.468750,1.000000
29644.500000,1.031250
29645.546875,1.046875
29646.515625,0.968750
29647.468750,0.953125
29648.406250,0.937500
29649.343750,0.937500
29650.234375,0.890625
29651.156250,0.921875
29652.062500,0.906250
29652.984375,0.921875
29653.890625,0.906250
29654.781250,0.890625
29655.656250,0.875000
29656.515625,0.859375
29657.421875,0.906250
29658.421875,1.000000
29659.375000,0.953125
29660.343750,0.968750
29661.328125,0.984375
29662.265625,0.937500
29663.171875,0.906250
29664.078125,0.906250
29665.031250,0.953125
29665.937500,0.906250
29666.875000,0.937500
29667.890625,1.015625
29668.953125,1.062500
29669.937500,0.984375
29670.937500,1.000000
29672.000000,1.062500
29673.046875,1.046875
29674.093750,1.046875
29675.125000,1.031250
29676.171875,1.046875
29677.125000,0.953125
29678.156250,1.031250
29679.296875,1.140625
29680.359375,1.062500
29681.437500,1.078125
29682.546875,1.109375
29683.562500,1.015625
29684.578125,1.015625
29685.609375,1.031250
29686.593750,0.984375
29687.562500,0.968750
29688.593750,1.031250
29689.562500,0.968750
29690.562500,1.000000
29691.625000,1.062500
29692.671875,1.046875
29693.640625,0.968750
29694.609375,0.968750
29695.578125,0.968750
29696.500000,0.921875
29697.437500,0.937500
29698.390625,0.953125
29699.312500,0.921875
29700.203125,0.890625
29701.109375,0.906250
29702.078125,0.968750
29702.984375,0.906250
29703.906250,0.921875
29704.843750,0.937500
29705.765625,0.921875
29706.687500,0.921875
29707.625000,0.937500
29708.562500,0.937500
29709.453125,0.890625
29710.359375,0.906250
29711.296875,0.937500
29712.187500,0.890625
29713.078125,0.890625
29714.000000,0.921875
29714.890625,0.890625
29715.781250,0.890625
29716.703125,0.921875
29717.656250,0.953125
29718.546875,0.890625
29719.500000,0.953125
29720.468750,0.968750
29721.390625,0.921875
29722.281250,0.890625
29723.203125,0.921875
29724.156250,0.953125
29725.078125,0.921875
29726.031250,0.953125
29727.046875,1.015625
29728.015625,0.968750
29729.000000,0.984375
29729.937500,0.937500
29730.859375,0.921875
29731.734375,0.875000
29732.656250,0.921875
29733.640625,0.984375
29734.640625,1.000000
29735.593750,0.953125
29736.593750,1.000000
29737.562500,0.968750
29738.468750,0.906250
29739.437500,0.968750
29740.453125,1.015625
29741.390625,0.937500
29742.343750,0.953125
29743.359375,1.015625
29744.343750,0.984375
29745.281250,0.937500
29746.250000,0.968750
29747.203125,0.953125
29748.125000,0.921875
29749.046875,0.921875
29749.968750,0.921875
29750.875000,0.906250
29751.750000,0.875000
29752.656250,0.906250
29753.531250,0.875000
29754.390625,0.859375
29755.250000,0.859375
29756.125000,0.875000
29757.000000,0.875000
29757.875000,0.875000
29758.781250,0.906250
29759.703125,0.921875
29760.593750,0.890625
29761.484375,0.890625
29762.406250,0.921875
29763.312500,0.906250
29764.234375,0.921875
29765.187500,0.953125
29766.156250,0.968750
29767.062500,0.906250
29767.984375,0.921875
29768.937500,0.953125
29769.890625,0.953125
29770.796875,0.906250
29771.765625,0.968750
29772.765625,1.000000
29773.718750,0.953125
29774.671875,0.953125
29775.625000,0.953125
29776.531250,0.906250
29777.421875,0.890625
29778.312500,0.890625
29779.140625,0.828125
29779.968750,0.828125
29780.812500,0.843750
29781.671875,0.859375
29782.531250,0.859375
29783.421875,0.890625
29784.390625,0.968750
29785.421875,1.031250
29786.375000,0.953125
29787.343750,0.968750
29788.312500,0.968750
29789.234375,0.921875
29790.187500,0.953125
29791.187500,1.000000
29792.187500,1.000000
29793.125000,0.937500
29794.078125,0.953125
29795.078125,1.000000
29796.015625,0.937500
29796.968750,0.953125
29798.015625,1.046875
29799.125000,1.109375
29800.109375,0.984375
29801.078125,0.968750
29802.093750,1.015625
29803.125000,1.031250
29804.093750,0.968750
29805.046875,0.953125
29806.046875,1.000000
29807.125000,1.078125
29808.109375,0.984375
29809.093750,0.984375
29810.140625,1.046875
29811.171875,1.031250
29812.125000,0.953125
29813.125000,1.000000
29814.187500,1.062500
29815.203125,1.015625
29816.171875,0.968750
29817.218750,1.046875
29818.312500,1.093750
29819.343750,1.031250
29820.343750,1.000000
29821.390625,1.046875
29822.390625,1.000000
29823.343750,0.953125
29824.296875,0.953125
29825.281250,0.984375
29826.218750,0.937500
29827.125000,0.906250
29828.062500,0.937500
29829.031250,0.968750
29830.015625,0.984375
29830.937500,0.921875
29831.921875,0.984375
29832.968750,1.046875
29833.937500,0.968750
29834.890625,0.953125
29835.859375,0.968750
29836.828125,0.968750
29837.796875,0.968750
29838.750000,0.953125
29839.750000,1.000000
29840.734375,0.984375
29841.703125,0.968750
29842.703125,1.000000
29843.734375,1.031250
29844.687500,0.953125
29845.593750,0.906250
29846.546875,0.953125
29847.500000,0.953125
29848.406250,0.906250
29849.343750,0.937500
29850.312500,0.968750
29851.234375,0.921875
29852.140625,0.906250
29853.078125,0.937500
29854.031250,0.953125
29854.953125,0.921875
29855.875000,0.921875
29856.781250,0.906250
29857.671875,0.890625
29858.562500,0.890625
29859.468750,0.906250
29860.390625,0.921875
29861.265625,0.875000
29862.187500,0.921875
29863.140625,0.953125
29864.062500,0.921875
29864.953125,0.890625
29865.859375,0.906250
29866.781250,0.921875
29867.671875,0.890625
29868.562500,0.890625
29869.484375,0.921875
29870.375000,0.890625
29871.250000,0.875000
29872.140625,0.890625
29873.062500,0.921875
29873.953125,0.890625
29874.859375,0.906250
29875.750000,0.890625
29876.640625,0.890625
29877.531250,0.890625
29878.421875,0.890625
29879.312500,0.890625
29880.265625,0.953125
29881.218750,0.953125
29882.140625,0.921875
29883.078125,0.937500
29884.031250,0.953125
29884.953125,0.921875
29885.875000,0.921875
29886.828125,0.953125
29887.796875,0.968750
29888.703125,0.906250
29889.625000,0.921875
29890.562500,0.937500
29891.500000,0.937500
29892.406250,0.906250
29893.312500,0.906250
29894.218750,0.906250
29895.140625,0.921875
29896.031250,0.890625
29896.953125,0.921875
29897.921875,0.968750
29898.859375,0.937500
29899.812500,0.953125
29900.765625,0.953125
29901.734375,0.968750
29902.640625,0.906250
29903.578125,0.937500
29904.546875,0.968750
29905.484375,0.937500
29906.406250,0.921875
29907.296875,0.890625
29908.187500,0.890625
29909.046875,0.859375
29909.906250,0.859375
29910.828125,0.921875
29911.734375,0.906250
29912.640625,0.906250
29913.578125,0.937500
29914.515625,0.937500
29915.390625,0.875000
29916.312500,0.921875
29917.281250,0.968750
29918.203125,0.921875
29919.109375,0.906250
29920.046875,0.937500
29920.968750,0.921875
29921.890625,0.921875
29922.812500,0.921875
29923.750000,0.937500
29924.687500,0.937500
29925.609375,0.921875
29926.531250,0.921875
29927.484375,0.953125
29928.390625,0.906250
29929.312500,0.921875
29930.250000,0.937500
29931.187500,0.937500
29932.109375,0.921875
29933.046875,0.937500
29934.031250,0.984375
29934.968750,0.937500
29935.937500,0.968750
29936.906250,0.968750
29937.843750,0.937500
29938.734375,0.890625
29939.640625,0.906250
29940.546875,0.906250
29941.421875,0.875000
29942.312500,0.890625
29943.203125,0.890625
29944.171875,0.968750
29945.093750,0.921875
29946.015625,0.921875
29946.937500,0.921875
29947.843750,0.906250
29948.734375,0.890625
29949.640625,0.906250
29950.546875,0.906250
29951.453125,0.906250
29952.359375,0.906250
29953.281250,0.921875
29954.218750,0.937500
29955.125000,0.906250
29956.078125,0.953125
29957.031250,0.953125
29957.968750,0.937500
29958.843750,0.875000
29959.750000,0.906250
29960.656250,0.906250
29961.531250,0.875000
29962.390625,0.859375
29963.296875,0.906250
29964.218750,0.921875
29965.109375,0.890625
29966.015625,0.906250
29966.937500,0.921875
29967.843750,0.906250
29968.718750,0.875000
29969.625000,0.906250
29970.546875,0.921875
29971.421875,0.875000
29972.296875,0.875000
29973.187500,0.890625
29974.062500,0.875000
29974.921875,0.859375
29975.796875,0.875000
29976.703125,0.906250
29977.609375,0.906250
29978.484375,0.875000
29979.406250,0.921875
29980.328125,0.921875
29981.203125,0.875000
29982.109375,0.906250
29983.031250,0.921875
29983.953125,0.921875
29984.828125,0.875000
29985.718750,0.890625
29986.625000,0.906250
29987.515625,0.890625
29988.406250,0.890625
29989.312500,0.906250
29990.203125,0.890625
29991.093750,0.890625
29992.015625,0.921875
29992.953125,0.937500
29993.843750,0.890625
29994.718750,0.875000
29995.640625,0.921875
29996.578125,0.937500
29997.468750,0.890625
29998.359375,0.890625
29999.250000,0.890625
30000.156250,0.906250
30001.031250,0.875000
30001.937500,0.906250
30002.859375,0.921875
30003.781250,0.921875
30004.656250,0.875000
30005.562500,0.906250
30006.484375,0.921875
30007.390625,0.906250
30008.312500,0.921875
30009.250000,0.937500
30010.203125,0.953125
30011.125000,0.921875
30012.062500,0.937500
30013.031250,0.968750
30013.968750,0.937500
30014.890625,0.921875
30015.843750,0.953125
30016.796875,0.953125
30017.718750,0.921875
30018.640625,0.921875
30019.593750,0.953125
30020.546875,0.953125
30021.453125,0.906250
30022.406250,0.953125
30023.359375,0.953125
30024.296875,0.937500
30025.187500,0.890625
30026.109375,0.921875
30027.046875,0.937500
30027.968750,0.921875
30028.875000,0.906250
30029.828125,0.953125
30030.765625,0.937500
30031.640625,0.875000
30032.578125,0.937500
30033.531250,0.953125
30034.468750,0.937500
30035.406250,0.937500
30036.328125,0.921875
30037.250000,0.921875
30038.156250,0.906250
30039.093750,0.937500
30040.062500,0.968750
30041.015625,0.953125
30041.968750,0.953125
30042.984375,1.015625
30044.000000,1.015625
30044.953125,0.953125
30045.875000,0.921875
30046.812500,0.937500
30047.750000,0.937500
30048.656250,0.906250
30049.609375,0.953125
30050.578125,0.968750
30051.515625,0.937500
30052.468750,0.953125
30053.437500,0.968750
30054.390625,0.953125
30055.312500,0.921875
30056.250000,0.937500
30057.203125,0.953125
30058.125000,0.921875
30059.000000,0.875000
30059.890625,0.890625
30060.781250,0.890625
30061.640625,0.859375
30062.500000,0.859375
30063.390625,0.890625
30064.312500,0.921875
30065.218750,0.906250
30066.093750,0.875000
30066.968750,0.875000
30067.859375,0.890625
30068.703125,0.843750
30069.562500,0.859375
30070.421875,0.859375
30071.296875,0.875000
30072.140625,0.843750
30073.031250,0.890625
30073.953125,0.921875
30074.875000,0.921875
30075.765625,0.890625
30076.718750,0.953125
30077.671875,0.953125
30078.593750,0.921875
30079.500000,0.906250
30080.453125,0.953125
30081.390625,0.937500
30082.281250,0.890625
30083.171875,0.890625
30084.046875,0.875000
30084.921875,0.875000
30085.781250,0.859375
30086.656250,0.875000
30087.546875,0.890625
30088.390625,0.843750
30089.265625,0.875000
30090.156250,0.890625
30091.031250,0.875000
30091.890625,0.859375
30092.781250,0.890625
30093.703125,0.921875
30094.593750,0.890625
30095.500000,0.906250
30096.453125,0.953125
30097.359375,0.906250
30098.234375,0.875000
30099.156250,0.921875
30100.078125,0.921875
30100.984375,0.906250
30101.859375,0.875000
30102.750000,0.890625
30103.671875,0.921875
30104.562500,0.890625
30105.468750,0.906250
30106.390625,0.921875
30107.296875,0.906250
30108.171875,0.875000
30109.046875,0.875000
30109.953125,0.906250
30110.843750,0.890625
30111.687500,0.843750
30112.562500,0.875000
30113.484375,0.921875
30114.375000,0.890625
30115.234375,0.859375
30116.125000,0.890625
30117.015625,0.890625
30117.859375,0.843750
30118.734375,0.875000
30119.625000,0.890625
30120.500000,0.875000
30121.359375,0.859375
30122.234375,0.875000
30123.140625,0.906250
30124.000000,0.859375
30124.843750,0.843750
30125.718750,0.875000
30126.593750,0.875000
30127.421875,0.828125
30128.265625,0.843750
30129.125000,0.859375
30129.984375,0.859375
30130.828125,0.843750
30131.687500,0.859375
30132.578125,0.890625
30133.468750,0.890625
30134.328125,0.859375
30135.203125,0.875000
30136.140625,0.937500
30137.031250,0.890625
30137.906250,0.875000
30138.796875,0.890625
30139.718750,0.921875
30140.593750,0.875000
30141.437500,0.843750
30142.296875,0.859375
30143.203125,0.906250
30144.078125,0.875000
30144.921875,0.843750
30145.765625,0.843750
30146.625000,0.859375
30147.484375,0.859375
30148.375000,0.890625
30149.296875,0.921875
30150.281250,0.984375
30151.203125,0.921875
30152.156250,0.953125
30153.140625,0.984375
30154.109375,0.968750
30155.031250,0.921875
30155.968750,0.937500
30156.968750,1.000000
30157.890625,0.921875
30158.859375,0.968750
30159.843750,0.984375
30160.812500,0.968750
30161.734375,0.921875
30162.671875,0.937500
30163.625000,0.953125
30164.531250,0.906250
30165.406250,0.875000
30166.312500,0.906250
30167.187500,0.875000
30168.031250,0.843750
30168.906250,0.875000
30169.812500,0.906250
30170.687500,0.875000
30171.546875,0.859375
30172.390625,0.843750
30173.250000,0.859375
30174.109375,0.859375
30174.968750,0.859375
30175.875000,0.906250
30176.812500,0.937500
30177.781250,0.968750
30178.703125,0.921875
30179.625000,0.921875
30180.609375,0.984375
30181.562500,0.953125
30182.468750,0.906250
30183.359375,0.890625
30184.265625,0.906250
30185.140625,0.875000
30186.015625,0.875000
30186.921875,0.906250
30187.828125,0.906250
30188.703125,0.875000
30189.593750,0.890625
30190.500000,0.906250
30191.375000,0.875000
30192.218750,0.843750
30193.093750,0.875000
30193.984375,0.890625
30194.875000,0.890625
30195.734375,0.859375
30196.609375,0.875000
30197.500000,0.890625
30198.375000,0.875000
30199.250000,0.875000
30200.140625,0.890625
30201.000000,0.859375
30201.875000,0.875000
30202.796875,0.921875
30203.703125,0.906250
30204.578125,0.875000
30205.484375,0.906250
30206.406250,0.921875
30207.296875,0.890625
30208.156250,0.859375
30209.046875,0.890625
30209.953125,0.906250
30210.843750,0.890625
30211.765625,0.921875
30212.703125,0.937500
30213.625000,0.921875
30214.500000,0.875000
30215.406250,0.906250
30216.359375,0.953125
30217.296875,0.937500
30218.234375,0.937500
30219.187500,0.953125
30220.171875,0.984375
30221.093750,0.921875
30222.015625,0.921875
30222.953125,0.937500
30223.890625,0.937500
30224.796875,0.906250
30225.750000,0.953125
30226.750000,1.000000
30227.687500,0.937500
30228.625000,0.937500
30229.593750,0.968750
30230.515625,0.921875
30231.406250,0.890625
30232.312500,0.906250
30233.250000,0.937500
30234.171875,0.921875
30235.031250,0.859375
30235.921875,0.890625
30236.812500,0.890625
30237.687500,0.875000
30238.546875,0.859375
30239.421875,0.875000
30240.312500,0.890625
30241.187500,0.875000
30242.046875,0.859375
30242.906250,0.859375
30243.781250,0.875000
30244.625000,0.843750
30245.500000,0.875000
30246.375000,0.875000
30247.250000,0.875000
30248.125000,0.875000
30249.031250,0.906250
30249.953125,0.921875
30250.843750,0.890625
30251.734375,0.890625
30252.625000,0.890625
30253.531250,0.906250
30254.421875,0.890625
30255.328125,0.906250
30256.250000,0.921875
30257.234375,0.984375
30258.187500,0.953125
30259.125000,0.937500
30260.093750,0.968750
30261.046875,0.953125
30261.968750,0.921875
30262.921875,0.953125
30263.906250,0.984375
30264.843750,0.937500
30265.765625,0.921875
30266.734375,0.968750
30267.687500,0.953125
30268.578125,0.890625
30269.500000,0.921875
30270.468750,0.968750
30271.390625,0.921875
30272.281250,0.890625
30273.187500,0.906250
30274.062500,0.875000
30274.937500,0.875000
30275.812500,0.875000
30276.687500,0.875000
30277.562500,0.875000
30278.390625,0.828125
30279.250000,0.859375
30280.140625,0.890625
30281.015625,0.875000
30281.875000,0.859375
30282.765625,0.890625
30283.656250,0.890625
30284.515625,0.859375
30285.406250,0.890625
30286.312500,0.906250
30287.187500,0.875000
30288.031250,0.843750
30288.921875,0.890625
30289.828125,0.906250
30290.734375,0.906250
30291.609375,0.875000
30292.515625,0.906250
30293.421875,0.906250
30294.296875,0.875000
30295.187500,0.890625
30296.093750,0.906250
30296.984375,0.890625
30297.875000,0.890625
30298.812500,0.937500
30299.703125,0.890625
30300.609375,0.906250
30301.468750,0.859375
30302.359375,0.890625
30303.281250,0.921875
30304.171875,0.890625
30305.046875,0.875000
30305.937500,0.890625
30306.843750,0.906250
30307.718750,0.875000
30308.578125,0.859375
30309.453125,0.875000
30310.375000,0.921875
30311.250000,0.875000
30312.109375,0.859375
30313.015625,0.906250
30313.906250,0.890625
30314.781250,0.875000
30315.703125,0.921875
30316.640625,0.937500
30317.546875,0.906250
30318.421875,0.875000
30319.312500,0.890625
30320.218750,0.906250
30321.093750,0.875000
30321.968750,0.875000
30322.859375,0.890625
30323.734375,0.875000
30324.578125,0.843750
30325.437500,0.859375
30326.296875,0.859375
30327.140625,0.843750
30327.968750,0.828125
30328.781250,0.812500
30329.593750,0.812500
30330.421875,0.828125
30331.234375,0.812500
30332.062500,0.828125
30332.875000,0.812500
30333.687500,0.812500
30334.500000,0.812500
30335.421875,0.921875
30336.343750,0.921875
30337.281250,0.937500
30338.234375,0.953125
30339.250000,1.015625
30340.234375,0.984375
30341.203125,0.968750
30342.171875,0.968750
30343.156250,0.984375
30344.109375,0.953125
30345.015625,0.906250
30345.968750,0.953125
30346.937500,0.968750
30347.859375,0.921875
30348.796875,0.937500
30349.734375,0.937500
30350.703125,0.968750
30351.656250,0.953125
30352.578125,0.921875
30353.531250,0.953125
30354.546875,1.015625
30355.484375,0.937500
30356.406250,0.921875
30357.359375,0.953125
30358.296875,0.937500
30359.218750,0.921875
30360.140625,0.921875
30361.093750,0.953125
30362.046875,0.953125
30362.953125,0.906250
30363.843750,0.890625
30364.765625,0.921875
30365.656250,0.890625
30366.515625,0.859375
30367.390625,0.875000
30368.312500,0.921875
30369.203125,0.890625
30370.062500,0.859375
30370.953125,0.890625
30371.875000,0.921875
30372.765625,0.890625
30373.625000,0.859375
30374.531250,0.906250
30375.437500,0.906250
30376.312500,0.875000
30377.187500,0.875000
30378.093750,0.906250
30379.000000,0.906250
30379.875000,0.875000
30380.750000,0.875000
30381.640625,0.890625
30382.515625,0.875000
30383.359375,0.843750
30384.234375,0.875000
30385.125000,0.890625
30385.984375,0.859375
30386.828125,0.843750
30387.687500,0.859375
30388.546875,0.859375
30389.390625,0.843750
30390.250000,0.859375
30391.171875,0.921875
30392.062500,0.890625
30392.937500,0.875000
30393.843750,0.906250
30394.765625,0.921875
30395.640625,0.875000
30396.531250,0.890625
30397.453125,0.921875
30398.390625,0.937500
30399.281250,0.890625
30400.218750,0.937500
30401.187500,0.968750
30402.125000,0.937500
30403.046875,0.921875
30404.015625,0.968750
30405.015625,1.000000
30405.953125,0.937500
30406.890625,0.937500
30407.828125,0.937500
30408.750000,0.921875
30409.640625,0.890625
30410.578125,0.937500
30411.500000,0.921875
30412.437500,0.937500
30413.359375,0.921875
30414.312500,0.953125
30415.265625,0.953125
30416.218750,0.953125
30417.109375,0.890625
30418.015625,0.906250
30418.937500,0.921875
30419.828125,0.890625
30420.703125,0.875000
30421.593750,0.890625
30422.531250,0.937500
30423.453125,0.921875
30424.359375,0.906250
30425.296875,0.937500
30426.281250,0.984375
30427.250000,0.968750
30428.203125,0.953125
30429.187500,0.984375
30430.156250,0.968750
30431.046875,0.890625
30431.968750,0.921875
30432.890625,0.921875
30433.812500,0.921875
30434.703125,0.890625
30435.593750,0.890625
30436.500000,0.906250
30437.390625,0.890625
30438.281250,0.890625
30439.187500,0.906250
30440.093750,0.906250
30440.984375,0.890625
30441.875000,0.890625
30442.781250,0.906250
30443.703125,0.921875
30444.593750,0.890625
30445.453125,0.859375
30446.328125,0.875000
30447.203125,0.875000
30448.046875,0.843750
30448.906250,0.859375
30449.781250,0.875000
30450.656250,0.875000
30451.515625,0.859375
30452.406250,0.890625
30453.328125,0.921875
30454.218750,0.890625
30455.109375,0.890625
30456.031250,0.921875
30456.953125,0.921875
30457.859375,0.906250
30458.796875,0.937500
30459.734375,0.937500
30460.671875,0.937500
30461.578125,0.906250
30462.500000,0.921875
30463.421875,0.921875
30464.296875,0.875000
30465.218750,0.921875
30466.171875,0.953125
30467.125000,0.953125
30468.046875,0.921875
30469.000000,0.953125
30470.015625,1.015625
30470.968750,0.953125
30471.906250,0.937500
30472.890625,0.984375
30473.859375,0.968750
30474.765625,0.906250
30475.687500,0.921875
30476.640625,0.953125
30477.546875,0.906250
30478.453125,0.906250
30479.375000,0.921875
30480.328125,0.953125
30481.234375,0.906250
30482.140625,0.906250
30483.093750,0.953125
30484.015625,0.921875
30484.906250,0.890625
30485.796875,0.890625
30486.734375,0.937500
30487.625000,0.890625
30488.546875,0.921875
30489.468750,0.921875
30490.390625,0.921875
30491.265625,0.875000
30492.171875,0.906250
30493.140625,0.968750
30494.062500,0.921875
30494.984375,0.921875
30495.921875,0.937500
30496.859375,0.937500
30497.750000,0.890625
30498.640625,0.890625
30499.546875,0.906250
30500.406250,0.859375
30501.281250,0.875000
30502.140625,0.859375
30503.031250,0.890625
30503.906250,0.875000
30504.796875,0.890625
30505.718750,0.921875
30506.593750,0.875000
30507.468750,0.875000
30508.343750,0.875000
30509.250000,0.906250
30510.109375,0.859375
30510.968750,0.859375
30511.859375,0.890625
30512.765625,0.906250
30513.625000,0.859375
30514.531250,0.906250
30515.468750,0.937500
30516.375000,0.906250
30517.265625,0.890625
30518.203125,0.937500
30519.156250,0.953125
30520.062500,0.906250
30520.968750,0.906250
30521.906250,0.937500
30522.843750,0.937500
30523.718750,0.875000
30524.625000,0.906250
30525.562500,0.937500
30526.484375,0.921875
30527.390625,0.906250
30528.312500,0.921875
30529.250000,0.937500
30530.156250,0.906250
30531.031250,0.875000
30531.906250,0.875000
30532.828125,0.921875
30533.734375,0.906250
30534.593750,0.859375
30535.484375,0.890625
30536.406250,0.921875
30537.328125,0.921875
30538.203125,0.875000
30539.125000,0.921875
30540.078125,0.953125
30540.984375,0.906250
30541.906250,0.921875
30542.828125,0.921875
30543.750000,0.921875
30544.625000,0.875000
30545.500000,0.875000
30546.390625,0.890625
30547.265625,0.875000
30548.109375,0.843750
30548.968750,0.859375
30549.843750,0.875000
30550.687500,0.843750
30551.562500,0.875000
30552.468750,0.906250
30553.390625,0.921875
30554.281250,0.890625
30555.187500,0.906250
30556.109375,0.921875
30557.000000,0.890625
30557.859375,0.859375
30558.718750,0.859375
30559.593750,0.875000
30560.453125,0.859375
30561.359375,0.906250
30562.265625,0.906250
30563.156250,0.890625
30564.031250,0.875000
30564.937500,0.906250
30565.875000,0.937500
30566.765625,0.890625
30567.625000,0.859375
30568.484375,0.859375
30569.343750,0.859375
30570.156250,0.812500
30571.000000,0.843750
30571.890625,0.890625
30572.796875,0.906250
30573.703125,0.906250
30574.625000,0.921875
30575.593750,0.968750
30576.546875,0.953125
30577.468750,0.921875
30578.406250,0.937500
30579.343750,0.937500
30580.250000,0.906250
30581.187500,0.937500
30582.140625,0.953125
30583.093750,0.953125
30583.984375,0.890625
30584.890625,0.906250
30585.828125,0.937500
30586.734375,0.906250
30587.640625,0.906250
30588.578125,0.937500
30589.500000,0.921875
30590.375000,0.875000
30591.265625,0.890625
30592.171875,0.906250
30593.078125,0.906250
30593.953125,0.875000
30594.843750,0.890625
30595.734375,0.890625
30596.625000,0.890625
30597.515625,0.890625
30598.421875,0.906250
30599.359375,0.937500
30600.265625,0.906250
30601.187500,0.921875
30602.125000,0.937500
30603.078125,0.953125
30603.984375,0.906250
30604.875000,0.890625
30605.781250,0.906250
30606.687500,0.906250
30607.562500,0.875000
30608.453125,0.890625
30609.375000,0.921875
30610.281250,0.906250
30611.171875,0.890625
30612.093750,0.921875
30613.078125,0.984375
30614.000000,0.921875
30614.906250,0.906250
30615.843750,0.937500
30616.812500,0.968750
30617.734375,0.921875
30618.671875,0.937500
30619.625000,0.953125
30620.546875,0.921875
30621.453125,0.906250
30622.406250,0.953125
30623.359375,0.953125
30624.250000,0.890625
30625.156250,0.906250
30626.062500,0.906250
30626.953125,0.890625
30627.828125,0.875000
30628.718750,0.890625
30629.640625,0.921875
30630.531250,0.890625
30631.421875,0.890625
30632.359375,0.937500
30633.312500,0.953125
30634.203125,0.890625
30635.109375,0.906250
30636.046875,0.937500
30636.953125,0.906250
30637.843750,0.890625
30638.734375,0.890625
30639.640625,0.906250
30640.500000,0.859375
30641.343750,0.843750
30642.234375,0.890625
30643.140625,0.906250
30644.015625,0.875000
30644.859375,0.843750
30645.734375,0.875000
30646.609375,0.875000
30647.437500,0.828125
30648.281250,0.843750
30649.156250,0.875000
30650.015625,0.859375
30650.859375,0.843750
30651.734375,0.875000
30652.609375,0.875000
30653.468750,0.859375
30654.343750,0.875000
30655.234375,0.890625
30656.093750,0.859375
30656.921875,0.828125
30657.781250,0.859375
30658.671875,0.890625
30659.531250,0.859375
30660.375000,0.843750
30661.234375,0.859375
30662.125000,0.890625
30663.015625,0.890625
30663.875000,0.859375
30664.765625,0.890625
30665.687500,0.921875
30666.578125,0.890625
30667.468750,0.890625
30668.390625,0.921875
30669.296875,0.906250
30670.140625,0.843750
30671.000000,0.859375
30671.875000,0.875000
30672.718750,0.843750
30673.562500,0.843750
30674.421875,0.859375
30675.343750,0.921875
30676.203125,0.859375
30677.062500,0.859375
30677.921875,0.859375
30678.781250,0.859375
30679.625000,0.843750
30680.468750,0.843750
30681.328125,0.859375
30682.187500,0.859375
30683.031250,0.843750
30683.890625,0.859375
30684.781250,0.890625
30685.687500,0.906250
30686.578125,0.890625
30687.500000,0.921875
30688.453125,0.953125
30689.359375,0.906250
30690.265625,0.906250
30691.171875,0.906250
30692.078125,0.906250
30692.968750,0.890625
30693.859375,0.890625
30694.796875,0.937500
30695.703125,0.906250
30696.578125,0.875000
30697.453125,0.875000
30698.375000,0.921875
30699.250000,0.875000
30700.109375,0.859375
30701.000000,0.890625
30701.921875,0.921875
30702.828125,0.906250
30703.718750,0.890625
30704.625000,0.906250
30705.546875,0.921875
30706.421875,0.875000
30707.312500,0.890625
30708.234375,0.921875
30709.109375,0.875000
30709.968750,0.859375
30710.843750,0.875000
30711.765625,0.921875
30712.656250,0.890625
30713.546875,0.890625
30714.453125,0.906250
30715.406250,0.953125
30716.312500,0.906250
30717.234375,0.921875
30718.140625,0.906250
30719.078125,0.937500
30719.953125,0.875000
30720.859375,0.906250
30721.765625,0.906250
30722.703125,0.937500
30723.593750,0.890625
30724.500000,0.906250
30725.421875,0.921875
30726.312500,0.890625
30727.187500,0.875000
30728.093750,0.906250
30729.015625,0.921875
30729.890625,0.875000
30730.812500,0.921875
30731.765625,0.953125
30732.718750,0.953125
30733.593750,0.875000
30734.531250,0.937500
30735.484375,0.953125
30736.390625,0.906250
30737.265625,0.875000
30738.156250,0.890625
30739.046875,0.890625
30739.906250,0.859375
30740.781250,0.875000
30741.656250,0.875000
30742.515625,0.859375
30743.359375,0.843750
30744.218750,0.859375
30745.109375,0.890625
30745.968750,0.859375
30746.828125,0.859375
30747.718750,0.890625
30748.671875,0.953125
30749.562500,0.890625
30750.453125,0.890625
30751.343750,0.890625
30752.234375,0.890625
30753.109375,0.875000
30754.000000,0.890625
30754.921875,0.921875
30755.796875,0.875000
30756.671875,0.875000
30757.578125,0.906250
30758.500000,0.921875
30759.390625,0.890625
30760.265625,0.875000
30761.187500,0.921875
30762.125000,0.937500
30763.015625,0.890625
30763.921875,0.906250
30764.890625,0.968750
30765.812500,0.921875
30766.671875,0.859375
30767.562500,0.890625
30768.468750,0.906250
30769.343750,0.875000
30770.203125,0.859375
30771.062500,0.859375
30771.953125,0.890625
30772.796875,0.843750
30773.625000,0.828125
30774.437500,0.812500
30775.265625,0.828125
30776.093750,0.828125
30776.890625,0.796875
30777.781250,0.890625
30778.796875,1.015625
30779.765625,0.968750
30780.718750,0.953125
30781.718750,1.000000
30782.687500,0.968750
30783.578125,0.890625
30784.484375,0.906250
30785.406250,0.921875
30786.296875,0.890625
30787.171875,0.875000
30788.078125,0.906250
30789.000000,0.921875
30789.875000,0.875000
30790.796875,0.921875
30791.734375,0.937500
30792.640625,0.906250
30793.546875,0.906250
30794.468750,0.921875
30795.375000,0.906250
30796.234375,0.859375
30797.125000,0.890625
30798.015625,0.890625
30798.890625,0.875000
30799.734375,0.843750
30800.625000,0.890625
30801.500000,0.875000
30802.359375,0.859375
30803.234375,0.875000
30804.140625,0.906250
30805.031250,0.890625
30805.890625,0.859375
30806.796875,0.906250
30807.734375,0.937500
30808.609375,0.875000
30809.515625,0.906250
30810.453125,0.937500
30811.375000,0.921875
30812.265625,0.890625
30813.171875,0.906250
30814.109375,0.937500
30815.015625,0.906250
30815.921875,0.906250
30816.843750,0.921875
30817.750000,0.906250
30818.625000,0.875000
30819.531250,0.906250
30820.453125,0.921875
30821.359375,0.906250
30822.250000,0.890625
30823.187500,0.937500
30824.109375,0.921875
30824.984375,0.875000
30825.875000,0.890625
30826.796875,0.921875
30827.656250,0.859375
30828.515625,0.859375
30829.406250,0.890625
30830.343750,0.937500
30831.234375,0.890625
30832.156250,0.921875
30833.062500,0.906250
30833.984375,0.921875
30834.859375,0.875000
30835.750000,0.890625
30836.703125,0.953125
30837.609375,0.906250
30838.515625,0.906250
30839.437500,0.921875
30840.359375,0.921875
30841.234375,0.875000
30842.140625,0.906250
30843.078125,0.937500
30843.984375,0.906250
30844.875000,0.890625
30845.796875,0.921875
30846.734375,0.937500
30847.609375,0.875000
30848.515625,0.906250
30849.437500,0.921875
30850.359375,0.921875
30851.234375,0.875000
30852.140625,0.906250
30853.046875,0.906250
30853.968750,0.921875
30854.843750,0.875000
30855.734375,0.890625
30856.671875,0.937500
30857.578125,0.906250
30858.453125,0.875000
30859.343750,0.890625
30860.218750,0.875000
30861.093750,0.875000
30861.984375,0.890625
30862.875000,0.890625
30863.781250,0.906250
30864.671875,0.890625
30865.609375,0.937500
30866.593750,0.984375
30867.515625,0.921875
30868.406250,0.890625
30869.312500,0.906250
30870.218750,0.906250
30871.078125,0.859375
30871.937500,0.859375
30872.812500,0.875000
30873.703125,0.890625
30874.562500,0.859375
30875.453125,0.890625
30876.375000,0.921875
30877.281250,0.906250
30878.156250,0.875000
30879.046875,0.890625
30879.953125,0.906250
30880.843750,0.890625
30881.718750,0.875000
30882.609375,0.890625
30883.546875,0.937500
30884.421875,0.875000
30885.312500,0.890625
30886.203125,0.890625
30887.078125,0.875000
30887.953125,0.875000
30888.812500,0.859375
30889.687500,0.875000
30890.593750,0.906250
30891.453125,0.859375
30892.328125,0.875000
30893.203125,0.875000
30894.078125,0.875000
30894.921875,0.843750
30895.812500,0.890625
30896.687500,0.875000
30897.531250,0.843750
30898.390625,0.859375
30899.296875,0.906250
30900.187500,0.890625
30901.031250,0.843750
30901.890625,0.859375
30902.796875,0.906250
30903.687500,0.890625
30904.562500,0.875000
30905.484375,0.921875
30906.437500,0.953125
30907.328125,0.890625
30908.218750,0.890625
30909.140625,0.921875
30910.062500,0.921875
30910.937500,0.875000
30911.828125,0.890625
30912.750000,0.921875
30913.625000,0.875000
30914.468750,0.843750
30915.359375,0.890625
30916.234375,0.875000
30917.109375,0.875000
30917.984375,0.875000
30918.875000,0.890625
30919.828125,0.953125
30920.718750,0.890625
30921.609375,0.890625
30922.531250,0.921875
30923.421875,0.890625
30924.281250,0.859375
30925.156250,0.875000
30926.062500,0.906250
30926.984375,0.921875
30927.859375,0.875000
30928.750000,0.890625
30929.656250,0.906250
30930.531250,0.875000
30931.390625,0.859375
30932.265625,0.875000
30933.140625,0.875000
30934.031250,0.890625
30934.921875,0.890625
30935.890625,0.968750
30936.828125,0.937500
30937.703125,0.875000
30938.609375,0.906250
30939.515625,0.906250
30940.406250,0.890625
30941.281250,0.875000
30942.171875,0.890625
30943.093750,0.921875
30943.984375,0.890625
30944.890625,0.906250
30945.828125,0.937500
30946.718750,0.890625
30947.609375,0.890625
30948.515625,0.906250
30949.421875,0.906250
30950.250000,0.828125
30951.125000,0.875000
30951.984375,0.859375
30952.843750,0.859375
30953.671875,0.828125
30954.531250,0.859375
30955.375000,0.843750
30956.218750,0.843750
30957.109375,0.890625
30958.000000,0.890625
30958.937500,0.937500
30959.828125,0.890625
30960.765625,0.937500
30961.734375,0.968750
30962.640625,0.906250
30963.546875,0.906250
30964.437500,0.890625
30965.328125,0.890625
30966.171875,0.843750
30967.031250,0.859375
30967.875000,0.843750
30968.734375,0.859375
30969.546875,0.812500
30970.406250,0.859375
30971.312500,0.906250
30972.203125,0.890625
30973.062500,0.859375
30973.984375,0.921875
30974.953125,0.968750
30975.843750,0.890625
30976.718750,0.875000
30977.578125,0.859375
30978.484375,0.906250
30979.359375,0.875000
30980.234375,0.875000
30981.171875,0.937500
30982.125000,0.953125
30983.031250,0.906250
30983.968750,0.937500
30984.937500,0.968750
30985.859375,0.921875
30986.796875,0.937500
30987.750000,0.953125
30988.671875,0.921875
30989.546875,0.875000
30990.437500,0.890625
30991.343750,0.906250
30992.234375,0.890625
30993.093750,0.859375
30993.968750,0.875000
30994.859375,0.890625
30995.718750,0.859375
30996.625000,0.906250
30997.562500,0.937500
30998.468750,0.906250
30999.359375,0.890625
31000.265625,0.906250
31001.171875,0.906250
31002.046875,0.875000
31002.937500,0.890625
31003.812500,0.875000
31004.703125,0.890625
31005.562500,0.859375
31006.468750,0.906250
31007.390625,0.921875
31008.281250,0.890625
31009.171875,0.890625
31010.093750,0.921875
31011.015625,0.921875
31011.890625,0.875000
31012.781250,0.890625
31013.703125,0.921875
31014.609375,0.906250
31015.468750,0.859375
31016.359375,0.890625
31017.281250,0.921875
31018.187500,0.906250
31019.062500,0.875000
31019.968750,0.906250
31020.875000,0.906250
31021.765625,0.890625
31022.656250,0.890625
31023.562500,0.906250
31024.484375,0.921875
31025.375000,0.890625
31026.312500,0.937500
31027.250000,0.937500
31028.156250,0.906250
31029.046875,0.890625
31029.953125,0.906250
31030.890625,0.937500
31031.796875,0.906250
31032.687500,0.890625
31033.625000,0.937500
31034.562500,0.937500
31035.437500,0.875000
31036.343750,0.906250
31037.250000,0.906250
31038.125000,0.875000
31038.968750,0.843750
31039.812500,0.843750
31040.687500,0.875000
31041.562500,0.875000
31042.390625,0.828125
31043.234375,0.843750
31044.156250,0.921875
31045.031250,0.875000
31045.937500,0.906250
31046.843750,0.906250
31047.796875,0.953125
31048.687500,0.890625
31049.609375,0.921875
31050.546875,0.937500
31051.437500,0.890625
31052.328125,0.890625
31053.234375,0.906250
31054.140625,0.906250
31055.015625,0.875000
31055.921875,0.906250
31056.859375,0.937500
31057.765625,0.906250
31058.671875,0.906250
31059.609375,0.937500
31060.531250,0.921875
31061.437500,0.906250
31062.328125,0.890625
31063.250000,0.921875
31064.171875,0.921875
31065.031250,0.859375
31065.937500,0.906250
31066.843750,0.906250
31067.718750,0.875000
31068.578125,0.859375
31069.468750,0.890625
31070.375000,0.906250
31071.250000,0.875000
31072.156250,0.906250
31073.093750,0.937500
31074.000000,0.906250
31074.875000,0.875000
31075.765625,0.890625
31076.687500,0.921875
31077.578125,0.890625
31078.468750,0.890625
31079.390625,0.921875
31080.312500,0.921875
31081.187500,0.875000
31082.093750,0.906250
31083.000000,0.906250
31083.906250,0.906250
31084.781250,0.875000
31085.671875,0.890625
31086.578125,0.906250
31087.421875,0.843750
31088.265625,0.843750
31089.093750,0.828125
31089.921875,0.828125
31090.718750,0.796875
31091.531250,0.812500
31092.375000,0.843750
31093.234375,0.859375
31094.078125,0.843750
31094.968750,0.890625
31095.890625,0.921875
31096.781250,0.890625
31097.656250,0.875000
31098.546875,0.890625
31099.453125,0.906250
31100.312500,0.859375
31101.203125,0.890625
31102.109375,0.906250
31103.000000,0.890625
31103.859375,0.859375
31104.734375,0.875000
31105.625000,0.890625
31106.500000,0.875000
31107.406250,0.906250
31108.359375,0.953125
31109.281250,0.921875
31110.171875,0.890625
31111.093750,0.921875
31112.031250,0.937500
31112.906250,0.875000
31113.765625,0.859375
31114.656250,0.890625
31115.562500,0.906250
31116.437500,0.875000
31117.328125,0.890625
31118.265625,0.937500
31119.187500,0.921875
31120.062500,0.875000
31120.953125,0.890625
31121.859375,0.906250
31122.750000,0.890625
31123.609375,0.859375
31124.484375,0.875000
31125.390625,0.906250
31126.265625,0.875000
31127.156250,0.890625
31128.078125,0.921875
31129.015625,0.937500
31129.921875,0.906250
31130.859375,0.937500
31131.812500,0.953125
31132.718750,0.906250
31133.625000,0.906250
31134.562500,0.937500
31135.515625,0.953125
31136.421875,0.906250
31137.265625,0.843750
31138.109375,0.843750
31139.000000,0.890625
31139.890625,0.890625
31140.765625,0.875000
31141.656250,0.890625
31142.640625,0.984375
31143.531250,0.890625
31144.468750,0.937500
31145.437500,0.968750
31146.343750,0.906250
31147.265625,0.921875
31148.203125,0.937500
31149.156250,0.953125
31150.046875,0.890625
31150.953125,0.906250
31151.875000,0.921875
31152.765625,0.890625
31153.625000,0.859375
31154.500000,0.875000
31155.375000,0.875000
31156.218750,0.843750
31157.078125,0.859375
31157.937500,0.859375
31158.843750,0.906250
31159.734375,0.890625
31160.625000,0.890625
31161.531250,0.906250
31162.468750,0.937500
31163.359375,0.890625
31164.234375,0.875000
31165.093750,0.859375
31165.968750,0.875000
31166.796875,0.828125
31167.640625,0.843750
31168.484375,0.843750
31169.328125,0.843750
31170.140625,0.812500
31170.984375,0.843750
31171.828125,0.843750
31172.671875,0.843750
31173.531250,0.859375
31174.453125,0.921875
31175.390625,0.937500
31176.312500,0.921875
31177.250000,0.937500
31178.203125,0.953125
31179.093750,0.890625
31179.953125,0.859375
31180.828125,0.875000
31181.718750,0.890625
31182.593750,0.875000
31183.484375,0.890625
31184.406250,0.921875
31185.359375,0.953125
31186.265625,0.906250
31187.203125,0.937500
31188.156250,0.953125
31189.046875,0.890625
31189.953125,0.906250
31190.890625,0.937500
31191.781250,0.890625
31192.671875,0.890625
31193.609375,0.937500
31194.531250,0.921875
31195.421875,0.890625
31196.312500,0.890625
31197.234375,0.921875
31198.125000,0.890625
31199.000000,0.875000
31199.906250,0.906250
31200.843750,0.937500
31201.750000,0.906250
31202.656250,0.906250
31203.578125,0.921875
31204.500000,0.921875
31205.375000,0.875000
31206.281250,0.906250
31207.250000,0.968750
31208.140625,0.890625
31209.031250,0.890625
31209.921875,0.890625
31210.812500,0.890625
31211.671875,0.859375
31212.562500,0.890625
31213.468750,0.906250
31214.359375,0.890625
31215.234375,0.875000
31216.156250,0.921875
31217.093750,0.937500
31217.984375,0.890625
31218.875000,0.890625
31219.781250,0.906250
31220.718750,0.937500
31221.578125,0.859375
31222.468750,0.890625
31223.390625,0.921875
31224.296875,0.906250
31225.187500,0.890625
31226.078125,0.890625
31226.984375,0.906250
31227.890625,0.906250
31228.781250,0.890625
31229.687500,0.906250
31230.625000,0.937500
31231.578125,0.953125
31232.484375,0.906250
31233.406250,0.921875
31234.343750,0.937500
31235.250000,0.906250
31236.140625,0.890625
31237.046875,0.906250
31237.953125,0.906250
31238.859375,0.906250
31239.765625,0.906250
31240.734375,0.968750
31241.671875,0.937500
31242.562500,0.890625
31243.468750,0.906250
31244.390625,0.921875
31245.296875,0.906250
31246.156250,0.859375
31247.031250,0.875000
31247.890625,0.859375
31248.750000,0.859375
31249.609375,0.859375
31250.453125,0.843750
31251.328125,0.875000
31252.171875,0.843750
31253.046875,0.875000
31253.921875,0.875000
31254.781250,0.859375
31255.625000,0.843750
31256.468750,0.843750
31257.343750,0.875000
31258.203125,0.859375
31259.046875,0.843750
31259.921875,0.875000
31260.828125,0.906250
31261.718750,0.890625
31262.593750,0.875000
31263.500000,0.906250
31264.421875,0.921875
31265.281250,0.859375
31266.171875,0.890625
31267.046875,0.875000
31267.921875,0.875000
31268.765625,0.843750
31269.656250,0.890625
31270.562500,0.906250
31271.437500,0.875000
31272.281250,0.843750
31273.156250,0.875000
31274.062500,0.906250
31274.921875,0.859375
31275.781250,0.859375
31276.656250,0.875000
31277.593750,0.937500
31278.453125,0.859375
31279.296875,0.843750
31280.125000,0.828125
31280.953125,0.828125
31281.781250,0.828125
31282.593750,0.812500
31283.437500,0.843750
31284.312500,0.875000
31285.203125,0.890625
31286.031250,0.828125
31286.843750,0.812500
31287.640625,0.796875
31288.437500,0.796875
31289.203125,0.765625
31289.968750,0.765625
31290.734375,0.765625
31291.500000,0.765625
31305.687500,0.656250
31306.312500,0.625000
31306.937500,0.625000
31307.562500,0.625000
31308.203125,0.640625
31308.843750,0.640625
31309.546875,0.703125
31314.187500,1.046875
31315.328125,1.140625
31316.375000,1.046875
31317.468750,1.093750
31318.734375,1.265625
31320.093750,1.359375
31321.437500,1.343750
31322.796875,1.359375
31324.093750,1.296875
31325.421875,1.328125
31326.828125,1.406250
31328.218750,1.390625
31329.406250,1.187500
31330.531250,1.125000
31331.468750,0.937500
31332.375000,0.906250
31333.265625,0.890625
31334.109375,0.843750
31334.953125,0.843750
31335.812500,0.859375
31336.609375,0.796875
31337.453125,0.843750
31338.406250,0.953125
31339.484375,1.078125
31345.359375,1.062500
31346.421875,1.062500
31347.484375,1.062500
31348.515625,1.031250
31365.734375,0.703125
31366.437500,0.703125
31367.156250,0.718750
31372.968750,1.140625
31390.140625,0.765625
31391.109375,0.968750
31391.968750,0.859375
31392.781250,0.812500
31393.562500,0.781250
31394.328125,0.765625
31399.703125,0.828125
31400.750000,1.046875
31401.765625,1.015625
31402.609375,0.843750
31403.437500,0.828125
31404.359375,0.921875
31405.421875,1.062500
31406.359375,0.937500
31407.406250,1.046875
31408.468750,1.062500
31409.406250,0.937500
31410.359375,0.953125
31411.312500,0.953125
31412.312500,1.000000
31413.265625,0.953125
31414.328125,1.062500
31415.156250,0.828125
31416.328125,1.171875
31417.359375,1.031250
31418.375000,1.015625
31419.312500,0.937500
31420.343750,1.031250
31421.390625,1.046875
31422.343750,0.953125
31423.343750,1.000000
31424.359375,1.015625
31425.312500,0.953125
31426.234375,0.921875
31427.218750,0.984375
31428.265625,1.046875
31429.281250,1.015625
31430.343750,1.062500
31431.406250,1.062500
31432.375000,0.968750
31433.375000,1.000000
31434.406250,1.031250
31435.359375,0.953125
31436.359375,1.000000
31437.406250,1.046875
31438.406250,1.000000
31439.421875,1.015625
31440.500000,1.078125
31441.578125,1.078125
31442.578125,1.000000
31443.578125,1.000000
31444.609375,1.031250
31445.578125,0.968750
31446.625000,1.046875
31447.687500,1.062500
31448.703125,1.015625
31449.734375,1.031250
31450.812500,1.078125
31451.796875,0.984375
31452.812500,1.015625
31453.875000,1.062500
31454.828125,0.953125
31455.843750,1.015625
31456.890625,1.046875
31457.890625,1.000000
31458.875000,0.984375
31459.937500,1.062500
31461.015625,1.078125
31462.015625,1.000000
31463.125000,1.109375
31464.234375,1.109375
31465.234375,1.000000
31466.281250,1.046875
31467.328125,1.046875
31468.343750,1.015625
31469.453125,1.109375
31470.609375,1.156250
31471.687500,1.078125
31472.765625,1.078125
31473.843750,1.078125
31474.875000,1.031250
31475.875000,1.000000
31476.875000,1.000000
31477.812500,0.937500
31478.812500,1.000000
31479.875000,1.062500
31480.921875,1.046875
31481.859375,0.937500
31482.843750,0.984375
31483.875000,1.031250
31484.828125,0.953125
31485.796875,0.968750
31486.828125,1.031250
31487.812500,0.984375
31488.750000,0.937500
31489.750000,1.000000
31490.765625,1.015625
31491.718750,0.953125
31492.703125,0.984375
31493.671875,0.968750
31494.625000,0.953125
31495.593750,0.968750
31496.609375,1.015625
31497.656250,1.046875
31498.593750,0.937500
31499.625000,1.031250
31500.671875,1.046875
31501.671875,1.000000
31502.640625,0.968750
31503.609375,0.968750
31504.562500,0.953125
31505.468750,0.906250
31506.437500,0.968750
31507.500000,1.062500
31508.437500,0.937500
31509.484375,1.046875
31510.562500,1.078125
31511.593750,1.031250
31512.546875,0.953125
31513.578125,1.031250
31514.562500,0.984375
31515.546875,0.984375
31516.546875,1.000000
31517.515625,0.968750
31518.437500,0.921875
31519.437500,1.000000
31520.500000,1.062500
31521.500000,1.000000
31522.531250,1.031250
31523.562500,1.031250
31524.546875,0.984375
31525.484375,0.937500
31526.484375,1.000000
31527.515625,1.031250
31528.484375,0.968750
31529.578125,1.093750
31535.796875,0.984375
31536.843750,1.046875
31537.875000,1.031250
31538.890625,1.015625
31539.937500,1.046875
31541.046875,1.109375
31542.015625,0.968750
31543.031250,1.015625
31544.062500,1.031250
31545.031250,0.968750
31546.031250,1.000000
31547.031250,1.000000
31548.000000,0.968750
31549.000000,1.000000
31550.078125,1.078125
31551.109375,1.031250
31552.140625,1.031250
31553.187500,1.046875
31554.218750,1.031250
31555.218750,1.000000
31556.234375,1.015625
31557.234375,1.000000
31558.171875,0.937500
31559.171875,1.000000
31560.171875,1.000000
31561.125000,0.953125
31562.093750,0.968750
31563.109375,1.015625
31564.046875,0.937500
31564.984375,0.937500
31565.921875,0.937500
31566.890625,0.968750
31567.781250,0.890625
31568.750000,0.968750
31569.718750,0.968750
31570.687500,0.968750
31571.734375,1.046875
31572.781250,1.046875
31573.734375,0.953125
31574.734375,1.000000
31575.750000,1.015625
31576.718750,0.968750
31577.687500,0.968750
31578.687500,1.000000
31579.703125,1.015625
31580.656250,0.953125
31581.640625,0.984375
31582.687500,1.046875
31583.718750,1.031250
31584.671875,0.953125
31585.609375,0.937500
31586.562500,0.953125
31587.484375,0.921875
31596.484375,0.765625
31597.281250,0.796875
31598.109375,0.828125
31598.984375,0.875000
31599.875000,0.890625
31600.859375,0.984375
31601.921875,1.062500
31603.093750,1.171875
31604.187500,1.093750
31605.406250,1.218750
31606.609375,1.203125
31607.687500,1.078125
31608.718750,1.031250
31609.750000,1.031250
31610.781250,1.031250
31611.859375,1.078125
31613.093750,1.234375
31614.109375,1.015625
31615.125000,1.015625
31616.156250,1.031250
31617.125000,0.968750
31618.125000,1.000000
31619.234375,1.109375
31620.109375,0.875000
31621.234375,1.125000
31622.281250,1.046875
31623.281250,1.000000
31624.328125,1.046875
31625.359375,1.031250
31626.312500,0.953125
31627.265625,0.953125
31628.234375,0.968750
31629.203125,0.968750
31630.140625,0.937500
31631.203125,1.062500
31632.281250,1.078125
31633.265625,0.984375
31634.359375,1.093750
31635.484375,1.125000
31636.500000,1.015625
31637.546875,1.046875
31638.656250,1.109375
31639.796875,1.140625
31640.875000,1.078125
31642.046875,1.171875
31643.203125,1.156250
31644.296875,1.093750
31645.468750,1.171875
31646.562500,1.093750
31647.578125,1.015625
31648.640625,1.062500
31649.750000,1.109375
31650.703125,0.953125
31651.718750,1.015625
31652.796875,1.078125
31653.812500,1.015625
31654.890625,1.078125
31655.984375,1.093750
31656.968750,0.984375
31657.968750,1.000000
31658.984375,1.015625
31659.953125,0.968750
31660.921875,0.968750
31661.968750,1.046875
31663.062500,1.093750
31664.015625,0.953125
31665.031250,1.015625
31666.078125,1.046875
31667.125000,1.046875
31668.093750,0.968750
31669.093750,1.000000
31670.078125,0.984375
31670.984375,0.906250
31671.953125,0.968750
31672.906250,0.953125
31673.890625,0.984375
31674.843750,0.953125
31675.843750,1.000000
31676.828125,0.984375
31677.750000,0.921875
31678.718750,0.968750
31679.718750,1.000000
31680.640625,0.921875
31681.593750,0.953125
31682.609375,1.015625
31683.562500,0.953125
31684.500000,0.937500
31685.500000,1.000000
31686.578125,1.078125
31687.562500,0.984375
31688.625000,1.062500
31689.781250,1.156250
31690.671875,0.890625
31691.843750,1.171875
31692.859375,1.015625
31693.843750,0.984375
31694.953125,1.109375
31696.218750,1.265625
31697.312500,1.093750
31698.468750,1.156250
31699.734375,1.265625
31700.875000,1.140625
31701.937500,1.062500
31703.156250,1.218750
31704.328125,1.171875
31705.390625,1.062500
31706.640625,1.250000
31707.796875,1.156250
31708.859375,1.062500
31709.984375,1.125000
31711.140625,1.156250
31712.187500,1.046875
31713.250000,1.062500
31714.328125,1.078125
31715.296875,0.968750
31716.281250,0.984375
31717.296875,1.015625
31718.281250,0.984375
31719.296875,1.015625
31720.437500,1.140625
31721.515625,1.078125
31722.625000,1.109375
31723.750000,1.125000
31724.812500,1.062500
31725.750000,0.937500
31726.687500,0.937500
31727.640625,0.953125
31728.515625,0.875000
31729.453125,0.937500
31730.484375,1.031250
31731.484375,1.000000
31732.437500,0.953125
31733.406250,0.968750
31734.406250,1.000000
31735.343750,0.937500
31736.328125,0.984375
31737.406250,1.078125
31738.390625,0.984375
31739.406250,1.015625
31740.515625,1.109375
31741.578125,1.062500
31748.671875,1.031250
31749.640625,0.968750
31750.625000,0.984375
31751.640625,1.015625
31752.609375,0.968750
31753.546875,0.937500
31754.484375,0.937500
31755.453125,0.968750
31756.437500,0.984375
31757.343750,0.906250
31758.312500,0.968750
31759.406250,1.093750
31760.453125,1.046875
31761.515625,1.062500
31762.593750,1.078125
31763.656250,1.062500
31764.593750,0.937500
31765.531250,0.937500
31766.484375,0.953125
31767.437500,0.953125
31768.375000,0.937500
31769.390625,1.015625
31770.406250,1.015625
31771.359375,0.953125
31772.390625,1.031250
31773.484375,1.093750
31774.531250,1.046875
31775.578125,1.046875
31776.578125,1.000000
31777.562500,0.984375
31778.453125,0.890625
31779.390625,0.937500
31780.390625,1.000000
31781.328125,0.937500
31782.265625,0.937500
31783.359375,1.093750
31784.500000,1.140625
31785.531250,1.031250
31786.593750,1.062500
31787.671875,1.078125
31788.531250,0.859375
31789.656250,1.125000
31790.718750,1.062500
31791.812500,1.093750
31792.781250,0.968750
31793.828125,1.046875
31794.953125,1.125000
31796.046875,1.093750
31797.046875,1.000000
31798.078125,1.031250
31799.140625,1.062500
31800.093750,0.953125
31801.140625,1.046875
31802.265625,1.125000
31803.312500,1.046875
31804.265625,0.953125
31805.250000,0.984375
31806.296875,1.046875
31807.312500,1.015625
31808.281250,0.968750
31809.312500,1.031250
31810.343750,1.031250
31811.312500,0.968750
31812.281250,0.968750
31813.281250,1.000000
31814.250000,0.968750
31815.156250,0.906250
31816.125000,0.968750
31817.078125,0.953125
31818.015625,0.937500
31818.953125,0.937500
31819.937500,0.984375
31820.921875,0.984375
31821.843750,0.921875
31822.812500,0.968750
31823.906250,1.093750
31824.890625,0.984375
31825.859375,0.968750
31826.875000,1.015625
31827.875000,1.000000
31828.718750,0.843750
31829.796875,1.078125
31830.828125,1.031250
31831.875000,1.046875
31832.890625,1.015625
31833.953125,1.062500
31834.968750,1.015625
31835.906250,0.937500
31836.875000,0.968750
31837.890625,1.015625
31838.921875,1.031250
31839.937500,1.015625
31841.109375,1.171875
31842.296875,1.187500
31843.343750,1.046875
31844.421875,1.078125
31845.484375,1.062500
31846.437500,0.953125
31847.406250,0.968750
31848.453125,1.046875
31849.531250,1.078125
31850.515625,0.984375
31851.484375,0.968750
31852.562500,1.078125
31853.640625,1.078125
31854.687500,1.046875
31855.734375,1.046875
31856.734375,1.000000
31857.703125,0.968750
31858.640625,0.937500
31859.562500,0.921875
31860.500000,0.937500
31861.406250,0.906250
31862.531250,1.125000
31863.781250,1.250000
31864.875000,1.093750
31865.984375,1.109375
31867.031250,1.046875
31868.031250,1.000000
31868.953125,0.921875
31869.953125,1.000000
31870.968750,1.015625
31871.890625,0.921875
31872.843750,0.953125
31873.828125,0.984375
31874.781250,0.953125
31875.640625,0.859375
31876.578125,0.937500
31877.500000,0.921875
31878.406250,0.906250
31879.265625,0.859375
31880.156250,0.890625
31881.062500,0.906250
31881.953125,0.890625
31882.812500,0.859375
31883.656250,0.843750
31884.484375,0.828125
31885.328125,0.843750
31886.171875,0.843750
31887.000000,0.828125
31887.843750,0.843750
31888.703125,0.859375
31889.546875,0.843750
31890.359375,0.812500
31891.312500,0.953125
31892.203125,0.890625
31902.421875,0.953125
31903.343750,0.921875
31904.281250,0.937500
31905.296875,1.015625
31906.343750,1.046875
31907.343750,1.000000
31908.359375,1.015625
31909.390625,1.031250
31910.343750,0.953125
31911.296875,0.953125
31912.296875,1.000000
31913.343750,1.046875
31914.328125,0.984375
31915.250000,0.921875
31916.250000,1.000000
31917.296875,1.046875
31918.265625,0.968750
31919.218750,0.953125
31920.234375,1.015625
31921.218750,0.984375
31922.125000,0.906250
31923.093750,0.968750
31924.062500,0.968750
31925.015625,0.953125
31925.953125,0.937500
31926.953125,1.000000
31927.953125,1.000000
31928.875000,0.921875
31929.843750,0.968750
31930.859375,1.015625
31931.781250,0.921875
31932.812500,1.031250
31933.890625,1.078125
31934.875000,0.984375
31935.906250,1.031250
31937.015625,1.109375
31938.015625,1.000000
31939.015625,1.000000
31940.078125,1.062500
31941.125000,1.046875
31942.078125,0.953125
31943.046875,0.968750
31944.171875,1.125000
31945.250000,1.078125
31946.203125,0.953125
31947.234375,1.031250
31948.343750,1.109375
31949.375000,1.031250
31950.421875,1.046875
31951.515625,1.093750
31952.531250,1.015625
31953.531250,1.000000
31954.578125,1.046875
31955.687500,1.109375
31956.656250,0.968750
31957.531250,0.875000
31958.500000,0.968750
31959.500000,1.000000
31960.468750,0.968750
31961.515625,1.046875
31962.625000,1.109375
31963.515625,0.890625
31964.625000,1.109375
31965.703125,1.078125
31966.656250,0.953125
31967.640625,0.984375
31968.625000,0.984375
31969.546875,0.921875
31970.468750,0.921875
31971.406250,0.937500
31972.312500,0.906250
31973.203125,0.890625
31974.140625,0.937500
31975.109375,0.968750
31976.031250,0.921875
31977.015625,0.984375
31977.984375,0.968750
31978.921875,0.937500
31979.828125,0.906250
31980.750000,0.921875
31981.734375,0.984375
31982.625000,0.890625
31983.640625,1.015625
31984.640625,1.000000
31985.625000,0.984375
31986.578125,0.953125
31987.625000,1.046875
31988.625000,1.000000
31989.562500,0.937500
31990.562500,1.000000
31991.609375,1.046875
31992.562500,0.953125
31993.515625,0.953125
31994.515625,1.000000
31995.515625,1.000000
31996.437500,0.921875
31997.421875,0.984375
31998.468750,1.046875
31999.437500,0.968750
32000.453125,1.015625
32001.437500,0.984375
32002.359375,0.921875
32003.250000,0.890625
32004.171875,0.921875
32005.156250,0.984375
32006.109375,0.953125
32007.125000,1.015625
32008.234375,1.109375
32009.375000,1.140625
32010.390625,1.015625
32011.531250,1.140625
32012.531250,1.000000
32013.484375,0.953125
32014.437500,0.953125
32015.437500,1.000000
32016.375000,0.937500
32017.265625,0.890625
32018.187500,0.921875
32019.187500,1.000000
32020.156250,0.968750
32021.265625,1.109375
32022.453125,1.187500
32023.515625,1.062500
32024.609375,1.093750
32025.734375,1.125000
32026.843750,1.109375
32027.843750,1.000000
32028.875000,1.031250
32029.937500,1.062500
32030.921875,0.984375
32031.921875,1.000000
32032.968750,1.046875
32034.015625,1.046875
32034.984375,0.968750
32035.953125,0.968750
32036.984375,1.031250
32037.921875,0.937500
32038.828125,0.906250
32039.765625,0.937500
32040.765625,1.000000
32041.687500,0.921875
32042.718750,1.031250
32043.843750,1.125000
32044.953125,1.109375
32045.953125,1.000000
32046.984375,1.031250
32048.062500,1.078125
32049.031250,0.968750
32050.031250,1.000000
32051.062500,1.031250
32052.015625,0.953125
32053.000000,0.984375
32054.062500,1.062500
32055.187500,1.125000
32056.234375,1.046875
32057.343750,1.109375
32058.468750,1.125000
32059.453125,0.984375
32060.468750,1.015625
32061.421875,0.953125
32062.343750,0.921875
32063.250000,0.906250
32064.281250,1.031250
32065.500000,1.218750
32066.609375,1.109375
32067.718750,1.109375
32068.796875,1.078125
32069.750000,0.953125
32070.781250,1.031250
32071.812500,1.031250
32072.765625,0.953125
32073.750000,0.984375
32074.734375,0.984375
32075.750000,1.015625
32076.703125,0.953125
32077.781250,1.078125
32078.828125,1.046875
32079.812500,0.984375
32080.812500,1.000000
32081.843750,1.031250
32082.843750,1.000000
32083.828125,0.984375
32084.765625,0.937500
32085.765625,1.000000
32089.812500,0.828125
32090.843750,1.031250
32096.531250,0.968750
32097.546875,1.015625
32098.546875,1.000000
32099.531250,0.984375
32100.437500,0.906250
32101.375000,0.937500
32102.406250,1.031250
32103.468750,1.062500
32104.468750,1.000000
32105.703125,1.234375
32106.937500,1.234375
32108.062500,1.125000
32109.171875,1.109375
32110.234375,1.062500
32111.234375,1.000000
32112.234375,1.000000
32113.296875,1.062500
32114.421875,1.125000
32115.484375,1.062500
32116.578125,1.093750
32117.734375,1.156250
32118.796875,1.062500
32119.750000,0.953125
32120.781250,1.031250
32121.906250,1.125000
32122.890625,0.984375
32123.890625,1.000000
32124.890625,1.000000
32125.921875,1.031250
32126.859375,0.937500
32127.812500,0.953125
32128.890625,1.078125
32129.937500,1.046875
32130.890625,0.953125
32131.843750,0.953125
32132.750000,0.906250
32133.656250,0.906250
32139.234375,1.140625
32140.343750,1.109375
32141.328125,0.984375
32142.375000,1.046875
32143.390625,1.015625
32144.437500,1.046875
32145.468750,1.031250
32146.484375,1.015625
32147.546875,1.062500
32148.531250,0.984375
32149.531250,1.000000
32150.578125,1.046875
32151.625000,1.046875
32152.578125,0.953125
32153.546875,0.968750
32154.531250,0.984375
32155.437500,0.906250
32156.343750,0.906250
32157.281250,0.937500
32158.281250,1.000000
32159.234375,0.953125
32160.234375,1.000000
32161.218750,0.984375
32162.203125,0.984375
32163.140625,0.937500
32164.109375,0.968750
32165.109375,1.000000
32166.046875,0.937500
32167.015625,0.968750
32168.046875,1.031250
32169.015625,0.968750
32169.968750,0.953125
32171.000000,1.031250
32172.000000,1.000000
32172.968750,0.968750
32174.109375,1.140625
32175.265625,1.156250
32176.296875,1.031250
32177.312500,1.015625
32178.312500,1.000000
32179.312500,1.000000
32180.265625,0.953125
32181.281250,1.015625
32182.312500,1.031250
32183.312500,1.000000
32184.359375,1.046875
32185.406250,1.046875
32186.390625,0.984375
32187.421875,1.031250
32188.500000,1.078125
32189.562500,1.062500
32190.531250,0.968750
32191.578125,1.046875
32192.609375,1.031250
32193.625000,1.015625
32194.640625,1.015625
32195.671875,1.031250
32196.671875,1.000000
32197.656250,0.984375
32198.687500,1.031250
32199.687500,1.000000
32200.671875,0.984375
32201.671875,1.000000
32202.718750,1.046875
32203.734375,1.015625
32204.718750,0.984375
32205.750000,1.031250
32206.796875,1.046875
32207.765625,0.968750
32208.812500,1.046875
32209.875000,1.062500
32210.937500,1.062500
32211.921875,0.984375
32212.812500,0.890625
32213.953125,1.140625
32214.906250,0.953125
32215.812500,0.906250
32216.765625,0.953125
32217.812500,1.046875
32218.781250,0.968750
32219.796875,1.015625
32220.843750,1.046875
32221.796875,0.953125
32222.796875,1.000000
32223.781250,0.984375
32224.781250,1.000000
32225.703125,0.921875
32226.609375,0.906250
32227.515625,0.906250
32228.406250,0.890625
32229.281250,0.875000
32230.218750,0.937500
32231.171875,0.953125
32232.078125,0.906250
32233.078125,1.000000
32234.125000,1.046875
32235.125000,1.000000
32236.125000,1.000000
32237.203125,1.078125
32238.281250,1.078125
32239.250000,0.968750
32240.296875,1.046875
32241.359375,1.062500
32242.375000,1.015625
32243.359375,0.984375
32244.343750,0.984375
32245.312500,0.968750
32246.250000,0.937500
32247.312500,1.062500
32248.500000,1.187500
32249.546875,1.046875
32250.609375,1.062500
32251.671875,1.062500
32252.750000,1.078125
32253.734375,0.984375
32254.656250,0.921875
32255.609375,0.953125
32256.578125,0.968750
32257.484375,0.906250
32258.515625,1.031250
32259.703125,1.187500
32260.796875,1.093750
32261.843750,1.046875
32262.953125,1.109375
32263.984375,1.031250
32264.953125,0.968750
32265.937500,0.984375
32266.937500,1.000000
32267.937500,1.000000
32268.890625,0.953125
32269.875000,0.984375
32270.812500,0.937500
32271.734375,0.921875
32272.718750,0.984375
32273.718750,1.000000
32274.734375,1.015625
32275.687500,0.953125
32276.625000,0.937500
32277.531250,0.906250
32278.437500,0.906250
32279.281250,0.843750
32280.218750,0.937500
32281.281250,1.062500
32282.296875,1.015625
32283.296875,1.000000
32284.375000,1.078125
32285.453125,1.078125
32286.406250,0.953125
32287.406250,1.000000
32288.390625,0.984375
32289.375000,0.984375
32290.328125,0.953125
32291.296875,0.968750
32292.296875,1.000000
32293.250000,0.953125
32294.265625,1.015625
32295.390625,1.125000
32296.468750,1.078125
32297.468750,1.000000
32298.500000,1.031250
32299.562500,1.062500
32300.562500,1.000000
32301.562500,1.000000
32302.593750,1.031250
32303.593750,1.000000
32304.531250,0.937500
32305.484375,0.953125
32306.593750,1.109375
32307.625000,1.031250
32308.640625,1.015625
32309.687500,1.046875
32310.687500,1.000000
32311.640625,0.953125
32312.609375,0.968750
32313.640625,1.031250
32314.609375,0.968750
32315.578125,0.968750
32316.531250,0.953125
32317.468750,0.937500
32318.359375,0.890625
32319.265625,0.906250
32320.203125,0.937500
32321.109375,0.906250
32321.984375,0.875000
32322.937500,0.953125
32323.921875,0.984375
32324.859375,0.937500
32325.796875,0.937500
32326.718750,0.921875
32327.609375,0.890625
32328.500000,0.890625
32329.421875,0.921875
32330.390625,0.968750
32331.312500,0.921875
32332.234375,0.921875
32333.281250,1.046875
32334.375000,1.093750
32335.375000,1.000000
32336.390625,1.015625
32337.437500,1.046875
32338.406250,0.968750
32339.328125,0.921875
32340.343750,1.015625
32341.406250,1.062500
32342.406250,1.000000
32343.437500,1.031250
32344.531250,1.093750
32345.546875,1.015625
32346.515625,0.968750
32347.546875,1.031250
32348.546875,1.000000
32349.531250,0.984375
32350.515625,0.984375
32351.500000,0.984375
32352.453125,0.953125
32353.468750,1.015625
32354.562500,1.093750
32355.640625,1.078125
32356.687500,1.046875
32357.781250,1.093750
32358.875000,1.093750
32359.890625,1.015625
32360.890625,1.000000
32361.906250,1.015625
32362.875000,0.968750
32363.828125,0.953125
32364.812500,0.984375
32365.843750,1.031250
32366.812500,0.968750
32367.859375,1.046875
32369.031250,1.171875
32370.078125,1.046875
32371.093750,1.015625
32372.125000,1.031250
32373.171875,1.046875
32374.125000,0.953125
32375.062500,0.937500
32376.000000,0.937500
32377.000000,1.000000
32377.953125,0.953125
32378.921875,0.968750
32380.015625,1.093750
32381.062500,1.046875
32382.000000,0.937500
32382.937500,0.937500
32383.937500,1.000000
32384.906250,0.968750
32385.812500,0.906250
32386.781250,0.968750
32387.781250,1.000000
32388.859375,1.078125
32389.828125,0.968750
32390.812500,0.984375
32391.828125,1.015625
32392.859375,1.031250
32393.812500,0.953125
32394.796875,0.984375
32395.812500,1.015625
32396.781250,0.968750
32397.828125,1.046875
32398.890625,1.062500
32399.937500,1.046875
32400.937500,1.000000
32401.953125,1.015625
32402.937500,0.984375
32403.875000,0.937500
32404.828125,0.953125
32405.812500,0.984375
32406.750000,0.937500
32407.718750,0.968750
32408.703125,0.984375
32409.671875,0.968750
32410.609375,0.937500
32411.609375,1.000000
32412.703125,1.093750
32413.734375,1.031250
32414.781250,1.046875
32415.859375,1.078125
32416.937500,1.078125
32417.921875,0.984375
32418.937500,1.015625
32419.953125,1.015625
32420.921875,0.968750
32421.937500,1.015625
32423.031250,1.093750
32424.062500,1.031250
32425.078125,1.015625
32426.156250,1.078125
32427.218750,1.062500
32428.156250,0.937500
32429.140625,0.984375
32430.187500,1.046875
32431.234375,1.046875
32432.265625,1.031250
32433.468750,1.203125
32434.578125,1.109375
32435.578125,1.000000
32436.546875,0.968750
32437.562500,1.015625
32438.562500,1.000000
32439.546875,0.984375
32440.640625,1.093750
32441.843750,1.203125
32442.953125,1.109375
32444.015625,1.062500
32445.125000,1.109375
32446.125000,1.000000
32447.140625,1.015625
32448.125000,0.984375
32449.156250,1.031250
32450.125000,0.968750
32451.093750,0.968750
32452.140625,1.046875
32453.203125,1.062500
32454.187500,0.984375
32455.171875,0.984375
32456.203125,1.031250
32457.250000,1.046875
32458.203125,0.953125
32459.187500,0.984375
32460.203125,1.015625
32461.250000,1.046875
32462.281250,1.031250
32463.328125,1.046875
32464.390625,1.062500
32465.406250,1.015625
32466.437500,1.031250
32467.500000,1.062500
32468.562500,1.062500
32469.609375,1.046875
32470.640625,1.031250
32471.703125,1.062500
32472.703125,1.000000
32473.765625,1.062500
32474.875000,1.109375
32475.906250,1.031250
32476.890625,0.984375
32477.921875,1.031250
32478.968750,1.046875
32479.984375,1.015625
32480.953125,0.968750
32482.062500,1.109375
32483.234375,1.171875
32484.281250,1.046875
32485.375000,1.093750
32486.515625,1.140625
32487.562500,1.046875
32488.656250,1.093750
32489.750000,1.093750
32490.828125,1.078125
32491.843750,1.015625
32492.828125,0.984375
32493.843750,1.015625
32494.796875,0.953125
32495.734375,0.937500
32496.687500,0.953125
32497.671875,0.984375
32498.625000,0.953125
32499.640625,1.015625
32500.640625,1.000000
32501.593750,0.953125
32502.484375,0.890625
32503.562500,1.078125
32504.578125,1.015625
32505.515625,0.937500
32506.468750,0.953125
32507.421875,0.953125
32508.343750,0.921875
32513.750000,0.953125
32514.750000,1.000000
32515.656250,0.906250
32516.609375,0.953125
32517.593750,0.984375
32518.562500,0.968750
32519.453125,0.890625
32520.375000,0.921875
32521.343750,0.968750
32522.328125,0.984375
32523.250000,0.921875
32524.218750,0.968750
32525.265625,1.046875
32526.281250,1.015625
32527.250000,0.968750
32528.281250,1.031250
32529.406250,1.125000
32530.453125,1.046875
32531.421875,0.968750
32532.406250,0.984375
32533.390625,0.984375
32534.312500,0.921875
32535.296875,0.984375
32536.312500,1.015625
32537.328125,1.015625
32538.312500,0.984375
32539.328125,1.015625
32540.359375,1.031250
32541.343750,0.984375
32542.328125,0.984375
32543.359375,1.031250
32544.421875,1.062500
32545.390625,0.968750
32546.390625,1.000000
32547.421875,1.031250
32548.437500,1.015625
32549.421875,0.984375
32550.437500,1.015625
32551.500000,1.062500
32552.578125,1.078125
32553.671875,1.093750
32554.828125,1.156250
32555.953125,1.125000
32556.984375,1.031250
32558.046875,1.062500
32559.125000,1.078125
32560.203125,1.078125
32561.265625,1.062500
32562.281250,1.015625
32563.250000,0.968750
32564.281250,1.031250
32565.343750,1.062500
32566.375000,1.031250
32567.421875,1.046875
32568.484375,1.062500
32569.500000,1.015625
32570.546875,1.046875
32571.546875,1.000000
32572.609375,1.062500
32573.656250,1.046875
32574.609375,0.953125
32575.703125,1.093750
32576.781250,1.078125
32577.765625,0.984375
32578.812500,1.046875
32579.828125,1.015625
32580.750000,0.921875
32581.671875,0.921875
32582.546875,0.875000
32583.484375,0.937500
32584.437500,0.953125
32585.500000,1.062500
32586.640625,1.140625
32587.671875,1.031250
32588.718750,1.046875
32589.703125,0.984375
32590.781250,1.078125
32591.687500,0.906250
32592.687500,1.000000
32593.718750,1.031250
32594.718750,1.000000
32595.625000,0.906250
32596.640625,1.015625
32597.687500,1.046875
32598.765625,1.078125
32599.750000,0.984375
32600.796875,1.046875
32601.890625,1.093750
32602.953125,1.062500
32603.953125,1.000000
32605.015625,1.062500
32606.156250,1.140625
32607.265625,1.109375
32608.328125,1.062500
32609.453125,1.125000
32610.593750,1.140625
32611.734375,1.140625
32612.843750,1.109375
32613.859375,1.015625
32614.953125,1.093750
32616.031250,1.078125
32617.015625,0.984375
32617.968750,0.953125
32618.921875,0.953125
32619.921875,1.000000
32620.859375,0.937500
32621.921875,1.062500
32623.046875,1.125000
32624.031250,0.984375
32625.046875,1.015625
32626.156250,1.109375
32627.187500,1.031250
32628.234375,1.046875
32629.421875,1.187500
32630.640625,1.218750
32631.671875,1.031250
32632.703125,1.031250
32633.734375,1.031250
32634.703125,0.968750
32635.625000,0.921875
32636.562500,0.937500
32637.531250,0.968750
32638.531250,1.000000
32639.468750,0.937500
32640.500000,1.031250
32641.562500,1.062500
32642.562500,1.000000
32643.500000,0.937500
32644.515625,1.015625
32645.500000,0.984375
32646.468750,0.968750
32647.390625,0.921875
32648.328125,0.937500
32649.296875,0.968750
32650.218750,0.921875
32651.140625,0.921875
32652.109375,0.968750
32653.125000,1.015625
32654.203125,1.078125
32655.250000,1.046875
32656.390625,1.140625
32657.578125,1.187500
32658.703125,1.125000
32659.859375,1.156250
32661.015625,1.156250
32662.125000,1.109375
32663.250000,1.125000
32664.375000,1.125000
32665.453125,1.078125
32666.468750,1.015625
32667.562500,1.093750
32668.625000,1.062500
32669.593750,0.968750
32670.562500,0.968750
32671.671875,1.109375
32672.812500,1.140625
32673.781250,0.968750
32674.843750,1.062500
32675.937500,1.093750
32677.000000,1.062500
32677.937500,0.937500
32678.984375,1.046875
32680.046875,1.062500
32680.984375,0.937500
32681.937500,0.953125
32682.875000,0.937500
32683.796875,0.921875
32684.703125,0.906250
32685.546875,0.843750
32686.453125,0.906250
32687.437500,0.984375
32688.421875,0.984375
32689.359375,0.937500
32690.375000,1.015625
32691.546875,1.171875
32692.687500,1.140625
32693.875000,1.187500
32695.109375,1.234375
32696.250000,1.140625
32697.296875,1.046875
32698.406250,1.109375
32699.562500,1.156250
32700.609375,1.046875
32701.671875,1.062500
32702.781250,1.109375
32703.812500,1.031250
32704.859375,1.046875
32706.062500,1.203125
32707.156250,1.093750
32708.140625,0.984375
32709.171875,1.031250
32710.187500,1.015625
32711.109375,0.921875
32712.109375,1.000000
32713.109375,1.000000
32714.203125,1.093750
32715.218750,1.015625
32716.375000,1.156250
32717.578125,1.203125
32718.656250,1.078125
32719.781250,1.125000
32720.843750,1.062500
32721.859375,1.015625
32722.937500,1.078125
32724.093750,1.156250
32725.234375,1.140625
32726.437500,1.203125
32727.640625,1.203125
32728.687500,1.046875
32729.703125,1.015625
32730.750000,1.046875
32731.734375,0.984375
32732.671875,0.937500
32733.656250,0.984375
32734.921875,1.265625
32736.046875,1.125000
32737.093750,1.046875
32738.171875,1.078125
32739.203125,1.031250
32740.171875,0.968750
32741.140625,0.968750
32742.109375,0.968750
32743.062500,0.953125
32743.968750,0.906250
32744.906250,0.937500
32745.859375,0.953125
32746.828125,0.968750
32747.765625,0.937500
32748.718750,0.953125
32749.765625,1.046875
32750.765625,1.000000
32751.703125,0.937500
32752.671875,0.968750
32753.593750,0.921875
32754.609375,1.015625
32755.531250,0.921875
32756.468750,0.937500
32757.453125,0.984375
32758.421875,0.968750
32759.359375,0.937500
32760.296875,0.937500
32761.265625,0.968750
32762.234375,0.968750
32763.187500,0.953125
32764.125000,0.937500
32765.125000,1.000000
32766.187500,1.062500
32767.281250,1.093750
32768.484375,1.203125
32769.578125,1.093750
32770.734375,1.156250
32771.921875,1.187500
32773.093750,1.171875
32774.187500,1.093750
32775.296875,1.109375
32776.468750,1.171875
32777.546875,1.078125
32778.734375,1.187500
32779.875000,1.140625
32780.984375,1.109375
32782.187500,1.203125
32783.312500,1.125000
32784.500000,1.187500
32785.750000,1.250000
32786.890625,1.140625
32788.062500,1.171875
32789.156250,1.093750
32790.250000,1.093750
32791.312500,1.062500
32792.390625,1.078125
32793.609375,1.218750
32794.718750,1.109375
32795.921875,1.203125
32797.093750,1.171875
32798.218750,1.125000
32799.359375,1.140625
32800.375000,1.015625
32801.437500,1.062500
32802.500000,1.062500
32803.484375,0.984375
32804.546875,1.062500
32805.781250,1.234375
32806.906250,1.125000
32808.031250,1.125000
32809.171875,1.140625
32810.234375,1.062500
32811.375000,1.140625
32812.500000,1.125000
32813.578125,1.078125
32814.718750,1.140625
32823.234375,1.218750
32824.359375,1.125000
32825.375000,1.015625
32826.390625,1.015625
32827.359375,0.968750
32828.453125,1.093750
32829.718750,1.265625
32830.750000,1.031250
32831.890625,1.140625
32833.015625,1.125000
32834.031250,1.015625
32835.140625,1.109375
32836.281250,1.140625
32837.312500,1.031250
32838.437500,1.125000
32839.500000,1.062500
32840.500000,1.000000
32841.593750,1.093750
32842.687500,1.093750
32843.734375,1.046875
32844.875000,1.140625
32845.921875,1.046875
32847.015625,1.093750
32848.062500,1.046875
32849.078125,1.015625
32850.125000,1.046875
32851.343750,1.218750
32852.437500,1.093750
32853.484375,1.046875
32854.625000,1.140625
32855.750000,1.125000
32856.843750,1.093750
32858.015625,1.171875
32859.078125,1.062500
32860.156250,1.078125
32861.218750,1.062500
32862.171875,0.953125
32863.203125,1.031250
32864.296875,1.093750
32865.312500,1.015625
32866.312500,1.000000
32867.359375,1.046875
32868.375000,1.015625
32869.296875,0.921875
32870.312500,1.015625
32871.343750,1.031250
32872.296875,0.953125
32873.343750,1.046875
32874.421875,1.078125
32875.390625,0.968750
32876.406250,1.015625
32877.437500,1.031250
32878.406250,0.968750
32879.437500,1.031250
32880.453125,1.015625
32881.406250,0.953125
32882.500000,1.093750
32883.609375,1.109375
32884.671875,1.062500
32885.734375,1.062500
32886.796875,1.062500
32887.781250,0.984375
32888.828125,1.046875
32889.843750,1.015625
32890.906250,1.062500
32891.968750,1.062500
32892.937500,0.968750
32893.968750,1.031250
32894.968750,1.000000
32895.984375,1.015625
32897.015625,1.031250
32898.109375,1.093750
32899.093750,0.984375
32900.140625,1.046875
32901.156250,1.015625
32902.156250,1.000000
32903.203125,1.046875
32904.250000,1.046875
32905.265625,1.015625
32906.312500,1.046875
32907.312500,1.000000
32908.343750,1.031250
32909.390625,1.046875
32910.437500,1.046875
32911.515625,1.078125
32912.687500,1.171875
32913.765625,1.078125
32914.843750,1.078125
32915.937500,1.093750
32916.953125,1.015625
32917.953125,1.000000
32918.984375,1.031250
32919.984375,1.000000
32920.937500,0.953125
32921.921875,0.984375
32922.859375,0.937500
32923.765625,0.906250
32924.687500,0.921875
32925.671875,0.984375
32926.625000,0.953125
32927.609375,0.984375
32928.828125,1.218750
32929.859375,1.031250
32930.875000,1.015625
32931.937500,1.062500
32932.875000,0.937500
32933.843750,0.968750
32934.812500,0.968750
32935.750000,0.937500
32936.703125,0.953125
32937.718750,1.015625
32938.671875,0.953125
32939.640625,0.968750
32940.656250,1.015625
32941.625000,0.968750
32942.609375,0.984375
32943.765625,1.156250
32944.937500,1.171875
32945.968750,1.031250
32947.000000,1.031250
32948.000000,1.000000
32949.015625,1.015625
32949.984375,0.968750
32950.937500,0.953125
32951.906250,0.968750
32952.843750,0.937500
32953.796875,0.953125
32954.765625,0.968750
32955.734375,0.968750
32956.703125,0.968750
32957.781250,1.078125
32958.781250,1.000000
32959.750000,0.968750
32960.750000,1.000000
32961.703125,0.953125
32962.625000,0.921875
32963.578125,0.953125
32964.500000,0.921875
32965.390625,0.890625
32966.312500,0.921875
32967.250000,0.937500
32968.140625,0.890625
32969.078125,0.937500
32970.046875,0.968750
32970.984375,0.937500
32972.015625,1.031250
32973.109375,1.093750
32974.140625,1.031250
32975.156250,1.015625
32976.109375,0.953125
32977.078125,0.968750
32978.078125,1.000000
32979.062500,0.984375
32980.125000,1.062500
32981.140625,1.015625
32982.281250,1.140625
32983.406250,1.125000
32984.421875,1.015625
32985.375000,0.953125
32986.343750,0.968750
32997.000000,0.656250
32997.687500,0.687500
32998.234375,0.546875
32998.984375,0.750000
32999.718750,0.734375
33000.437500,0.718750
33001.156250,0.718750
33001.906250,0.750000
33002.765625,0.859375
33008.125000,1.093750
33009.296875,1.171875
33017.859375,1.187500
33019.046875,1.187500
33020.078125,1.031250
33021.171875,1.093750
33022.328125,1.156250
33023.421875,1.093750
33024.375000,0.953125
33025.343750,0.968750
33026.421875,1.078125
33027.671875,1.250000
33028.781250,1.109375
33029.937500,1.156250
33031.187500,1.250000
33032.265625,1.078125
33033.437500,1.171875
33034.609375,1.171875
33035.703125,1.093750
33036.828125,1.125000
33038.203125,1.375000
33039.609375,1.406250
33040.812500,1.203125
33042.093750,1.281250
33043.406250,1.312500
33044.687500,1.281250
33045.937500,1.250000
33047.140625,1.203125
33048.421875,1.281250
33049.687500,1.265625
33050.875000,1.187500
33052.109375,1.234375
33053.343750,1.234375
33054.578125,1.234375
33055.718750,1.140625
33056.921875,1.203125
33058.078125,1.156250
33059.296875,1.218750
33060.500000,1.203125
33061.765625,1.265625
33063.109375,1.343750
33064.375000,1.265625
33065.515625,1.140625
33066.625000,1.109375
33067.703125,1.078125
33068.781250,1.078125
33069.875000,1.093750
33071.015625,1.140625
33072.140625,1.125000
33073.296875,1.156250
33074.406250,1.109375
33075.578125,1.171875
33076.765625,1.187500
33077.890625,1.125000
33079.031250,1.140625
33080.062500,1.031250
33081.078125,1.015625
33082.140625,1.062500
33083.218750,1.078125
33084.250000,1.031250
33085.265625,1.015625
33086.500000,1.234375
33087.703125,1.203125
33088.890625,1.187500
33090.078125,1.187500
33091.156250,1.078125
33092.265625,1.109375
33093.546875,1.281250
33094.687500,1.140625
33095.875000,1.187500
33097.125000,1.250000
33098.218750,1.093750
33099.343750,1.125000
33100.468750,1.125000
33101.515625,1.046875
33102.625000,1.109375
33103.843750,1.218750
33104.984375,1.140625
33106.093750,1.109375
33107.203125,1.109375
33108.265625,1.062500
33109.484375,1.218750
33110.671875,1.187500
33111.750000,1.078125
33112.843750,1.093750
33113.968750,1.125000
33115.000000,1.031250
33116.062500,1.062500
33117.125000,1.062500
33118.156250,1.031250
33119.187500,1.031250
33120.281250,1.093750
33121.359375,1.078125
33122.328125,0.968750
33123.375000,1.046875
33124.437500,1.062500
33125.437500,1.000000
33126.468750,1.031250
33127.531250,1.062500
33128.562500,1.031250
33129.578125,1.015625
33130.640625,1.062500
33131.687500,1.046875
33132.671875,0.984375
33133.687500,1.015625
33134.750000,1.062500
33135.734375,0.984375
33136.718750,0.984375
33137.781250,1.062500
33138.875000,1.093750
33139.859375,0.984375
33140.875000,1.015625
33141.890625,1.015625
33142.921875,1.031250
33143.875000,0.953125
33144.843750,0.968750
33145.828125,0.984375
33146.812500,0.984375
33147.796875,0.984375
33148.765625,0.968750
33149.796875,1.031250
33150.781250,0.984375
33151.703125,0.921875
33152.640625,0.937500
33153.593750,0.953125
33154.562500,0.968750
33155.500000,0.937500
33156.484375,0.984375
33157.546875,1.062500
33158.546875,1.000000
33159.562500,1.015625
33160.640625,1.078125
33161.734375,1.093750
33162.828125,1.093750
33163.968750,1.140625
33165.062500,1.093750
33166.125000,1.062500
33167.250000,1.125000
33168.312500,1.062500
33169.390625,1.078125
33170.515625,1.125000
33171.625000,1.109375
33172.796875,1.171875
33173.921875,1.125000
33175.000000,1.078125
33176.109375,1.109375
33177.234375,1.125000
33178.328125,1.093750
33179.468750,1.140625
33180.562500,1.093750
33181.687500,1.125000
33182.796875,1.109375
33183.843750,1.046875
33184.968750,1.125000
33186.062500,1.093750
33187.078125,1.015625
33188.187500,1.109375
33189.265625,1.078125
33190.296875,1.031250
33191.343750,1.046875
33192.343750,1.000000
33193.390625,1.046875
33211.062500,0.640625
33211.703125,0.640625
33212.390625,0.687500
33217.234375,1.093750
33218.468750,1.234375
33219.828125,1.359375
33221.093750,1.265625
33222.359375,1.265625
33223.593750,1.234375
33224.859375,1.265625
33226.015625,1.156250
33227.218750,1.203125
33228.375000,1.156250
33229.531250,1.156250
33230.671875,1.140625
33231.750000,1.078125
33232.796875,1.046875
33233.718750,0.921875
33234.640625,0.921875
33235.546875,0.906250
33236.421875,0.875000
33237.312500,0.890625
33238.250000,0.937500
33239.203125,0.953125
33240.171875,0.968750
33241.375000,1.203125
33242.515625,1.140625
33243.750000,1.234375
33245.093750,1.343750
33246.375000,1.281250
33247.546875,1.171875
33248.546875,1.000000
33249.546875,1.000000
33250.484375,0.937500
33251.406250,0.921875
33252.437500,1.031250
33253.484375,1.046875
33254.718750,1.234375
33256.125000,1.406250
33257.343750,1.218750
33258.515625,1.171875
33259.593750,1.078125
33260.593750,1.000000
33261.593750,1.000000
33262.562500,0.968750
33263.640625,1.078125
33264.703125,1.062500
33265.796875,1.093750
33266.796875,1.000000
33267.734375,0.937500
33268.671875,0.937500
33269.671875,1.000000
33270.593750,0.921875
33271.562500,0.968750
33272.500000,0.937500
33273.390625,0.890625
33274.312500,0.921875
33275.343750,1.031250
33276.390625,1.046875
33277.406250,1.015625
33278.625000,1.218750
33279.765625,1.140625
33280.859375,1.093750
33282.000000,1.140625
33283.078125,1.078125
33284.234375,1.156250
33285.515625,1.281250
33286.578125,1.062500
33287.812500,1.234375
33289.078125,1.265625
33290.140625,1.062500
33291.296875,1.156250
33292.484375,1.187500
33293.546875,1.062500
33294.812500,1.265625
33295.984375,1.171875
33297.093750,1.109375
33298.234375,1.140625
33299.234375,1.000000
33300.281250,1.046875
33301.406250,1.125000
33302.437500,1.031250
33303.546875,1.109375
33304.625000,1.078125
33305.593750,0.968750
33306.593750,1.000000
33307.609375,1.015625
33308.562500,0.953125
33309.625000,1.062500
33310.656250,1.031250
33311.640625,0.984375
33312.718750,1.078125
33313.750000,1.031250
33314.750000,1.000000
33315.812500,1.062500
33316.812500,1.000000
33317.843750,1.031250
33318.906250,1.062500
33319.953125,1.046875
33321.046875,1.093750
33322.296875,1.250000
33323.406250,1.109375
33324.625000,1.218750
33325.718750,1.093750
33326.812500,1.093750
33328.093750,1.281250
33329.296875,1.203125
33330.562500,1.265625
33331.843750,1.281250
33333.015625,1.171875
33334.125000,1.109375
33335.140625,1.015625
33336.218750,1.078125
33337.296875,1.078125
33338.265625,0.968750
33339.359375,1.093750
33340.375000,1.015625
33341.328125,0.953125
33342.328125,1.000000
33343.296875,0.968750
33344.281250,0.984375
33345.265625,0.984375
33346.250000,0.984375
33347.203125,0.953125
33348.171875,0.968750
33349.156250,0.984375
33350.046875,0.890625
33351.015625,0.968750
33351.984375,0.968750
33352.906250,0.921875
33353.875000,0.968750
33354.890625,1.015625
33355.812500,0.921875
33356.796875,0.984375
33357.828125,1.031250
33358.812500,0.984375
33359.781250,0.968750
33360.796875,1.015625
33361.781250,0.984375
33362.734375,0.953125
33363.734375,1.000000
33364.781250,1.046875
33365.781250,1.000000
33366.812500,1.031250
33367.859375,1.046875
33368.859375,1.000000
33369.796875,0.937500
33370.796875,1.000000
33371.875000,1.078125
33372.906250,1.031250
33373.890625,0.984375
33374.921875,1.031250
33375.953125,1.031250
33376.921875,0.968750
33377.937500,1.015625
33378.921875,0.984375
33379.937500,1.015625
33380.937500,1.000000
33381.953125,1.015625
33382.921875,0.968750
33383.937500,1.015625
33385.031250,1.093750
33386.062500,1.031250
33387.046875,0.984375
33388.046875,1.000000
33389.031250,0.984375
33390.015625,0.984375
33391.000000,0.984375
33392.015625,1.015625
33393.046875,1.031250
33394.093750,1.046875
33395.125000,1.031250
33396.125000,1.000000
33397.078125,0.953125
33398.125000,1.046875
33399.109375,0.984375
33400.093750,0.984375
33401.125000,1.031250
33402.093750,0.968750
33403.078125,0.984375
33404.015625,0.937500
33405.000000,0.984375
33405.984375,0.984375
33406.953125,0.968750
33408.015625,1.062500
33419.218750,0.703125
33419.921875,0.703125
33420.609375,0.687500
33421.296875,0.687500
33422.062500,0.765625
33422.984375,0.921875
33429.125000,1.281250
33430.359375,1.234375
33431.796875,1.437500
33433.218750,1.421875
33434.531250,1.312500
33435.906250,1.375000
33437.250000,1.343750
33438.500000,1.250000
33439.734375,1.234375
33440.875000,1.140625
33441.953125,1.078125
33443.000000,1.046875
33444.000000,1.000000
33445.218750,1.218750
33446.359375,1.140625
33447.484375,1.125000
33448.578125,1.093750
33449.531250,0.953125
33450.546875,1.015625
33451.546875,1.000000
33452.484375,0.937500
33453.437500,0.953125
33454.390625,0.953125
33455.328125,0.937500
33456.296875,0.968750
33457.343750,1.046875
33458.296875,0.953125
33459.312500,1.015625
33460.359375,1.046875
33461.312500,0.953125
33462.343750,1.031250
33463.359375,1.015625
33464.328125,0.968750
33465.328125,1.000000
33466.312500,0.984375
33467.265625,0.953125
33468.296875,1.031250
33469.375000,1.078125
33470.406250,1.031250
33471.515625,1.109375
33472.578125,1.062500
33473.593750,1.015625
33474.656250,1.062500
33475.640625,0.984375
33476.609375,0.968750
33477.625000,1.015625
33478.625000,1.000000
33479.656250,1.031250
33480.718750,1.062500
33481.750000,1.031250
33482.718750,0.968750
33483.796875,1.078125
33484.875000,1.078125
33485.890625,1.015625
33486.937500,1.046875
33488.062500,1.125000
33489.140625,1.078125
33490.250000,1.109375
33491.343750,1.093750
33492.453125,1.109375
33493.453125,1.000000
33494.531250,1.078125
33495.531250,1.000000
33496.515625,0.984375
33497.625000,1.109375
33498.640625,1.015625
33499.562500,0.921875
33511.437500,0.703125
33512.156250,0.718750
33513.000000,0.843750
33513.890625,0.890625
33514.828125,0.937500
33520.875000,1.265625
33522.187500,1.312500
33523.296875,1.109375
33524.531250,1.234375
33525.906250,1.375000
33527.093750,1.187500
33528.250000,1.156250
33529.390625,1.140625
33530.531250,1.140625
33531.640625,1.109375
33532.765625,1.125000
33533.812500,1.046875
33534.859375,1.046875
33535.937500,1.078125
33536.937500,1.000000
33537.906250,0.968750
33538.906250,1.000000
33539.890625,0.984375
33540.843750,0.953125
33541.843750,1.000000
33542.906250,1.062500
33543.937500,1.031250
33544.968750,1.031250
33546.062500,1.093750
33547.109375,1.046875
33548.078125,0.968750
33549.078125,1.000000
33550.093750,1.015625
33551.062500,0.968750
33552.046875,0.984375
33553.046875,1.000000
33554.015625,0.968750
33555.015625,1.000000
33556.031250,1.015625
33556.968750,0.937500
33557.984375,1.015625
33558.984375,1.000000
33559.937500,0.953125
33560.921875,0.984375
33561.875000,0.953125
33562.781250,0.906250
33563.687500,0.906250
33564.656250,0.968750
33565.593750,0.937500
33566.531250,0.937500
33567.531250,1.000000
33568.578125,1.046875
33569.562500,0.984375
33570.593750,1.031250
33571.671875,1.078125
33572.671875,1.000000
33573.703125,1.031250
33574.750000,1.046875
33575.703125,0.953125
33576.687500,0.984375
33577.765625,1.078125
33578.812500,1.046875
33579.812500,1.000000
33580.859375,1.046875
33581.875000,1.015625
33582.875000,1.000000
33583.875000,1.000000
33584.828125,0.953125
33585.828125,1.000000
33586.828125,1.000000
33587.812500,0.984375
33588.828125,1.015625
33589.843750,1.015625
33590.859375,1.015625
33591.859375,1.000000
33592.875000,1.015625
33593.843750,0.968750
33594.843750,1.000000
33595.859375,1.015625
33596.875000,1.015625
33597.921875,1.046875
33599.031250,1.109375
33600.062500,1.031250
33601.109375,1.046875
33602.140625,1.031250
33603.109375,0.968750
33604.078125,0.968750
33605.093750,1.015625
33606.062500,0.968750
33607.046875,0.984375
33608.078125,1.031250
33609.093750,1.015625
33610.046875,0.953125
33611.031250,0.984375
33612.062500,1.031250
33613.015625,0.953125
33614.015625,1.000000
33615.093750,1.078125
33616.109375,1.015625
33617.140625,1.031250
33618.234375,1.093750
33619.265625,1.031250
33620.203125,0.937500
33621.156250,0.953125
33622.156250,1.000000
33623.062500,0.906250
33623.937500,0.875000
33624.906250,0.968750
33625.843750,0.937500
33626.750000,0.906250
33627.625000,0.875000
33628.625000,1.000000
33629.718750,1.093750
33630.703125,0.984375
33631.734375,1.031250
33632.796875,1.062500
33633.765625,0.968750
33634.750000,0.984375
33635.765625,1.015625
33636.765625,1.000000
33637.781250,1.015625
33638.906250,1.125000
33639.953125,1.046875
33641.046875,1.093750
33642.156250,1.109375
33643.234375,1.078125
33644.375000,1.140625
33645.421875,1.046875
33646.406250,0.984375
33647.437500,1.031250
33648.421875,0.984375
33649.468750,1.046875
33650.453125,0.984375
33651.468750,1.015625
33652.484375,1.015625
33653.468750,0.984375
33654.484375,1.015625
33655.453125,0.968750
33656.453125,1.000000
33666.937500,0.781250
33667.687500,0.750000
33668.500000,0.812500
33669.312500,0.812500
33670.187500,0.875000
33671.062500,0.875000
33677.218750,1.218750
33678.390625,1.171875
33679.578125,1.187500
33680.687500,1.109375
33681.906250,1.218750
33683.156250,1.250000
33684.359375,1.203125
33685.437500,1.078125
33686.453125,1.015625
33687.515625,1.062500
33688.515625,1.000000
33689.437500,0.921875
33690.390625,0.953125
33691.484375,1.093750
33692.453125,0.968750
33693.515625,1.062500
33694.515625,1.000000
33695.468750,0.953125
33696.453125,0.984375
33697.421875,0.968750
33698.343750,0.921875
33699.281250,0.937500
33700.250000,0.968750
33701.187500,0.937500
33702.140625,0.953125
33703.171875,1.031250
33704.390625,1.218750
33705.687500,1.296875
33706.875000,1.187500
33708.125000,1.250000
33709.265625,1.140625
33710.343750,1.078125
33711.515625,1.171875
33712.546875,1.031250
33713.593750,1.046875
33714.640625,1.046875
33715.640625,1.000000
33721.171875,0.984375
33722.187500,1.015625
33723.140625,0.953125
33724.203125,1.062500
33725.281250,1.078125
33726.296875,1.015625
33727.265625,0.968750
33728.140625,0.875000
33729.015625,0.875000
33729.921875,0.906250
33730.765625,0.843750
33731.671875,0.906250
33732.546875,0.875000
33733.390625,0.843750
33734.203125,0.812500
33735.078125,0.875000
33735.968750,0.890625
33736.921875,0.953125
33737.921875,1.000000
33738.906250,0.984375
33739.937500,1.031250
33740.984375,1.046875
33742.015625,1.031250
33742.937500,0.921875
33743.875000,0.937500
33744.796875,0.921875
33745.703125,0.906250
33746.843750,1.140625
33752.703125,1.093750
33753.796875,1.093750
33754.984375,1.187500
33756.078125,1.093750
33757.203125,1.125000
33758.375000,1.171875
33759.421875,1.046875
33760.562500,1.140625
33761.703125,1.140625
33762.765625,1.062500
33763.796875,1.031250
33764.859375,1.062500
33765.859375,1.000000
33766.906250,1.046875
33767.984375,1.078125
33769.031250,1.046875
33770.000000,0.968750
33771.078125,1.078125
33772.140625,1.062500
33773.140625,1.000000
33774.203125,1.062500
33775.265625,1.062500
33776.265625,1.000000
33777.359375,1.093750
33778.437500,1.078125
33779.500000,1.062500
33780.609375,1.109375
33781.687500,1.078125
33782.796875,1.109375
33783.906250,1.109375
33784.984375,1.078125
33786.125000,1.140625
33787.375000,1.250000
33788.671875,1.296875
33789.875000,1.203125
33791.156250,1.281250
33792.187500,1.031250
33793.312500,1.125000
33794.578125,1.265625
33795.703125,1.125000
33796.828125,1.125000
33797.828125,1.000000
33798.937500,1.109375
33800.000000,1.062500
33801.171875,1.171875
33802.234375,1.062500
33803.265625,1.031250
33804.562500,1.296875
33805.703125,1.140625
33806.843750,1.140625
33807.906250,1.062500
33808.921875,1.015625
33810.062500,1.140625
33811.156250,1.093750
33812.296875,1.140625
33813.406250,1.109375
33814.390625,0.984375
33815.484375,1.093750
33816.593750,1.109375
33817.671875,1.078125
33818.765625,1.093750
33819.796875,1.031250
33820.765625,0.968750
33821.734375,0.968750
33822.734375,1.000000
33823.671875,0.937500
33824.656250,0.984375
33825.828125,1.171875
33826.796875,0.968750
33827.781250,0.984375
33828.859375,1.078125
33829.859375,1.000000
33830.937500,1.078125
33832.234375,1.296875
33833.437500,1.203125
33834.468750,1.031250
33835.546875,1.078125
33836.671875,1.125000
33837.734375,1.062500
33838.765625,1.031250
33839.796875,1.031250
33840.828125,1.031250
33841.781250,0.953125
33842.734375,0.953125
33843.703125,0.968750
33844.671875,0.968750
33845.671875,1.000000
33846.703125,1.031250
33847.750000,1.046875
33848.750000,1.000000
33849.812500,1.062500
33851.015625,1.203125
33852.078125,1.062500
33853.046875,0.968750
33854.031250,0.984375
33855.015625,0.984375
33855.937500,0.921875
33856.843750,0.906250
33857.765625,0.921875
33858.671875,0.906250
33859.578125,0.906250
33860.453125,0.875000
33861.359375,0.906250
33862.234375,0.875000
33863.062500,0.828125
33863.937500,0.875000
33864.875000,0.937500
33865.843750,0.968750
33866.906250,1.062500
33868.046875,1.140625
33869.078125,1.031250
33870.140625,1.062500
33871.281250,1.140625
33872.343750,1.062500
33873.500000,1.156250
33874.625000,1.125000
33875.718750,1.093750
33876.875000,1.156250
33877.968750,1.093750
33879.015625,1.046875
33880.062500,1.046875
33881.046875,0.984375
33882.031250,0.984375
33883.031250,1.000000
33884.031250,1.000000
33885.031250,1.000000
33886.093750,1.062500
33887.062500,0.968750
33888.031250,0.968750
33889.031250,1.000000
33889.984375,0.953125
33890.968750,0.984375
33891.937500,0.968750
33892.843750,0.906250
33893.843750,1.000000
33894.796875,0.953125
33895.703125,0.906250
33896.656250,0.953125
33897.593750,0.937500
33898.500000,0.906250
33899.421875,0.921875
33900.343750,0.921875
33901.203125,0.859375
33902.093750,0.890625
33902.968750,0.875000
33903.843750,0.875000
33904.750000,0.906250
33905.734375,0.984375
33906.656250,0.921875
33907.578125,0.921875
33908.468750,0.890625
33909.343750,0.875000
33910.203125,0.859375
33911.093750,0.890625
33911.968750,0.875000
33912.843750,0.875000
33913.796875,0.953125
33914.734375,0.937500
33915.625000,0.890625
33916.625000,1.000000
33917.718750,1.093750
33918.750000,1.031250
33919.796875,1.046875
33920.937500,1.140625
33922.031250,1.093750
33923.125000,1.093750
33924.328125,1.203125
33925.406250,1.078125
33926.484375,1.078125
33927.593750,1.109375
33928.609375,1.015625
33929.625000,1.015625
33930.718750,1.093750
33931.765625,1.046875
33932.828125,1.062500
33934.000000,1.171875
33935.015625,1.015625
33936.109375,1.093750
33937.281250,1.171875
33938.296875,1.015625
33939.343750,1.046875
33940.375000,1.031250
33941.328125,0.953125
33942.328125,1.000000
33943.328125,1.000000
33953.156250,0.703125
33953.875000,0.718750
33954.671875,0.796875
33955.375000,0.703125
33956.109375,0.734375
33956.859375,0.750000
33957.593750,0.734375
33958.328125,0.734375
33959.062500,0.734375
33959.765625,0.703125
33960.500000,0.734375
33961.250000,0.750000
33962.078125,0.828125
33963.015625,0.937500
33963.968750,0.953125
33965.140625,1.171875
33966.281250,1.140625
33967.343750,1.062500
33968.406250,1.062500
33969.515625,1.109375
33970.500000,0.984375
33971.546875,1.046875
33972.687500,1.140625
33973.718750,1.031250
33974.656250,0.937500
33975.578125,0.921875
34002.203125,0.796875
34002.937500,0.734375
34003.734375,0.796875
34004.500000,0.765625
34005.265625,0.765625
34006.046875,0.781250
34006.843750,0.796875
34007.765625,0.921875
34011.453125,0.828125
34012.140625,0.687500
34012.953125,0.812500
34013.718750,0.765625
34014.500000,0.781250
34015.203125,0.703125
34016.031250,0.828125
34016.812500,0.781250
34017.562500,0.750000
34018.359375,0.796875
34019.171875,0.812500
34020.015625,0.843750
34020.828125,0.812500
34021.656250,0.828125
34022.468750,0.812500
34023.328125,0.859375
34024.140625,0.812500
34024.968750,0.828125
34025.796875,0.828125
34026.625000,0.828125
34027.484375,0.859375
34028.312500,0.828125
34029.109375,0.796875
34029.937500,0.828125
34030.703125,0.765625
34031.468750,0.765625
34032.218750,0.750000
34032.968750,0.750000
34033.687500,0.718750
34034.390625,0.703125
34035.125000,0.734375
34035.843750,0.718750
34036.625000,0.781250
34037.406250,0.781250
34038.203125,0.796875
34039.000000,0.796875
34039.781250,0.781250
34040.593750,0.812500
34041.406250,0.812500
34042.203125,0.796875
34043.000000,0.796875
34043.828125,0.828125
34044.640625,0.812500
34045.437500,0.796875
34046.265625,0.828125
34047.109375,0.843750
34047.937500,0.828125
34048.765625,0.828125
34049.578125,0.812500
34050.406250,0.828125
34051.218750,0.812500
34052.031250,0.812500
34052.843750,0.812500
34053.671875,0.828125
34054.546875,0.875000
34055.515625,0.968750
34056.453125,0.937500
34057.343750,0.890625
34058.312500,0.968750
34059.453125,1.140625
34060.625000,1.171875
34061.703125,1.078125
34062.750000,1.046875
34063.750000,1.000000
34064.687500,0.937500
34065.609375,0.921875
34066.546875,0.937500
34067.468750,0.921875
34068.375000,0.906250
34069.343750,0.968750
34070.359375,1.015625
34071.296875,0.937500
34072.250000,0.953125
34073.203125,0.953125
34074.125000,0.921875
34075.015625,0.890625
34075.921875,0.906250
34076.906250,0.984375
34077.859375,0.953125
34078.796875,0.937500
34079.781250,0.984375
34080.828125,1.046875
34081.859375,1.031250
34082.812500,0.953125
34083.734375,0.921875
34084.656250,0.921875
34085.531250,0.875000
34086.375000,0.843750
34087.250000,0.875000
34088.203125,0.953125
34089.265625,1.062500
34090.234375,0.968750
34091.265625,1.031250
34092.312500,1.046875
34093.312500,1.000000
34094.375000,1.062500
34095.421875,1.046875
34096.406250,0.984375
34097.375000,0.968750
34098.328125,0.953125
34099.281250,0.953125
34100.203125,0.921875
34101.125000,0.921875
34102.046875,0.921875
34103.046875,1.000000
34104.000000,0.953125
34105.000000,1.000000
34106.031250,1.031250
34106.984375,0.953125
34107.875000,0.890625
34108.828125,0.953125
34109.734375,0.906250
34110.609375,0.875000
34111.500000,0.890625
34112.421875,0.921875
34113.375000,0.953125
34114.265625,0.890625
34115.156250,0.890625
34116.046875,0.890625
34116.890625,0.843750
34117.734375,0.843750
34118.562500,0.828125
34119.359375,0.796875
34120.171875,0.812500
34121.000000,0.828125
34121.828125,0.828125
34122.656250,0.828125
34123.500000,0.843750
34124.343750,0.843750
34125.187500,0.843750
34126.000000,0.812500
34126.796875,0.796875
34127.625000,0.828125
34128.453125,0.828125
34129.250000,0.796875
34130.078125,0.828125
34130.906250,0.828125
34131.781250,0.875000
34132.656250,0.875000
34133.578125,0.921875
34134.515625,0.937500
34142.015625,0.984375
34147.406250,1.000000
34148.343750,0.937500
34149.281250,0.937500
34150.218750,0.937500
34151.109375,0.890625
34152.046875,0.937500
34152.984375,0.937500
34153.921875,0.937500
34154.796875,0.875000
34155.625000,0.828125
34156.453125,0.828125
34157.250000,0.796875
34158.062500,0.812500
34158.859375,0.796875
34159.656250,0.796875
34160.453125,0.796875
34161.312500,0.859375
34162.187500,0.875000
34163.046875,0.859375
34163.968750,0.921875
34164.906250,0.937500
34165.859375,0.953125
34166.765625,0.906250
34167.671875,0.906250
34168.593750,0.921875
34169.484375,0.890625
34170.406250,0.921875
34171.312500,0.906250
34172.281250,0.968750
34173.203125,0.921875
34174.109375,0.906250
34175.000000,0.890625
34175.875000,0.875000
34176.718750,0.843750
34177.546875,0.828125
34189.156250,0.703125
34189.859375,0.703125
34190.562500,0.703125
34191.281250,0.718750
34192.000000,0.718750
34192.734375,0.734375
34193.484375,0.750000
34194.265625,0.781250
34195.078125,0.812500
34195.875000,0.796875
34196.734375,0.859375
34197.625000,0.890625
34198.500000,0.875000
34199.359375,0.859375
34200.218750,0.859375
34201.078125,0.859375
34201.921875,0.843750
34202.750000,0.828125
34203.578125,0.828125
34204.406250,0.828125
34205.281250,0.875000
34206.156250,0.875000
34207.031250,0.875000
34207.921875,0.890625
34208.796875,0.875000
34209.640625,0.843750
34210.500000,0.859375
34211.343750,0.843750
34212.203125,0.859375
34213.046875,0.843750
34213.875000,0.828125
34214.703125,0.828125
34215.546875,0.843750
34216.375000,0.828125
34217.203125,0.828125
34218.031250,0.828125
34218.843750,0.812500
34219.625000,0.781250
34220.390625,0.765625
34221.125000,0.734375
34221.859375,0.734375
34222.578125,0.718750
34223.296875,0.718750
34224.000000,0.703125
34224.718750,0.718750
34225.468750,0.750000
34226.265625,0.796875
34227.046875,0.781250
34227.828125,0.781250
34228.640625,0.812500
34229.468750,0.828125
34230.265625,0.796875
34231.078125,0.812500
34231.875000,0.796875
34232.687500,0.812500
34233.500000,0.812500
34234.296875,0.796875
34235.125000,0.828125
34236.000000,0.875000
34236.921875,0.921875
34237.812500,0.890625
34238.703125,0.890625
34239.609375,0.906250
34240.500000,0.890625
34241.375000,0.875000
34242.265625,0.890625
34243.156250,0.890625
34244.031250,0.875000
34244.875000,0.843750
34245.718750,0.843750
34246.578125,0.859375
34247.437500,0.859375
34248.265625,0.828125
34249.078125,0.812500
34249.937500,0.859375
34250.828125,0.890625
34251.687500,0.859375
34252.546875,0.859375
34253.406250,0.859375
34254.265625,0.859375
34255.125000,0.859375
34255.968750,0.843750
34256.843750,0.875000
34257.718750,0.875000
34258.578125,0.859375
34259.500000,0.921875
34260.453125,0.953125
34261.421875,0.968750
34262.359375,0.937500
34263.296875,0.937500
34264.265625,0.968750
34265.265625,1.000000
34266.375000,1.109375
34267.421875,1.046875
34268.500000,1.078125
34269.531250,1.031250
34270.562500,1.031250
34271.500000,0.937500
34272.453125,0.953125
34273.375000,0.921875
34274.296875,0.921875
34275.171875,0.875000
34276.031250,0.859375
34276.890625,0.859375
34277.750000,0.859375
34278.578125,0.828125
34279.437500,0.859375
34280.312500,0.875000
34281.187500,0.875000
34282.046875,0.859375
34282.937500,0.890625
34283.828125,0.890625
34284.703125,0.875000
34285.609375,0.906250
34286.531250,0.921875
34287.453125,0.921875
34288.343750,0.890625
34289.265625,0.921875
34290.203125,0.937500
34291.171875,0.968750
34292.109375,0.937500
34293.125000,1.015625
34294.156250,1.031250
34295.156250,1.000000
34296.093750,0.937500
34297.078125,0.984375
34298.046875,0.968750
34298.953125,0.906250
34299.843750,0.890625
34300.734375,0.890625
34301.656250,0.921875
34302.562500,0.906250
34303.500000,0.937500
34304.453125,0.953125
34305.437500,0.984375
34306.375000,0.937500
34307.312500,0.937500
34308.265625,0.953125
34309.187500,0.921875
34310.093750,0.906250
34311.031250,0.937500
34312.000000,0.968750
34312.968750,0.968750
34313.968750,1.000000
34314.953125,0.984375
34315.921875,0.968750
34316.875000,0.953125
34317.843750,0.968750
34318.796875,0.953125
34319.750000,0.953125
34320.687500,0.937500
34321.750000,1.062500
34322.859375,1.109375
34323.859375,1.000000
34324.843750,0.984375
34325.843750,1.000000
34326.781250,0.937500
34327.734375,0.953125
34328.703125,0.968750
34329.656250,0.953125
34330.593750,0.937500
34331.546875,0.953125
34332.546875,1.000000
34333.531250,0.984375
34334.546875,1.015625
34335.562500,1.015625
34336.578125,1.015625
34337.531250,0.953125
34338.484375,0.953125
34339.468750,0.984375
34340.437500,0.968750
34341.390625,0.953125
34342.390625,1.000000
34343.468750,1.078125
34344.453125,0.984375
34345.468750,1.015625
34346.531250,1.062500
34347.593750,1.062500
34348.593750,1.000000
34349.609375,1.015625
34350.640625,1.031250
34351.609375,0.968750
34352.656250,1.046875
34353.734375,1.078125
34354.734375,1.000000
34355.718750,0.984375
34356.718750,1.000000
34357.734375,1.015625
34358.671875,0.937500
34359.671875,1.000000
34360.656250,0.984375
34361.578125,0.921875
34362.484375,0.906250
34363.390625,0.906250
34364.265625,0.875000
34365.156250,0.890625
34366.062500,0.906250
34366.968750,0.906250
34367.890625,0.921875
34368.875000,0.984375
34369.921875,1.046875
34370.890625,0.968750
34371.812500,0.921875
34372.750000,0.937500
34373.656250,0.906250
34374.578125,0.921875
34375.515625,0.937500
34376.421875,0.906250
34377.281250,0.859375
34378.140625,0.859375
34378.984375,0.843750
34379.828125,0.843750
34380.640625,0.812500
34381.468750,0.828125
34382.312500,0.843750
34383.156250,0.843750
34384.000000,0.843750
34384.875000,0.875000
34385.765625,0.890625
34386.640625,0.875000
34387.546875,0.906250
34388.484375,0.937500
34389.437500,0.953125
34390.375000,0.937500
34391.359375,0.984375
34392.312500,0.953125
34393.281250,0.968750
34394.203125,0.921875
34395.140625,0.937500
34396.062500,0.921875
34397.031250,0.968750
34397.937500,0.906250
34398.890625,0.953125
34399.984375,1.093750
34401.078125,1.093750
34402.000000,0.921875
34402.843750,0.843750
34403.703125,0.859375
34404.546875,0.843750
34405.500000,0.953125
34406.421875,0.921875
34407.500000,1.078125
34408.640625,1.140625
34409.640625,1.000000
34410.640625,1.000000
34411.718750,1.078125
34412.765625,1.046875
34413.718750,0.953125
34414.703125,0.984375
34415.718750,1.015625
34416.703125,0.984375
34417.640625,0.937500
34418.625000,0.984375
34419.640625,1.015625
34420.640625,1.000000
34421.656250,1.015625
34422.671875,1.015625
34423.718750,1.046875
34424.703125,0.984375
34425.734375,1.031250
34426.812500,1.078125
34427.812500,1.000000
34428.781250,0.968750
34429.812500,1.031250
34430.828125,1.015625
34431.781250,0.953125
34432.781250,1.000000
34433.828125,1.046875
34434.812500,0.984375
34435.781250,0.968750
34436.765625,0.984375
34437.781250,1.015625
34438.750000,0.968750
34439.750000,1.000000
34440.812500,1.062500
34441.812500,1.000000
34442.750000,0.937500
34443.750000,1.000000
34444.765625,1.015625
34445.750000,0.984375
34446.718750,0.968750
34447.765625,1.046875
34448.843750,1.078125
34449.843750,1.000000
34450.875000,1.031250
34451.937500,1.062500
34452.921875,0.984375
34453.875000,0.953125
34454.859375,0.984375
34455.875000,1.015625
34456.843750,0.968750
34457.812500,0.968750
34458.796875,0.984375
34459.750000,0.953125
34460.687500,0.937500
34461.718750,1.031250
34462.796875,1.078125
34463.781250,0.984375
34464.781250,1.000000
34465.812500,1.031250
34466.781250,0.968750
34467.687500,0.906250
34468.625000,0.937500
34469.609375,0.984375
34470.531250,0.921875
34471.453125,0.921875
34472.390625,0.937500
34473.343750,0.953125
34474.265625,0.921875
34475.187500,0.921875
34476.140625,0.953125
34477.093750,0.953125
34478.062500,0.968750
34479.062500,1.000000
34480.078125,1.015625
34481.000000,0.921875
34481.921875,0.921875
34482.859375,0.937500
34483.781250,0.921875
34484.718750,0.937500
34485.765625,1.046875
34486.921875,1.156250
34487.937500,1.015625
34488.937500,1.000000
34489.953125,1.015625
34490.890625,0.937500
34491.828125,0.937500
34492.781250,0.953125
34493.828125,1.046875
34494.796875,0.968750
34495.781250,0.984375
34496.750000,0.968750
34497.734375,0.984375
34498.671875,0.937500
34499.640625,0.968750
34500.562500,0.921875
34501.437500,0.875000
34502.328125,0.890625
34503.187500,0.859375
34504.031250,0.843750
34504.859375,0.828125
34505.718750,0.859375
34506.671875,0.953125
34507.625000,0.953125
34508.593750,0.968750
34509.562500,0.968750
34510.500000,0.937500
34511.437500,0.937500
34512.375000,0.937500
34513.265625,0.890625
34514.156250,0.890625
34515.046875,0.890625
34515.937500,0.890625
34516.828125,0.890625
34517.734375,0.906250
34518.671875,0.937500
34519.593750,0.921875
34520.515625,0.921875
34521.453125,0.937500
34522.375000,0.921875
34523.265625,0.890625
34524.187500,0.921875
34525.125000,0.937500
34526.015625,0.890625
34526.937500,0.921875
34527.890625,0.953125
34528.859375,0.968750
34529.765625,0.906250
34530.718750,0.953125
34531.671875,0.953125
34532.609375,0.937500
34533.531250,0.921875
34534.468750,0.937500
34535.390625,0.921875
34536.296875,0.906250
34537.203125,0.906250
34538.140625,0.937500
34539.125000,0.984375
34540.078125,0.953125
34541.031250,0.953125
34542.031250,1.000000
34543.015625,0.984375
34543.968750,0.953125
34544.968750,1.000000
34545.953125,0.984375
34546.890625,0.937500
34547.828125,0.937500
34548.875000,1.046875
34549.906250,1.031250
34550.875000,0.968750
34551.859375,0.984375
34552.859375,1.000000
34553.828125,0.968750
34554.781250,0.953125
34555.796875,1.015625
34556.812500,1.015625
34557.796875,0.984375
34558.812500,1.015625
34559.859375,1.046875
34560.843750,0.984375
34561.765625,0.921875
34562.718750,0.953125
34563.640625,0.921875
34564.562500,0.921875
34565.437500,0.875000
34566.359375,0.921875
34567.359375,1.000000
34568.312500,0.953125
34569.234375,0.921875
34570.203125,0.968750
34571.171875,0.968750
34572.093750,0.921875
34573.031250,0.937500
34573.984375,0.953125
34574.906250,0.921875
34575.812500,0.906250
34576.734375,0.921875
34577.671875,0.937500
34578.531250,0.859375
34579.375000,0.843750
34580.250000,0.875000
34581.140625,0.890625
34582.031250,0.890625
34582.890625,0.859375
34583.781250,0.890625
34584.671875,0.890625
34585.546875,0.875000
34586.421875,0.875000
34587.312500,0.890625
34588.234375,0.921875
34589.125000,0.890625
34590.046875,0.921875
34590.984375,0.937500
34591.937500,0.953125
34592.875000,0.937500
34593.875000,1.000000
34594.937500,1.062500
34595.953125,1.015625
34596.875000,0.921875
34597.812500,0.937500
34598.781250,0.968750
34599.718750,0.937500
34600.671875,0.953125
34601.593750,0.921875
34602.562500,0.968750
34603.500000,0.937500
34604.421875,0.921875
34605.375000,0.953125
34606.343750,0.968750
34607.265625,0.921875
34608.171875,0.906250
34609.093750,0.921875
34610.015625,0.921875
34610.890625,0.875000
34611.781250,0.890625
34612.703125,0.921875
34613.593750,0.890625
34614.484375,0.890625
34615.390625,0.906250
34616.343750,0.953125
34617.250000,0.906250
34618.140625,0.890625
34619.062500,0.921875
34619.984375,0.921875
34620.859375,0.875000
34621.765625,0.906250
34622.703125,0.937500
34623.640625,0.937500
34624.546875,0.906250
34625.500000,0.953125
34626.437500,0.937500
34627.343750,0.906250
34628.265625,0.921875
34629.218750,0.953125
34630.140625,0.921875
34631.046875,0.906250
34631.984375,0.937500
34632.984375,1.000000
34633.968750,0.984375
34634.859375,0.890625
34635.750000,0.890625
34636.656250,0.906250
34637.546875,0.890625
34638.437500,0.890625
34639.375000,0.937500
34640.453125,1.078125
34641.500000,1.046875
34642.500000,1.000000
34643.515625,1.015625
34644.500000,0.984375
34645.421875,0.921875
34646.406250,0.984375
34647.343750,0.937500
34648.265625,0.921875
34649.203125,0.937500
34650.125000,0.921875
34651.031250,0.906250
34651.953125,0.921875
34652.875000,0.921875
34653.796875,0.921875
34654.687500,0.890625
34655.625000,0.937500
34656.609375,0.984375
34657.562500,0.953125
34658.500000,0.937500
34659.484375,0.984375
34660.484375,1.000000
34661.406250,0.921875
34662.296875,0.890625
34663.203125,0.906250
34664.218750,1.015625
34665.343750,1.125000
34666.453125,1.109375
34667.562500,1.109375
34668.578125,1.015625
34669.546875,0.968750
34670.546875,1.000000
34671.500000,0.953125
34672.406250,0.906250
34673.328125,0.921875
34674.281250,0.953125
34675.171875,0.890625
34676.046875,0.875000
34676.953125,0.906250
34677.906250,0.953125
34678.796875,0.890625
34679.703125,0.906250
34680.640625,0.937500
34681.593750,0.953125
34682.500000,0.906250
34683.421875,0.921875
34684.359375,0.937500
34685.265625,0.906250
34686.125000,0.859375
34687.031250,0.906250
34687.953125,0.921875
34688.875000,0.921875
34689.843750,0.968750
34690.875000,1.031250
34691.859375,0.984375
34692.859375,1.000000
34693.921875,1.062500
34694.953125,1.031250
34695.921875,0.968750
34696.875000,0.953125
34697.859375,0.984375
34698.843750,0.984375
34699.765625,0.921875
34700.640625,0.875000
34701.515625,0.875000
34702.375000,0.859375
34733.718750,0.875000
34734.546875,0.828125
34735.343750,0.796875
34736.109375,0.765625
34736.843750,0.734375
34737.546875,0.703125
34738.234375,0.687500
34738.937500,0.703125
34739.656250,0.718750
34740.406250,0.750000
34741.296875,0.890625
34742.171875,0.875000
34743.062500,0.890625
34743.984375,0.921875
34752.734375,0.750000
34753.546875,0.812500
34758.203125,0.781250
34758.968750,0.765625
34759.703125,0.734375
34760.437500,0.734375
34761.218750,0.781250
34762.078125,0.859375
34762.937500,0.859375
34763.890625,0.953125
34764.796875,0.906250
34765.687500,0.890625
34766.593750,0.906250
34767.484375,0.890625
34768.343750,0.859375
34769.218750,0.875000
34770.062500,0.843750
34770.890625,0.828125
34771.734375,0.843750
34780.984375,0.703125
34781.687500,0.703125
34782.390625,0.703125
34783.093750,0.703125
34783.812500,0.718750
34784.531250,0.718750
34785.281250,0.750000
34786.046875,0.765625
34786.843750,0.796875
34787.640625,0.796875
34788.468750,0.828125
34789.359375,0.890625
34790.250000,0.890625
34791.093750,0.843750
34791.953125,0.859375
34792.734375,0.781250
34793.750000,1.015625
34794.562500,0.812500
34795.328125,0.765625
34796.140625,0.812500
34796.906250,0.765625
34797.671875,0.765625
34798.484375,0.812500
34799.296875,0.812500
34800.093750,0.796875
34800.859375,0.765625
34801.640625,0.781250
34802.531250,0.890625
34803.453125,0.921875
34804.375000,0.921875
34805.375000,1.000000
34806.343750,0.968750
34807.250000,0.906250
34808.093750,0.843750
34808.906250,0.812500
34809.671875,0.765625
34810.406250,0.734375
34811.140625,0.734375
34811.875000,0.734375
34812.671875,0.796875
34817.359375,0.921875
34818.218750,0.859375
34819.093750,0.875000
34819.953125,0.859375
34820.796875,0.843750
34821.640625,0.843750
34822.500000,0.859375
34823.359375,0.859375
34824.203125,0.843750
34825.078125,0.875000
34825.953125,0.875000
34826.859375,0.906250
34827.750000,0.890625
34828.609375,0.859375
34829.484375,0.875000
34830.328125,0.843750
34831.156250,0.828125
34832.015625,0.859375
34832.875000,0.859375
34833.718750,0.843750
34834.562500,0.843750
34835.375000,0.812500
34836.171875,0.796875
34836.921875,0.750000
34837.687500,0.765625
34838.437500,0.750000
34851.734375,0.625000
34852.390625,0.656250
34853.078125,0.687500
34853.828125,0.750000
34854.562500,0.734375
34855.265625,0.703125
34856.062500,0.796875
34860.921875,0.906250
34861.828125,0.906250
34862.687500,0.859375
34863.500000,0.812500
34864.265625,0.765625
34865.015625,0.750000
34865.750000,0.734375
34866.468750,0.718750
34867.171875,0.703125
34867.968750,0.796875
34868.812500,0.843750
34869.625000,0.812500
34874.109375,0.703125
34874.812500,0.703125
34875.500000,0.687500
34876.234375,0.734375
34877.000000,0.765625
34877.765625,0.765625
34878.546875,0.781250
34879.375000,0.828125
34885.750000,0.734375
34886.562500,0.812500
34887.421875,0.859375
34892.937500,0.781250
34893.703125,0.765625
34894.359375,0.656250
34895.250000,0.890625
34895.937500,0.687500
34896.671875,0.734375
34897.406250,0.734375
34898.109375,0.703125
34898.828125,0.718750
34899.531250,0.703125
34900.218750,0.687500
34900.921875,0.703125
34901.687500,0.765625
34902.546875,0.859375
34903.390625,0.843750
34904.218750,0.828125
34905.015625,0.796875
34905.859375,0.843750
34906.671875,0.812500
34907.468750,0.796875
34908.250000,0.781250
34909.015625,0.765625
34909.750000,0.734375
34910.468750,0.718750
34911.171875,0.703125
34911.843750,0.671875
34912.515625,0.671875
34913.171875,0.656250
34913.828125,0.656250
