1629351578.000000, IBI
11.734375,0.687500
12.515625,0.781250
17.937500,0.828125
18.734375,0.796875
27.750000,0.750000
31.281250,0.703125
349.609375,0.718750
350.312500,0.703125
351.015625,0.703125
351.796875,0.781250
359.000000,0.625000
359.609375,0.609375
360.250000,0.640625
360.859375,0.609375
361.484375,0.625000
362.109375,0.625000
362.734375,0.625000
363.343750,0.609375
363.968750,0.625000
364.609375,0.640625
365.234375,0.625000
365.875000,0.640625
366.515625,0.640625
367.171875,0.656250
367.875000,0.703125
368.578125,0.703125
369.250000,0.671875
369.890625,0.640625
370.546875,0.656250
378.500000,0.703125
379.218750,0.718750
379.906250,0.687500
380.578125,0.671875
381.250000,0.671875
381.890625,0.640625
382.546875,0.656250
387.109375,0.687500
387.765625,0.656250
388.421875,0.656250
389.109375,0.687500
389.828125,0.718750
390.546875,0.718750
391.281250,0.734375
392.015625,0.734375
392.781250,0.765625
393.546875,0.765625
394.296875,0.750000
395.015625,0.718750
395.765625,0.750000
396.500000,0.734375
397.218750,0.718750
397.937500,0.718750
398.656250,0.718750
399.421875,0.765625
400.203125,0.781250
400.953125,0.750000
401.703125,0.750000
402.468750,0.765625
403.250000,0.781250
404.000000,0.750000
404.734375,0.734375
405.468750,0.734375
406.203125,0.734375
406.921875,0.718750
525.687500,0.625000
526.328125,0.640625
526.953125,0.625000
527.593750,0.640625
528.234375,0.640625
528.875000,0.640625
539.859375,0.578125
540.515625,0.656250
541.031250,0.515625
541.640625,0.609375
542.296875,0.656250
609.921875,0.765625
716.359375,0.578125
921.109375,0.640625
921.750000,0.640625
922.421875,0.671875
959.718750,0.640625
960.375000,0.656250
961.046875,0.671875
961.687500,0.640625
962.328125,0.640625
963.000000,0.671875
963.671875,0.671875
964.281250,0.609375
964.953125,0.671875
965.625000,0.671875
966.296875,0.671875
966.953125,0.656250
967.656250,0.703125
983.187500,0.640625
983.843750,0.656250
984.390625,0.546875
988.343750,0.640625
989.062500,0.718750
989.718750,0.656250
990.375000,0.656250
1001.390625,0.687500
1002.031250,0.640625
1002.765625,0.734375
1055.343750,0.671875
1055.984375,0.640625
1056.609375,0.625000
1057.281250,0.671875
1057.906250,0.625000
1058.500000,0.593750
1070.328125,0.703125
1071.000000,0.671875
1071.562500,0.562500
1080.312500,0.703125
1081.125000,0.812500
1081.812500,0.687500
1082.593750,0.781250
1083.375000,0.781250
1084.125000,0.750000
1098.984375,0.734375
1099.750000,0.765625
1100.515625,0.765625
1108.171875,0.656250
1108.890625,0.718750
1109.640625,0.750000
1110.390625,0.750000
1111.109375,0.718750
1111.812500,0.703125
1112.531250,0.718750
1113.250000,0.718750
1113.937500,0.687500
1114.625000,0.687500
1115.328125,0.703125
1116.031250,0.703125
1116.734375,0.703125
1117.343750,0.609375
1121.078125,0.734375
1378.406250,0.640625
1379.140625,0.734375
1380.000000,0.859375
1391.578125,0.765625
1392.281250,0.703125
1392.968750,0.687500
1393.656250,0.687500
1394.390625,0.734375
1395.093750,0.703125
1395.796875,0.703125
1396.515625,0.718750
1397.265625,0.750000
1407.250000,0.718750
1419.609375,0.750000
1420.375000,0.765625
1421.156250,0.781250
1421.953125,0.796875
1422.687500,0.734375
1423.437500,0.750000
1424.218750,0.781250
1425.031250,0.812500
1425.843750,0.812500
1426.609375,0.765625
1427.359375,0.750000
1428.156250,0.796875
1428.968750,0.812500
1429.765625,0.796875
1430.546875,0.781250
1431.296875,0.750000
1432.046875,0.750000
1432.875000,0.828125
1433.703125,0.828125
1434.468750,0.765625
1435.203125,0.734375
1435.937500,0.734375
1436.625000,0.687500
1437.500000,0.875000
1438.218750,0.718750
1438.984375,0.765625
1439.765625,0.781250
1440.546875,0.781250
1441.328125,0.781250
1442.046875,0.718750
1442.812500,0.765625
1443.593750,0.781250
1444.328125,0.734375
1445.078125,0.750000
1445.828125,0.750000
1446.609375,0.781250
1447.375000,0.765625
1448.078125,0.703125
1448.796875,0.718750
1449.500000,0.703125
1450.250000,0.750000
1451.000000,0.750000
1451.734375,0.734375
1459.906250,0.781250
1460.687500,0.781250
1461.453125,0.765625
1462.203125,0.750000
1462.953125,0.750000
1463.750000,0.796875
1464.531250,0.781250
1465.296875,0.765625
1466.078125,0.781250
1466.875000,0.796875
1467.656250,0.781250
1468.421875,0.765625
1469.140625,0.718750
1469.921875,0.781250
1470.718750,0.796875
1471.500000,0.781250
1472.265625,0.765625
1473.031250,0.765625
1473.812500,0.781250
1474.593750,0.781250
1475.328125,0.734375
1476.093750,0.765625
1476.859375,0.765625
1477.640625,0.781250
1478.421875,0.781250
1479.234375,0.812500
1480.031250,0.796875
1480.875000,0.843750
1492.093750,0.765625
1492.843750,0.750000
1493.609375,0.765625
1494.359375,0.750000
1495.093750,0.734375
1495.781250,0.687500
1496.515625,0.734375
1497.312500,0.796875
1498.156250,0.843750
1498.984375,0.828125
1499.781250,0.796875
1500.593750,0.812500
1501.375000,0.781250
1502.109375,0.734375
1502.812500,0.703125
1503.515625,0.703125
1504.171875,0.656250
1504.843750,0.671875
1505.515625,0.671875
1506.171875,0.656250
1506.859375,0.687500
1507.578125,0.718750
1508.343750,0.765625
1509.156250,0.812500
1509.906250,0.750000
1510.656250,0.750000
1511.406250,0.750000
1512.156250,0.750000
1512.890625,0.734375
1513.593750,0.703125
1514.296875,0.703125
1515.015625,0.718750
1515.734375,0.718750
1516.421875,0.687500
1522.234375,0.750000
1522.968750,0.734375
1523.671875,0.703125
1524.359375,0.687500
1525.078125,0.718750
1525.796875,0.718750
1526.500000,0.703125
1527.203125,0.703125
1540.968750,0.687500
1541.640625,0.671875
1542.328125,0.687500
1543.062500,0.734375
1543.796875,0.734375
1544.546875,0.750000
1545.250000,0.703125
1545.984375,0.734375
1546.750000,0.765625
1547.484375,0.734375
1548.218750,0.734375
1548.984375,0.765625
1549.750000,0.765625
1550.515625,0.765625
1551.281250,0.765625
1552.046875,0.765625
1552.828125,0.781250
1553.609375,0.781250
1554.343750,0.734375
1555.093750,0.750000
1555.843750,0.750000
1556.609375,0.765625
1557.390625,0.781250
1558.140625,0.750000
1558.906250,0.765625
1559.687500,0.781250
1560.421875,0.734375
1561.156250,0.734375
1561.843750,0.687500
1562.500000,0.656250
1563.234375,0.734375
1563.984375,0.750000
1564.718750,0.734375
1565.484375,0.765625
1566.234375,0.750000
1566.984375,0.750000
1567.734375,0.750000
1568.453125,0.718750
1569.171875,0.718750
1569.906250,0.734375
1570.640625,0.734375
1571.375000,0.734375
1572.156250,0.781250
1572.921875,0.765625
1573.703125,0.781250
1574.453125,0.750000
1575.187500,0.734375
1575.906250,0.718750
1576.609375,0.703125
1577.343750,0.734375
1578.078125,0.734375
1578.796875,0.718750
1579.500000,0.703125
1580.234375,0.734375
1580.953125,0.718750
1581.671875,0.718750
1582.375000,0.703125
1583.093750,0.718750
1583.828125,0.734375
1584.562500,0.734375
1585.312500,0.750000
1586.015625,0.703125
1586.718750,0.703125
1587.437500,0.718750
1588.125000,0.687500
1588.828125,0.703125
1589.515625,0.687500
1590.203125,0.687500
1590.890625,0.687500
1591.593750,0.703125
1592.296875,0.703125
1593.015625,0.718750
1593.734375,0.718750
1594.437500,0.703125
1595.140625,0.703125
1595.828125,0.687500
1596.546875,0.718750
1597.234375,0.687500
1597.890625,0.656250
1598.546875,0.656250
1599.187500,0.640625
1599.843750,0.656250
1600.515625,0.671875
1601.187500,0.671875
1601.890625,0.703125
1602.609375,0.718750
1603.359375,0.750000
1604.062500,0.703125
1604.796875,0.734375
1605.546875,0.750000
1606.312500,0.765625
1607.046875,0.734375
1607.781250,0.734375
1608.531250,0.750000
1609.343750,0.812500
1610.156250,0.812500
1610.906250,0.750000
1611.687500,0.781250
1612.453125,0.765625
1613.234375,0.781250
1613.984375,0.750000
1614.765625,0.781250
1615.562500,0.796875
1616.375000,0.812500
1617.171875,0.796875
1617.953125,0.781250
1618.718750,0.765625
1619.468750,0.750000
1620.203125,0.734375
1620.968750,0.765625
1621.734375,0.765625
1622.515625,0.781250
1623.265625,0.750000
1624.015625,0.750000
1624.796875,0.781250
1625.562500,0.765625
1626.343750,0.781250
1627.078125,0.734375
1627.843750,0.765625
1628.609375,0.765625
1629.375000,0.765625
1630.093750,0.718750
1630.859375,0.765625
1631.640625,0.781250
1632.421875,0.781250
1633.171875,0.750000
1633.906250,0.734375
1634.640625,0.734375
1635.375000,0.734375
1636.109375,0.734375
1636.828125,0.718750
1637.515625,0.687500
1638.265625,0.750000
1639.015625,0.750000
1639.765625,0.750000
1640.484375,0.718750
1641.187500,0.703125
1641.875000,0.687500
1642.578125,0.703125
1643.281250,0.703125
1644.000000,0.718750
1644.687500,0.687500
1645.359375,0.671875
1646.062500,0.703125
1646.796875,0.734375
1647.593750,0.796875
1648.359375,0.765625
1649.078125,0.718750
1649.765625,0.687500
1650.484375,0.718750
1651.203125,0.718750
1651.921875,0.718750
1652.656250,0.734375
1653.390625,0.734375
1654.109375,0.718750
1654.843750,0.734375
1663.671875,0.765625
1664.421875,0.750000
1665.171875,0.750000
1665.921875,0.750000
1666.640625,0.718750
1674.421875,0.640625
1675.093750,0.671875
1675.796875,0.703125
1676.500000,0.703125
1677.218750,0.718750
1677.890625,0.671875
1678.625000,0.734375
1679.359375,0.734375
1680.109375,0.750000
1680.828125,0.718750
1681.562500,0.734375
1682.312500,0.750000
1683.078125,0.765625
1683.828125,0.750000
1684.593750,0.765625
1685.359375,0.765625
1686.125000,0.765625
1695.687500,0.796875
1696.484375,0.796875
1697.296875,0.812500
1698.078125,0.781250
1698.859375,0.781250
1699.640625,0.781250
1700.453125,0.812500
1701.328125,0.875000
1702.156250,0.828125
1702.968750,0.812500
1703.765625,0.796875
1704.562500,0.796875
1705.328125,0.765625
1706.062500,0.734375
1706.812500,0.750000
1716.609375,0.718750
1717.375000,0.765625
1718.156250,0.781250
1718.921875,0.765625
1719.703125,0.781250
1727.562500,0.859375
1728.375000,0.812500
1729.156250,0.781250
1729.906250,0.750000
1730.656250,0.750000
1731.390625,0.734375
1732.140625,0.750000
1732.875000,0.734375
1733.625000,0.750000
1734.390625,0.765625
1735.203125,0.812500
1735.984375,0.781250
1744.453125,0.812500
1745.250000,0.796875
1746.000000,0.750000
1746.718750,0.718750
1747.468750,0.750000
1748.265625,0.796875
1749.078125,0.812500
1749.843750,0.765625
1750.593750,0.750000
1751.359375,0.765625
1752.156250,0.796875
1752.953125,0.796875
1753.734375,0.781250
1754.546875,0.812500
1755.375000,0.828125
1756.187500,0.812500
1756.953125,0.765625
1757.671875,0.718750
1758.375000,0.703125
1759.140625,0.765625
1759.984375,0.843750
1760.906250,0.921875
1761.812500,0.906250
1762.703125,0.890625
1763.531250,0.828125
1764.312500,0.781250
1765.078125,0.765625
1765.859375,0.781250
1766.640625,0.781250
1767.453125,0.812500
1768.250000,0.796875
1769.015625,0.765625
1769.765625,0.750000
1770.531250,0.765625
1771.343750,0.812500
1772.218750,0.875000
1773.078125,0.859375
1773.921875,0.843750
1774.765625,0.843750
1775.593750,0.828125
1776.421875,0.828125
1777.218750,0.796875
1778.000000,0.781250
1778.796875,0.796875
1779.625000,0.828125
1780.453125,0.828125
1781.250000,0.796875
1782.031250,0.781250
1782.828125,0.796875
1783.593750,0.765625
1784.359375,0.765625
1785.078125,0.718750
1785.812500,0.734375
1786.562500,0.750000
1787.312500,0.750000
1788.031250,0.718750
1788.765625,0.734375
1789.515625,0.750000
1790.281250,0.765625
1791.015625,0.734375
1791.750000,0.734375
1792.500000,0.750000
1793.234375,0.734375
1793.984375,0.750000
1794.750000,0.765625
1795.531250,0.781250
1796.312500,0.781250
1797.062500,0.750000
1797.812500,0.750000
1798.546875,0.734375
1799.281250,0.734375
1799.984375,0.703125
1800.703125,0.718750
1801.437500,0.734375
1802.171875,0.734375
1802.906250,0.734375
1803.640625,0.734375
1804.406250,0.765625
1805.203125,0.796875
1805.984375,0.781250
1806.703125,0.718750
1807.421875,0.718750
1808.140625,0.718750
1808.859375,0.718750
1809.546875,0.687500
1810.234375,0.687500
1810.937500,0.703125
1811.671875,0.734375
1812.421875,0.750000
1813.156250,0.734375
1813.921875,0.765625
1814.703125,0.781250
1815.500000,0.796875
1816.265625,0.765625
1817.000000,0.734375
1817.734375,0.734375
1818.500000,0.765625
1819.265625,0.765625
1819.984375,0.718750
1820.734375,0.750000
1821.531250,0.796875
1822.343750,0.812500
1823.140625,0.796875
1823.906250,0.765625
1824.656250,0.750000
1825.421875,0.765625
1826.140625,0.718750
1826.859375,0.718750
1827.578125,0.718750
1828.375000,0.796875
1829.171875,0.796875
1829.921875,0.750000
1830.703125,0.781250
1831.484375,0.781250
1832.250000,0.765625
1832.968750,0.718750
1833.703125,0.734375
1834.484375,0.781250
1835.265625,0.781250
1836.015625,0.750000
1836.765625,0.750000
1837.531250,0.765625
1838.296875,0.765625
1839.062500,0.765625
1839.781250,0.718750
1840.515625,0.734375
1841.265625,0.750000
1842.000000,0.734375
1842.734375,0.734375
1843.484375,0.750000
1844.265625,0.781250
1845.046875,0.781250
1845.796875,0.750000
1846.562500,0.765625
1847.343750,0.781250
1848.093750,0.750000
1848.796875,0.703125
1849.468750,0.671875
1850.171875,0.703125
1850.906250,0.734375
1851.656250,0.750000
1852.421875,0.765625
1853.140625,0.718750
1853.859375,0.718750
1854.578125,0.718750
1855.312500,0.734375
1856.031250,0.718750
1856.718750,0.687500
1857.437500,0.718750
1858.171875,0.734375
1858.921875,0.750000
1859.671875,0.750000
1860.421875,0.750000
1861.171875,0.750000
1861.937500,0.765625
1862.703125,0.765625
1863.437500,0.734375
1864.171875,0.734375
1864.921875,0.750000
1865.750000,0.828125
1866.578125,0.828125
1867.359375,0.781250
1868.156250,0.796875
1868.937500,0.781250
1869.687500,0.750000
1870.437500,0.750000
1871.203125,0.765625
1871.984375,0.781250
1872.765625,0.781250
1873.546875,0.781250
1874.375000,0.828125
1875.218750,0.843750
1876.031250,0.812500
1876.828125,0.796875
1877.640625,0.812500
1878.390625,0.750000
1879.109375,0.718750
1879.890625,0.781250
1880.796875,0.906250
1881.765625,0.968750
1882.625000,0.859375
1883.468750,0.843750
1884.281250,0.812500
1885.093750,0.812500
1885.843750,0.750000
1886.625000,0.781250
1887.453125,0.828125
1888.296875,0.843750
1889.109375,0.812500
1889.859375,0.750000
1890.609375,0.750000
1891.375000,0.765625
1892.125000,0.750000
1892.843750,0.718750
1893.593750,0.750000
1894.359375,0.765625
1895.156250,0.796875
1895.921875,0.765625
1896.687500,0.765625
1897.453125,0.765625
1898.250000,0.796875
1898.984375,0.734375
1899.734375,0.750000
1900.500000,0.765625
1901.281250,0.781250
1902.046875,0.765625
1902.781250,0.734375
1903.531250,0.750000
1904.312500,0.781250
1905.078125,0.765625
1905.796875,0.718750
1906.562500,0.765625
1907.343750,0.781250
1908.109375,0.765625
1908.859375,0.750000
1909.640625,0.781250
1910.468750,0.828125
1911.250000,0.781250
1912.000000,0.750000
1912.765625,0.765625
1913.515625,0.750000
1914.234375,0.718750
1914.937500,0.703125
1915.656250,0.718750
1916.390625,0.734375
1917.125000,0.734375
1917.828125,0.703125
1918.562500,0.734375
1919.328125,0.765625
1920.062500,0.734375
1920.781250,0.718750
1921.515625,0.734375
1922.250000,0.734375
1922.984375,0.734375
1923.671875,0.687500
1924.359375,0.687500
1925.062500,0.703125
1925.765625,0.703125
1926.453125,0.687500
1927.140625,0.687500
1927.843750,0.703125
1928.593750,0.750000
1929.343750,0.750000
1930.046875,0.703125
1930.765625,0.718750
1931.484375,0.718750
1932.218750,0.734375
1932.953125,0.734375
1933.671875,0.718750
1934.406250,0.734375
1935.156250,0.750000
1935.890625,0.734375
1936.609375,0.718750
1937.359375,0.750000
1938.140625,0.781250
1938.937500,0.796875
1939.687500,0.750000
1940.453125,0.765625
1941.218750,0.765625
1941.984375,0.765625
1942.718750,0.734375
1943.453125,0.734375
1944.203125,0.750000
1944.968750,0.765625
1945.718750,0.750000
1946.453125,0.734375
1947.218750,0.765625
1948.000000,0.781250
1948.750000,0.750000
1949.515625,0.765625
1950.265625,0.750000
1951.062500,0.796875
1951.875000,0.812500
1969.265625,0.640625
1969.937500,0.671875
1970.625000,0.687500
1971.328125,0.703125
1981.796875,0.812500
1982.578125,0.781250
1983.359375,0.781250
1984.109375,0.750000
1984.859375,0.750000
1985.640625,0.781250
1986.500000,0.859375
1987.421875,0.921875
1988.312500,0.890625
1989.156250,0.843750
1989.953125,0.796875
1990.734375,0.781250
1991.546875,0.812500
1992.437500,0.890625
1993.359375,0.921875
1994.234375,0.875000
1995.015625,0.781250
1995.812500,0.796875
1996.609375,0.796875
1997.406250,0.796875
1998.156250,0.750000
1998.906250,0.750000
1999.640625,0.734375
2000.406250,0.765625
2001.187500,0.781250
2001.921875,0.734375
2002.687500,0.765625
2003.468750,0.781250
2004.250000,0.781250
2004.968750,0.718750
2005.687500,0.718750
2006.437500,0.750000
2007.203125,0.765625
2007.937500,0.734375
2008.671875,0.734375
2009.437500,0.765625
2010.218750,0.781250
2011.000000,0.781250
2011.734375,0.734375
2012.453125,0.718750
2013.187500,0.734375
2013.953125,0.765625
2014.750000,0.796875
2015.515625,0.765625
2016.296875,0.781250
2017.078125,0.781250
2017.875000,0.796875
2018.625000,0.750000
2019.375000,0.750000
2020.125000,0.750000
2020.890625,0.765625
2021.640625,0.750000
2022.375000,0.734375
2023.125000,0.750000
2023.875000,0.750000
2024.656250,0.781250
2025.390625,0.734375
2026.125000,0.734375
2026.890625,0.765625
2027.703125,0.812500
2028.546875,0.843750
2029.328125,0.781250
2030.140625,0.812500
2030.953125,0.812500
2031.750000,0.796875
2032.500000,0.750000
2033.234375,0.734375
2033.984375,0.750000
2034.734375,0.750000
2035.500000,0.765625
2036.218750,0.718750
2036.968750,0.750000
2037.734375,0.765625
2038.531250,0.796875
2039.281250,0.750000
2040.015625,0.734375
2040.765625,0.750000
2041.546875,0.781250
2042.281250,0.734375
2043.000000,0.718750
2043.718750,0.718750
2044.468750,0.750000
2045.203125,0.734375
2045.937500,0.734375
2046.703125,0.765625
2047.484375,0.781250
2048.250000,0.765625
2048.953125,0.703125
2049.625000,0.671875
2050.296875,0.671875
2050.984375,0.687500
2051.703125,0.718750
2052.421875,0.718750
2053.109375,0.687500
2053.812500,0.703125
2054.531250,0.718750
2055.265625,0.734375
2055.984375,0.718750
2056.687500,0.703125
2057.390625,0.703125
2058.125000,0.734375
2058.875000,0.750000
2059.609375,0.734375
2060.359375,0.750000
2061.140625,0.781250
2061.906250,0.765625
2062.656250,0.750000
2063.421875,0.765625
2064.187500,0.765625
2064.937500,0.750000
2065.671875,0.734375
2066.406250,0.734375
2067.171875,0.765625
2067.937500,0.765625
2068.671875,0.734375
2069.453125,0.781250
2070.250000,0.796875
2071.046875,0.796875
2071.796875,0.750000
2072.562500,0.765625
2073.312500,0.750000
2074.062500,0.750000
2074.781250,0.718750
2075.515625,0.734375
2076.296875,0.781250
2077.093750,0.796875
2077.859375,0.765625
2078.625000,0.765625
2079.421875,0.796875
2080.234375,0.812500
2081.015625,0.781250
2081.750000,0.734375
2082.531250,0.781250
2083.359375,0.828125
2084.187500,0.828125
2084.968750,0.781250
2131.234375,0.921875
2141.046875,0.796875
2141.812500,0.765625
2142.515625,0.703125
2143.250000,0.734375
2144.015625,0.765625
2156.890625,0.765625
2187.890625,0.734375
2188.625000,0.734375
2189.359375,0.734375
2190.062500,0.703125
2190.796875,0.734375
2191.531250,0.734375
2192.250000,0.718750
2192.953125,0.703125
2193.671875,0.718750
2194.421875,0.750000
2195.187500,0.765625
2195.906250,0.718750
2196.593750,0.687500
2197.312500,0.718750
2198.031250,0.718750
2210.250000,0.671875
2210.921875,0.671875
2211.546875,0.625000
2212.187500,0.640625
2212.890625,0.703125
2213.687500,0.796875
2214.515625,0.828125
2215.328125,0.812500
2216.156250,0.828125
2216.953125,0.796875
2217.781250,0.828125
2218.578125,0.796875
2225.343750,0.750000
2226.046875,0.703125
2226.781250,0.734375
2227.500000,0.718750
2228.218750,0.718750
2228.921875,0.703125
2229.593750,0.671875
2230.265625,0.671875
2230.953125,0.687500
2231.671875,0.718750
2232.375000,0.703125
2233.046875,0.671875
2233.718750,0.671875
2234.406250,0.687500
2235.093750,0.687500
2235.781250,0.687500
2236.453125,0.671875
2237.140625,0.687500
2237.859375,0.718750
2271.250000,0.671875
2271.953125,0.703125
2272.734375,0.781250
2273.515625,0.781250
2274.296875,0.781250
2280.671875,0.703125
2281.406250,0.734375
2282.140625,0.734375
2282.843750,0.703125
2283.562500,0.718750
2284.296875,0.734375
2285.015625,0.718750
2302.531250,0.718750
2321.578125,0.640625
2322.203125,0.625000
2322.828125,0.625000
2323.468750,0.640625
2324.140625,0.671875
2324.781250,0.640625
2325.421875,0.640625
2326.078125,0.656250
2326.750000,0.671875
2327.390625,0.640625
2328.000000,0.609375
2328.625000,0.625000
2329.281250,0.656250
2329.953125,0.671875
2345.406250,0.593750
2346.000000,0.593750
2346.609375,0.609375
2347.203125,0.593750
2347.796875,0.593750
2348.406250,0.609375
2349.000000,0.593750
2349.625000,0.625000
2350.234375,0.609375
2350.828125,0.593750
2351.421875,0.593750
2352.046875,0.625000
2352.687500,0.640625
2353.328125,0.640625
2354.000000,0.671875
2354.671875,0.671875
2355.375000,0.703125
2356.078125,0.703125
2356.781250,0.703125
2368.437500,0.656250
2369.109375,0.671875
2369.796875,0.687500
2370.500000,0.703125
2392.859375,0.734375
2393.562500,0.703125
2394.281250,0.718750
2395.015625,0.734375
2395.734375,0.718750
2396.437500,0.703125
2397.140625,0.703125
2397.859375,0.718750
2398.593750,0.734375
2399.312500,0.718750
2400.015625,0.703125
2400.734375,0.718750
2401.468750,0.734375
2402.203125,0.734375
2402.921875,0.718750
2403.640625,0.718750
2404.359375,0.718750
2405.093750,0.734375
2405.781250,0.687500
2406.453125,0.671875
2407.109375,0.656250
2407.734375,0.625000
2408.375000,0.640625
2409.046875,0.671875
2409.734375,0.687500
2410.421875,0.687500
2411.125000,0.703125
2411.859375,0.734375
2412.593750,0.734375
2413.312500,0.718750
2414.046875,0.734375
2414.796875,0.750000
2415.531250,0.734375
2416.250000,0.718750
2416.953125,0.703125
2417.687500,0.734375
2418.468750,0.781250
2419.218750,0.750000
2419.953125,0.734375
2420.687500,0.734375
2421.453125,0.765625
2422.187500,0.734375
2422.906250,0.718750
2423.656250,0.750000
2424.421875,0.765625
2425.203125,0.781250
2425.968750,0.765625
2426.843750,0.875000
2427.718750,0.875000
2428.593750,0.875000
2429.406250,0.812500
2430.234375,0.828125
2431.078125,0.843750
2431.875000,0.796875
2432.640625,0.765625
2433.437500,0.796875
2434.328125,0.890625
2435.187500,0.859375
2436.046875,0.859375
2436.984375,0.937500
2437.937500,0.953125
2438.828125,0.890625
2439.656250,0.828125
2440.515625,0.859375
2441.375000,0.859375
2442.203125,0.828125
2442.953125,0.750000
2443.750000,0.796875
2444.562500,0.812500
2445.390625,0.828125
2446.187500,0.796875
2446.968750,0.781250
2447.781250,0.812500
2448.609375,0.828125
2449.406250,0.796875
2450.171875,0.765625
2450.937500,0.765625
2451.687500,0.750000
2452.406250,0.718750
2453.109375,0.703125
2453.828125,0.718750
2454.593750,0.765625
2455.390625,0.796875
2456.171875,0.781250
2456.984375,0.812500
2457.843750,0.859375
2458.703125,0.859375
2459.500000,0.796875
2460.234375,0.734375
2460.984375,0.750000
2461.718750,0.734375
2462.437500,0.718750
2463.140625,0.703125
2463.812500,0.671875
2464.531250,0.718750
2465.312500,0.781250
2466.171875,0.859375
2466.984375,0.812500
2467.828125,0.843750
2468.671875,0.843750
2469.500000,0.828125
2470.281250,0.781250
2471.078125,0.796875
2471.890625,0.812500
2472.718750,0.828125
2473.515625,0.796875
2474.343750,0.828125
2475.140625,0.796875
2475.953125,0.812500
2476.687500,0.734375
2477.500000,0.812500
2478.343750,0.843750
2479.171875,0.828125
2479.984375,0.812500
2480.734375,0.750000
2481.531250,0.796875
2482.359375,0.828125
2483.203125,0.843750
2483.984375,0.781250
2484.828125,0.843750
2485.671875,0.843750
2486.531250,0.859375
2487.328125,0.796875
2488.125000,0.796875
2488.937500,0.812500
2489.828125,0.890625
2490.718750,0.890625
2491.531250,0.812500
2492.328125,0.796875
2493.156250,0.828125
2494.031250,0.875000
2494.921875,0.890625
2495.765625,0.843750
2496.609375,0.843750
2497.468750,0.859375
2498.281250,0.812500
2499.046875,0.765625
2499.859375,0.812500
2500.671875,0.812500
2501.500000,0.828125
2502.296875,0.796875
2503.125000,0.828125
2503.984375,0.859375
2504.843750,0.859375
2505.625000,0.781250
2506.468750,0.843750
2507.296875,0.828125
2508.109375,0.812500
2508.875000,0.765625
2509.671875,0.796875
2510.484375,0.812500
2511.250000,0.765625
2512.000000,0.750000
2512.781250,0.781250
2513.593750,0.812500
2514.406250,0.812500
2515.187500,0.781250
2515.984375,0.796875
2516.796875,0.812500
2517.562500,0.765625
2518.343750,0.781250
2519.125000,0.781250
2519.921875,0.796875
2520.656250,0.734375
2521.421875,0.765625
2534.640625,0.687500
2535.343750,0.703125
2536.125000,0.781250
2536.984375,0.859375
2537.890625,0.906250
2538.734375,0.843750
2539.578125,0.843750
2540.343750,0.765625
2541.125000,0.781250
2541.968750,0.843750
2542.843750,0.875000
2543.718750,0.875000
2544.578125,0.859375
2545.468750,0.890625
2546.296875,0.828125
2547.140625,0.843750
2547.968750,0.828125
2548.796875,0.828125
2549.656250,0.859375
2550.484375,0.828125
2551.296875,0.812500
2552.062500,0.765625
2552.843750,0.781250
2553.640625,0.796875
2554.437500,0.796875
2555.171875,0.734375
2555.890625,0.718750
2556.640625,0.750000
2571.328125,0.718750
2572.015625,0.687500
2572.718750,0.703125
2573.437500,0.718750
2574.140625,0.703125
2574.859375,0.718750
2575.578125,0.718750
2576.343750,0.765625
2580.734375,0.718750
2581.421875,0.687500
2582.125000,0.703125
2582.859375,0.734375
2583.593750,0.734375
2584.312500,0.718750
2585.000000,0.687500
2585.703125,0.703125
2586.406250,0.703125
2587.140625,0.734375
2587.859375,0.718750
2588.546875,0.687500
2589.281250,0.734375
2590.046875,0.765625
2590.859375,0.812500
2591.625000,0.765625
2592.359375,0.734375
2593.125000,0.765625
2593.890625,0.765625
2594.640625,0.750000
2595.375000,0.734375
2596.078125,0.703125
2596.812500,0.734375
2597.562500,0.750000
2598.312500,0.750000
2599.015625,0.703125
2599.734375,0.718750
2600.453125,0.718750
2601.171875,0.718750
2601.875000,0.703125
2602.562500,0.687500
2603.218750,0.656250
2603.875000,0.656250
2604.562500,0.687500
2605.234375,0.671875
2605.890625,0.656250
2606.500000,0.609375
2607.140625,0.640625
2607.750000,0.609375
2608.406250,0.656250
2609.046875,0.640625
2609.687500,0.640625
2610.343750,0.656250
2667.015625,0.750000
2667.750000,0.734375
2697.531250,0.687500
2698.218750,0.687500
2698.953125,0.734375
2699.750000,0.796875
2700.640625,0.890625
2701.500000,0.859375
2708.250000,0.734375
2709.031250,0.781250
2709.656250,0.625000
2710.453125,0.796875
2711.328125,0.875000
2712.109375,0.781250
2712.906250,0.796875
2713.531250,0.625000
2714.406250,0.875000
2715.265625,0.859375
2716.015625,0.750000
2716.796875,0.781250
2717.531250,0.734375
2718.390625,0.859375
2719.187500,0.796875
2719.906250,0.718750
2720.625000,0.718750
2721.359375,0.734375
2722.000000,0.640625
2722.843750,0.843750
2723.453125,0.609375
2724.109375,0.656250
2734.000000,0.750000
2734.750000,0.750000
2735.515625,0.765625
2740.125000,0.812500
2740.906250,0.781250
2741.640625,0.734375
2742.437500,0.796875
2743.218750,0.781250
2747.750000,0.765625
2748.562500,0.812500
2749.296875,0.734375
2750.046875,0.750000
2750.781250,0.734375
2751.531250,0.750000
2752.281250,0.750000
2753.015625,0.734375
2753.750000,0.734375
2754.531250,0.781250
2755.250000,0.718750
2756.015625,0.765625
2756.750000,0.734375
2757.546875,0.796875
2761.984375,0.734375
2762.734375,0.750000
2763.515625,0.781250
2764.265625,0.750000
2764.984375,0.718750
2765.734375,0.750000
2766.468750,0.734375
2767.218750,0.750000
2781.843750,0.671875
2782.484375,0.640625
2783.156250,0.671875
2783.843750,0.687500
2784.578125,0.734375
2785.296875,0.718750
2786.031250,0.734375
2786.796875,0.765625
2787.593750,0.796875
2788.359375,0.765625
2789.125000,0.765625
2908.921875,0.593750
2909.515625,0.593750
2910.093750,0.578125
2967.859375,0.625000
2968.468750,0.609375
2969.062500,0.593750
2969.687500,0.625000
2987.984375,0.562500
2988.578125,0.593750
2989.156250,0.578125
2989.734375,0.578125
2990.328125,0.593750
2990.921875,0.593750
2991.531250,0.609375
2992.125000,0.593750
2992.718750,0.593750
2993.312500,0.593750
2993.921875,0.609375
2994.515625,0.593750
2995.125000,0.609375
2995.703125,0.578125
2996.281250,0.578125
2996.859375,0.578125
2997.437500,0.578125
2998.000000,0.562500
2998.593750,0.593750
2999.187500,0.593750
2999.765625,0.578125
3000.359375,0.593750
3000.953125,0.593750
3001.562500,0.609375
3002.156250,0.593750
3002.750000,0.593750
3003.343750,0.593750
3003.953125,0.609375
3004.546875,0.593750
3005.156250,0.609375
3039.906250,0.625000
3040.515625,0.609375
3041.125000,0.609375
3041.750000,0.625000
3042.390625,0.640625
3043.062500,0.671875
3043.687500,0.625000
3044.312500,0.625000
3070.656250,0.593750
3071.296875,0.640625
3084.328125,0.656250
3093.640625,0.640625
3094.281250,0.640625
3119.109375,0.609375
3124.968750,0.578125
3125.562500,0.593750
3126.140625,0.578125
3126.718750,0.578125
3127.296875,0.578125
3127.875000,0.578125
3128.453125,0.578125
3215.328125,0.687500
3216.015625,0.687500
3216.703125,0.687500
3217.390625,0.687500
3248.718750,0.718750
3256.968750,0.703125
3257.687500,0.718750
3258.359375,0.671875
3259.078125,0.718750
3259.828125,0.750000
3260.578125,0.750000
3261.312500,0.734375
3262.078125,0.765625
3262.890625,0.812500
3263.640625,0.750000
3264.406250,0.765625
3265.234375,0.828125
3266.062500,0.828125
3266.812500,0.750000
3267.515625,0.703125
3268.250000,0.734375
3269.015625,0.765625
3269.828125,0.812500
3270.578125,0.750000
3271.328125,0.750000
3272.109375,0.781250
3272.843750,0.734375
3273.531250,0.687500
3282.734375,0.718750
3283.484375,0.750000
3284.234375,0.750000
3284.968750,0.734375
3285.687500,0.718750
3286.421875,0.734375
3287.156250,0.734375
3287.875000,0.718750
3288.562500,0.687500
3289.250000,0.687500
3289.937500,0.687500
3290.656250,0.718750
3291.390625,0.734375
3292.078125,0.687500
3292.843750,0.765625
3293.609375,0.765625
3294.375000,0.765625
3295.078125,0.703125
3295.843750,0.765625
3296.640625,0.796875
3297.453125,0.812500
3298.203125,0.750000
3298.984375,0.781250
3299.765625,0.781250
3300.593750,0.828125
3301.359375,0.765625
3302.140625,0.781250
3302.953125,0.812500
3303.718750,0.765625
3304.484375,0.765625
3305.265625,0.781250
3306.046875,0.781250
3306.796875,0.750000
3307.562500,0.765625
3308.343750,0.781250
3309.156250,0.812500
3309.984375,0.828125
3310.828125,0.843750
3311.671875,0.843750
3312.468750,0.796875
3313.250000,0.781250
3314.031250,0.781250
3314.812500,0.781250
3315.562500,0.750000
3316.359375,0.796875
3317.187500,0.828125
3318.000000,0.812500
3318.781250,0.781250
3319.562500,0.781250
3320.375000,0.812500
3321.171875,0.796875
3321.937500,0.765625
3322.703125,0.765625
3323.515625,0.812500
3324.312500,0.796875
3325.062500,0.750000
3325.875000,0.812500
3326.671875,0.796875
3327.468750,0.796875
3328.250000,0.781250
3329.031250,0.781250
3329.765625,0.734375
3330.468750,0.703125
3331.203125,0.734375
3331.937500,0.734375
3332.671875,0.734375
3333.484375,0.812500
3334.328125,0.843750
3335.109375,0.781250
3335.890625,0.781250
3336.640625,0.750000
3337.453125,0.812500
3338.234375,0.781250
3339.031250,0.796875
3339.859375,0.828125
3340.703125,0.843750
3341.500000,0.796875
3342.265625,0.765625
3343.015625,0.750000
3343.765625,0.750000
3344.515625,0.750000
3345.265625,0.750000
3346.000000,0.734375
3346.750000,0.750000
3347.500000,0.750000
3348.250000,0.750000
3348.984375,0.734375
3349.734375,0.750000
3350.531250,0.796875
3351.281250,0.750000
3352.015625,0.734375
3352.765625,0.750000
3353.531250,0.765625
3354.281250,0.750000
3355.031250,0.750000
3355.765625,0.734375
3356.531250,0.765625
3357.328125,0.796875
3358.078125,0.750000
3358.812500,0.734375
3359.500000,0.687500
3360.187500,0.687500
3360.796875,0.609375
3373.390625,0.796875
3374.203125,0.812500
3375.062500,0.859375
3375.828125,0.765625
3376.593750,0.765625
3377.328125,0.734375
3378.109375,0.781250
3378.890625,0.781250
3379.687500,0.796875
3380.453125,0.765625
3381.265625,0.812500
3382.046875,0.781250
3382.828125,0.781250
3383.593750,0.765625
3384.375000,0.781250
3385.203125,0.828125
3385.953125,0.750000
3386.687500,0.734375
3387.468750,0.781250
3388.265625,0.796875
3389.062500,0.796875
3389.843750,0.781250
3390.640625,0.796875
3391.468750,0.828125
3392.281250,0.812500
3393.046875,0.765625
3393.843750,0.796875
3394.640625,0.796875
3395.437500,0.796875
3396.234375,0.796875
3397.109375,0.875000
3398.000000,0.890625
3398.796875,0.796875
3399.515625,0.718750
3400.250000,0.734375
3400.953125,0.703125
3401.656250,0.703125
3421.531250,0.593750
3422.359375,0.828125
3423.046875,0.687500
3423.781250,0.734375
3424.484375,0.703125
3425.187500,0.703125
3425.890625,0.703125
3426.640625,0.750000
3427.437500,0.796875
3428.187500,0.750000
3428.984375,0.796875
3429.781250,0.796875
3430.531250,0.750000
3463.375000,0.843750
3476.171875,0.703125
3476.828125,0.656250
3477.484375,0.656250
3478.140625,0.656250
3478.812500,0.671875
3479.546875,0.734375
3480.359375,0.812500
3481.125000,0.765625
3481.921875,0.796875
3482.750000,0.828125
3483.593750,0.843750
3503.406250,0.687500
3504.109375,0.703125
3516.656250,0.765625
3517.421875,0.765625
3518.140625,0.718750
3518.890625,0.750000
3519.703125,0.812500
3520.593750,0.890625
3521.500000,0.906250
3522.312500,0.812500
3523.093750,0.781250
3523.875000,0.781250
3524.656250,0.781250
3525.390625,0.734375
3526.156250,0.765625
3526.953125,0.796875
3527.718750,0.765625
3528.515625,0.796875
3529.328125,0.812500
3530.140625,0.812500
3530.890625,0.750000
3531.671875,0.781250
3532.453125,0.781250
3533.203125,0.750000
3533.937500,0.734375
3534.703125,0.765625
3535.484375,0.781250
3536.250000,0.765625
3537.062500,0.812500
3537.859375,0.796875
3538.593750,0.734375
3539.250000,0.656250
3539.984375,0.734375
3540.718750,0.734375
3541.468750,0.750000
3542.218750,0.750000
3557.687500,0.718750
3558.406250,0.718750
3559.156250,0.750000
3559.921875,0.765625
3560.703125,0.781250
3561.531250,0.828125
3562.375000,0.843750
3563.265625,0.890625
3570.750000,0.734375
3571.500000,0.750000
3613.984375,0.796875
3614.718750,0.734375
3615.500000,0.781250
3644.218750,0.734375
3644.937500,0.718750
3645.640625,0.703125
3646.359375,0.718750
3660.828125,0.703125
3661.578125,0.750000
3687.968750,0.687500
3688.656250,0.687500
3689.390625,0.734375
3697.312500,0.671875
3697.968750,0.656250
3698.640625,0.671875
3699.328125,0.687500
3700.125000,0.796875
3700.984375,0.859375
3701.875000,0.890625
3702.671875,0.796875
3703.453125,0.781250
3721.765625,0.718750
3777.500000,0.875000
3778.375000,0.875000
3779.187500,0.812500
3826.031250,0.828125
3830.609375,0.734375
3831.359375,0.750000
3832.093750,0.734375
3832.859375,0.765625
3833.593750,0.734375
3834.250000,0.656250
3834.984375,0.734375
3835.656250,0.671875
3836.328125,0.671875
3837.000000,0.671875
3837.656250,0.656250
3838.312500,0.656250
3839.000000,0.687500
3839.671875,0.671875
3840.375000,0.703125
3841.109375,0.734375
3841.859375,0.750000
3842.609375,0.750000
3843.343750,0.734375
3844.109375,0.765625
3844.906250,0.796875
3845.656250,0.750000
3846.406250,0.750000
3847.156250,0.750000
3847.906250,0.750000
3848.640625,0.734375
3849.359375,0.718750
3850.109375,0.750000
3850.843750,0.734375
3851.562500,0.718750
3852.296875,0.734375
3853.031250,0.734375
3853.812500,0.781250
3854.593750,0.781250
3855.359375,0.765625
3856.156250,0.796875
3856.937500,0.781250
3857.718750,0.781250
3858.515625,0.796875
3985.531250,0.640625
3986.156250,0.625000
3986.734375,0.578125
3987.359375,0.625000
3987.953125,0.593750
3988.562500,0.609375
3989.171875,0.609375
3989.796875,0.625000
4032.718750,0.703125
4033.453125,0.734375
4034.234375,0.781250
4035.015625,0.781250
4035.765625,0.750000
4036.515625,0.750000
4037.250000,0.734375
4037.984375,0.734375
4038.718750,0.734375
4039.453125,0.734375
4040.156250,0.703125
4040.843750,0.687500
4041.531250,0.687500
4042.203125,0.671875
4042.875000,0.671875
4043.609375,0.734375
4044.328125,0.718750
4045.078125,0.750000
4125.625000,0.656250
4126.281250,0.656250
4135.562500,0.781250
4136.296875,0.734375
4137.000000,0.703125
4137.718750,0.718750
4138.437500,0.718750
4139.171875,0.734375
4139.906250,0.734375
4140.625000,0.718750
4141.328125,0.703125
4142.046875,0.718750
4142.781250,0.734375
4143.453125,0.671875
4182.937500,0.656250
4183.609375,0.671875
4184.250000,0.640625
4184.921875,0.671875
4185.609375,0.687500
4186.343750,0.734375
4192.484375,0.687500
4193.156250,0.671875
4193.812500,0.656250
4194.468750,0.656250
4195.140625,0.671875
4195.875000,0.734375
4196.609375,0.734375
4214.875000,0.703125
4215.546875,0.671875
4216.234375,0.687500
4216.921875,0.687500
4217.640625,0.718750
4218.359375,0.718750
4219.046875,0.687500
4219.734375,0.687500
4220.421875,0.687500
4221.093750,0.671875
4221.765625,0.671875
4222.421875,0.656250
4260.781250,0.734375
4284.234375,0.687500
4284.937500,0.703125
4285.640625,0.703125
4286.328125,0.687500
4287.015625,0.687500
4307.765625,0.578125
4328.312500,0.734375
4329.015625,0.703125
4329.687500,0.671875
4330.343750,0.656250
4331.015625,0.671875
4331.687500,0.671875
4332.359375,0.671875
4333.062500,0.703125
4333.765625,0.703125
4334.484375,0.718750
4335.187500,0.703125
4335.875000,0.687500
4336.531250,0.656250
4337.187500,0.656250
4337.890625,0.703125
4338.609375,0.718750
4339.359375,0.750000
4340.125000,0.765625
4340.828125,0.703125
4341.546875,0.718750
4342.250000,0.703125
4343.000000,0.750000
4343.765625,0.765625
4344.500000,0.734375
4345.203125,0.703125
4345.921875,0.718750
4346.656250,0.734375
4347.437500,0.781250
4348.218750,0.781250
4349.015625,0.796875
4349.750000,0.734375
4350.484375,0.734375
4351.250000,0.765625
4352.031250,0.781250
4352.812500,0.781250
4353.578125,0.765625
4354.296875,0.718750
4354.984375,0.687500
4355.687500,0.703125
4356.437500,0.750000
4357.171875,0.734375
4357.937500,0.765625
4358.750000,0.812500
4359.640625,0.890625
4360.437500,0.796875
4361.265625,0.828125
4362.046875,0.781250
4375.968750,0.812500
4376.687500,0.718750
4377.437500,0.750000
4378.203125,0.765625
4378.937500,0.734375
4379.671875,0.734375
4380.375000,0.703125
4381.093750,0.718750
4381.828125,0.734375
4382.593750,0.765625
4383.328125,0.734375
4384.062500,0.734375
4384.796875,0.734375
4385.562500,0.765625
4386.343750,0.781250
4387.093750,0.750000
4387.843750,0.750000
4388.546875,0.703125
4389.234375,0.687500
4389.984375,0.750000
4390.718750,0.734375
4391.437500,0.718750
4392.156250,0.718750
4392.859375,0.703125
4393.593750,0.734375
4394.296875,0.703125
4395.031250,0.734375
4395.750000,0.718750
4396.437500,0.687500
4397.125000,0.687500
4397.843750,0.718750
4398.562500,0.718750
4399.265625,0.703125
4399.984375,0.718750
4400.656250,0.671875
4401.328125,0.671875
4401.968750,0.640625
4402.640625,0.671875
4403.343750,0.703125
4404.156250,0.812500
4404.953125,0.796875
4405.671875,0.718750
4406.390625,0.718750
4412.734375,0.718750
4413.437500,0.703125
4414.140625,0.703125
4414.890625,0.750000
4415.656250,0.765625
4416.437500,0.781250
4417.156250,0.718750
4417.859375,0.703125
4418.578125,0.718750
4419.234375,0.656250
4419.890625,0.656250
4420.562500,0.671875
4421.281250,0.718750
4435.312500,0.718750
4436.093750,0.781250
4436.875000,0.781250
4437.656250,0.781250
4438.359375,0.703125
4455.859375,0.734375
4456.656250,0.796875
4457.437500,0.781250
4458.203125,0.765625
4458.921875,0.718750
4459.625000,0.703125
4460.281250,0.656250
4465.984375,0.703125
4466.671875,0.687500
4475.531250,0.843750
4476.375000,0.843750
4477.156250,0.781250
4477.921875,0.765625
4478.625000,0.703125
4479.312500,0.687500
4480.031250,0.718750
4480.734375,0.703125
4481.437500,0.703125
4482.156250,0.718750
4482.859375,0.703125
4483.546875,0.687500
4519.812500,0.765625
4520.593750,0.781250
4521.359375,0.765625
4522.125000,0.765625
4540.828125,0.781250
4541.546875,0.718750
4542.312500,0.765625
4543.093750,0.781250
4543.859375,0.765625
4544.671875,0.812500
4545.484375,0.812500
4546.265625,0.781250
4547.015625,0.750000
4547.750000,0.734375
4548.484375,0.734375
4549.156250,0.671875
4549.859375,0.703125
4550.578125,0.718750
4551.296875,0.718750
4552.000000,0.703125
4552.703125,0.703125
4553.406250,0.703125
4554.140625,0.734375
4554.859375,0.718750
4555.562500,0.703125
4556.296875,0.734375
4557.015625,0.718750
4557.734375,0.718750
4558.437500,0.703125
4559.125000,0.687500
4559.796875,0.671875
4560.468750,0.671875
4561.140625,0.671875
4576.671875,0.718750
4577.437500,0.765625
4578.171875,0.734375
4578.921875,0.750000
4579.671875,0.750000
4580.453125,0.781250
4581.250000,0.796875
4589.375000,0.765625
4590.093750,0.718750
4590.843750,0.750000
4591.593750,0.750000
4592.375000,0.781250
4593.140625,0.765625
4593.890625,0.750000
4594.671875,0.781250
4595.468750,0.796875
4596.265625,0.796875
4597.093750,0.828125
4597.875000,0.781250
4598.656250,0.781250
4599.421875,0.765625
4600.140625,0.718750
4600.890625,0.750000
4601.609375,0.718750
4602.312500,0.703125
4603.000000,0.687500
4603.750000,0.750000
4604.484375,0.734375
4605.218750,0.734375
4605.953125,0.734375
4606.718750,0.765625
4607.500000,0.781250
4608.234375,0.734375
4608.968750,0.734375
4609.718750,0.750000
4610.468750,0.750000
4611.203125,0.734375
4611.937500,0.734375
4612.656250,0.718750
4613.406250,0.750000
4614.156250,0.750000
4614.875000,0.718750
4636.125000,0.796875
4636.906250,0.781250
4648.953125,0.796875
4649.750000,0.796875
4650.562500,0.812500
4651.328125,0.765625
4652.031250,0.703125
4652.750000,0.718750
4653.484375,0.734375
4654.296875,0.812500
4655.171875,0.875000
4656.046875,0.875000
4656.906250,0.859375
4657.703125,0.796875
4658.468750,0.765625
4659.234375,0.765625
4659.953125,0.718750
4660.671875,0.718750
4661.406250,0.734375
4662.171875,0.765625
4663.046875,0.875000
4691.312500,0.687500
4692.000000,0.687500
4692.687500,0.687500
4693.406250,0.718750
4694.125000,0.718750
4694.843750,0.718750
4695.546875,0.703125
4696.265625,0.718750
4697.000000,0.734375
4697.734375,0.734375
4698.468750,0.734375
4699.234375,0.765625
4700.015625,0.781250
4700.750000,0.734375
4709.984375,0.828125
4710.703125,0.718750
4711.453125,0.750000
4712.218750,0.765625
4717.375000,0.750000
4718.140625,0.765625
4718.859375,0.718750
4719.546875,0.687500
4720.265625,0.718750
4721.000000,0.734375
4721.734375,0.734375
4722.484375,0.750000
4723.218750,0.734375
4726.828125,0.703125
4727.531250,0.703125
4728.250000,0.718750
4728.984375,0.734375
4729.718750,0.734375
4737.703125,0.671875
4738.453125,0.750000
4739.218750,0.765625
4739.968750,0.750000
4740.703125,0.734375
4741.437500,0.734375
4742.203125,0.765625
4742.968750,0.765625
4743.734375,0.765625
4744.531250,0.796875
4745.359375,0.828125
4746.171875,0.812500
4746.953125,0.781250
4747.750000,0.796875
4748.562500,0.812500
4749.375000,0.812500
4750.187500,0.812500
4751.000000,0.812500
4751.812500,0.812500
4752.609375,0.796875
4753.406250,0.796875
4754.187500,0.781250
4754.953125,0.765625
4755.718750,0.765625
4756.531250,0.812500
4757.343750,0.812500
4758.171875,0.828125
4758.921875,0.750000
4759.671875,0.750000
4760.421875,0.750000
4761.187500,0.765625
4778.234375,0.765625
4779.015625,0.781250
4779.796875,0.781250
4780.531250,0.734375
4781.296875,0.765625
4787.578125,0.703125
4788.265625,0.687500
4788.984375,0.718750
4798.328125,0.765625
4799.062500,0.734375
4799.781250,0.718750
4800.500000,0.718750
4801.218750,0.718750
4801.968750,0.750000
4802.718750,0.750000
4803.453125,0.734375
4804.140625,0.687500
4804.796875,0.656250
4805.484375,0.687500
4806.218750,0.734375
4807.000000,0.781250
4807.796875,0.796875
4808.593750,0.796875
4809.390625,0.796875
4810.140625,0.750000
4810.890625,0.750000
4811.593750,0.703125
4812.281250,0.687500
4813.000000,0.718750
4813.703125,0.703125
4814.406250,0.703125
4815.109375,0.703125
4815.796875,0.687500
4816.468750,0.671875
4817.171875,0.703125
4817.828125,0.656250
4818.500000,0.671875
4819.187500,0.687500
4819.953125,0.765625
4820.796875,0.843750
4821.656250,0.859375
4822.500000,0.843750
4823.296875,0.796875
4832.343750,0.781250
4833.140625,0.796875
4833.890625,0.750000
4834.593750,0.703125
4835.312500,0.718750
4836.046875,0.734375
4836.796875,0.750000
4837.578125,0.781250
4838.328125,0.750000
4839.125000,0.796875
4839.953125,0.828125
4840.765625,0.812500
4841.562500,0.796875
4842.312500,0.750000
4843.062500,0.750000
4843.828125,0.765625
4844.593750,0.765625
4845.359375,0.765625
4846.125000,0.765625
4846.906250,0.781250
4847.718750,0.812500
4848.484375,0.765625
4849.265625,0.781250
4850.031250,0.765625
4850.812500,0.781250
4851.578125,0.765625
4852.328125,0.750000
4853.046875,0.718750
4853.765625,0.718750
4854.500000,0.734375
4855.265625,0.765625
4856.046875,0.781250
4856.828125,0.781250
4857.578125,0.750000
4858.343750,0.765625
4859.140625,0.796875
4859.906250,0.765625
4860.640625,0.734375
4861.453125,0.812500
4862.234375,0.781250
4862.968750,0.734375
4863.703125,0.734375
4864.437500,0.734375
4875.531250,0.718750
4876.218750,0.687500
4876.906250,0.687500
4877.609375,0.703125
4878.296875,0.687500
4878.984375,0.687500
4879.687500,0.703125
4880.375000,0.687500
4881.062500,0.687500
4881.734375,0.671875
4882.406250,0.671875
4883.093750,0.687500
4883.781250,0.687500
4884.515625,0.734375
4885.265625,0.750000
4886.046875,0.781250
4886.843750,0.796875
4887.609375,0.765625
4888.343750,0.734375
4889.031250,0.687500
4889.718750,0.687500
4890.421875,0.703125
4891.125000,0.703125
4891.796875,0.671875
4892.484375,0.687500
4893.218750,0.734375
4894.031250,0.812500
4894.812500,0.781250
4895.578125,0.765625
4896.312500,0.734375
4897.046875,0.734375
4897.750000,0.703125
4898.421875,0.671875
4899.093750,0.671875
4899.812500,0.718750
4900.578125,0.765625
4901.375000,0.796875
4902.171875,0.796875
4902.968750,0.796875
4903.828125,0.859375
4904.703125,0.875000
4905.546875,0.843750
4906.375000,0.828125
4907.171875,0.796875
4907.921875,0.750000
4908.625000,0.703125
4909.359375,0.734375
4910.125000,0.765625
4910.953125,0.828125
4911.781250,0.828125
4912.625000,0.843750
4913.453125,0.828125
4914.234375,0.781250
4914.968750,0.734375
4915.718750,0.750000
4916.484375,0.765625
4917.281250,0.796875
4918.078125,0.796875
4918.843750,0.765625
4919.671875,0.828125
4920.546875,0.875000
4921.375000,0.828125
4922.187500,0.812500
4922.968750,0.781250
4923.718750,0.750000
4924.437500,0.718750
4925.140625,0.703125
4925.859375,0.718750
4938.484375,0.687500
4939.171875,0.687500
4992.859375,0.812500
5005.171875,0.796875
5005.968750,0.796875
5006.765625,0.796875
5007.562500,0.796875
5008.343750,0.781250
5029.296875,0.703125
5030.000000,0.703125
5030.750000,0.750000
5031.546875,0.796875
5032.359375,0.812500
5033.125000,0.765625
5033.875000,0.750000
5038.109375,0.750000
5038.890625,0.781250
5039.671875,0.781250
5040.453125,0.781250
5041.218750,0.765625
5049.437500,0.734375
5050.140625,0.703125
5050.890625,0.750000
5051.625000,0.734375
5052.390625,0.765625
5053.187500,0.796875
5053.968750,0.781250
5054.734375,0.765625
5055.515625,0.781250
5056.281250,0.765625
5057.046875,0.765625
5057.781250,0.734375
5058.546875,0.765625
5059.312500,0.765625
5060.078125,0.765625
5060.812500,0.734375
5061.562500,0.750000
5062.328125,0.765625
5063.078125,0.750000
5063.843750,0.765625
5064.593750,0.750000
5065.328125,0.734375
5066.062500,0.734375
5066.796875,0.734375
5067.546875,0.750000
5068.296875,0.750000
5069.062500,0.765625
5069.781250,0.718750
5070.515625,0.734375
5071.234375,0.718750
5071.968750,0.734375
5072.687500,0.718750
5073.406250,0.718750
5074.109375,0.703125
5074.796875,0.687500
5075.500000,0.703125
5076.203125,0.703125
5076.921875,0.718750
5077.656250,0.734375
5078.421875,0.765625
5079.171875,0.750000
5079.937500,0.765625
5080.734375,0.796875
5081.515625,0.781250
5082.359375,0.843750
5083.187500,0.828125
5083.968750,0.781250
5084.718750,0.750000
5085.468750,0.750000
5086.218750,0.750000
5087.000000,0.781250
5087.765625,0.765625
5088.562500,0.796875
5089.359375,0.796875
5090.109375,0.750000
5090.843750,0.734375
5091.562500,0.718750
5092.281250,0.718750
5093.031250,0.750000
5093.796875,0.765625
5094.562500,0.765625
5095.281250,0.718750
5096.015625,0.734375
5096.750000,0.734375
5097.484375,0.734375
5098.203125,0.718750
5098.906250,0.703125
5099.625000,0.718750
5100.359375,0.734375
5101.093750,0.734375
5101.843750,0.750000
5102.593750,0.750000
5103.359375,0.765625
5104.156250,0.796875
5104.937500,0.781250
5105.687500,0.750000
5106.453125,0.765625
5107.218750,0.765625
5107.968750,0.750000
5108.703125,0.734375
5109.406250,0.703125
5110.140625,0.734375
5110.875000,0.734375
5111.640625,0.765625
5112.406250,0.765625
5113.140625,0.734375
5113.890625,0.750000
5114.671875,0.781250
5115.453125,0.781250
5116.234375,0.781250
5126.515625,0.750000
5127.281250,0.765625
5128.000000,0.718750
5128.734375,0.734375
5129.453125,0.718750
5130.140625,0.687500
5130.828125,0.687500
5131.531250,0.703125
5132.250000,0.718750
5132.953125,0.703125
5133.687500,0.734375
5134.468750,0.781250
5135.281250,0.812500
5136.062500,0.781250
5136.843750,0.781250
5137.578125,0.734375
5138.296875,0.718750
5139.015625,0.718750
5139.781250,0.765625
5140.546875,0.765625
5141.343750,0.796875
5142.109375,0.765625
5142.859375,0.750000
5143.593750,0.734375
5144.328125,0.734375
5145.093750,0.765625
5154.609375,0.750000
5155.375000,0.765625
5156.109375,0.734375
5156.828125,0.718750
5157.562500,0.734375
5158.328125,0.765625
5159.062500,0.734375
5159.796875,0.734375
5160.562500,0.765625
5161.343750,0.781250
5162.109375,0.765625
5162.859375,0.750000
5163.640625,0.781250
5164.406250,0.765625
5165.187500,0.781250
5165.953125,0.765625
5166.687500,0.734375
5167.421875,0.734375
5168.156250,0.734375
5168.921875,0.765625
5169.718750,0.796875
5170.500000,0.781250
5171.265625,0.765625
5172.062500,0.796875
5172.859375,0.796875
5173.640625,0.781250
5174.421875,0.781250
5175.171875,0.750000
5175.937500,0.765625
5176.734375,0.796875
5177.562500,0.828125
5178.359375,0.796875
5179.171875,0.812500
5180.015625,0.843750
5180.859375,0.843750
5181.687500,0.828125
5182.500000,0.812500
5183.296875,0.796875
5184.109375,0.812500
5184.890625,0.781250
5185.671875,0.781250
5221.500000,0.734375
5222.218750,0.718750
5222.984375,0.765625
5223.750000,0.765625
5224.531250,0.781250
5225.328125,0.796875
5226.125000,0.796875
5226.859375,0.734375
5227.625000,0.765625
5228.390625,0.765625
5229.171875,0.781250
5229.968750,0.796875
5230.750000,0.781250
5231.484375,0.734375
5232.218750,0.734375
5233.015625,0.796875
5233.859375,0.843750
5234.671875,0.812500
5235.437500,0.765625
5236.171875,0.734375
5236.875000,0.703125
5237.593750,0.718750
5238.359375,0.765625
5239.140625,0.781250
5239.953125,0.812500
5240.765625,0.812500
5241.593750,0.828125
5242.421875,0.828125
5243.218750,0.796875
5244.031250,0.812500
5244.843750,0.812500
5245.671875,0.828125
5246.531250,0.859375
5247.390625,0.859375
5248.234375,0.843750
5249.078125,0.843750
5249.890625,0.812500
5250.687500,0.796875
5251.453125,0.765625
5252.234375,0.781250
5253.015625,0.781250
5253.796875,0.781250
5254.593750,0.796875
5255.437500,0.843750
5256.265625,0.828125
5257.062500,0.796875
5257.859375,0.796875
5258.656250,0.796875
5259.453125,0.796875
5260.203125,0.750000
5260.968750,0.765625
5261.750000,0.781250
5262.515625,0.765625
5263.281250,0.765625
5264.078125,0.796875
5264.843750,0.765625
5265.593750,0.750000
5266.359375,0.765625
5267.140625,0.781250
5267.890625,0.750000
5268.625000,0.734375
5269.328125,0.703125
5270.031250,0.703125
5270.734375,0.703125
5271.437500,0.703125
5272.171875,0.734375
5272.921875,0.750000
5273.703125,0.781250
5274.484375,0.781250
5275.265625,0.781250
5276.031250,0.765625
5276.796875,0.765625
5277.546875,0.750000
5278.265625,0.718750
5279.000000,0.734375
5279.750000,0.750000
5280.500000,0.750000
5281.250000,0.750000
5282.000000,0.750000
5282.781250,0.781250
5283.546875,0.765625
5284.296875,0.750000
5285.093750,0.796875
5285.890625,0.796875
5286.671875,0.781250
5287.468750,0.796875
5288.265625,0.796875
5289.015625,0.750000
5289.781250,0.765625
5290.531250,0.750000
5291.296875,0.765625
5292.046875,0.750000
5292.796875,0.750000
5293.578125,0.781250
5294.328125,0.750000
5295.093750,0.765625
5295.875000,0.781250
5296.656250,0.781250
5297.421875,0.765625
5298.203125,0.781250
5298.984375,0.781250
5299.734375,0.750000
5300.484375,0.750000
5301.234375,0.750000
5302.015625,0.781250
5302.796875,0.781250
5303.546875,0.750000
5304.281250,0.734375
5305.031250,0.750000
5305.765625,0.734375
5306.500000,0.734375
5307.234375,0.734375
5319.625000,0.718750
5320.343750,0.718750
5321.015625,0.671875
5321.703125,0.687500
5322.375000,0.671875
5323.062500,0.687500
5323.750000,0.687500
5324.531250,0.781250
5325.312500,0.781250
5326.093750,0.781250
5326.890625,0.796875
5327.671875,0.781250
5328.453125,0.781250
5329.218750,0.765625
5329.953125,0.734375
5330.671875,0.718750
5331.375000,0.703125
5332.156250,0.781250
5333.015625,0.859375
5333.890625,0.875000
5334.796875,0.906250
5335.609375,0.812500
5336.421875,0.812500
5337.234375,0.812500
5338.046875,0.812500
5338.859375,0.812500
5339.671875,0.812500
5340.484375,0.812500
5341.328125,0.843750
5342.109375,0.781250
5342.890625,0.781250
5343.671875,0.781250
5344.468750,0.796875
5345.234375,0.765625
5346.031250,0.796875
5346.796875,0.765625
5347.562500,0.765625
5348.343750,0.781250
5349.156250,0.812500
5349.984375,0.828125
5350.812500,0.828125
5351.609375,0.796875
5352.390625,0.781250
5353.156250,0.765625
5353.890625,0.734375
5354.625000,0.734375
5355.343750,0.718750
5356.093750,0.750000
5356.843750,0.750000
5357.640625,0.796875
5358.453125,0.812500
5359.250000,0.796875
5360.062500,0.812500
5360.828125,0.765625
5361.593750,0.765625
5362.328125,0.734375
5363.078125,0.750000
5363.812500,0.734375
5364.546875,0.734375
5365.265625,0.718750
5365.984375,0.718750
5366.703125,0.718750
5367.406250,0.703125
5368.125000,0.718750
5368.812500,0.687500
5369.500000,0.687500
5370.203125,0.703125
5370.906250,0.703125
5371.625000,0.718750
5372.375000,0.750000
5373.140625,0.765625
5373.906250,0.765625
5374.656250,0.750000
5375.375000,0.718750
5376.109375,0.734375
5376.859375,0.750000
5377.625000,0.765625
5378.375000,0.750000
5379.125000,0.750000
5379.859375,0.734375
5380.562500,0.703125
5381.265625,0.703125
5382.000000,0.734375
5382.703125,0.703125
5383.406250,0.703125
5384.093750,0.687500
5384.812500,0.718750
5385.562500,0.750000
5386.281250,0.718750
5387.015625,0.734375
5387.796875,0.781250
5388.593750,0.796875
5389.375000,0.781250
5390.125000,0.750000
5390.875000,0.750000
5391.625000,0.750000
5392.343750,0.718750
5393.078125,0.734375
5393.796875,0.718750
5394.546875,0.750000
5395.328125,0.781250
5396.140625,0.812500
5396.937500,0.796875
5397.703125,0.765625
5398.468750,0.765625
5399.250000,0.781250
5400.062500,0.812500
5400.890625,0.828125
5401.703125,0.812500
5402.515625,0.812500
5403.265625,0.750000
5404.046875,0.781250
5404.812500,0.765625
5405.593750,0.781250
5406.359375,0.765625
5407.140625,0.781250
5407.953125,0.812500
5408.781250,0.828125
5415.515625,0.687500
5436.984375,0.750000
5437.750000,0.765625
5438.546875,0.796875
5439.296875,0.750000
5440.078125,0.781250
5440.859375,0.781250
5441.640625,0.781250
5455.312500,0.796875
5456.125000,0.812500
5456.921875,0.796875
5457.734375,0.812500
5458.546875,0.812500
5459.343750,0.796875
5460.140625,0.796875
5460.906250,0.765625
5461.687500,0.781250
5462.484375,0.796875
5463.265625,0.781250
5464.031250,0.765625
5464.796875,0.765625
5465.609375,0.812500
5466.437500,0.828125
5467.218750,0.781250
5468.046875,0.828125
5468.859375,0.812500
5469.656250,0.796875
5470.468750,0.812500
5471.281250,0.812500
5472.062500,0.781250
5472.828125,0.765625
5473.593750,0.765625
5474.359375,0.765625
5475.140625,0.781250
5475.890625,0.750000
5476.656250,0.765625
5477.437500,0.781250
5478.203125,0.765625
5478.984375,0.781250
5479.765625,0.781250
5480.546875,0.781250
5481.296875,0.750000
5482.062500,0.765625
5482.828125,0.765625
5491.375000,0.734375
5492.093750,0.718750
5492.828125,0.734375
5493.562500,0.734375
5494.296875,0.734375
5495.046875,0.750000
5495.812500,0.765625
5496.562500,0.750000
5497.312500,0.750000
5498.078125,0.765625
5498.828125,0.750000
5499.578125,0.750000
5500.328125,0.750000
5501.062500,0.734375
5501.781250,0.718750
5502.484375,0.703125
5503.171875,0.687500
5503.859375,0.687500
5504.593750,0.734375
5505.359375,0.765625
5506.171875,0.812500
5506.937500,0.765625
5507.656250,0.718750
5508.375000,0.718750
5509.093750,0.718750
5509.843750,0.750000
5510.546875,0.703125
5514.953125,0.734375
5515.687500,0.734375
5516.406250,0.718750
5517.156250,0.750000
5517.937500,0.781250
5518.703125,0.765625
5519.453125,0.750000
5520.234375,0.781250
5521.046875,0.812500
5521.875000,0.828125
5522.718750,0.843750
5523.546875,0.828125
5524.359375,0.812500
5525.156250,0.796875
5525.859375,0.703125
5526.562500,0.703125
5527.375000,0.812500
5528.156250,0.781250
5528.968750,0.812500
5547.234375,0.734375
5547.937500,0.703125
5548.671875,0.734375
5549.437500,0.765625
5550.203125,0.765625
5550.953125,0.750000
5551.703125,0.750000
5552.468750,0.765625
5553.187500,0.718750
5553.890625,0.703125
5554.593750,0.703125
5558.109375,0.718750
5564.234375,0.781250
5565.031250,0.796875
5565.812500,0.781250
5566.640625,0.828125
5567.406250,0.765625
5568.140625,0.734375
5568.890625,0.750000
5569.625000,0.734375
5570.390625,0.765625
5571.125000,0.734375
5571.890625,0.765625
5572.671875,0.781250
5579.531250,0.781250
5580.328125,0.796875
5581.109375,0.781250
5581.906250,0.796875
5582.687500,0.781250
5583.484375,0.796875
5584.250000,0.765625
5585.031250,0.781250
5585.812500,0.781250
5586.625000,0.812500
5587.406250,0.781250
5588.171875,0.765625
5588.906250,0.734375
5596.796875,0.734375
5597.515625,0.718750
5608.468750,0.734375
5609.203125,0.734375
5609.921875,0.718750
5610.640625,0.718750
5611.343750,0.703125
5612.062500,0.718750
5612.781250,0.718750
5613.484375,0.703125
5614.187500,0.703125
5614.906250,0.718750
5615.640625,0.734375
5616.375000,0.734375
5617.125000,0.750000
5617.875000,0.750000
5618.656250,0.781250
5619.453125,0.796875
5620.187500,0.734375
5620.968750,0.781250
5621.703125,0.734375
5622.421875,0.718750
5623.125000,0.703125
5623.828125,0.703125
5624.546875,0.718750
5625.265625,0.718750
5625.984375,0.718750
5626.734375,0.750000
5627.531250,0.796875
5628.359375,0.828125
5629.187500,0.828125
5629.953125,0.765625
5630.718750,0.765625
5631.484375,0.765625
5632.218750,0.734375
5632.968750,0.750000
5633.718750,0.750000
5634.453125,0.734375
5635.171875,0.718750
5635.859375,0.687500
5636.562500,0.703125
5637.250000,0.687500
5637.921875,0.671875
5644.531250,0.687500
5645.250000,0.718750
5645.984375,0.734375
5646.734375,0.750000
5647.515625,0.781250
5648.296875,0.781250
5669.281250,0.765625
5670.015625,0.734375
5731.078125,0.703125
5736.734375,0.718750
5737.468750,0.734375
5738.218750,0.750000
5738.984375,0.765625
5739.750000,0.765625
5740.515625,0.765625
5741.234375,0.718750
5741.921875,0.687500
5785.796875,0.750000
5786.515625,0.718750
5787.281250,0.765625
5788.000000,0.718750
5788.765625,0.765625
5789.531250,0.765625
5790.312500,0.781250
5809.312500,0.765625
5810.125000,0.812500
5810.921875,0.796875
5811.718750,0.796875
5823.296875,0.812500
5824.156250,0.859375
5825.000000,0.843750
5825.828125,0.828125
5826.593750,0.765625
5827.343750,0.750000
5828.031250,0.687500
5836.062500,0.703125
5836.765625,0.703125
5837.453125,0.687500
5838.187500,0.734375
5838.906250,0.718750
5839.656250,0.750000
5840.421875,0.765625
5841.171875,0.750000
5841.937500,0.765625
5842.687500,0.750000
5843.453125,0.765625
5844.250000,0.796875
5845.031250,0.781250
5845.765625,0.734375
5846.515625,0.750000
5847.234375,0.718750
5847.953125,0.718750
5856.781250,0.656250
5857.468750,0.687500
5858.281250,0.812500
5859.156250,0.875000
5859.984375,0.828125
5860.765625,0.781250
5861.500000,0.734375
5862.218750,0.718750
5862.890625,0.671875
5863.578125,0.687500
5864.265625,0.687500
5864.968750,0.703125
5865.671875,0.703125
5866.359375,0.687500
5867.046875,0.687500
5867.734375,0.687500
5868.375000,0.640625
5869.031250,0.656250
5869.703125,0.671875
5870.390625,0.687500
5871.125000,0.734375
5871.859375,0.734375
5872.562500,0.703125
5873.281250,0.718750
5874.015625,0.734375
5874.796875,0.781250
5875.562500,0.765625
5876.328125,0.765625
5877.125000,0.796875
5877.875000,0.750000
5889.375000,0.718750
5890.093750,0.718750
5890.781250,0.687500
5891.453125,0.671875
5895.296875,0.625000
5895.921875,0.625000
5896.546875,0.625000
5897.171875,0.625000
5897.828125,0.656250
5898.531250,0.703125
5899.234375,0.703125
5899.953125,0.718750
5900.656250,0.703125
5901.343750,0.687500
5902.031250,0.687500
5902.718750,0.687500
5903.390625,0.671875
5904.046875,0.656250
5904.734375,0.687500
5905.437500,0.703125
5906.187500,0.750000
5907.015625,0.828125
5907.875000,0.859375
5908.687500,0.812500
5909.468750,0.781250
5910.250000,0.781250
5910.984375,0.734375
5911.687500,0.703125
5912.390625,0.703125
5913.125000,0.734375
5913.875000,0.750000
5926.921875,0.734375
5927.687500,0.765625
5928.515625,0.828125
5929.343750,0.828125
5930.093750,0.750000
5930.875000,0.781250
5931.687500,0.812500
5932.515625,0.828125
5933.328125,0.812500
5934.109375,0.781250
5934.890625,0.781250
5935.671875,0.781250
5941.734375,0.765625
5942.468750,0.734375
5943.218750,0.750000
5943.953125,0.734375
5944.703125,0.750000
5945.468750,0.765625
5946.203125,0.734375
5946.937500,0.734375
5947.671875,0.734375
5948.453125,0.781250
5949.234375,0.781250
5950.015625,0.781250
5950.781250,0.765625
5951.531250,0.750000
5952.296875,0.765625
5953.062500,0.765625
5953.812500,0.750000
5954.562500,0.750000
5955.343750,0.781250
5956.093750,0.750000
5956.859375,0.765625
5957.640625,0.781250
5958.421875,0.781250
5959.187500,0.765625
5959.921875,0.734375
5960.656250,0.734375
5961.406250,0.750000
5962.109375,0.703125
5962.812500,0.703125
5963.531250,0.718750
5964.265625,0.734375
5964.984375,0.718750
5965.703125,0.718750
5966.453125,0.750000
5967.234375,0.781250
5968.015625,0.781250
5968.812500,0.796875
5969.562500,0.750000
5970.296875,0.734375
5971.015625,0.718750
5971.750000,0.734375
5972.468750,0.718750
5973.156250,0.687500
5973.828125,0.671875
5974.515625,0.687500
5975.218750,0.703125
5975.968750,0.750000
5976.718750,0.750000
5977.484375,0.765625
5978.234375,0.750000
5978.984375,0.750000
5979.703125,0.718750
5980.406250,0.703125
5981.125000,0.718750
5981.843750,0.718750
5982.578125,0.734375
5983.312500,0.734375
5984.078125,0.765625
5984.875000,0.796875
5985.640625,0.765625
5986.390625,0.750000
5987.109375,0.718750
5987.796875,0.687500
5988.484375,0.687500
5989.171875,0.687500
5989.875000,0.703125
5990.593750,0.718750
5991.343750,0.750000
5992.109375,0.765625
5992.921875,0.812500
5993.703125,0.781250
5994.437500,0.734375
5995.203125,0.765625
5995.968750,0.765625
5996.750000,0.781250
5997.531250,0.781250
5998.328125,0.796875
5999.140625,0.812500
5999.921875,0.781250
6000.703125,0.781250
6001.515625,0.812500
6002.281250,0.765625
6003.046875,0.765625
6003.812500,0.765625
6004.593750,0.781250
6005.328125,0.734375
6006.078125,0.750000
6006.843750,0.765625
6007.593750,0.750000
6008.312500,0.718750
6009.031250,0.718750
6009.765625,0.734375
6010.546875,0.781250
6011.343750,0.796875
6012.109375,0.765625
6012.890625,0.781250
6013.640625,0.750000
6014.359375,0.718750
6015.093750,0.734375
6015.828125,0.734375
6016.562500,0.734375
6017.312500,0.750000
6018.031250,0.718750
6018.734375,0.703125
6019.437500,0.703125
6020.187500,0.750000
6021.015625,0.828125
6021.859375,0.843750
6022.687500,0.828125
6023.484375,0.796875
6024.234375,0.750000
6024.968750,0.734375
6025.703125,0.734375
6026.421875,0.718750
6027.109375,0.687500
6027.781250,0.671875
6028.468750,0.687500
6029.125000,0.656250
6029.781250,0.656250
6039.609375,0.750000
6040.359375,0.750000
6041.062500,0.703125
6041.796875,0.734375
6042.453125,0.656250
6043.156250,0.703125
6043.843750,0.687500
6044.515625,0.671875
6045.328125,0.812500
6046.093750,0.765625
6046.875000,0.781250
6047.687500,0.812500
6048.453125,0.765625
6049.187500,0.734375
6049.921875,0.734375
6050.640625,0.718750
6051.359375,0.718750
6052.046875,0.687500
6052.781250,0.734375
6058.781250,0.718750
6059.468750,0.687500
6060.171875,0.703125
6060.890625,0.718750
6061.640625,0.750000
6062.375000,0.734375
6063.140625,0.765625
6063.859375,0.718750
6064.562500,0.703125
6065.234375,0.671875
6065.953125,0.718750
6066.609375,0.656250
6067.312500,0.703125
6068.015625,0.703125
6068.718750,0.703125
6069.421875,0.703125
6070.125000,0.703125
6078.750000,0.625000
6079.390625,0.640625
6080.015625,0.625000
6080.687500,0.671875
6081.359375,0.671875
6091.734375,0.703125
6092.421875,0.687500
6093.093750,0.671875
6093.781250,0.687500
6094.484375,0.703125
6095.171875,0.687500
6095.843750,0.671875
6096.531250,0.687500
6109.109375,0.718750
6109.812500,0.703125
6110.500000,0.687500
6111.171875,0.671875
6111.843750,0.671875
6121.765625,0.734375
6122.500000,0.734375
6123.218750,0.718750
6123.906250,0.687500
6124.640625,0.734375
6125.343750,0.703125
6126.078125,0.734375
6126.796875,0.718750
6127.500000,0.703125
6139.093750,0.734375
6139.812500,0.718750
6140.546875,0.734375
6141.296875,0.750000
6142.031250,0.734375
6142.750000,0.718750
6143.515625,0.765625
6144.296875,0.781250
6145.171875,0.875000
6145.968750,0.796875
6146.734375,0.765625
6158.640625,0.750000
6159.453125,0.812500
6160.250000,0.796875
6161.093750,0.843750
6161.828125,0.734375
6171.953125,0.718750
6172.687500,0.734375
6178.609375,0.718750
6179.343750,0.734375
6180.078125,0.734375
6180.828125,0.750000
6181.562500,0.734375
6182.328125,0.765625
6188.265625,0.765625
6189.015625,0.750000
6189.796875,0.781250
6190.578125,0.781250
6191.359375,0.781250
6192.109375,0.750000
6192.843750,0.734375
6193.562500,0.718750
6194.265625,0.703125
6195.000000,0.734375
6195.781250,0.781250
6196.546875,0.765625
6197.296875,0.750000
6213.968750,0.718750
6214.703125,0.734375
6215.468750,0.765625
6216.218750,0.750000
6216.968750,0.750000
6217.687500,0.718750
6268.687500,0.828125
6269.468750,0.781250
6270.203125,0.734375
6270.953125,0.750000
6271.718750,0.765625
6272.468750,0.750000
6273.218750,0.750000
6274.000000,0.781250
6274.796875,0.796875
6275.609375,0.812500
6276.390625,0.781250
6277.156250,0.765625
6277.890625,0.734375
6278.609375,0.718750
6279.343750,0.734375
6280.093750,0.750000
6290.718750,0.765625
6291.421875,0.703125
6292.156250,0.734375
6292.859375,0.703125
6293.546875,0.687500
6294.218750,0.671875
6294.890625,0.671875
6295.593750,0.703125
6296.296875,0.703125
6297.062500,0.765625
6297.843750,0.781250
6298.625000,0.781250
6299.343750,0.718750
6300.093750,0.750000
6300.843750,0.750000
6301.593750,0.750000
6302.281250,0.687500
6303.000000,0.718750
6303.703125,0.703125
6304.453125,0.750000
6305.218750,0.765625
6306.015625,0.796875
6306.812500,0.796875
6336.265625,0.718750
6336.968750,0.703125
6337.656250,0.687500
6338.328125,0.671875
6339.015625,0.687500
6339.718750,0.703125
6340.437500,0.718750
6341.140625,0.703125
6341.843750,0.703125
6342.578125,0.734375
6343.281250,0.703125
6343.984375,0.703125
6352.437500,0.687500
6353.140625,0.703125
6353.859375,0.718750
6360.546875,0.687500
6361.281250,0.734375
6362.031250,0.750000
6362.734375,0.703125
6363.500000,0.765625
6364.281250,0.781250
6365.062500,0.781250
6365.828125,0.765625
6366.562500,0.734375
6367.312500,0.750000
6368.062500,0.750000
6368.828125,0.765625
6369.578125,0.750000
6370.343750,0.765625
6371.140625,0.796875
6371.921875,0.781250
6372.703125,0.781250
6373.468750,0.765625
6374.250000,0.781250
6375.046875,0.796875
6375.859375,0.812500
6376.656250,0.796875
6377.437500,0.781250
6378.250000,0.812500
6379.015625,0.765625
6379.765625,0.750000
6393.125000,0.687500
6396.546875,0.718750
6397.234375,0.687500
6397.953125,0.718750
6398.671875,0.718750
6399.437500,0.765625
6400.218750,0.781250
6400.953125,0.734375
6401.687500,0.734375
6402.453125,0.765625
6403.187500,0.734375
6403.921875,0.734375
6404.671875,0.750000
6405.453125,0.781250
6406.296875,0.843750
6407.140625,0.843750
6407.984375,0.843750
6408.796875,0.812500
6409.593750,0.796875
6410.359375,0.765625
6411.125000,0.765625
6411.843750,0.718750
6412.578125,0.734375
6413.312500,0.734375
6414.078125,0.765625
6414.812500,0.734375
6415.546875,0.734375
6416.281250,0.734375
6455.421875,0.734375
6456.187500,0.765625
6456.875000,0.687500
6457.578125,0.703125
6458.281250,0.703125
6458.984375,0.703125
6459.656250,0.671875
6460.375000,0.718750
6461.078125,0.703125
6461.859375,0.781250
6462.640625,0.781250
6463.437500,0.796875
6464.187500,0.750000
6464.906250,0.718750
6465.578125,0.671875
6466.265625,0.687500
6466.953125,0.687500
6467.687500,0.734375
6468.468750,0.781250
6469.187500,0.718750
6491.234375,0.656250
6491.968750,0.734375
6492.718750,0.750000
6493.468750,0.750000
6494.218750,0.750000
6494.984375,0.765625
6495.718750,0.734375
6496.421875,0.703125
6497.125000,0.703125
6497.859375,0.734375
6498.578125,0.718750
6499.312500,0.734375
6500.015625,0.703125
6521.437500,0.781250
6522.250000,0.812500
6523.000000,0.750000
6523.781250,0.781250
6524.562500,0.781250
6525.375000,0.812500
6526.109375,0.734375
6526.875000,0.765625
6527.640625,0.765625
6528.468750,0.828125
6529.265625,0.796875
6530.062500,0.796875
6530.796875,0.734375
6531.531250,0.734375
6532.234375,0.703125
6532.906250,0.671875
6533.593750,0.687500
6534.328125,0.734375
6535.093750,0.765625
6535.890625,0.796875
6536.734375,0.843750
6537.578125,0.843750
6538.437500,0.859375
6539.281250,0.843750
6540.125000,0.843750
6540.937500,0.812500
6541.734375,0.796875
6542.484375,0.750000
6543.234375,0.750000
6543.968750,0.734375
6544.671875,0.703125
6545.390625,0.718750
6546.156250,0.765625
6546.953125,0.796875
6547.750000,0.796875
6548.562500,0.812500
6549.312500,0.750000
6550.078125,0.765625
6550.843750,0.765625
6551.562500,0.718750
6552.312500,0.750000
6553.062500,0.750000
6553.812500,0.750000
6554.562500,0.750000
6555.281250,0.718750
6555.968750,0.687500
6556.687500,0.718750
6557.375000,0.687500
6558.093750,0.718750
6558.812500,0.718750
6559.562500,0.750000
6560.312500,0.750000
6561.062500,0.750000
6561.765625,0.703125
6562.484375,0.718750
6563.156250,0.671875
6563.828125,0.671875
6564.500000,0.671875
6565.187500,0.687500
6565.937500,0.750000
6566.656250,0.718750
6567.375000,0.718750
6568.062500,0.687500
6568.765625,0.703125
6575.312500,0.687500
6576.031250,0.718750
6576.796875,0.765625
6577.578125,0.781250
6578.343750,0.765625
6579.093750,0.750000
6579.828125,0.734375
6580.562500,0.734375
6581.296875,0.734375
6582.062500,0.765625
6582.828125,0.765625
6583.609375,0.781250
6584.390625,0.781250
6585.140625,0.750000
6585.875000,0.734375
6614.062500,0.765625
6614.843750,0.781250
6615.625000,0.781250
6616.359375,0.734375
6624.125000,0.765625
6624.843750,0.718750
6625.578125,0.734375
6626.328125,0.750000
6627.062500,0.734375
6627.765625,0.703125
6628.484375,0.718750
6629.187500,0.703125
6629.906250,0.718750
6630.593750,0.687500
6631.281250,0.687500
6631.968750,0.687500
6632.656250,0.687500
6633.359375,0.703125
6634.078125,0.718750
6634.828125,0.750000
6635.546875,0.718750
6636.281250,0.734375
6637.015625,0.734375
6637.796875,0.781250
6638.562500,0.765625
6639.312500,0.750000
6640.062500,0.750000
6640.828125,0.765625
6641.562500,0.734375
6642.281250,0.718750
6643.015625,0.734375
6643.750000,0.734375
6644.484375,0.734375
6645.187500,0.703125
6652.500000,0.734375
6653.203125,0.703125
6653.906250,0.703125
6654.625000,0.718750
6655.281250,0.656250
6655.953125,0.671875
6656.640625,0.687500
6657.328125,0.687500
6658.078125,0.750000
6658.796875,0.718750
6659.500000,0.703125
6660.218750,0.718750
6660.937500,0.718750
6661.687500,0.750000
6662.437500,0.750000
6663.203125,0.765625
6663.937500,0.734375
6664.656250,0.718750
6665.390625,0.734375
6666.125000,0.734375
6666.890625,0.765625
6667.640625,0.750000
6668.343750,0.703125
6669.078125,0.734375
6669.828125,0.750000
6670.609375,0.781250
6671.390625,0.781250
6672.171875,0.781250
6672.921875,0.750000
6673.687500,0.765625
6674.468750,0.781250
6675.265625,0.796875
6676.031250,0.765625
6676.765625,0.734375
6677.468750,0.703125
6678.140625,0.671875
6678.843750,0.703125
6679.609375,0.765625
6680.437500,0.828125
6681.343750,0.906250
6682.203125,0.859375
6683.046875,0.843750
6683.859375,0.812500
6684.609375,0.750000
6685.359375,0.750000
6686.062500,0.703125
6686.781250,0.718750
6687.484375,0.703125
6688.218750,0.734375
6688.984375,0.765625
6689.750000,0.765625
6690.531250,0.781250
6691.312500,0.781250
6692.125000,0.812500
6692.812500,0.687500
6693.671875,0.859375
6694.406250,0.734375
6695.125000,0.718750
6695.828125,0.703125
6696.531250,0.703125
6697.250000,0.718750
6697.984375,0.734375
6698.703125,0.718750
6699.406250,0.703125
6700.078125,0.671875
6700.765625,0.687500
6701.453125,0.687500
6702.187500,0.734375
6702.937500,0.750000
6703.703125,0.765625
6716.203125,0.750000
6735.984375,0.703125
6781.343750,0.718750
6782.031250,0.687500
6782.703125,0.671875
6783.406250,0.703125
6784.140625,0.734375
6784.859375,0.718750
6797.328125,0.703125
6798.046875,0.718750
6798.796875,0.750000
6799.546875,0.750000
6800.281250,0.734375
6806.875000,0.734375
6807.609375,0.734375
6808.328125,0.718750
6809.062500,0.734375
6809.828125,0.765625
6810.593750,0.765625
6817.187500,0.828125
6818.000000,0.812500
6818.765625,0.765625
6819.500000,0.734375
6820.218750,0.718750
6820.906250,0.687500
6821.593750,0.687500
6822.265625,0.671875
6822.937500,0.671875
6823.593750,0.656250
6824.250000,0.656250
6824.953125,0.703125
6825.687500,0.734375
6826.468750,0.781250
6827.281250,0.812500
6828.093750,0.812500
6828.843750,0.750000
6829.578125,0.734375
6830.281250,0.703125
6831.000000,0.718750
6831.703125,0.703125
6832.406250,0.703125
6833.140625,0.734375
6833.921875,0.781250
6834.734375,0.812500
6835.531250,0.796875
6836.328125,0.796875
6837.093750,0.765625
6837.812500,0.718750
6843.296875,0.687500
6844.000000,0.703125
6844.687500,0.687500
6845.375000,0.687500
6846.062500,0.687500
6846.750000,0.687500
6847.421875,0.671875
6848.125000,0.703125
6848.828125,0.703125
6849.531250,0.703125
6850.265625,0.734375
6850.984375,0.718750
6851.703125,0.718750
6852.437500,0.734375
6853.171875,0.734375
6853.906250,0.734375
6854.625000,0.718750
6855.328125,0.703125
6856.046875,0.718750
6856.750000,0.703125
6857.500000,0.750000
6858.203125,0.703125
6864.671875,0.718750
6865.406250,0.734375
6866.125000,0.718750
6866.828125,0.703125
6867.515625,0.687500
6868.203125,0.687500
6868.890625,0.687500
6869.578125,0.687500
6870.281250,0.703125
6870.953125,0.671875
6871.609375,0.656250
6872.281250,0.671875
6872.984375,0.703125
6873.671875,0.687500
6874.359375,0.687500
6875.062500,0.703125
6875.812500,0.750000
6876.593750,0.781250
6877.359375,0.765625
6878.078125,0.718750
6878.781250,0.703125
6879.484375,0.703125
6880.156250,0.671875
6880.843750,0.687500
6881.515625,0.671875
6882.203125,0.687500
6882.859375,0.656250
6883.531250,0.671875
6884.187500,0.656250
6884.859375,0.671875
6885.546875,0.687500
6886.234375,0.687500
6886.937500,0.703125
6887.703125,0.765625
6888.453125,0.750000
6889.171875,0.718750
6889.875000,0.703125
6890.593750,0.718750
6891.328125,0.734375
6892.031250,0.703125
6892.734375,0.703125
6893.468750,0.734375
6894.234375,0.765625
6894.968750,0.734375
6895.687500,0.718750
6896.437500,0.750000
6897.203125,0.765625
6897.937500,0.734375
6898.687500,0.750000
6899.421875,0.734375
6900.187500,0.765625
6900.937500,0.750000
6901.656250,0.718750
6902.390625,0.734375
6903.140625,0.750000
6903.875000,0.734375
6904.656250,0.781250
6905.343750,0.687500
6906.031250,0.687500
6906.718750,0.687500
6907.390625,0.671875
6908.062500,0.671875
6908.734375,0.671875
6909.390625,0.656250
6910.046875,0.656250
6910.734375,0.687500
6911.421875,0.687500
6912.109375,0.687500
6912.812500,0.703125
6913.500000,0.687500
6914.203125,0.703125
6914.875000,0.671875
6915.531250,0.656250
6916.203125,0.671875
6916.906250,0.703125
6917.609375,0.703125
6918.265625,0.656250
6918.968750,0.703125
6919.671875,0.703125
6920.375000,0.703125
6921.046875,0.671875
6921.718750,0.671875
6922.375000,0.656250
6923.031250,0.656250
6923.687500,0.656250
6924.375000,0.687500
6925.046875,0.671875
6925.765625,0.718750
6926.500000,0.734375
6927.203125,0.703125
6927.921875,0.718750
6928.625000,0.703125
6929.343750,0.718750
6930.046875,0.703125
6930.734375,0.687500
6931.453125,0.718750
6932.156250,0.703125
6932.843750,0.687500
6933.515625,0.671875
6934.218750,0.703125
6934.906250,0.687500
6935.593750,0.687500
6936.265625,0.671875
6936.921875,0.656250
6945.078125,0.734375
6945.828125,0.750000
6946.546875,0.718750
6947.250000,0.703125
6947.968750,0.718750
7175.343750,0.640625
7202.000000,0.750000
7202.703125,0.703125
7203.437500,0.734375
7204.187500,0.750000
7204.921875,0.734375
7205.625000,0.703125
7206.343750,0.718750
7212.062500,0.718750
7212.796875,0.734375
7213.531250,0.734375
7214.265625,0.734375
7215.015625,0.750000
7215.781250,0.765625
7216.531250,0.750000
7217.250000,0.718750
7217.984375,0.734375
7218.718750,0.734375
7219.437500,0.718750
7220.140625,0.703125
7220.875000,0.734375
7221.609375,0.734375
7222.343750,0.734375
7223.078125,0.734375
7223.812500,0.734375
7237.593750,0.796875
7238.406250,0.812500
7239.187500,0.781250
7239.953125,0.765625
7240.671875,0.718750
7241.437500,0.765625
7242.250000,0.812500
7243.093750,0.843750
7243.890625,0.796875
7244.703125,0.812500
7245.468750,0.765625
7246.234375,0.765625
7247.000000,0.765625
7247.796875,0.796875
7248.515625,0.718750
7249.265625,0.750000
7250.046875,0.781250
7250.843750,0.796875
7251.656250,0.812500
7252.453125,0.796875
7253.203125,0.750000
7253.953125,0.750000
7254.687500,0.734375
7255.421875,0.734375
7256.171875,0.750000
7256.890625,0.718750
7257.656250,0.765625
7258.421875,0.765625
7259.234375,0.812500
7273.296875,0.687500
7274.000000,0.703125
7274.703125,0.703125
7275.406250,0.703125
7276.125000,0.718750
7276.843750,0.718750
7277.515625,0.671875
7284.140625,0.718750
7284.890625,0.750000
7285.671875,0.781250
7286.437500,0.765625
7287.171875,0.734375
7287.937500,0.765625
7288.687500,0.750000
7289.468750,0.781250
7290.156250,0.687500
7290.859375,0.703125
7291.578125,0.718750
7292.328125,0.750000
7293.125000,0.796875
7293.890625,0.765625
7294.656250,0.765625
7295.343750,0.687500
7296.046875,0.703125
7296.765625,0.718750
7297.406250,0.640625
7298.031250,0.625000
7298.671875,0.640625
7299.312500,0.640625
7299.968750,0.656250
7300.656250,0.687500
7301.328125,0.671875
7302.000000,0.671875
7302.656250,0.656250
7303.328125,0.671875
7303.968750,0.640625
7304.609375,0.640625
7305.250000,0.640625
7305.890625,0.640625
7306.562500,0.671875
7307.171875,0.609375
7307.796875,0.625000
7308.453125,0.656250
7309.187500,0.734375
7309.968750,0.781250
7310.796875,0.828125
7311.562500,0.765625
7312.359375,0.796875
7313.140625,0.781250
7313.906250,0.765625
7314.671875,0.765625
7315.406250,0.734375
7316.140625,0.734375
7316.859375,0.718750
7317.515625,0.656250
7318.187500,0.671875
7318.828125,0.640625
7319.500000,0.671875
7320.156250,0.656250
7320.843750,0.687500
7321.546875,0.703125
7322.296875,0.750000
7323.046875,0.750000
7323.796875,0.750000
7324.515625,0.718750
7325.265625,0.750000
7326.015625,0.750000
7326.781250,0.765625
7327.515625,0.734375
7343.093750,0.765625
7343.843750,0.750000
7344.593750,0.750000
7345.359375,0.765625
7346.140625,0.781250
7346.890625,0.750000
7347.640625,0.750000
7348.390625,0.750000
7349.156250,0.765625
7349.906250,0.750000
7350.656250,0.750000
7351.453125,0.796875
7352.218750,0.765625
7352.984375,0.765625
7353.734375,0.750000
7354.500000,0.765625
7355.265625,0.765625
7356.046875,0.781250
7356.828125,0.781250
7357.625000,0.796875
7358.375000,0.750000
7359.156250,0.781250
7359.937500,0.781250
7360.671875,0.734375
7361.437500,0.765625
7362.187500,0.750000
7362.953125,0.765625
7363.718750,0.765625
7364.453125,0.734375
7365.171875,0.718750
7365.859375,0.687500
7366.515625,0.656250
7367.187500,0.671875
7367.890625,0.703125
7368.640625,0.750000
7374.500000,0.718750
7375.234375,0.734375
7375.968750,0.734375
7376.671875,0.703125
7377.375000,0.703125
7378.093750,0.718750
7378.828125,0.734375
7379.593750,0.765625
7380.328125,0.734375
7392.687500,0.718750
7393.406250,0.718750
7394.187500,0.781250
7394.968750,0.781250
7395.750000,0.781250
7396.500000,0.750000
7397.234375,0.734375
7398.015625,0.781250
7398.828125,0.812500
7405.750000,0.750000
7406.531250,0.781250
7415.859375,0.656250
7416.656250,0.796875
7417.421875,0.765625
7418.156250,0.734375
7418.906250,0.750000
7419.625000,0.718750
7420.375000,0.750000
7421.140625,0.765625
7421.937500,0.796875
7422.656250,0.718750
7423.390625,0.734375
7424.171875,0.781250
7424.968750,0.796875
7425.750000,0.781250
7426.515625,0.765625
7427.218750,0.703125
7427.937500,0.718750
7428.656250,0.718750
7429.406250,0.750000
7430.140625,0.734375
7430.859375,0.718750
7431.609375,0.750000
7432.390625,0.781250
7433.171875,0.781250
7433.921875,0.750000
7434.687500,0.765625
7435.453125,0.765625
7436.171875,0.718750
7436.921875,0.750000
7437.640625,0.718750
7438.359375,0.718750
7439.093750,0.734375
7439.828125,0.734375
7440.593750,0.765625
7441.296875,0.703125
7442.062500,0.765625
7442.828125,0.765625
7443.625000,0.796875
7444.390625,0.765625
7445.140625,0.750000
7445.875000,0.734375
7446.609375,0.734375
7447.421875,0.812500
7448.062500,0.640625
7448.812500,0.750000
7449.515625,0.703125
7450.218750,0.703125
7450.921875,0.703125
7451.562500,0.640625
7455.578125,0.765625
7456.359375,0.781250
7457.078125,0.718750
7457.843750,0.765625
7458.640625,0.796875
7459.421875,0.781250
7460.171875,0.750000
7460.921875,0.750000
7461.703125,0.781250
7462.453125,0.750000
7463.187500,0.734375
7468.437500,0.765625
7475.078125,0.765625
7475.875000,0.796875
7476.687500,0.812500
7477.515625,0.828125
7478.234375,0.718750
7479.000000,0.765625
7479.765625,0.765625
7480.500000,0.734375
7481.234375,0.734375
7481.953125,0.718750
7482.703125,0.750000
7483.406250,0.703125
7484.125000,0.718750
7484.812500,0.687500
7485.515625,0.703125
7486.203125,0.687500
7486.875000,0.671875
7487.593750,0.718750
7488.343750,0.750000
7509.015625,0.718750
7509.687500,0.671875
7510.375000,0.687500
7511.078125,0.703125
7511.750000,0.671875
7512.453125,0.703125
7513.187500,0.734375
7513.890625,0.703125
7514.640625,0.750000
7515.375000,0.734375
7516.140625,0.765625
7516.906250,0.765625
7517.671875,0.765625
7518.390625,0.718750
7519.125000,0.734375
7519.843750,0.718750
7520.562500,0.718750
7521.296875,0.734375
7522.000000,0.703125
7522.703125,0.703125
7523.406250,0.703125
7524.125000,0.718750
7524.843750,0.718750
7525.531250,0.687500
7526.296875,0.765625
7527.046875,0.750000
7527.828125,0.781250
7528.625000,0.796875
7529.421875,0.796875
7537.218750,0.734375
7537.968750,0.750000
7538.703125,0.734375
7539.390625,0.687500
7540.078125,0.687500
7540.765625,0.687500
7541.484375,0.718750
7553.843750,0.765625
7554.640625,0.796875
7555.421875,0.781250
7556.203125,0.781250
7556.953125,0.750000
7557.687500,0.734375
7558.437500,0.750000
7559.234375,0.796875
7560.000000,0.765625
7560.765625,0.765625
7561.546875,0.781250
7562.328125,0.781250
7563.109375,0.781250
7563.859375,0.750000
7564.609375,0.750000
7565.375000,0.765625
7566.109375,0.734375
7566.828125,0.718750
7575.656250,0.750000
7576.343750,0.687500
7577.046875,0.703125
7577.765625,0.718750
7578.546875,0.781250
7579.296875,0.750000
7580.015625,0.718750
7580.765625,0.750000
7581.500000,0.734375
7582.234375,0.734375
7582.937500,0.703125
7583.593750,0.656250
7584.265625,0.671875
7584.937500,0.671875
7585.593750,0.656250
7586.281250,0.687500
7587.015625,0.734375
7587.812500,0.796875
7588.625000,0.812500
7589.421875,0.796875
7590.218750,0.796875
7590.953125,0.734375
7591.687500,0.734375
7592.437500,0.750000
7593.187500,0.750000
7593.921875,0.734375
7594.640625,0.718750
7595.375000,0.734375
7596.062500,0.687500
7596.734375,0.671875
7597.437500,0.703125
7598.093750,0.656250
7598.750000,0.656250
7599.390625,0.640625
7600.062500,0.671875
7600.765625,0.703125
7601.484375,0.718750
7602.203125,0.718750
7602.921875,0.718750
7603.609375,0.687500
7604.296875,0.687500
7604.984375,0.687500
7605.671875,0.687500
7606.375000,0.703125
7607.062500,0.687500
7607.796875,0.734375
7608.531250,0.734375
7609.265625,0.734375
7609.968750,0.703125
7610.687500,0.718750
7611.406250,0.718750
7612.171875,0.765625
7612.984375,0.812500
7613.812500,0.828125
7614.640625,0.828125
7615.406250,0.765625
7616.171875,0.765625
7616.921875,0.750000
7617.656250,0.734375
7618.390625,0.734375
7619.140625,0.750000
7619.875000,0.734375
7620.609375,0.734375
7621.343750,0.734375
7650.015625,0.703125
7650.687500,0.671875
7654.296875,0.781250
7655.062500,0.765625
7655.781250,0.718750
7656.531250,0.750000
7657.234375,0.703125
7657.953125,0.718750
7658.687500,0.734375
7659.484375,0.796875
7660.203125,0.718750
7660.890625,0.687500
7665.453125,0.687500
7666.156250,0.703125
7666.859375,0.703125
7667.578125,0.718750
7668.281250,0.703125
7668.984375,0.703125
7669.765625,0.781250
7670.625000,0.859375
7671.437500,0.812500
7672.203125,0.765625
7672.984375,0.781250
7673.765625,0.781250
7687.453125,0.750000
7688.187500,0.734375
7688.906250,0.718750
7699.921875,0.734375
7709.859375,0.703125
7710.531250,0.671875
7711.203125,0.671875
7711.859375,0.656250
7712.531250,0.671875
7713.203125,0.671875
7713.859375,0.656250
7714.500000,0.640625
7715.140625,0.640625
7715.812500,0.671875
7716.500000,0.687500
7717.218750,0.718750
7717.906250,0.687500
7718.609375,0.703125
7719.328125,0.718750
7720.062500,0.734375
7720.796875,0.734375
7721.578125,0.781250
7722.359375,0.781250
7723.140625,0.781250
7723.921875,0.781250
7724.640625,0.718750
7728.953125,0.734375
7729.718750,0.765625
7730.484375,0.765625
7731.234375,0.750000
7731.937500,0.703125
7732.656250,0.718750
7733.312500,0.656250
7734.015625,0.703125
7734.703125,0.687500
7735.359375,0.656250
7736.046875,0.687500
7736.750000,0.703125
7737.468750,0.718750
7738.156250,0.687500
7738.859375,0.703125
7739.593750,0.734375
7740.343750,0.750000
7741.078125,0.734375
7741.796875,0.718750
7742.546875,0.750000
7743.296875,0.750000
7744.062500,0.765625
7744.812500,0.750000
7745.562500,0.750000
7746.265625,0.703125
7746.968750,0.703125
7747.656250,0.687500
7748.296875,0.640625
7748.953125,0.656250
7749.593750,0.640625
7750.281250,0.687500
7751.046875,0.765625
7751.843750,0.796875
7752.656250,0.812500
7753.453125,0.796875
7754.187500,0.734375
7754.906250,0.718750
7755.625000,0.718750
7756.359375,0.734375
7757.125000,0.765625
7757.843750,0.718750
7758.578125,0.734375
7759.296875,0.718750
7760.015625,0.718750
7760.750000,0.734375
7761.484375,0.734375
7762.218750,0.734375
7762.937500,0.718750
7763.625000,0.687500
7764.312500,0.687500
7765.000000,0.687500
7765.671875,0.671875
7766.343750,0.671875
7779.140625,0.718750
7779.843750,0.703125
7780.562500,0.718750
7781.281250,0.718750
7792.468750,0.750000
7793.187500,0.718750
7793.906250,0.718750
7794.593750,0.687500
7795.281250,0.687500
7795.953125,0.671875
7796.625000,0.671875
7797.265625,0.640625
7797.921875,0.656250
7798.578125,0.656250
7799.265625,0.687500
7799.984375,0.718750
7800.703125,0.718750
7801.406250,0.703125
7802.140625,0.734375
7802.890625,0.750000
7803.625000,0.734375
7804.328125,0.703125
7805.031250,0.703125
7805.750000,0.718750
7806.468750,0.718750
7807.171875,0.703125
7807.859375,0.687500
7808.531250,0.671875
7809.187500,0.656250
7809.828125,0.640625
7810.500000,0.671875
7811.187500,0.687500
7811.875000,0.687500
7812.562500,0.687500
7813.234375,0.671875
7813.921875,0.687500
7814.625000,0.703125
7815.328125,0.703125
7816.031250,0.703125
7816.734375,0.703125
7817.406250,0.671875
7818.093750,0.687500
7818.781250,0.687500
7819.484375,0.703125
7820.171875,0.687500
7820.875000,0.703125
7821.625000,0.750000
7822.421875,0.796875
7823.218750,0.796875
7823.968750,0.750000
7824.718750,0.750000
7825.421875,0.703125
7826.109375,0.687500
7826.828125,0.718750
7827.546875,0.718750
7828.265625,0.718750
7828.984375,0.718750
7829.687500,0.703125
7830.406250,0.718750
7831.109375,0.703125
7831.796875,0.687500
7832.453125,0.656250
7833.125000,0.671875
7833.796875,0.671875
7834.500000,0.703125
7835.109375,0.609375
7835.796875,0.687500
7836.484375,0.687500
7837.234375,0.750000
7837.968750,0.734375
7838.656250,0.687500
7839.312500,0.656250
7840.093750,0.781250
7843.531250,0.687500
7844.218750,0.687500
7844.875000,0.656250
7845.531250,0.656250
7846.187500,0.656250
7846.859375,0.671875
7847.515625,0.656250
7848.171875,0.656250
7848.859375,0.687500
7849.562500,0.703125
7850.296875,0.734375
7851.000000,0.703125
7851.718750,0.718750
7852.484375,0.765625
7853.218750,0.734375
7853.968750,0.750000
7854.656250,0.687500
7855.406250,0.750000
7856.125000,0.718750
7856.828125,0.703125
7857.515625,0.687500
7858.203125,0.687500
7858.906250,0.703125
7859.625000,0.718750
7860.359375,0.734375
7861.062500,0.703125
7861.734375,0.671875
7862.421875,0.687500
7863.062500,0.640625
7863.687500,0.625000
7864.328125,0.640625
7864.984375,0.656250
7865.671875,0.687500
7866.421875,0.750000
7867.109375,0.687500
7867.812500,0.703125
7868.515625,0.703125
7869.234375,0.718750
7874.640625,0.656250
7875.281250,0.640625
7875.906250,0.625000
7876.546875,0.640625
7877.156250,0.609375
7877.796875,0.640625
7878.484375,0.687500
7879.234375,0.750000
7899.125000,0.765625
7899.875000,0.750000
7900.593750,0.718750
7901.312500,0.718750
7902.062500,0.750000
7902.906250,0.843750
7903.796875,0.890625
7904.640625,0.843750
7905.484375,0.843750
7906.281250,0.796875
7907.015625,0.734375
7907.734375,0.718750
7908.468750,0.734375
7909.218750,0.750000
7910.015625,0.796875
7910.828125,0.812500
7911.625000,0.796875
7912.437500,0.812500
7913.265625,0.828125
7914.093750,0.828125
7914.875000,0.781250
7915.656250,0.781250
7916.453125,0.796875
7917.281250,0.828125
7918.046875,0.765625
7918.828125,0.781250
7919.609375,0.781250
7920.390625,0.781250
7921.140625,0.750000
7921.906250,0.765625
7922.687500,0.781250
7923.453125,0.765625
7924.187500,0.734375
7924.906250,0.718750
7925.640625,0.734375
7926.375000,0.734375
7927.109375,0.734375
7927.828125,0.718750
7928.562500,0.734375
7929.312500,0.750000
7930.109375,0.796875
7930.906250,0.796875
7931.640625,0.734375
7932.375000,0.734375
7933.125000,0.750000
7933.875000,0.750000
7934.609375,0.734375
7935.328125,0.718750
7936.062500,0.734375
7936.796875,0.734375
7937.546875,0.750000
7938.281250,0.734375
7939.031250,0.750000
7939.765625,0.734375
7940.468750,0.703125
7941.171875,0.703125
7941.890625,0.718750
7942.625000,0.734375
7943.328125,0.703125
7944.062500,0.734375
7944.843750,0.781250
7945.625000,0.781250
7946.406250,0.781250
7947.171875,0.765625
7947.921875,0.750000
7948.671875,0.750000
7949.406250,0.734375
7950.125000,0.718750
7950.859375,0.734375
7951.578125,0.718750
7952.281250,0.703125
7961.328125,0.781250
7962.109375,0.781250
7962.859375,0.750000
7963.593750,0.734375
7964.312500,0.718750
7965.046875,0.734375
7965.750000,0.703125
7966.453125,0.703125
7967.156250,0.703125
7967.875000,0.718750
7968.562500,0.687500
7969.265625,0.703125
7977.375000,0.687500
7978.078125,0.703125
7978.781250,0.703125
7979.531250,0.750000
7980.281250,0.750000
7981.031250,0.750000
7981.765625,0.734375
7982.515625,0.750000
7983.281250,0.765625
7984.031250,0.750000
7984.781250,0.750000
7985.515625,0.734375
7986.281250,0.765625
7987.015625,0.734375
7987.750000,0.734375
7988.500000,0.750000
7989.218750,0.718750
7989.953125,0.734375
7990.687500,0.734375
7991.437500,0.750000
7992.156250,0.718750
7992.890625,0.734375
7993.625000,0.734375
7994.375000,0.750000
7995.140625,0.765625
8008.031250,0.718750
8008.718750,0.687500
8032.750000,0.656250
8122.234375,0.593750
8122.781250,0.546875
8123.343750,0.562500
8123.906250,0.562500
8124.453125,0.546875
8125.031250,0.578125
8125.578125,0.546875
8126.140625,0.562500
8132.765625,0.562500
8133.343750,0.578125
8155.828125,0.625000
8156.375000,0.546875
8172.312500,0.578125
8172.875000,0.562500
8173.500000,0.625000
8174.093750,0.593750
8198.531250,0.781250
8229.828125,0.703125
8230.546875,0.718750
8231.218750,0.671875
8231.921875,0.703125
8232.640625,0.718750
8233.390625,0.750000
8234.093750,0.703125
8274.453125,0.640625
8274.968750,0.515625
8278.640625,0.671875
8279.312500,0.671875
8279.984375,0.671875
8280.671875,0.687500
8281.312500,0.640625
8281.984375,0.671875
8282.671875,0.687500
8283.343750,0.671875
8284.031250,0.687500
8284.625000,0.593750
8285.265625,0.640625
8285.984375,0.718750
8286.656250,0.671875
8287.359375,0.703125
8288.015625,0.656250
8306.859375,0.734375
8307.515625,0.656250
8311.562500,0.640625
8312.203125,0.640625
8312.828125,0.625000
8313.500000,0.671875
8314.156250,0.656250
8314.843750,0.687500
8315.468750,0.625000
8316.125000,0.656250
8316.812500,0.687500
8317.484375,0.671875
8318.140625,0.656250
8318.812500,0.671875
8319.515625,0.703125
8320.218750,0.703125
8320.890625,0.671875
8321.578125,0.687500
8322.250000,0.671875
8322.921875,0.671875
8323.562500,0.640625
8324.203125,0.640625
8324.875000,0.671875
8325.546875,0.671875
8326.171875,0.625000
8326.828125,0.656250
8327.468750,0.640625
8328.140625,0.671875
8345.281250,0.609375
8354.734375,0.750000
8355.453125,0.718750
8356.156250,0.703125
8356.859375,0.703125
8357.531250,0.671875
8358.203125,0.671875
8358.890625,0.687500
8359.593750,0.703125
8360.171875,0.578125
8360.968750,0.796875
8361.656250,0.687500
8362.343750,0.687500
8363.015625,0.671875
8363.703125,0.687500
8364.343750,0.640625
8365.031250,0.687500
8365.578125,0.546875
8368.953125,0.531250
8372.593750,0.703125
8373.281250,0.687500
8373.953125,0.671875
8374.656250,0.703125
8375.359375,0.703125
8376.046875,0.687500
8382.843750,0.656250
8383.515625,0.671875
8384.171875,0.656250
8384.828125,0.656250
8424.843750,0.609375
8431.359375,0.656250
8432.000000,0.640625
8432.609375,0.609375
8433.234375,0.625000
8433.875000,0.640625
8434.484375,0.609375
8435.125000,0.640625
8435.828125,0.703125
8436.531250,0.703125
8437.234375,0.703125
8437.937500,0.703125
8438.593750,0.656250
8439.234375,0.640625
8439.890625,0.656250
8440.546875,0.656250
8441.171875,0.625000
8441.796875,0.625000
8442.421875,0.625000
8443.062500,0.640625
8443.703125,0.640625
8444.343750,0.640625
8444.937500,0.593750
8445.593750,0.656250
8446.250000,0.656250
8446.921875,0.671875
8447.593750,0.671875
8448.265625,0.671875
8448.953125,0.687500
8449.656250,0.703125
8450.312500,0.656250
8450.937500,0.625000
8451.593750,0.656250
8511.750000,0.718750
8512.468750,0.718750
8513.203125,0.734375
8513.937500,0.734375
8514.703125,0.765625
8515.421875,0.718750
8534.750000,0.562500
8535.328125,0.578125
8550.500000,0.593750
8551.109375,0.609375
8551.718750,0.609375
8552.187500,0.468750
8552.875000,0.687500
8553.484375,0.609375
8554.093750,0.609375
8554.656250,0.562500
8571.750000,0.687500
8572.453125,0.703125
8576.078125,0.703125
8589.093750,0.687500
8589.796875,0.703125
8590.593750,0.796875
8591.250000,0.656250
8591.890625,0.640625
8592.546875,0.656250
8593.187500,0.640625
8599.000000,0.640625
8599.656250,0.656250
8600.296875,0.640625
8600.921875,0.625000
8601.515625,0.593750
8602.156250,0.640625
8602.796875,0.640625
8603.484375,0.687500
8618.968750,0.687500
8619.640625,0.671875
8620.281250,0.640625
8620.906250,0.625000
8621.531250,0.625000
8622.171875,0.640625
8622.828125,0.656250
8623.500000,0.671875
8624.187500,0.687500
8624.859375,0.671875
8625.531250,0.671875
8626.218750,0.687500
8626.859375,0.640625
8627.515625,0.656250
8628.187500,0.671875
8628.890625,0.703125
8629.609375,0.718750
8630.328125,0.718750
8631.000000,0.671875
8631.640625,0.640625
8632.296875,0.656250
8632.968750,0.671875
8633.703125,0.734375
8634.437500,0.734375
8635.171875,0.734375
8635.890625,0.718750
8636.578125,0.687500
8637.265625,0.687500
8637.937500,0.671875
8638.609375,0.671875
8639.281250,0.671875
8639.921875,0.640625
8640.546875,0.625000
8641.203125,0.656250
8641.859375,0.656250
8642.531250,0.671875
8643.218750,0.687500
8643.937500,0.718750
8644.687500,0.750000
8645.437500,0.750000
8646.171875,0.734375
8646.875000,0.703125
8647.562500,0.687500
8648.203125,0.640625
8648.828125,0.625000
8649.437500,0.609375
8650.062500,0.625000
8650.687500,0.625000
8651.312500,0.625000
8651.953125,0.640625
8652.593750,0.640625
8653.250000,0.656250
8653.859375,0.609375
8654.484375,0.625000
8655.109375,0.625000
8655.781250,0.671875
8656.421875,0.640625
8657.078125,0.656250
8657.734375,0.656250
8658.375000,0.640625
8659.000000,0.625000
8659.625000,0.625000
8660.234375,0.609375
8660.843750,0.609375
8661.453125,0.609375
8662.062500,0.609375
8662.656250,0.593750
8663.218750,0.562500
8663.828125,0.609375
8664.437500,0.609375
8665.109375,0.671875
8665.781250,0.671875
8666.484375,0.703125
8667.187500,0.703125
8667.906250,0.718750
8668.593750,0.687500
8669.250000,0.656250
8669.906250,0.656250
8670.546875,0.640625
8671.187500,0.640625
8671.828125,0.640625
8672.437500,0.609375
8673.062500,0.625000
8673.656250,0.593750
8674.265625,0.609375
8674.859375,0.593750
8675.453125,0.593750
8676.046875,0.593750
8676.640625,0.593750
8677.218750,0.578125
8677.781250,0.562500
8678.375000,0.593750
8678.984375,0.609375
8679.671875,0.687500
8680.390625,0.718750
8681.109375,0.718750
8681.796875,0.687500
8682.484375,0.687500
8683.140625,0.656250
8683.781250,0.640625
8684.421875,0.640625
8685.062500,0.640625
8685.718750,0.656250
8686.406250,0.687500
8687.062500,0.656250
8687.687500,0.625000
8688.312500,0.625000
8688.937500,0.625000
8689.578125,0.640625
8690.234375,0.656250
8690.875000,0.640625
8691.500000,0.625000
8692.125000,0.625000
8692.750000,0.625000
8693.359375,0.609375
8693.953125,0.593750
8694.531250,0.578125
8695.140625,0.609375
8695.812500,0.671875
8696.531250,0.718750
8697.234375,0.703125
8697.953125,0.718750
8726.468750,0.687500
8727.031250,0.562500
8727.640625,0.609375
8728.312500,0.671875
8728.937500,0.625000
8729.578125,0.640625
8730.234375,0.656250
8730.890625,0.656250
8731.531250,0.640625
8732.218750,0.687500
8732.906250,0.687500
8747.984375,0.609375
8748.640625,0.656250
8749.328125,0.687500
8750.031250,0.703125
8750.796875,0.765625
8751.593750,0.796875
8752.390625,0.796875
8753.109375,0.718750
8753.843750,0.734375
8829.453125,0.656250
8830.187500,0.734375
8830.921875,0.734375
8831.656250,0.734375
8832.406250,0.750000
8833.171875,0.765625
8833.906250,0.734375
8834.656250,0.750000
8841.250000,0.718750
8841.968750,0.718750
8842.687500,0.718750
8854.515625,0.765625
8855.328125,0.812500
8856.062500,0.734375
8856.781250,0.718750
8857.500000,0.718750
8858.187500,0.687500
8865.296875,0.718750
8866.031250,0.734375
8866.765625,0.734375
8867.484375,0.718750
8868.250000,0.765625
8869.031250,0.781250
8869.781250,0.750000
8870.562500,0.781250
8871.343750,0.781250
8872.109375,0.765625
8872.875000,0.765625
8873.671875,0.796875
8874.421875,0.750000
8875.156250,0.734375
8875.875000,0.718750
8876.625000,0.750000
8877.359375,0.734375
8878.125000,0.765625
8878.921875,0.796875
8879.734375,0.812500
8880.515625,0.781250
8881.265625,0.750000
8882.015625,0.750000
8882.765625,0.750000
8883.515625,0.750000
8884.281250,0.765625
8885.015625,0.734375
8885.750000,0.734375
8886.515625,0.765625
8887.234375,0.718750
8888.015625,0.781250
8888.812500,0.796875
8889.625000,0.812500
8890.406250,0.781250
8891.187500,0.781250
8891.906250,0.718750
8892.656250,0.750000
8893.375000,0.718750
8894.093750,0.718750
8894.812500,0.718750
8895.546875,0.734375
8896.312500,0.765625
8897.093750,0.781250
8897.921875,0.828125
8898.734375,0.812500
8899.500000,0.765625
8900.296875,0.796875
8901.109375,0.812500
8901.875000,0.765625
8902.656250,0.781250
8915.734375,0.671875
8916.421875,0.687500
8917.109375,0.687500
8917.875000,0.765625
8918.609375,0.734375
8919.328125,0.718750
8920.093750,0.765625
8920.843750,0.750000
8921.531250,0.687500
8922.250000,0.718750
8923.000000,0.750000
8923.765625,0.765625
8924.515625,0.750000
8925.234375,0.718750
8925.937500,0.703125
8926.640625,0.703125
8927.359375,0.718750
8928.093750,0.734375
8928.875000,0.781250
8929.687500,0.812500
8930.484375,0.796875
8931.265625,0.781250
8932.031250,0.765625
8932.796875,0.765625
8933.578125,0.781250
8944.640625,0.828125
8945.468750,0.828125
8946.234375,0.765625
8946.937500,0.703125
8947.656250,0.718750
8948.375000,0.718750
8949.109375,0.734375
8949.812500,0.703125
8950.515625,0.703125
8951.250000,0.734375
8952.000000,0.750000
8952.750000,0.750000
8953.531250,0.781250
8954.359375,0.828125
8955.156250,0.796875
8955.953125,0.796875
8956.796875,0.843750
8957.593750,0.796875
8958.375000,0.781250
8959.156250,0.781250
8959.953125,0.796875
8960.703125,0.750000
8961.500000,0.796875
8962.328125,0.828125
8963.109375,0.781250
8963.890625,0.781250
8974.921875,0.781250
8975.734375,0.812500
8976.531250,0.796875
8977.312500,0.781250
8978.125000,0.812500
8978.937500,0.812500
8979.718750,0.781250
8980.515625,0.796875
8981.328125,0.812500
8982.109375,0.781250
8982.906250,0.796875
8983.734375,0.828125
8984.531250,0.796875
8985.359375,0.828125
8986.171875,0.812500
8986.968750,0.796875
8987.734375,0.765625
8988.500000,0.765625
8989.234375,0.734375
8989.937500,0.703125
8990.656250,0.718750
8991.375000,0.718750
8992.093750,0.718750
8992.875000,0.781250
8993.656250,0.781250
8994.421875,0.765625
8995.218750,0.796875
8996.046875,0.828125
8996.812500,0.765625
8997.593750,0.781250
8998.390625,0.796875
8999.171875,0.781250
8999.921875,0.750000
9000.703125,0.781250
9001.500000,0.796875
9002.281250,0.781250
9003.046875,0.765625
9003.843750,0.796875
9004.640625,0.796875
9005.406250,0.765625
9006.187500,0.781250
9007.000000,0.812500
9007.781250,0.781250
9008.593750,0.812500
9009.421875,0.828125
9010.218750,0.796875
9011.015625,0.796875
9011.828125,0.812500
9012.625000,0.796875
9013.406250,0.781250
9014.203125,0.796875
9014.984375,0.781250
9015.750000,0.765625
9016.546875,0.796875
9017.343750,0.796875
9018.109375,0.765625
9018.921875,0.812500
9019.734375,0.812500
9020.515625,0.781250
9021.312500,0.796875
9022.109375,0.796875
9022.890625,0.781250
9030.406250,0.718750
9031.156250,0.750000
9031.937500,0.781250
9032.671875,0.734375
9033.437500,0.765625
9034.218750,0.781250
9035.015625,0.796875
9035.781250,0.765625
9036.578125,0.796875
9037.359375,0.781250
9038.140625,0.781250
9038.875000,0.734375
9039.656250,0.781250
9040.406250,0.750000
9041.140625,0.734375
9041.890625,0.750000
9042.656250,0.765625
9043.437500,0.781250
9044.187500,0.750000
9044.984375,0.796875
9045.765625,0.781250
9046.531250,0.765625
9047.312500,0.781250
9048.125000,0.812500
9048.906250,0.781250
9049.703125,0.796875
9050.500000,0.796875
9051.265625,0.765625
9052.031250,0.765625
9052.796875,0.765625
9053.578125,0.781250
9054.328125,0.750000
9055.109375,0.781250
9055.906250,0.796875
9056.671875,0.765625
9057.437500,0.765625
9058.203125,0.765625
9074.921875,0.796875
9075.718750,0.796875
9076.515625,0.796875
9077.250000,0.734375
9078.000000,0.750000
9078.781250,0.781250
9079.562500,0.781250
9080.343750,0.781250
9081.171875,0.828125
9082.015625,0.843750
9082.796875,0.781250
9083.593750,0.796875
9084.390625,0.796875
9085.156250,0.765625
9085.937500,0.781250
9086.718750,0.781250
9087.453125,0.734375
9088.203125,0.750000
9088.984375,0.781250
9089.750000,0.765625
9090.515625,0.765625
9091.312500,0.796875
9092.109375,0.796875
9092.875000,0.765625
9093.656250,0.781250
9094.437500,0.781250
9095.187500,0.750000
9095.937500,0.750000
9096.734375,0.796875
9097.515625,0.781250
9098.281250,0.765625
9099.078125,0.796875
9099.875000,0.796875
9100.656250,0.781250
9101.468750,0.812500
9102.250000,0.781250
9103.015625,0.765625
9103.812500,0.796875
9104.593750,0.781250
9105.359375,0.765625
9106.140625,0.781250
9106.937500,0.796875
9107.734375,0.796875
9108.531250,0.796875
9109.359375,0.828125
9110.187500,0.828125
9111.000000,0.812500
9111.781250,0.781250
9112.593750,0.812500
9113.375000,0.781250
9114.156250,0.781250
9114.937500,0.781250
9115.703125,0.765625
9116.468750,0.765625
9117.234375,0.765625
9118.015625,0.781250
9118.781250,0.765625
9119.546875,0.765625
9120.328125,0.781250
9121.093750,0.765625
9121.828125,0.734375
9122.593750,0.765625
9123.359375,0.765625
9124.093750,0.734375
9124.828125,0.734375
9125.578125,0.750000
9126.328125,0.750000
9127.046875,0.718750
9127.781250,0.734375
9128.515625,0.734375
9129.234375,0.718750
9129.937500,0.703125
9130.625000,0.687500
9131.328125,0.703125
9132.015625,0.687500
9132.734375,0.718750
9133.484375,0.750000
9134.218750,0.734375
9134.921875,0.703125
9135.671875,0.750000
9158.625000,0.734375
9166.031250,0.750000
9166.781250,0.750000
9167.562500,0.781250
9168.328125,0.765625
9169.109375,0.781250
9169.921875,0.812500
9170.687500,0.765625
9171.453125,0.765625
9172.234375,0.781250
9173.000000,0.765625
9173.781250,0.781250
9174.578125,0.796875
9175.343750,0.765625
9176.125000,0.781250
9176.921875,0.796875
9177.687500,0.765625
9178.453125,0.765625
9179.234375,0.781250
9179.984375,0.750000
9180.750000,0.765625
9181.515625,0.765625
9182.250000,0.734375
9182.968750,0.718750
9183.718750,0.750000
9184.437500,0.718750
9185.171875,0.734375
9185.921875,0.750000
9186.687500,0.765625
9187.437500,0.750000
9188.203125,0.765625
9188.984375,0.781250
9189.734375,0.750000
9190.468750,0.734375
9191.250000,0.781250
9192.015625,0.765625
9192.781250,0.765625
9193.562500,0.781250
9194.312500,0.750000
9195.078125,0.765625
9195.843750,0.765625
9196.609375,0.765625
9197.375000,0.765625
9198.171875,0.796875
9198.921875,0.750000
9199.671875,0.750000
9200.437500,0.765625
9201.187500,0.750000
9201.921875,0.734375
9202.703125,0.781250
9203.468750,0.765625
9204.234375,0.765625
9205.000000,0.765625
9213.265625,0.718750
9214.000000,0.734375
9214.734375,0.734375
9215.500000,0.765625
9216.234375,0.734375
9232.531250,0.687500
9233.218750,0.687500
9233.906250,0.687500
9234.609375,0.703125
9235.343750,0.734375
9236.078125,0.734375
9236.828125,0.750000
9237.546875,0.718750
9238.250000,0.703125
9238.984375,0.734375
9239.734375,0.750000
9240.484375,0.750000
9241.250000,0.765625
9241.953125,0.703125
9242.640625,0.687500
9243.328125,0.687500
9244.031250,0.703125
9244.750000,0.718750
9245.468750,0.718750
9246.203125,0.734375
9246.953125,0.750000
9247.703125,0.750000
9248.437500,0.734375
9249.125000,0.687500
9249.828125,0.703125
9250.562500,0.734375
9251.281250,0.718750
9252.000000,0.718750
9252.750000,0.750000
9253.500000,0.750000
9254.250000,0.750000
9254.984375,0.734375
9255.765625,0.781250
9268.796875,0.781250
9269.609375,0.812500
9270.390625,0.781250
9271.203125,0.812500
9272.031250,0.828125
9272.828125,0.796875
9273.640625,0.812500
9274.484375,0.843750
9275.296875,0.812500
9276.140625,0.843750
9283.250000,0.765625
9284.046875,0.796875
9284.843750,0.796875
9285.671875,0.828125
9286.437500,0.765625
9287.218750,0.781250
9305.796875,0.843750
9306.640625,0.843750
9307.421875,0.781250
9308.187500,0.765625
9309.000000,0.812500
9309.796875,0.796875
9310.593750,0.796875
9311.343750,0.750000
9312.093750,0.750000
9312.859375,0.765625
9313.593750,0.734375
9314.359375,0.765625
9315.093750,0.734375
9315.921875,0.828125
9327.265625,0.812500
9328.125000,0.859375
9328.968750,0.843750
9329.718750,0.750000
9330.468750,0.750000
9348.640625,0.750000
9349.343750,0.703125
9350.078125,0.734375
9350.828125,0.750000
9351.578125,0.750000
9352.343750,0.765625
9353.109375,0.765625
9353.859375,0.750000
9354.609375,0.750000
9355.390625,0.781250
9356.156250,0.765625
9356.921875,0.765625
9357.687500,0.765625
9358.437500,0.750000
9359.203125,0.765625
9359.984375,0.781250
9360.750000,0.765625
9361.515625,0.765625
9362.281250,0.765625
9363.015625,0.734375
9363.765625,0.750000
9364.515625,0.750000
9365.265625,0.750000
9366.000000,0.734375
9366.750000,0.750000
9367.515625,0.765625
9368.265625,0.750000
9368.984375,0.718750
9369.718750,0.734375
9370.453125,0.734375
9371.218750,0.765625
9371.984375,0.765625
9372.750000,0.765625
9373.531250,0.781250
9374.296875,0.765625
9375.031250,0.734375
9375.734375,0.703125
9376.421875,0.687500
9377.125000,0.703125
9377.828125,0.703125
9378.546875,0.718750
9379.234375,0.687500
9379.921875,0.687500
9380.625000,0.703125
9381.328125,0.703125
9382.062500,0.734375
9382.828125,0.765625
9383.578125,0.750000
9384.296875,0.718750
9385.031250,0.734375
9385.765625,0.734375
9386.500000,0.734375
9387.234375,0.734375
9387.937500,0.703125
9388.640625,0.703125
9389.359375,0.718750
9390.078125,0.718750
9390.812500,0.734375
9391.578125,0.765625
9392.359375,0.781250
9393.140625,0.781250
9393.937500,0.796875
9394.734375,0.796875
9395.531250,0.796875
9396.343750,0.812500
9397.125000,0.781250
9397.921875,0.796875
9398.703125,0.781250
9404.562500,0.718750
9405.265625,0.703125
9406.000000,0.734375
9406.750000,0.750000
9407.500000,0.750000
9408.281250,0.781250
9418.750000,0.734375
9419.484375,0.734375
9420.250000,0.765625
9420.984375,0.734375
9429.562500,0.796875
9430.359375,0.796875
9431.156250,0.796875
9431.953125,0.796875
9432.734375,0.781250
9433.500000,0.765625
9434.265625,0.765625
9442.890625,0.671875
9443.546875,0.656250
9444.234375,0.687500
9444.968750,0.734375
9445.703125,0.734375
9446.468750,0.765625
9447.234375,0.765625
9448.031250,0.796875
9448.781250,0.750000
9449.500000,0.718750
9450.250000,0.750000
9450.984375,0.734375
9451.718750,0.734375
9452.468750,0.750000
9453.203125,0.734375
9453.968750,0.765625
9454.718750,0.750000
9461.578125,0.750000
9462.312500,0.734375
9463.046875,0.734375
9463.796875,0.750000
9464.562500,0.765625
9465.312500,0.750000
9466.093750,0.781250
9466.890625,0.796875
9467.671875,0.781250
9468.406250,0.734375
9469.140625,0.734375
9469.859375,0.718750
9470.562500,0.703125
9471.281250,0.718750
9472.031250,0.750000
9472.796875,0.765625
9473.578125,0.781250
9474.406250,0.828125
9475.218750,0.812500
9476.000000,0.781250
9476.796875,0.796875
9486.203125,0.718750
9486.890625,0.687500
9487.609375,0.718750
9488.359375,0.750000
9489.125000,0.765625
9489.890625,0.765625
9490.625000,0.734375
9491.359375,0.734375
9492.125000,0.765625
9492.906250,0.781250
9493.687500,0.781250
9494.500000,0.812500
9495.328125,0.828125
9496.125000,0.796875
9496.937500,0.812500
9497.765625,0.828125
9498.531250,0.765625
9499.296875,0.765625
9500.046875,0.750000
9500.812500,0.765625
9501.578125,0.765625
9502.312500,0.734375
9503.062500,0.750000
9503.843750,0.781250
9504.609375,0.765625
9505.359375,0.750000
9506.156250,0.796875
9506.953125,0.796875
9507.734375,0.781250
9508.531250,0.796875
9509.343750,0.812500
9510.093750,0.750000
9510.875000,0.781250
9511.656250,0.781250
9512.421875,0.765625
9513.156250,0.734375
9513.906250,0.750000
9514.656250,0.750000
9515.359375,0.703125
9516.078125,0.718750
9516.796875,0.718750
9517.531250,0.734375
9518.250000,0.718750
9518.953125,0.703125
9519.625000,0.671875
9520.328125,0.703125
9521.031250,0.703125
9521.734375,0.703125
9522.468750,0.734375
9523.250000,0.781250
9524.015625,0.765625
9524.781250,0.765625
9525.546875,0.765625
9526.312500,0.765625
9527.062500,0.750000
9527.812500,0.750000
9528.578125,0.765625
9529.328125,0.750000
9530.093750,0.765625
9538.359375,0.750000
9539.156250,0.796875
9539.921875,0.765625
9540.687500,0.765625
9541.468750,0.781250
9542.265625,0.796875
9543.015625,0.750000
9543.781250,0.765625
9544.500000,0.718750
9545.187500,0.687500
9545.875000,0.687500
9546.562500,0.687500
9547.250000,0.687500
9547.968750,0.718750
9548.703125,0.734375
9549.468750,0.765625
9550.218750,0.750000
9550.984375,0.765625
9551.765625,0.781250
9552.500000,0.734375
9553.250000,0.750000
9554.015625,0.765625
9554.796875,0.781250
9555.562500,0.765625
9556.343750,0.781250
9557.140625,0.796875
9557.906250,0.765625
9558.671875,0.765625
9559.453125,0.781250
9560.234375,0.781250
9561.000000,0.765625
9561.734375,0.734375
9562.453125,0.718750
9563.203125,0.750000
9563.937500,0.734375
9564.640625,0.703125
9565.328125,0.687500
9566.000000,0.671875
9566.671875,0.671875
9567.390625,0.718750
9568.109375,0.718750
9568.843750,0.734375
9569.625000,0.781250
9570.421875,0.796875
9571.187500,0.765625
9571.937500,0.750000
9572.703125,0.765625
9573.437500,0.734375
9574.187500,0.750000
9574.953125,0.765625
9575.765625,0.812500
9576.578125,0.812500
9577.390625,0.812500
9578.250000,0.859375
9579.078125,0.828125
9579.890625,0.812500
9580.687500,0.796875
9581.484375,0.796875
9582.265625,0.781250
9583.031250,0.765625
9583.828125,0.796875
9584.593750,0.765625
9585.359375,0.765625
9586.140625,0.781250
9586.921875,0.781250
9587.703125,0.781250
9588.484375,0.781250
9589.265625,0.781250
9590.031250,0.765625
9590.781250,0.750000
9591.515625,0.734375
9592.250000,0.734375
9593.015625,0.765625
9593.750000,0.734375
9594.515625,0.765625
9595.265625,0.750000
9596.015625,0.750000
9596.796875,0.781250
9597.578125,0.781250
9598.343750,0.765625
9599.093750,0.750000
9599.859375,0.765625
9600.640625,0.781250
9601.421875,0.781250
9602.171875,0.750000
9602.890625,0.718750
9603.578125,0.687500
9604.265625,0.687500
9604.953125,0.687500
9605.640625,0.687500
9606.359375,0.718750
9607.125000,0.765625
9607.875000,0.750000
9608.640625,0.765625
9609.421875,0.781250
9610.203125,0.781250
9610.984375,0.781250
9611.781250,0.796875
9612.578125,0.796875
9613.328125,0.750000
9614.109375,0.781250
9614.890625,0.781250
9615.640625,0.750000
9616.375000,0.734375
9617.109375,0.734375
9617.875000,0.765625
9618.640625,0.765625
9619.453125,0.812500
9620.281250,0.828125
9621.093750,0.812500
9621.859375,0.765625
9622.640625,0.781250
9623.421875,0.781250
9624.171875,0.750000
9624.906250,0.734375
9625.609375,0.703125
9626.312500,0.703125
9627.046875,0.734375
9627.781250,0.734375
9628.515625,0.734375
9629.265625,0.750000
9630.046875,0.781250
9630.796875,0.750000
9631.546875,0.750000
9632.312500,0.765625
9633.109375,0.796875
9633.890625,0.781250
9634.671875,0.781250
9635.437500,0.765625
9636.218750,0.781250
9637.000000,0.781250
9637.781250,0.781250
9638.609375,0.828125
9639.437500,0.828125
9640.218750,0.781250
9641.015625,0.796875
9641.828125,0.812500
9642.593750,0.765625
9643.328125,0.734375
9644.078125,0.750000
9644.843750,0.765625
9645.593750,0.750000
9646.328125,0.734375
9647.093750,0.765625
9647.843750,0.750000
9648.593750,0.750000
9649.343750,0.750000
9650.093750,0.750000
9650.875000,0.781250
9651.625000,0.750000
9652.375000,0.750000
9653.125000,0.750000
9653.875000,0.750000
9654.609375,0.734375
9655.312500,0.703125
9656.031250,0.718750
9656.781250,0.750000
9657.515625,0.734375
9658.234375,0.718750
9658.968750,0.734375
9659.718750,0.750000
9660.500000,0.781250
9661.234375,0.734375
9661.953125,0.718750
9662.625000,0.671875
9663.296875,0.671875
9663.953125,0.656250
9664.640625,0.687500
9665.312500,0.671875
9666.000000,0.687500
9666.718750,0.718750
9667.500000,0.781250
9668.234375,0.734375
9674.984375,0.875000
9675.875000,0.890625
9676.750000,0.875000
9677.609375,0.859375
9687.359375,0.843750
9688.171875,0.812500
9689.000000,0.828125
9689.812500,0.812500
9721.187500,0.796875
9722.000000,0.812500
9747.421875,0.781250
9748.171875,0.750000
9748.953125,0.781250
9749.750000,0.796875
9750.546875,0.796875
9751.312500,0.765625
9752.078125,0.765625
9752.843750,0.765625
9753.609375,0.765625
9754.375000,0.765625
9755.140625,0.765625
9755.937500,0.796875
9756.718750,0.781250
9757.484375,0.765625
9758.296875,0.812500
9759.109375,0.812500
9759.875000,0.765625
9760.656250,0.781250
9761.453125,0.796875
9762.234375,0.781250
9763.031250,0.796875
9763.828125,0.796875
9764.609375,0.781250
9765.390625,0.781250
9766.203125,0.812500
9781.218750,0.765625
9787.234375,0.750000
9787.968750,0.734375
9861.875000,0.843750
9862.687500,0.812500
9863.468750,0.781250
9864.265625,0.796875
9865.062500,0.796875
9865.812500,0.750000
9866.515625,0.703125
9867.203125,0.687500
9875.312500,0.781250
9876.093750,0.781250
9876.906250,0.812500
9877.671875,0.765625
9878.421875,0.750000
9879.187500,0.765625
9885.875000,0.765625
9886.640625,0.765625
9887.421875,0.781250
9888.218750,0.796875
9889.031250,0.812500
9889.843750,0.812500
9890.625000,0.781250
9891.437500,0.812500
9897.562500,0.765625
9898.375000,0.812500
9899.218750,0.843750
9900.062500,0.843750
9915.890625,0.781250
9916.656250,0.765625
9917.468750,0.812500
9918.234375,0.765625
9919.015625,0.781250
9919.812500,0.796875
9920.609375,0.796875
9921.390625,0.781250
9922.187500,0.796875
9922.984375,0.796875
9923.765625,0.781250
9924.578125,0.812500
9925.390625,0.812500
9926.203125,0.812500
9927.015625,0.812500
9927.875000,0.859375
9928.703125,0.828125
9929.515625,0.812500
9930.343750,0.828125
9931.203125,0.859375
9932.015625,0.812500
9932.828125,0.812500
9933.671875,0.843750
9934.500000,0.828125
9935.296875,0.796875
9936.140625,0.843750
9937.000000,0.859375
9937.859375,0.859375
9938.687500,0.828125
9939.500000,0.812500
9940.328125,0.828125
9941.109375,0.781250
9941.875000,0.765625
9942.671875,0.796875
9943.453125,0.781250
9944.203125,0.750000
9944.968750,0.765625
9945.734375,0.765625
9959.265625,0.671875
9959.937500,0.671875
9960.625000,0.687500
9961.343750,0.718750
9962.062500,0.718750
9962.812500,0.750000
9963.578125,0.765625
9964.375000,0.796875
9965.109375,0.734375
9965.875000,0.765625
9966.640625,0.765625
9985.796875,0.734375
9991.484375,0.718750
9992.218750,0.734375
9992.968750,0.750000
9993.750000,0.781250
9994.531250,0.781250
9995.312500,0.781250
9996.140625,0.828125
9996.984375,0.843750
9997.796875,0.812500
9998.656250,0.859375
10004.937500,0.796875
10005.796875,0.859375
10006.609375,0.812500
10007.406250,0.796875
10008.203125,0.796875
10009.000000,0.796875
10009.765625,0.765625
10010.531250,0.765625
10011.296875,0.765625
10012.046875,0.750000
10012.812500,0.765625
10013.562500,0.750000
10014.359375,0.796875
10015.171875,0.812500
10015.953125,0.781250
10016.750000,0.796875
10017.609375,0.859375
10018.453125,0.843750
10019.265625,0.812500
10020.093750,0.828125
10020.953125,0.859375
10021.828125,0.875000
10022.640625,0.812500
10023.453125,0.812500
10024.265625,0.812500
10025.078125,0.812500
10025.859375,0.781250
10026.640625,0.781250
10027.437500,0.796875
10028.250000,0.812500
10029.046875,0.796875
10029.875000,0.828125
10030.687500,0.812500
10031.453125,0.765625
10032.218750,0.765625
10033.000000,0.781250
10033.781250,0.781250
10034.562500,0.781250
10035.328125,0.765625
10036.125000,0.796875
10036.937500,0.812500
10037.718750,0.781250
10038.468750,0.750000
10039.265625,0.796875
10040.031250,0.765625
10040.781250,0.750000
10041.546875,0.765625
10042.328125,0.781250
10043.125000,0.796875
10043.906250,0.781250
10044.703125,0.796875
10045.515625,0.812500
10046.328125,0.812500
10047.125000,0.796875
10047.906250,0.781250
10048.687500,0.781250
10049.453125,0.765625
10050.218750,0.765625
10051.015625,0.796875
10051.796875,0.781250
10052.562500,0.765625
10053.328125,0.765625
10054.109375,0.781250
10054.875000,0.765625
10055.578125,0.703125
10056.296875,0.718750
10057.031250,0.734375
10057.765625,0.734375
10058.500000,0.734375
10059.250000,0.750000
10060.031250,0.781250
10060.843750,0.812500
10061.640625,0.796875
10062.390625,0.750000
10063.156250,0.765625
10063.890625,0.734375
10072.218750,0.703125
10072.921875,0.703125
10073.671875,0.750000
10074.421875,0.750000
10075.140625,0.718750
10075.890625,0.750000
10076.656250,0.765625
10077.406250,0.750000
10078.156250,0.750000
10078.921875,0.765625
10079.734375,0.812500
10080.515625,0.781250
10081.265625,0.750000
10082.031250,0.765625
10082.781250,0.750000
10083.468750,0.687500
10084.156250,0.687500
10084.843750,0.687500
10085.562500,0.718750
10086.281250,0.718750
10087.062500,0.781250
10087.859375,0.796875
10088.656250,0.796875
10089.453125,0.796875
10090.250000,0.796875
10091.093750,0.843750
10097.218750,0.781250
10097.968750,0.750000
10098.750000,0.781250
10099.562500,0.812500
10100.375000,0.812500
10101.140625,0.765625
10101.921875,0.781250
10102.687500,0.765625
10103.484375,0.796875
10104.250000,0.765625
10105.031250,0.781250
10105.828125,0.796875
10106.593750,0.765625
10107.359375,0.765625
10108.156250,0.796875
10108.937500,0.781250
10109.703125,0.765625
10110.468750,0.765625
10111.234375,0.765625
10112.046875,0.812500
10112.828125,0.781250
10113.593750,0.765625
10114.375000,0.781250
10115.125000,0.750000
10115.890625,0.765625
10116.640625,0.750000
10117.437500,0.796875
10118.234375,0.796875
10119.031250,0.796875
10119.812500,0.781250
10120.593750,0.781250
10121.359375,0.765625
10122.109375,0.750000
10122.859375,0.750000
10123.609375,0.750000
10124.359375,0.750000
10125.093750,0.734375
10125.828125,0.734375
10135.937500,0.765625
10136.687500,0.750000
10137.437500,0.750000
10144.671875,0.781250
10145.453125,0.781250
10146.234375,0.781250
10146.984375,0.750000
10147.734375,0.750000
10148.484375,0.750000
10149.250000,0.765625
10149.984375,0.734375
10150.734375,0.750000
10151.484375,0.750000
10152.218750,0.734375
10152.937500,0.718750
10153.656250,0.718750
10154.375000,0.718750
10155.078125,0.703125
10155.781250,0.703125
10156.484375,0.703125
10157.203125,0.718750
10157.906250,0.703125
10158.609375,0.703125
10159.328125,0.718750
10160.046875,0.718750
10160.750000,0.703125
10161.468750,0.718750
10162.171875,0.703125
10162.906250,0.734375
10163.640625,0.734375
10164.375000,0.734375
10165.125000,0.750000
10165.875000,0.750000
10166.640625,0.765625
10167.406250,0.765625
10168.156250,0.750000
10168.921875,0.765625
10169.687500,0.765625
10170.453125,0.765625
10171.187500,0.734375
10171.937500,0.750000
10172.687500,0.750000
10173.406250,0.718750
10174.156250,0.750000
10174.906250,0.750000
10175.656250,0.750000
10176.390625,0.734375
10177.140625,0.750000
10177.906250,0.765625
10178.625000,0.718750
10179.343750,0.718750
10180.093750,0.750000
10180.812500,0.718750
10181.531250,0.718750
10182.265625,0.734375
10183.000000,0.734375
10183.734375,0.734375
10184.484375,0.750000
10185.250000,0.765625
10186.015625,0.765625
10186.765625,0.750000
10187.546875,0.781250
10188.296875,0.750000
10189.031250,0.734375
10189.718750,0.687500
10190.421875,0.703125
10191.125000,0.703125
10191.796875,0.671875
10192.515625,0.718750
10193.234375,0.718750
10193.937500,0.703125
10194.640625,0.703125
10195.359375,0.718750
10196.125000,0.765625
10196.890625,0.765625
10197.625000,0.734375
10198.390625,0.765625
10199.140625,0.750000
10199.890625,0.750000
10200.640625,0.750000
10201.390625,0.750000
10202.156250,0.765625
10202.890625,0.734375
10203.640625,0.750000
10204.390625,0.750000
10205.140625,0.750000
10205.906250,0.765625
10206.671875,0.765625
10213.156250,0.687500
10213.859375,0.703125
10214.546875,0.687500
10215.234375,0.687500
10215.921875,0.687500
10216.640625,0.718750
10217.343750,0.703125
10218.031250,0.687500
10218.734375,0.703125
10219.437500,0.703125
10220.125000,0.687500
10220.828125,0.703125
10221.546875,0.718750
10222.281250,0.734375
10223.000000,0.718750
10223.718750,0.718750
10224.437500,0.718750
10225.156250,0.718750
10225.859375,0.703125
10226.578125,0.718750
10227.312500,0.734375
10228.015625,0.703125
10228.718750,0.703125
10229.421875,0.703125
10230.140625,0.718750
10230.828125,0.687500
10231.531250,0.703125
10232.250000,0.718750
10232.968750,0.718750
10233.656250,0.687500
10234.359375,0.703125
10235.093750,0.734375
10235.796875,0.703125
10236.515625,0.718750
10237.250000,0.734375
10238.000000,0.750000
10238.718750,0.718750
10239.468750,0.750000
10240.218750,0.750000
10240.968750,0.750000
10241.687500,0.718750
10242.437500,0.750000
10243.171875,0.734375
10243.890625,0.718750
10244.609375,0.718750
10245.328125,0.718750
10246.062500,0.734375
10246.750000,0.687500
10247.468750,0.718750
10248.203125,0.734375
10248.937500,0.734375
10249.671875,0.734375
10250.437500,0.765625
10251.171875,0.734375
10251.921875,0.750000
10252.671875,0.750000
10253.421875,0.750000
10254.156250,0.734375
10254.906250,0.750000
10255.687500,0.781250
10256.421875,0.734375
10257.171875,0.750000
10257.921875,0.750000
10258.703125,0.781250
10259.484375,0.781250
10260.281250,0.796875
10261.093750,0.812500
10261.890625,0.796875
10262.687500,0.796875
10263.500000,0.812500
10264.328125,0.828125
10265.093750,0.765625
10265.875000,0.781250
10266.640625,0.765625
10267.406250,0.765625
10268.171875,0.765625
10268.937500,0.765625
10269.718750,0.781250
10270.468750,0.750000
10271.234375,0.765625
10272.015625,0.781250
10272.781250,0.765625
10273.500000,0.718750
10274.250000,0.750000
10275.000000,0.750000
10275.750000,0.750000
10276.437500,0.687500
10277.171875,0.734375
10277.890625,0.718750
10278.593750,0.703125
10279.281250,0.687500
10279.937500,0.656250
10280.593750,0.656250
10281.312500,0.718750
10282.046875,0.734375
10282.796875,0.750000
10283.546875,0.750000
10284.312500,0.765625
10285.078125,0.765625
10285.796875,0.718750
10286.546875,0.750000
10287.265625,0.718750
10288.015625,0.750000
10288.734375,0.718750
10289.468750,0.734375
10290.171875,0.703125
10290.843750,0.671875
10291.531250,0.687500
10292.218750,0.687500
10292.890625,0.671875
10293.578125,0.687500
10294.234375,0.656250
10294.906250,0.671875
10295.609375,0.703125
10296.296875,0.687500
10296.984375,0.687500
10297.703125,0.718750
10298.421875,0.718750
10299.140625,0.718750
10299.843750,0.703125
10300.578125,0.734375
10301.343750,0.765625
10302.093750,0.750000
10302.812500,0.718750
10303.531250,0.718750
10304.265625,0.734375
10305.031250,0.765625
10305.781250,0.750000
10306.562500,0.781250
10307.359375,0.796875
10308.156250,0.796875
10308.906250,0.750000
10309.640625,0.734375
10310.375000,0.734375
10311.187500,0.812500
10311.984375,0.796875
10312.765625,0.781250
10313.515625,0.750000
10314.234375,0.718750
10314.953125,0.718750
10315.671875,0.718750
10316.437500,0.765625
10317.171875,0.734375
10317.953125,0.781250
10318.734375,0.781250
10319.531250,0.796875
10320.328125,0.796875
10321.125000,0.796875
10321.937500,0.812500
10322.703125,0.765625
10323.468750,0.765625
10324.250000,0.781250
10325.015625,0.765625
10325.734375,0.718750
10326.453125,0.718750
10327.187500,0.734375
10327.953125,0.765625
10328.703125,0.750000
10329.453125,0.750000
10330.203125,0.750000
10330.953125,0.750000
10331.703125,0.750000
10332.468750,0.765625
10333.171875,0.703125
10340.703125,0.671875
10341.375000,0.671875
10342.078125,0.703125
10342.796875,0.718750
10343.500000,0.703125
10344.234375,0.734375
10344.968750,0.734375
10345.734375,0.765625
10346.453125,0.718750
10347.156250,0.703125
10347.859375,0.703125
10348.593750,0.734375
10349.296875,0.703125
10350.000000,0.703125
10350.703125,0.703125
10351.406250,0.703125
10352.093750,0.687500
10352.765625,0.671875
10353.437500,0.671875
10354.140625,0.703125
10354.843750,0.703125
10355.546875,0.703125
10356.296875,0.750000
10357.046875,0.750000
10357.781250,0.734375
10358.500000,0.718750
10359.234375,0.734375
10359.984375,0.750000
10360.687500,0.703125
10361.406250,0.718750
10362.125000,0.718750
10362.859375,0.734375
10363.609375,0.750000
10364.359375,0.750000
10365.125000,0.765625
10365.890625,0.765625
10366.656250,0.765625
10367.437500,0.781250
10368.218750,0.781250
10369.000000,0.781250
10369.750000,0.750000
10370.515625,0.765625
10371.296875,0.781250
10372.046875,0.750000
10372.781250,0.734375
10373.546875,0.765625
10374.296875,0.750000
10375.046875,0.750000
10375.796875,0.750000
10376.562500,0.765625
10377.328125,0.765625
10378.093750,0.765625
10378.859375,0.765625
10379.625000,0.765625
10380.390625,0.765625
10381.125000,0.734375
10381.875000,0.750000
10382.609375,0.734375
10383.343750,0.734375
10384.062500,0.718750
10384.812500,0.750000
10385.640625,0.828125
10386.453125,0.812500
10387.250000,0.796875
10388.046875,0.796875
10388.828125,0.781250
10395.109375,0.656250
10400.812500,0.765625
10401.578125,0.765625
10402.359375,0.781250
10403.125000,0.765625
10403.859375,0.734375
10404.609375,0.750000
10405.359375,0.750000
10406.062500,0.703125
10406.765625,0.703125
10407.484375,0.718750
10408.218750,0.734375
10408.968750,0.750000
10409.703125,0.734375
10410.453125,0.750000
10411.234375,0.781250
10411.984375,0.750000
10412.718750,0.734375
10413.484375,0.765625
10414.250000,0.765625
10414.984375,0.734375
10415.718750,0.734375
10416.468750,0.750000
10417.218750,0.750000
10417.937500,0.718750
10418.671875,0.734375
10419.421875,0.750000
10420.203125,0.781250
10420.953125,0.750000
10421.703125,0.750000
10422.484375,0.781250
10423.234375,0.750000
10423.984375,0.750000
10424.734375,0.750000
10425.453125,0.718750
10426.156250,0.703125
10426.890625,0.734375
10427.656250,0.765625
10428.421875,0.765625
10429.187500,0.765625
10429.921875,0.734375
10430.609375,0.687500
10431.281250,0.671875
10431.953125,0.671875
10432.671875,0.718750
10433.406250,0.734375
10434.109375,0.703125
10434.828125,0.718750
10435.593750,0.765625
10436.343750,0.750000
10437.093750,0.750000
10437.859375,0.765625
10438.625000,0.765625
10439.359375,0.734375
10440.093750,0.734375
10440.828125,0.734375
10441.546875,0.718750
10442.265625,0.718750
10442.984375,0.718750
10443.703125,0.718750
10444.406250,0.703125
10445.125000,0.718750
10445.875000,0.750000
10470.093750,0.671875
10470.781250,0.687500
10471.531250,0.750000
10472.250000,0.718750
10472.968750,0.718750
10473.671875,0.703125
10474.375000,0.703125
10475.109375,0.734375
10475.812500,0.703125
10476.531250,0.718750
10477.234375,0.703125
10477.968750,0.734375
10478.734375,0.765625
10479.531250,0.796875
10480.312500,0.781250
10481.062500,0.750000
10481.812500,0.750000
10482.546875,0.734375
10483.281250,0.734375
10483.984375,0.703125
10484.703125,0.718750
10485.437500,0.734375
10486.187500,0.750000
10486.953125,0.765625
10487.687500,0.734375
10488.406250,0.718750
10489.140625,0.734375
10489.875000,0.734375
10490.593750,0.718750
10491.328125,0.734375
10492.078125,0.750000
10492.812500,0.734375
10493.531250,0.718750
10494.265625,0.734375
10540.296875,0.718750
10541.015625,0.718750
10541.718750,0.703125
10542.453125,0.734375
10543.156250,0.703125
10543.906250,0.750000
10544.625000,0.718750
10545.343750,0.718750
10546.031250,0.687500
10546.718750,0.687500
10547.468750,0.750000
10548.187500,0.718750
10548.906250,0.718750
10549.656250,0.750000
10550.390625,0.734375
10551.125000,0.734375
10551.859375,0.734375
10552.578125,0.718750
10565.015625,0.718750
10565.718750,0.703125
10566.453125,0.734375
10567.171875,0.718750
10567.890625,0.718750
10568.640625,0.750000
10569.375000,0.734375
10570.109375,0.734375
10570.843750,0.734375
10571.625000,0.781250
10572.406250,0.781250
10573.171875,0.765625
10573.921875,0.750000
10574.625000,0.703125
10575.296875,0.671875
10575.968750,0.671875
10576.640625,0.671875
10577.343750,0.703125
10578.078125,0.734375
10578.843750,0.765625
10579.609375,0.765625
10580.359375,0.750000
10581.125000,0.765625
10581.875000,0.750000
10582.625000,0.750000
10583.359375,0.734375
10584.109375,0.750000
10584.828125,0.718750
10585.593750,0.765625
10586.359375,0.765625
10587.109375,0.750000
10587.890625,0.781250
10588.656250,0.765625
10589.390625,0.734375
10590.109375,0.718750
10590.843750,0.734375
10591.578125,0.734375
10592.296875,0.718750
10593.015625,0.718750
10593.750000,0.734375
10594.500000,0.750000
10595.265625,0.765625
10596.015625,0.750000
10596.765625,0.750000
10597.531250,0.765625
10598.312500,0.781250
10599.046875,0.734375
10599.812500,0.765625
10600.578125,0.765625
10601.328125,0.750000
10602.046875,0.718750
10602.812500,0.765625
10603.578125,0.765625
10604.343750,0.765625
10605.093750,0.750000
10605.843750,0.750000
10606.609375,0.765625
10607.359375,0.750000
10608.109375,0.750000
10608.859375,0.750000
10609.640625,0.781250
10610.375000,0.734375
10611.140625,0.765625
10611.906250,0.765625
10612.671875,0.765625
10613.406250,0.734375
10614.140625,0.734375
10614.890625,0.750000
10615.640625,0.750000
10616.359375,0.718750
10617.093750,0.734375
10617.843750,0.750000
10618.609375,0.765625
10619.359375,0.750000
10620.109375,0.750000
10620.875000,0.765625
10621.640625,0.765625
10622.375000,0.734375
10623.109375,0.734375
10623.843750,0.734375
10624.578125,0.734375
10625.312500,0.734375
10626.031250,0.718750
10626.781250,0.750000
10627.515625,0.734375
10628.281250,0.765625
10629.015625,0.734375
10629.750000,0.734375
10630.515625,0.765625
10631.296875,0.781250
10632.046875,0.750000
10632.812500,0.765625
10633.609375,0.796875
10634.375000,0.765625
10635.125000,0.750000
10635.890625,0.765625
10636.656250,0.765625
10637.406250,0.750000
10638.140625,0.734375
10638.906250,0.765625
10639.687500,0.781250
10640.484375,0.796875
10641.250000,0.765625
10642.031250,0.781250
10642.859375,0.828125
10643.687500,0.828125
10644.500000,0.812500
10645.328125,0.828125
10646.140625,0.812500
10646.890625,0.750000
10647.656250,0.765625
10648.453125,0.796875
10649.234375,0.781250
10649.984375,0.750000
10650.750000,0.765625
10651.578125,0.828125
10652.375000,0.796875
10653.156250,0.781250
10653.968750,0.812500
10654.781250,0.812500
10655.578125,0.796875
10656.343750,0.765625
10657.125000,0.781250
10657.921875,0.796875
10658.703125,0.781250
10659.453125,0.750000
10660.203125,0.750000
10660.953125,0.750000
10661.718750,0.765625
10662.468750,0.750000
10663.218750,0.750000
10663.984375,0.765625
10664.734375,0.750000
10665.484375,0.750000
10666.234375,0.750000
10667.015625,0.781250
10667.765625,0.750000
10668.531250,0.765625
10669.296875,0.765625
10670.078125,0.781250
10670.812500,0.734375
10671.546875,0.734375
10672.281250,0.734375
10673.015625,0.734375
10673.750000,0.734375
10674.468750,0.718750
10675.156250,0.687500
10675.859375,0.703125
10676.578125,0.718750
10677.281250,0.703125
10678.031250,0.750000
10678.750000,0.718750
10679.468750,0.718750
10680.218750,0.750000
10680.984375,0.765625
10681.765625,0.781250
10689.687500,0.687500
10690.328125,0.640625
10690.937500,0.609375
10691.578125,0.640625
10692.250000,0.671875
10693.000000,0.750000
10693.843750,0.843750
10694.656250,0.812500
10695.468750,0.812500
10696.312500,0.843750
10697.140625,0.828125
10697.937500,0.796875
10698.687500,0.750000
10699.437500,0.750000
10700.187500,0.750000
10700.953125,0.765625
10701.671875,0.718750
10702.406250,0.734375
10703.156250,0.750000
10703.937500,0.781250
10704.671875,0.734375
10705.437500,0.765625
10706.187500,0.750000
10706.937500,0.750000
10707.671875,0.734375
10708.421875,0.750000
10709.171875,0.750000
10709.921875,0.750000
10710.671875,0.750000
10711.437500,0.765625
10712.187500,0.750000
10712.890625,0.703125
10713.593750,0.703125
10714.296875,0.703125
10715.000000,0.703125
10715.750000,0.750000
10716.484375,0.734375
10717.218750,0.734375
10717.984375,0.765625
10718.750000,0.765625
10719.484375,0.734375
10720.234375,0.750000
10721.015625,0.781250
10721.796875,0.781250
10722.578125,0.781250
10723.296875,0.718750
10724.031250,0.734375
10724.765625,0.734375
10725.546875,0.781250
10731.671875,0.765625
10732.515625,0.843750
10733.328125,0.812500
10734.109375,0.781250
10734.859375,0.750000
10735.609375,0.750000
10736.359375,0.750000
10737.125000,0.765625
10737.875000,0.750000
10738.656250,0.781250
10739.437500,0.781250
10740.187500,0.750000
10740.921875,0.734375
10741.640625,0.718750
10742.343750,0.703125
10743.031250,0.687500
10743.703125,0.671875
10744.390625,0.687500
10745.062500,0.671875
10745.750000,0.687500
10746.453125,0.703125
10747.187500,0.734375
10747.937500,0.750000
10748.640625,0.703125
10749.390625,0.750000
10750.140625,0.750000
10750.921875,0.781250
10751.656250,0.734375
10752.375000,0.718750
10753.109375,0.734375
10753.859375,0.750000
10754.593750,0.734375
10755.312500,0.718750
10756.062500,0.750000
10756.812500,0.750000
10757.562500,0.750000
10758.296875,0.734375
10759.031250,0.734375
10759.796875,0.765625
10760.578125,0.781250
10761.328125,0.750000
10762.078125,0.750000
10762.843750,0.765625
10763.609375,0.765625
10764.343750,0.734375
10765.109375,0.765625
10765.875000,0.765625
10766.640625,0.765625
10767.390625,0.750000
10768.140625,0.750000
10768.890625,0.750000
10769.640625,0.750000
10770.375000,0.734375
10771.125000,0.750000
10771.906250,0.781250
10772.671875,0.765625
10773.406250,0.734375
10774.156250,0.750000
10774.921875,0.765625
10775.687500,0.765625
10776.406250,0.718750
10777.156250,0.750000
10777.921875,0.765625
10778.656250,0.734375
10779.406250,0.750000
10780.156250,0.750000
10780.906250,0.750000
10781.671875,0.765625
10782.421875,0.750000
10783.171875,0.750000
10783.906250,0.734375
10784.593750,0.687500
10785.281250,0.687500
10785.984375,0.703125
10786.671875,0.687500
10787.390625,0.718750
10788.125000,0.734375
10788.843750,0.718750
10789.562500,0.718750
10790.265625,0.703125
10791.000000,0.734375
10791.765625,0.765625
10792.531250,0.765625
10793.265625,0.734375
10794.031250,0.765625
10794.781250,0.750000
10795.531250,0.750000
10796.250000,0.718750
10796.953125,0.703125
10797.609375,0.656250
10798.265625,0.656250
10798.968750,0.703125
10799.703125,0.734375
10800.453125,0.750000
10801.171875,0.718750
10801.921875,0.750000
10802.656250,0.734375
10803.437500,0.781250
10804.156250,0.718750
10814.031250,0.859375
10814.875000,0.843750
10815.687500,0.812500
10816.468750,0.781250
10817.234375,0.765625
10817.984375,0.750000
10818.750000,0.765625
10819.562500,0.812500
10820.453125,0.890625
10821.468750,1.015625
10822.468750,1.000000
10823.437500,0.968750
10824.328125,0.890625
10825.187500,0.859375
10826.031250,0.843750
10833.734375,0.781250
10834.515625,0.781250
10835.296875,0.781250
10836.109375,0.812500
10836.890625,0.781250
10837.640625,0.750000
10838.375000,0.734375
10839.125000,0.750000
10848.046875,0.703125
10848.781250,0.734375
10849.500000,0.718750
10850.265625,0.765625
10851.015625,0.750000
10851.750000,0.734375
10852.484375,0.734375
10853.218750,0.734375
10853.984375,0.765625
10854.734375,0.750000
10855.484375,0.750000
10856.265625,0.781250
10857.031250,0.765625
10857.796875,0.765625
10858.578125,0.781250
10859.343750,0.765625
10860.078125,0.734375
10860.828125,0.750000
10861.546875,0.718750
10862.265625,0.718750
10862.984375,0.718750
10863.718750,0.734375
10864.453125,0.734375
10865.171875,0.718750
10865.921875,0.750000
10866.703125,0.781250
10867.468750,0.765625
10868.250000,0.781250
10869.062500,0.812500
10869.828125,0.765625
10870.593750,0.765625
10871.375000,0.781250
10872.171875,0.796875
10872.953125,0.781250
10873.718750,0.765625
10874.531250,0.812500
10875.375000,0.843750
10876.203125,0.828125
10877.031250,0.828125
10877.859375,0.828125
10890.468750,0.703125
10891.187500,0.718750
10891.890625,0.703125
10892.593750,0.703125
10893.296875,0.703125
10894.000000,0.703125
10894.687500,0.687500
10895.343750,0.656250
10896.000000,0.656250
10896.671875,0.671875
10897.343750,0.671875
10898.015625,0.671875
10898.718750,0.703125
10899.468750,0.750000
10900.218750,0.750000
10900.953125,0.734375
10901.734375,0.781250
10902.500000,0.765625
10903.281250,0.781250
10904.046875,0.765625
10904.796875,0.750000
10905.531250,0.734375
10906.234375,0.703125
10906.953125,0.718750
10907.671875,0.718750
10908.375000,0.703125
10914.015625,0.687500
10914.734375,0.718750
10915.468750,0.734375
10916.203125,0.734375
10916.937500,0.734375
10917.687500,0.750000
10918.500000,0.812500
10919.265625,0.765625
10920.062500,0.796875
10920.875000,0.812500
10921.671875,0.796875
10922.484375,0.812500
10923.328125,0.843750
10924.140625,0.812500
10924.953125,0.812500
10925.765625,0.812500
10926.578125,0.812500
10927.343750,0.765625
10928.125000,0.781250
10928.906250,0.781250
10929.687500,0.781250
10930.468750,0.781250
10931.265625,0.796875
10932.046875,0.781250
10932.796875,0.750000
10933.578125,0.781250
10934.375000,0.796875
10935.171875,0.796875
10935.953125,0.781250
10936.750000,0.796875
10937.562500,0.812500
10938.359375,0.796875
10939.140625,0.781250
10939.937500,0.796875
10940.750000,0.812500
10941.515625,0.765625
10942.328125,0.812500
10943.125000,0.796875
10943.953125,0.828125
10944.734375,0.781250
10945.531250,0.796875
10946.343750,0.812500
10947.156250,0.812500
10947.968750,0.812500
10948.765625,0.796875
10949.562500,0.796875
10950.375000,0.812500
10951.156250,0.781250
10951.953125,0.796875
10952.750000,0.796875
10953.562500,0.812500
10954.343750,0.781250
10955.125000,0.781250
10955.937500,0.812500
10956.781250,0.843750
10957.562500,0.781250
10958.359375,0.796875
10959.156250,0.796875
10959.953125,0.796875
10960.718750,0.765625
10961.500000,0.781250
10962.296875,0.796875
10963.140625,0.843750
10963.953125,0.812500
10964.750000,0.796875
10965.546875,0.796875
10966.328125,0.781250
10967.109375,0.781250
10967.890625,0.781250
10968.671875,0.781250
10969.468750,0.796875
10970.250000,0.781250
10971.031250,0.781250
10971.828125,0.796875
10972.625000,0.796875
10973.406250,0.781250
10974.171875,0.765625
10974.953125,0.781250
10975.718750,0.765625
10976.484375,0.765625
10977.265625,0.781250
10985.359375,0.734375
10986.078125,0.718750
10986.828125,0.750000
10987.640625,0.812500
10988.453125,0.812500
10989.234375,0.781250
10990.015625,0.781250
10990.812500,0.796875
10991.578125,0.765625
10992.312500,0.734375
10993.062500,0.750000
10993.765625,0.703125
10994.437500,0.671875
10995.140625,0.703125
10995.828125,0.687500
10996.531250,0.703125
10997.250000,0.718750
10998.000000,0.750000
10998.781250,0.781250
10999.546875,0.765625
11000.281250,0.734375
11001.015625,0.734375
11001.765625,0.750000
11002.500000,0.734375
11003.234375,0.734375
11003.984375,0.750000
11004.765625,0.781250
11005.546875,0.781250
11006.281250,0.734375
11007.046875,0.765625
11007.812500,0.765625
11008.640625,0.828125
11009.437500,0.796875
11021.968750,0.890625
11022.781250,0.812500
11023.531250,0.750000
11024.312500,0.781250
11025.109375,0.796875
11025.859375,0.750000
11026.593750,0.734375
11027.343750,0.750000
11028.093750,0.750000
11052.500000,0.750000
11053.218750,0.718750
11053.921875,0.703125
11054.625000,0.703125
11055.359375,0.734375
11056.125000,0.765625
11056.890625,0.765625
11057.640625,0.750000
11058.421875,0.781250
11059.218750,0.796875
11060.000000,0.781250
11060.765625,0.765625
11061.562500,0.796875
11062.343750,0.781250
11063.093750,0.750000
11063.859375,0.765625
11064.625000,0.765625
11065.375000,0.750000
11066.125000,0.750000
11066.875000,0.750000
11067.640625,0.765625
11068.406250,0.765625
11069.156250,0.750000
11069.906250,0.750000
11070.656250,0.750000
11071.437500,0.781250
11072.203125,0.765625
11073.000000,0.796875
11073.812500,0.812500
11074.578125,0.765625
11075.343750,0.765625
11076.109375,0.765625
11076.875000,0.765625
11077.625000,0.750000
11078.390625,0.765625
11079.156250,0.765625
11092.687500,0.703125
11093.406250,0.718750
11094.140625,0.734375
11094.859375,0.718750
11095.578125,0.718750
11096.296875,0.718750
11097.000000,0.703125
11097.687500,0.687500
11098.343750,0.656250
11099.015625,0.671875
11099.703125,0.687500
11100.406250,0.703125
11101.109375,0.703125
11101.859375,0.750000
11102.609375,0.750000
11103.359375,0.750000
11104.109375,0.750000
11104.875000,0.765625
11105.687500,0.812500
11106.437500,0.750000
11107.265625,0.828125
11114.390625,0.843750
11115.171875,0.781250
11115.968750,0.796875
11116.765625,0.796875
11117.562500,0.796875
11118.328125,0.765625
11119.109375,0.781250
11119.890625,0.781250
11120.687500,0.796875
11121.468750,0.781250
11122.265625,0.796875
11123.078125,0.812500
11123.875000,0.796875
11124.656250,0.781250
11125.437500,0.781250
11126.250000,0.812500
11127.031250,0.781250
11127.828125,0.796875
11128.640625,0.812500
11129.437500,0.796875
11130.203125,0.765625
11130.984375,0.781250
11131.796875,0.812500
11132.625000,0.828125
11133.453125,0.828125
11134.281250,0.828125
11135.078125,0.796875
11135.843750,0.765625
11136.593750,0.750000
11137.359375,0.765625
11138.125000,0.765625
11138.875000,0.750000
11139.640625,0.765625
11140.421875,0.781250
11141.187500,0.765625
11141.937500,0.750000
11142.703125,0.765625
11143.500000,0.796875
11144.265625,0.765625
11145.000000,0.734375
11145.750000,0.750000
11146.531250,0.781250
11147.281250,0.750000
11148.015625,0.734375
11148.781250,0.765625
11149.546875,0.765625
11150.328125,0.781250
11151.109375,0.781250
11151.921875,0.812500
11152.703125,0.781250
11153.484375,0.781250
11154.265625,0.781250
11155.062500,0.796875
11155.875000,0.812500
11156.656250,0.781250
11157.453125,0.796875
11158.234375,0.781250
11159.031250,0.796875
11159.796875,0.765625
11160.578125,0.781250
11161.375000,0.796875
11162.156250,0.781250
11162.921875,0.765625
11163.703125,0.781250
11164.531250,0.828125
11165.375000,0.843750
11166.203125,0.828125
11167.046875,0.843750
11167.890625,0.843750
11168.703125,0.812500
11169.515625,0.812500
11170.343750,0.828125
11171.125000,0.781250
11171.921875,0.796875
11172.718750,0.796875
11173.562500,0.843750
11174.406250,0.843750
11175.203125,0.796875
11176.031250,0.828125
11176.828125,0.796875
11177.593750,0.765625
11178.375000,0.781250
11179.171875,0.796875
11179.968750,0.796875
11180.734375,0.765625
11181.515625,0.781250
11182.312500,0.796875
11183.093750,0.781250
11183.859375,0.765625
11184.656250,0.796875
11185.500000,0.843750
11186.312500,0.812500
11187.171875,0.859375
11188.015625,0.843750
11188.828125,0.812500
11189.625000,0.796875
11190.421875,0.796875
11191.250000,0.828125
11192.046875,0.796875
11192.859375,0.812500
11193.703125,0.843750
11194.562500,0.859375
11195.390625,0.828125
11196.218750,0.828125
11197.062500,0.843750
11197.875000,0.812500
11198.703125,0.828125
11199.531250,0.828125
11200.390625,0.859375
11201.234375,0.843750
11202.062500,0.828125
11202.890625,0.828125
11203.718750,0.828125
11204.500000,0.781250
11205.296875,0.796875
11206.125000,0.828125
11210.781250,0.875000
11211.578125,0.796875
11212.375000,0.796875
11213.187500,0.812500
11213.984375,0.796875
11214.765625,0.781250
11215.562500,0.796875
11216.359375,0.796875
11217.140625,0.781250
11224.140625,0.765625
11224.921875,0.781250
11225.718750,0.796875
11226.515625,0.796875
11227.390625,0.875000
11228.343750,0.953125
11229.250000,0.906250
11230.156250,0.906250
11231.046875,0.890625
11231.906250,0.859375
11232.796875,0.890625
11233.687500,0.890625
11234.531250,0.843750
11235.390625,0.859375
11236.265625,0.875000
11237.109375,0.843750
11237.921875,0.812500
11238.734375,0.812500
11239.546875,0.812500
11240.343750,0.796875
11241.109375,0.765625
11241.875000,0.765625
11242.671875,0.796875
11243.468750,0.796875
11244.234375,0.765625
11245.031250,0.796875
11245.828125,0.796875
11246.609375,0.781250
11247.390625,0.781250
11248.187500,0.796875
11249.000000,0.812500
11249.765625,0.765625
11250.531250,0.765625
11251.296875,0.765625
11252.078125,0.781250
11252.828125,0.750000
11253.578125,0.750000
11254.343750,0.765625
11255.109375,0.765625
11255.859375,0.750000
11256.609375,0.750000
11257.359375,0.750000
11258.109375,0.750000
11258.859375,0.750000
11259.609375,0.750000
11269.531250,0.765625
11270.281250,0.750000
11271.031250,0.750000
11271.781250,0.750000
11272.562500,0.781250
11273.312500,0.750000
11274.078125,0.765625
11274.859375,0.781250
11275.609375,0.750000
11276.359375,0.750000
11277.125000,0.765625
11277.921875,0.796875
11278.687500,0.765625
11279.453125,0.765625
11280.203125,0.750000
11290.296875,0.765625
11291.078125,0.781250
11291.890625,0.812500
11292.656250,0.765625
11293.421875,0.765625
11294.187500,0.765625
11294.968750,0.781250
11295.750000,0.781250
11296.531250,0.781250
11297.359375,0.828125
11298.156250,0.796875
11298.921875,0.765625
11299.734375,0.812500
11300.500000,0.765625
11301.265625,0.765625
11302.046875,0.781250
11302.812500,0.765625
11303.562500,0.750000
11304.328125,0.765625
11305.093750,0.765625
11305.875000,0.781250
11306.625000,0.750000
11307.406250,0.781250
11308.187500,0.781250
11308.921875,0.734375
11309.671875,0.750000
11310.421875,0.750000
11311.187500,0.765625
11311.921875,0.734375
11312.656250,0.734375
11324.531250,0.671875
11325.218750,0.687500
11325.953125,0.734375
11326.703125,0.750000
11327.468750,0.765625
11328.218750,0.750000
11328.953125,0.734375
11329.687500,0.734375
11330.484375,0.796875
11331.281250,0.796875
11332.093750,0.812500
11332.937500,0.843750
11333.796875,0.859375
11334.625000,0.828125
11335.437500,0.812500
11336.281250,0.843750
11337.109375,0.828125
11337.921875,0.812500
11338.734375,0.812500
11339.546875,0.812500
11340.343750,0.796875
11341.156250,0.812500
11341.984375,0.828125
11342.812500,0.828125
11343.625000,0.812500
11344.421875,0.796875
11345.234375,0.812500
11346.062500,0.828125
11346.859375,0.796875
11347.640625,0.781250
11348.421875,0.781250
11349.218750,0.796875
11350.000000,0.781250
11350.796875,0.796875
11351.609375,0.812500
11352.406250,0.796875
11353.187500,0.781250
11354.000000,0.812500
11354.828125,0.828125
11355.640625,0.812500
11356.468750,0.828125
11357.328125,0.859375
11358.187500,0.859375
11359.031250,0.843750
11359.906250,0.875000
11360.781250,0.875000
11361.640625,0.859375
11362.453125,0.812500
11363.281250,0.828125
11364.125000,0.843750
11364.937500,0.812500
11365.734375,0.796875
11366.531250,0.796875
11367.328125,0.796875
11368.093750,0.765625
11368.875000,0.781250
11369.703125,0.828125
11370.500000,0.796875
11371.265625,0.765625
11372.062500,0.796875
11372.859375,0.796875
11373.640625,0.781250
11384.312500,0.828125
11385.109375,0.796875
11385.937500,0.828125
11386.765625,0.828125
11387.578125,0.812500
11388.359375,0.781250
11389.156250,0.796875
11389.968750,0.812500
11397.093750,0.812500
11397.937500,0.843750
11398.796875,0.859375
11399.656250,0.859375
11400.531250,0.875000
11401.421875,0.890625
11402.250000,0.828125
11403.046875,0.796875
11403.859375,0.812500
11404.671875,0.812500
11405.484375,0.812500
11406.312500,0.828125
11407.156250,0.843750
11408.000000,0.843750
11408.812500,0.812500
11409.671875,0.859375
11410.562500,0.890625
11411.406250,0.843750
11412.218750,0.812500
11413.046875,0.828125
11413.875000,0.828125
11414.671875,0.796875
11415.468750,0.796875
11416.296875,0.828125
11417.140625,0.843750
11417.937500,0.796875
11418.750000,0.812500
11419.562500,0.812500
11420.359375,0.796875
11421.140625,0.781250
11421.921875,0.781250
11422.750000,0.828125
11423.546875,0.796875
11424.328125,0.781250
11425.109375,0.781250
11425.906250,0.796875
11426.656250,0.750000
11427.375000,0.718750
11428.109375,0.734375
11428.875000,0.765625
11429.656250,0.781250
11430.453125,0.796875
11431.281250,0.828125
11432.125000,0.843750
11432.937500,0.812500
11433.734375,0.796875
11434.562500,0.828125
11435.375000,0.812500
11436.156250,0.781250
11436.937500,0.781250
11437.734375,0.796875
11438.515625,0.781250
11439.281250,0.765625
11440.031250,0.750000
11440.812500,0.781250
11441.609375,0.796875
11442.375000,0.765625
11443.109375,0.734375
11443.906250,0.796875
11444.734375,0.828125
11445.562500,0.828125
11446.375000,0.812500
11447.234375,0.859375
11448.109375,0.875000
11448.937500,0.828125
11449.781250,0.843750
11450.656250,0.875000
11451.531250,0.875000
11452.359375,0.828125
11453.156250,0.796875
11453.968750,0.812500
11454.765625,0.796875
11455.546875,0.781250
11456.343750,0.796875
11457.156250,0.812500
11457.953125,0.796875
11458.750000,0.796875
11459.546875,0.796875
11460.343750,0.796875
11461.140625,0.796875
11461.921875,0.781250
11462.718750,0.796875
11475.765625,0.656250
11476.468750,0.703125
11477.203125,0.734375
11477.984375,0.781250
11478.812500,0.828125
11489.671875,0.828125
11490.531250,0.859375
11491.375000,0.843750
11499.687500,0.765625
11500.437500,0.750000
11501.218750,0.781250
11501.984375,0.765625
11502.734375,0.750000
11503.500000,0.765625
11504.265625,0.765625
11505.031250,0.765625
11505.765625,0.734375
11506.515625,0.750000
11507.265625,0.750000
11508.031250,0.765625
11517.750000,0.812500
11518.562500,0.812500
11519.359375,0.796875
11520.156250,0.796875
11520.953125,0.796875
11521.734375,0.781250
11522.515625,0.781250
11523.265625,0.750000
11524.031250,0.765625
11524.781250,0.750000
11525.546875,0.765625
11526.359375,0.812500
11527.140625,0.781250
11527.906250,0.765625
11528.703125,0.796875
11529.468750,0.765625
11530.250000,0.781250
11531.015625,0.765625
11531.828125,0.812500
11540.312500,0.796875
11541.093750,0.781250
11541.875000,0.781250
11542.656250,0.781250
11543.406250,0.750000
11544.156250,0.750000
11544.906250,0.750000
11545.640625,0.734375
11546.343750,0.703125
11547.046875,0.703125
11547.765625,0.718750
11548.500000,0.734375
11549.250000,0.750000
11550.015625,0.765625
11550.796875,0.781250
11551.562500,0.765625
11552.312500,0.750000
11553.062500,0.750000
11553.843750,0.781250
11554.593750,0.750000
11555.359375,0.765625
11556.140625,0.781250
11556.906250,0.765625
11557.687500,0.781250
11558.484375,0.796875
11559.281250,0.796875
11560.078125,0.796875
11560.890625,0.812500
11561.718750,0.828125
11562.515625,0.796875
11563.296875,0.781250
11564.093750,0.796875
11564.875000,0.781250
11565.640625,0.765625
11566.390625,0.750000
11567.187500,0.796875
11567.984375,0.796875
11568.796875,0.812500
11569.593750,0.796875
11570.390625,0.796875
11571.203125,0.812500
11572.031250,0.828125
11572.812500,0.781250
11573.640625,0.828125
11574.500000,0.859375
11575.296875,0.796875
11576.109375,0.812500
11576.921875,0.812500
11577.750000,0.828125
11578.562500,0.812500
11579.359375,0.796875
11580.171875,0.812500
11580.984375,0.812500
11581.781250,0.796875
11582.546875,0.765625
11583.281250,0.734375
11584.015625,0.734375
11584.750000,0.734375
11585.484375,0.734375
11586.203125,0.718750
11586.937500,0.734375
11587.687500,0.750000
11588.421875,0.734375
11589.171875,0.750000
11589.921875,0.750000
11590.671875,0.750000
11591.437500,0.765625
11592.203125,0.765625
11592.984375,0.781250
11593.765625,0.781250
11594.546875,0.781250
11595.312500,0.765625
11596.062500,0.750000
11596.781250,0.718750
11597.484375,0.703125
11598.171875,0.687500
11598.875000,0.703125
11599.656250,0.781250
11600.468750,0.812500
11601.265625,0.796875
11602.093750,0.828125
11602.937500,0.843750
11603.750000,0.812500
11604.546875,0.796875
11605.343750,0.796875
11606.156250,0.812500
11606.937500,0.781250
11607.734375,0.796875
11608.562500,0.828125
11609.359375,0.796875
11610.187500,0.828125
11611.000000,0.812500
11611.859375,0.859375
11612.687500,0.828125
11613.531250,0.843750
11614.390625,0.859375
11615.218750,0.828125
11616.031250,0.812500
11616.890625,0.859375
11617.734375,0.843750
11618.562500,0.828125
11619.406250,0.843750
11620.281250,0.875000
11630.468750,0.843750
11631.328125,0.859375
11632.109375,0.781250
11632.921875,0.812500
11633.734375,0.812500
11634.515625,0.781250
11635.296875,0.781250
11636.093750,0.796875
11636.921875,0.828125
11637.750000,0.828125
11638.546875,0.796875
11639.359375,0.812500
11640.171875,0.812500
11640.984375,0.812500
11641.781250,0.796875
11642.593750,0.812500
11643.359375,0.765625
11644.218750,0.859375
11645.000000,0.781250
11645.750000,0.750000
11646.500000,0.750000
11647.265625,0.765625
11648.046875,0.781250
11648.843750,0.796875
11649.609375,0.765625
11650.359375,0.750000
11651.125000,0.765625
11651.906250,0.781250
11652.656250,0.750000
11653.421875,0.765625
11654.203125,0.781250
11655.000000,0.796875
11655.765625,0.765625
11656.562500,0.796875
11657.375000,0.812500
11658.140625,0.765625
11658.921875,0.781250
11659.703125,0.781250
11660.484375,0.781250
11661.250000,0.765625
11662.031250,0.781250
11662.765625,0.734375
11663.531250,0.765625
11664.265625,0.734375
11665.046875,0.781250
11665.796875,0.750000
11666.562500,0.765625
11667.343750,0.781250
11668.140625,0.796875
11668.906250,0.765625
11669.703125,0.796875
11670.500000,0.796875
11671.296875,0.796875
11672.109375,0.812500
11672.875000,0.765625
11673.640625,0.765625
11674.406250,0.765625
11675.140625,0.734375
11675.859375,0.718750
11676.562500,0.703125
11677.250000,0.687500
11677.937500,0.687500
11678.640625,0.703125
11679.343750,0.703125
11680.093750,0.750000
11680.890625,0.796875
11681.671875,0.781250
11682.421875,0.750000
11683.187500,0.765625
11683.921875,0.734375
11684.671875,0.750000
11685.406250,0.734375
11686.156250,0.750000
11686.906250,0.750000
11687.671875,0.765625
11688.421875,0.750000
11689.171875,0.750000
11689.953125,0.781250
11690.750000,0.796875
11691.546875,0.796875
11692.328125,0.781250
11693.125000,0.796875
11693.953125,0.828125
11694.734375,0.781250
11695.500000,0.765625
11696.265625,0.765625
11697.078125,0.812500
11697.921875,0.843750
11698.734375,0.812500
11699.531250,0.796875
11700.343750,0.812500
11701.140625,0.796875
11701.937500,0.796875
11702.765625,0.828125
11703.578125,0.812500
11704.359375,0.781250
11705.125000,0.765625
11705.875000,0.750000
11706.640625,0.765625
11707.437500,0.796875
11708.250000,0.812500
11709.046875,0.796875
11709.812500,0.765625
11710.562500,0.750000
11711.328125,0.765625
11712.109375,0.781250
11712.921875,0.812500
11713.703125,0.781250
11714.484375,0.781250
11715.296875,0.812500
11716.093750,0.796875
11716.859375,0.765625
11717.625000,0.765625
11718.359375,0.734375
11719.078125,0.718750
11719.781250,0.703125
11720.515625,0.734375
11721.312500,0.796875
11722.093750,0.781250
11722.843750,0.750000
11723.578125,0.734375
11724.281250,0.703125
11724.968750,0.687500
11725.671875,0.703125
11726.390625,0.718750
11727.093750,0.703125
11727.859375,0.765625
11728.703125,0.843750
11729.531250,0.828125
11730.281250,0.750000
11731.046875,0.765625
11732.000000,0.953125
11732.968750,0.968750
11733.937500,0.968750
11734.875000,0.937500
11735.703125,0.828125
11736.484375,0.781250
11737.218750,0.734375
11738.000000,0.781250
11738.781250,0.781250
11739.546875,0.765625
11740.296875,0.750000
11741.000000,0.703125
11741.734375,0.734375
11742.546875,0.812500
11743.468750,0.921875
11744.375000,0.906250
11745.250000,0.875000
11746.046875,0.796875
11746.828125,0.781250
11747.671875,0.843750
11748.593750,0.921875
11749.500000,0.906250
11750.390625,0.890625
11751.281250,0.890625
11752.125000,0.843750
11753.015625,0.890625
11753.859375,0.843750
11754.671875,0.812500
11755.406250,0.734375
11756.156250,0.750000
11756.875000,0.718750
11757.578125,0.703125
11758.281250,0.703125
11759.015625,0.734375
11759.781250,0.765625
11760.578125,0.796875
11761.421875,0.843750
11766.265625,0.843750
11767.218750,0.953125
11768.187500,0.968750
11777.390625,0.843750
11778.250000,0.859375
11779.015625,0.765625
11779.750000,0.734375
11780.500000,0.750000
11781.250000,0.750000
11782.015625,0.765625
11782.734375,0.718750
11783.437500,0.703125
11784.156250,0.718750
11784.921875,0.765625
11785.687500,0.765625
11786.468750,0.781250
11787.250000,0.781250
11788.031250,0.781250
11788.796875,0.765625
11789.593750,0.796875
11790.406250,0.812500
11791.203125,0.796875
11800.593750,0.703125
11801.312500,0.718750
11802.062500,0.750000
11802.828125,0.765625
11803.578125,0.750000
11804.312500,0.734375
11805.046875,0.734375
11805.781250,0.734375
11806.531250,0.750000
11807.296875,0.765625
11808.093750,0.796875
11808.875000,0.781250
11809.656250,0.781250
11810.468750,0.812500
11811.250000,0.781250
11812.015625,0.765625
11812.765625,0.750000
11822.953125,0.687500
11823.718750,0.765625
11824.546875,0.828125
11825.343750,0.796875
11826.109375,0.765625
11826.890625,0.781250
11827.687500,0.796875
11828.437500,0.750000
11829.203125,0.765625
11846.484375,0.703125
11847.203125,0.718750
11847.890625,0.687500
11848.593750,0.703125
11849.312500,0.718750
11850.015625,0.703125
11850.718750,0.703125
11851.437500,0.718750
11852.203125,0.765625
11852.953125,0.750000
11874.562500,0.703125
11875.265625,0.703125
11876.000000,0.734375
11876.718750,0.718750
11877.453125,0.734375
11878.203125,0.750000
11879.000000,0.796875
11879.734375,0.734375
11880.468750,0.734375
11881.234375,0.765625
11882.000000,0.765625
11882.734375,0.734375
11883.453125,0.718750
11884.187500,0.734375
11884.937500,0.750000
11893.296875,0.765625
11894.093750,0.796875
11894.875000,0.781250
11895.640625,0.765625
11896.421875,0.781250
11897.203125,0.781250
11897.953125,0.750000
11898.687500,0.734375
11899.437500,0.750000
11900.187500,0.750000
11900.953125,0.765625
11901.734375,0.781250
11902.500000,0.765625
11903.218750,0.718750
11903.937500,0.718750
11904.656250,0.718750
11905.343750,0.687500
11906.062500,0.718750
11906.828125,0.765625
11907.625000,0.796875
11908.437500,0.812500
11909.250000,0.812500
11910.000000,0.750000
11910.750000,0.750000
11911.515625,0.765625
11912.296875,0.781250
11913.125000,0.828125
11913.937500,0.812500
11914.734375,0.796875
11915.531250,0.796875
11916.359375,0.828125
11917.203125,0.843750
11924.140625,0.953125
11925.015625,0.875000
11925.828125,0.812500
11926.593750,0.765625
11927.375000,0.781250
11928.171875,0.796875
11928.953125,0.781250
11929.765625,0.812500
11930.578125,0.812500
11931.375000,0.796875
11932.140625,0.765625
11932.890625,0.750000
11933.640625,0.750000
11934.390625,0.750000
11935.140625,0.750000
11935.843750,0.703125
11936.531250,0.687500
11937.234375,0.703125
11937.968750,0.734375
11938.812500,0.843750
11939.671875,0.859375
11940.453125,0.781250
11941.203125,0.750000
11941.921875,0.718750
11942.640625,0.718750
11943.375000,0.734375
11944.093750,0.718750
11944.875000,0.781250
11945.593750,0.718750
11946.312500,0.718750
11947.031250,0.718750
11947.734375,0.703125
11948.468750,0.734375
11949.203125,0.734375
11950.000000,0.796875
11950.796875,0.796875
11951.609375,0.812500
11952.406250,0.796875
11953.187500,0.781250
11953.937500,0.750000
11954.671875,0.734375
11955.390625,0.718750
11956.109375,0.718750
11964.937500,0.812500
11965.734375,0.796875
11966.484375,0.750000
11967.265625,0.781250
11968.031250,0.765625
11968.765625,0.734375
11969.546875,0.781250
11970.328125,0.781250
11971.156250,0.828125
11971.937500,0.781250
11972.718750,0.781250
11973.500000,0.781250
11974.296875,0.796875
11975.078125,0.781250
11975.859375,0.781250
11976.609375,0.750000
11982.859375,0.750000
11983.578125,0.718750
11984.296875,0.718750
11985.015625,0.718750
11985.734375,0.718750
11986.484375,0.750000
11987.250000,0.765625
11988.093750,0.843750
11988.921875,0.828125
11989.687500,0.765625
11990.437500,0.750000
11991.218750,0.781250
11991.984375,0.765625
11992.734375,0.750000
11993.515625,0.781250
11994.312500,0.796875
11995.093750,0.781250
11995.843750,0.750000
11996.609375,0.765625
11997.343750,0.734375
11998.062500,0.718750
11998.796875,0.734375
11999.546875,0.750000
12000.281250,0.734375
12001.000000,0.718750
12001.750000,0.750000
12002.515625,0.765625
12003.296875,0.781250
12004.062500,0.765625
12004.781250,0.718750
12005.546875,0.765625
12006.281250,0.734375
12007.046875,0.765625
12007.781250,0.734375
12008.515625,0.734375
12028.000000,0.734375
12028.734375,0.734375
12029.500000,0.765625
12030.250000,0.750000
12031.015625,0.765625
12031.750000,0.734375
12032.453125,0.703125
12033.171875,0.718750
12033.906250,0.734375
12034.671875,0.765625
12042.187500,0.671875
12050.843750,0.671875
12059.437500,0.718750
12060.125000,0.687500
12060.843750,0.718750
12061.531250,0.687500
12068.843750,0.640625
12069.484375,0.640625
12070.125000,0.640625
12070.796875,0.671875
12071.484375,0.687500
12072.187500,0.703125
12072.843750,0.656250
12073.500000,0.656250
12074.140625,0.640625
12074.781250,0.640625
12075.359375,0.578125
12076.031250,0.671875
12076.640625,0.609375
12077.281250,0.640625
12077.984375,0.703125
12083.484375,0.734375
12084.187500,0.703125
12084.890625,0.703125
12085.593750,0.703125
12167.500000,0.578125
12168.062500,0.562500
12168.640625,0.578125
12169.203125,0.562500
12169.765625,0.562500
12170.343750,0.578125
12170.921875,0.578125
12171.531250,0.609375
12172.109375,0.578125
12172.703125,0.593750
12173.281250,0.578125
12180.265625,0.593750
12186.421875,0.671875
12187.078125,0.656250
12187.718750,0.640625
12188.375000,0.656250
12189.015625,0.640625
12189.671875,0.656250
12190.312500,0.640625
12191.000000,0.687500
12191.640625,0.640625
12192.265625,0.625000
12192.906250,0.640625
12193.531250,0.625000
12194.125000,0.593750
12198.468750,0.609375
12267.875000,0.640625
12268.515625,0.640625
12350.109375,0.750000
12350.812500,0.703125
12357.828125,0.765625
12358.609375,0.781250
12359.390625,0.781250
12360.156250,0.765625
12360.859375,0.703125
12361.562500,0.703125
12362.265625,0.703125
12362.953125,0.687500
12363.671875,0.718750
12364.375000,0.703125
12365.093750,0.718750
12365.828125,0.734375
12366.609375,0.781250
12367.375000,0.765625
12368.171875,0.796875
12368.875000,0.703125
12369.718750,0.843750
12370.593750,0.875000
12376.859375,0.687500
12377.515625,0.656250
12378.171875,0.656250
12378.859375,0.687500
12379.515625,0.656250
12380.203125,0.687500
12380.937500,0.734375
12381.640625,0.703125
12382.343750,0.703125
12383.093750,0.750000
12383.781250,0.687500
12384.671875,0.890625
12385.484375,0.812500
12392.093750,0.750000
12392.890625,0.796875
12430.843750,0.750000
12431.562500,0.718750
12450.859375,0.656250
12456.718750,0.718750
12457.421875,0.703125
12458.140625,0.718750
12458.859375,0.718750
12459.578125,0.718750
12460.296875,0.718750
12461.031250,0.734375
12461.750000,0.718750
12462.468750,0.718750
12463.156250,0.687500
12463.843750,0.687500
12464.531250,0.687500
12465.218750,0.687500
12465.890625,0.671875
12466.578125,0.687500
12467.234375,0.656250
12467.921875,0.687500
12468.593750,0.671875
12469.265625,0.671875
12469.921875,0.656250
12470.593750,0.671875
12471.234375,0.640625
12471.906250,0.671875
12472.578125,0.671875
12473.250000,0.671875
12473.953125,0.703125
12474.640625,0.687500
12475.312500,0.671875
12475.984375,0.671875
12476.687500,0.703125
12477.390625,0.703125
12478.125000,0.734375
12478.859375,0.734375
12479.656250,0.796875
12480.406250,0.750000
12481.171875,0.765625
12481.875000,0.703125
12482.578125,0.703125
12483.265625,0.687500
12483.937500,0.671875
12484.656250,0.718750
12485.406250,0.750000
12486.187500,0.781250
12486.921875,0.734375
12487.687500,0.765625
12488.453125,0.765625
12489.171875,0.718750
12489.890625,0.718750
12490.625000,0.734375
12491.375000,0.750000
12492.171875,0.796875
12492.968750,0.796875
12493.781250,0.812500
12494.546875,0.765625
12495.265625,0.718750
12496.015625,0.750000
12496.765625,0.750000
12497.546875,0.781250
12498.296875,0.750000
12499.015625,0.718750
12505.718750,0.687500
12506.421875,0.703125
12507.125000,0.703125
12507.875000,0.750000
12508.656250,0.781250
12509.421875,0.765625
12510.187500,0.765625
12517.546875,0.750000
12518.343750,0.796875
12519.187500,0.843750
12520.031250,0.843750
12520.906250,0.875000
12521.765625,0.859375
12522.625000,0.859375
12523.406250,0.781250
12524.203125,0.796875
12525.015625,0.812500
12525.812500,0.796875
12526.640625,0.828125
12527.453125,0.812500
12528.250000,0.796875
12529.031250,0.781250
12529.812500,0.781250
12530.546875,0.734375
12531.250000,0.703125
12531.953125,0.703125
12532.671875,0.718750
12533.437500,0.765625
12534.203125,0.765625
12535.000000,0.796875
12535.750000,0.750000
12536.515625,0.765625
12537.250000,0.734375
12538.015625,0.765625
12538.750000,0.734375
12539.453125,0.703125
12540.140625,0.687500
12540.812500,0.671875
12541.515625,0.703125
12542.250000,0.734375
12542.953125,0.703125
12543.687500,0.734375
12544.453125,0.765625
12545.234375,0.781250
12546.046875,0.812500
12546.843750,0.796875
12547.625000,0.781250
12548.421875,0.796875
12549.218750,0.796875
12552.968750,0.750000
12553.656250,0.687500
12554.375000,0.718750
12555.125000,0.750000
12555.953125,0.828125
12556.812500,0.859375
12557.671875,0.859375
12558.421875,0.750000
12559.171875,0.750000
12559.906250,0.734375
12560.671875,0.765625
12561.437500,0.765625
12562.265625,0.828125
12563.109375,0.843750
12563.968750,0.859375
12564.812500,0.843750
12565.593750,0.781250
12566.359375,0.765625
12567.125000,0.765625
12567.906250,0.781250
12568.656250,0.750000
12569.406250,0.750000
12570.187500,0.781250
12570.953125,0.765625
12571.718750,0.765625
12572.484375,0.765625
12573.203125,0.718750
12573.906250,0.703125
12574.593750,0.687500
12575.296875,0.703125
12576.015625,0.718750
12576.718750,0.703125
12577.421875,0.703125
12578.109375,0.687500
12578.828125,0.718750
12579.578125,0.750000
12580.343750,0.765625
12581.109375,0.765625
12581.843750,0.734375
12582.562500,0.718750
12583.281250,0.718750
12583.968750,0.687500
12584.687500,0.718750
12585.421875,0.734375
12586.187500,0.765625
12586.937500,0.750000
12587.671875,0.734375
12588.375000,0.703125
12589.093750,0.718750
12589.812500,0.718750
12590.546875,0.734375
12591.296875,0.750000
12592.046875,0.750000
12592.796875,0.750000
12593.531250,0.734375
12594.281250,0.750000
12595.015625,0.734375
12595.750000,0.734375
12596.515625,0.765625
12597.234375,0.718750
12597.968750,0.734375
12598.703125,0.734375
12599.437500,0.734375
12600.125000,0.687500
12600.843750,0.718750
12601.531250,0.687500
12602.234375,0.703125
12602.953125,0.718750
12603.671875,0.718750
12604.390625,0.718750
12605.078125,0.687500
12605.750000,0.671875
12606.437500,0.687500
12607.125000,0.687500
12607.859375,0.734375
12608.578125,0.718750
12609.312500,0.734375
12610.078125,0.765625
12610.843750,0.765625
12611.593750,0.750000
12612.312500,0.718750
12613.031250,0.718750
12613.750000,0.718750
12614.484375,0.734375
12615.218750,0.734375
12615.968750,0.750000
12616.703125,0.734375
12617.421875,0.718750
12618.093750,0.671875
12618.781250,0.687500
12619.453125,0.671875
12620.156250,0.703125
12620.859375,0.703125
12621.625000,0.765625
12622.390625,0.765625
12623.109375,0.718750
12623.859375,0.750000
12624.578125,0.718750
12625.281250,0.703125
12625.984375,0.703125
12626.687500,0.703125
12627.359375,0.671875
12628.031250,0.671875
12628.734375,0.703125
12629.453125,0.718750
12630.187500,0.734375
12630.937500,0.750000
12631.671875,0.734375
12632.375000,0.703125
12633.125000,0.750000
12633.875000,0.750000
12634.593750,0.718750
12635.328125,0.734375
12636.046875,0.718750
12636.734375,0.687500
12637.468750,0.734375
12638.156250,0.687500
12638.828125,0.671875
12639.515625,0.687500
12640.234375,0.718750
12640.968750,0.734375
12641.703125,0.734375
12642.421875,0.718750
12643.140625,0.718750
12643.875000,0.734375
12644.609375,0.734375
12645.312500,0.703125
12646.046875,0.734375
12646.750000,0.703125
12647.468750,0.718750
12648.171875,0.703125
12648.859375,0.687500
12649.546875,0.687500
12650.218750,0.671875
12650.859375,0.640625
12651.515625,0.656250
12652.187500,0.671875
12652.906250,0.718750
12653.640625,0.734375
12654.390625,0.750000
12655.140625,0.750000
12655.843750,0.703125
12656.531250,0.687500
12657.234375,0.703125
12657.921875,0.687500
12658.656250,0.734375
12659.343750,0.687500
12660.046875,0.703125
12660.781250,0.734375
12661.500000,0.718750
12662.234375,0.734375
12663.000000,0.765625
12663.781250,0.781250
12664.562500,0.781250
12665.328125,0.765625
12666.093750,0.765625
12666.812500,0.718750
12667.562500,0.750000
12668.296875,0.734375
12669.031250,0.734375
12669.750000,0.718750
12670.500000,0.750000
12671.218750,0.718750
12671.953125,0.734375
12672.718750,0.765625
12673.484375,0.765625
12674.250000,0.765625
12675.015625,0.765625
12675.781250,0.765625
12676.468750,0.687500
12677.187500,0.718750
12677.906250,0.718750
12678.625000,0.718750
12679.343750,0.718750
12680.078125,0.734375
12680.875000,0.796875
12681.687500,0.812500
12682.468750,0.781250
12683.250000,0.781250
12684.000000,0.750000
12684.781250,0.781250
12685.578125,0.796875
12686.390625,0.812500
12687.203125,0.812500
12687.984375,0.781250
12688.796875,0.812500
12689.640625,0.843750
12690.437500,0.796875
12691.265625,0.828125
12692.093750,0.828125
12692.937500,0.843750
12693.765625,0.828125
12694.593750,0.828125
12695.390625,0.796875
12696.187500,0.796875
12696.953125,0.765625
12697.703125,0.750000
12698.437500,0.734375
12699.171875,0.734375
12699.875000,0.703125
12700.593750,0.718750
12701.312500,0.718750
12702.062500,0.750000
12702.843750,0.781250
12703.640625,0.796875
12704.375000,0.734375
12705.125000,0.750000
12705.875000,0.750000
12706.718750,0.843750
12707.531250,0.812500
12708.296875,0.765625
12709.078125,0.781250
12709.843750,0.765625
12710.593750,0.750000
12711.359375,0.765625
12712.140625,0.781250
12712.906250,0.765625
12713.640625,0.734375
12714.375000,0.734375
12715.125000,0.750000
12715.890625,0.765625
12716.671875,0.781250
12717.421875,0.750000
12718.171875,0.750000
12718.953125,0.781250
12719.765625,0.812500
12720.593750,0.828125
12721.437500,0.843750
12722.234375,0.796875
12723.015625,0.781250
12723.781250,0.765625
12724.531250,0.750000
12725.281250,0.750000
12726.000000,0.718750
12726.718750,0.718750
12727.453125,0.734375
12728.156250,0.703125
12728.875000,0.718750
12729.593750,0.718750
12730.312500,0.718750
12730.984375,0.671875
12731.671875,0.687500
12732.390625,0.718750
12733.125000,0.734375
12733.875000,0.750000
12734.593750,0.718750
12735.328125,0.734375
12736.046875,0.718750
12736.796875,0.750000
12737.515625,0.718750
12738.250000,0.734375
12738.984375,0.734375
12739.718750,0.734375
12740.437500,0.718750
12741.156250,0.718750
12741.843750,0.687500
12742.531250,0.687500
12743.234375,0.703125
12743.968750,0.734375
12744.703125,0.734375
12752.687500,0.734375
12753.437500,0.750000
12754.171875,0.734375
12754.921875,0.750000
12755.656250,0.734375
12756.343750,0.687500
12757.031250,0.687500
12757.718750,0.687500
12758.421875,0.703125
12759.156250,0.734375
12759.890625,0.734375
12760.671875,0.781250
12761.468750,0.796875
12762.250000,0.781250
12763.031250,0.781250
12763.796875,0.765625
12764.515625,0.718750
12765.234375,0.718750
12765.937500,0.703125
12766.671875,0.734375
12767.375000,0.703125
12768.062500,0.687500
12787.343750,0.781250
12788.125000,0.781250
12788.906250,0.781250
12789.671875,0.765625
12790.406250,0.734375
12791.125000,0.718750
12791.828125,0.703125
12792.546875,0.718750
12793.281250,0.734375
12794.031250,0.750000
12794.781250,0.750000
12795.531250,0.750000
12796.296875,0.765625
12843.265625,0.734375
12843.968750,0.703125
12844.656250,0.687500
12845.375000,0.718750
12846.093750,0.718750
12846.828125,0.734375
12847.562500,0.734375
12848.296875,0.734375
12849.046875,0.750000
12849.796875,0.750000
12850.531250,0.734375
12851.265625,0.734375
12852.000000,0.734375
12852.750000,0.750000
12853.484375,0.734375
12854.203125,0.718750
12854.953125,0.750000
12855.687500,0.734375
12856.421875,0.734375
12857.109375,0.687500
12857.828125,0.718750
12858.546875,0.718750
12859.250000,0.703125
12859.984375,0.734375
12860.718750,0.734375
12861.468750,0.750000
12862.218750,0.750000
12862.968750,0.750000
12863.703125,0.734375
12864.453125,0.750000
12865.203125,0.750000
12865.953125,0.750000
12866.734375,0.781250
12867.500000,0.765625
12868.281250,0.781250
12869.046875,0.765625
12888.093750,0.750000
12888.812500,0.718750
12889.546875,0.734375
12895.812500,0.656250
12896.468750,0.656250
12897.125000,0.656250
12897.828125,0.703125
12904.250000,0.718750
12904.968750,0.718750
12905.703125,0.734375
12906.468750,0.765625
12907.250000,0.781250
12911.687500,0.781250
12912.421875,0.734375
12913.187500,0.765625
12913.906250,0.718750
12914.640625,0.734375
12915.343750,0.703125
12916.062500,0.718750
12916.812500,0.750000
12917.593750,0.781250
12918.343750,0.750000
12919.109375,0.765625
12919.875000,0.765625
12920.640625,0.765625
12921.390625,0.750000
12922.171875,0.781250
12922.937500,0.765625
12923.687500,0.750000
12924.437500,0.750000
12925.187500,0.750000
12925.953125,0.765625
12926.703125,0.750000
12927.468750,0.765625
12928.250000,0.781250
12929.000000,0.750000
12929.765625,0.765625
12930.531250,0.765625
12938.890625,0.765625
12939.671875,0.781250
12940.468750,0.796875
12941.281250,0.812500
12942.093750,0.812500
12942.875000,0.781250
12943.593750,0.718750
12944.312500,0.718750
12945.046875,0.734375
12945.843750,0.796875
12946.640625,0.796875
12947.437500,0.796875
12948.250000,0.812500
12955.765625,0.828125
12956.625000,0.859375
12957.406250,0.781250
12958.187500,0.781250
12958.953125,0.765625
12959.703125,0.750000
12960.468750,0.765625
12961.234375,0.765625
12961.968750,0.734375
12962.718750,0.750000
12963.484375,0.765625
12964.250000,0.765625
12965.031250,0.781250
12965.828125,0.796875
12966.671875,0.843750
12967.500000,0.828125
12968.296875,0.796875
12969.078125,0.781250
12969.828125,0.750000
12977.453125,0.796875
12978.250000,0.796875
12979.046875,0.796875
12979.828125,0.781250
12980.593750,0.765625
12989.093750,0.812500
12989.921875,0.828125
12990.703125,0.781250
12991.437500,0.734375
12999.781250,0.703125
13000.484375,0.703125
13001.218750,0.734375
13001.984375,0.765625
13002.796875,0.812500
13003.562500,0.765625
13004.343750,0.781250
13005.109375,0.765625
13005.859375,0.750000
13018.750000,0.750000
13045.578125,0.734375
13067.281250,0.812500
13068.062500,0.781250
13068.781250,0.718750
13083.734375,0.718750
13084.437500,0.703125
13085.171875,0.734375
13097.109375,0.796875
13097.875000,0.765625
13098.593750,0.718750
13099.296875,0.703125
13100.000000,0.703125
13100.687500,0.687500
13101.390625,0.703125
13102.156250,0.765625
13102.937500,0.781250
13103.750000,0.812500
13104.578125,0.828125
13133.484375,0.750000
13134.218750,0.734375
13134.937500,0.718750
13135.671875,0.734375
13136.421875,0.750000
13137.187500,0.765625
13137.953125,0.765625
13138.687500,0.734375
13139.437500,0.750000
13140.203125,0.765625
13140.953125,0.750000
13141.718750,0.765625
13142.500000,0.781250
13143.281250,0.781250
13144.078125,0.796875
13144.843750,0.765625
13145.625000,0.781250
13146.390625,0.765625
13147.140625,0.750000
13147.890625,0.750000
13148.625000,0.734375
13149.343750,0.718750
13150.093750,0.750000
13150.796875,0.703125
13151.515625,0.718750
13152.234375,0.718750
13153.000000,0.765625
13153.734375,0.734375
13154.500000,0.765625
13155.234375,0.734375
13155.953125,0.718750
13156.656250,0.703125
13157.359375,0.703125
13158.078125,0.718750
13158.812500,0.734375
13159.531250,0.718750
13160.265625,0.734375
13160.984375,0.718750
13161.671875,0.687500
13162.343750,0.671875
13163.046875,0.703125
13163.765625,0.718750
13164.484375,0.718750
13165.218750,0.734375
13165.937500,0.718750
13166.640625,0.703125
13167.328125,0.687500
13168.046875,0.718750
13168.765625,0.718750
13169.500000,0.734375
13170.234375,0.734375
13170.968750,0.734375
13171.703125,0.734375
13172.437500,0.734375
13173.187500,0.750000
13173.921875,0.734375
13174.625000,0.703125
13175.375000,0.750000
13176.125000,0.750000
13176.906250,0.781250
13177.671875,0.765625
13178.437500,0.765625
13179.171875,0.734375
13179.921875,0.750000
13180.656250,0.734375
13181.375000,0.718750
13182.109375,0.734375
13215.718750,0.671875
13216.390625,0.671875
13224.734375,0.750000
13225.531250,0.796875
13226.375000,0.843750
13227.171875,0.796875
13227.953125,0.781250
13235.921875,0.875000
13236.828125,0.906250
13237.687500,0.859375
13238.500000,0.812500
13239.296875,0.796875
13240.046875,0.750000
13240.750000,0.703125
13241.453125,0.703125
13242.125000,0.671875
13242.781250,0.656250
13269.703125,0.843750
13270.515625,0.812500
13271.296875,0.781250
13272.093750,0.796875
13379.234375,0.734375
13380.000000,0.765625
13380.765625,0.765625
13388.687500,0.781250
13389.375000,0.687500
13428.140625,0.640625
13428.765625,0.625000
13429.406250,0.640625
13430.109375,0.703125
13430.765625,0.656250
13431.484375,0.718750
13432.171875,0.687500
13432.906250,0.734375
13433.656250,0.750000
13434.421875,0.765625
13435.218750,0.796875
13435.984375,0.765625
13436.750000,0.765625
13437.515625,0.765625
13438.312500,0.796875
13439.046875,0.734375
13439.812500,0.765625
13440.562500,0.750000
13488.703125,0.781250
13554.515625,0.609375
13555.125000,0.609375
13555.765625,0.640625
13597.687500,0.671875
13598.359375,0.671875
13599.062500,0.703125
13599.812500,0.750000
13600.562500,0.750000
13601.296875,0.734375
13602.000000,0.703125
13602.734375,0.734375
13609.953125,0.703125
13610.656250,0.703125
13611.343750,0.687500
13612.062500,0.718750
13612.640625,0.578125
13653.640625,0.703125
13654.359375,0.718750
13655.125000,0.765625
13655.906250,0.781250
13656.640625,0.734375
13657.375000,0.734375
13658.109375,0.734375
13658.843750,0.734375
13659.578125,0.734375
13660.296875,0.718750
13661.031250,0.734375
13680.750000,0.718750
13681.468750,0.718750
13682.203125,0.734375
13682.937500,0.734375
13683.625000,0.687500
13684.328125,0.703125
13693.500000,0.687500
13694.187500,0.687500
13694.890625,0.703125
13695.562500,0.671875
13724.781250,0.796875
13725.562500,0.781250
13726.312500,0.750000
13727.015625,0.703125
13727.734375,0.718750
13728.484375,0.750000
13729.250000,0.765625
13729.968750,0.718750
13730.718750,0.750000
13731.468750,0.750000
13732.250000,0.781250
13733.015625,0.765625
13733.781250,0.765625
13734.578125,0.796875
13735.375000,0.796875
13736.125000,0.750000
13736.890625,0.765625
13737.671875,0.781250
13738.437500,0.765625
13739.187500,0.750000
13739.953125,0.765625
13740.718750,0.765625
13741.437500,0.718750
13757.515625,0.687500
13758.234375,0.718750
13758.953125,0.718750
13759.718750,0.765625
13760.484375,0.765625
13761.234375,0.750000
13762.015625,0.781250
13762.828125,0.812500
13763.671875,0.843750
13764.500000,0.828125
13765.281250,0.781250
13766.078125,0.796875
13766.859375,0.781250
13767.609375,0.750000
13768.343750,0.734375
13769.062500,0.718750
13769.656250,0.593750
13773.593750,0.734375
13774.390625,0.796875
13775.187500,0.796875
13775.968750,0.781250
13776.734375,0.765625
13777.531250,0.796875
13840.781250,0.687500
13841.484375,0.703125
13842.218750,0.734375
13842.968750,0.750000
13843.703125,0.734375
13844.437500,0.734375
13845.140625,0.703125
13845.875000,0.734375
13866.609375,0.765625
13867.390625,0.781250
13868.156250,0.765625
13868.921875,0.765625
13876.375000,0.765625
13877.125000,0.750000
13877.937500,0.812500
13878.640625,0.703125
13879.515625,0.875000
13880.312500,0.796875
13881.078125,0.765625
13881.781250,0.703125
13882.515625,0.734375
13883.281250,0.765625
13884.078125,0.796875
13884.875000,0.796875
13885.671875,0.796875
13886.453125,0.781250
13887.218750,0.765625
13887.953125,0.734375
13888.562500,0.609375
13889.421875,0.859375
13890.093750,0.671875
13890.781250,0.687500
13891.515625,0.734375
13892.281250,0.765625
13893.046875,0.765625
13901.562500,0.750000
13902.312500,0.750000
13903.046875,0.734375
13903.781250,0.734375
13904.468750,0.687500
13927.625000,0.750000
13928.328125,0.703125
13929.156250,0.828125
13929.953125,0.796875
13930.687500,0.734375
13931.484375,0.796875
13936.484375,0.625000
13937.312500,0.828125
13938.031250,0.718750
13938.796875,0.765625
13939.546875,0.750000
13940.312500,0.765625
13941.078125,0.765625
13941.828125,0.750000
13942.578125,0.750000
13943.343750,0.765625
13944.093750,0.750000
13944.859375,0.765625
13945.656250,0.796875
13946.421875,0.765625
13947.203125,0.781250
13948.015625,0.812500
13948.843750,0.828125
13949.656250,0.812500
13950.437500,0.781250
13951.203125,0.765625
13951.921875,0.718750
13952.609375,0.687500
13953.343750,0.734375
13958.609375,0.812500
13959.421875,0.812500
13960.203125,0.781250
13961.031250,0.828125
13961.859375,0.828125
13962.656250,0.796875
13963.421875,0.765625
13976.328125,0.843750
13977.078125,0.750000
13977.843750,0.765625
13978.625000,0.781250
13988.890625,0.750000
13989.625000,0.734375
13990.390625,0.765625
13991.156250,0.765625
13991.937500,0.781250
13992.703125,0.765625
14002.796875,0.781250
14003.671875,0.875000
14004.468750,0.796875
14005.265625,0.796875
14006.093750,0.828125
14006.859375,0.765625
14007.671875,0.812500
14008.500000,0.828125
14009.296875,0.796875
14010.078125,0.781250
14010.875000,0.796875
14011.671875,0.796875
14012.453125,0.781250
14013.234375,0.781250
14014.046875,0.812500
14014.859375,0.812500
14015.609375,0.750000
14016.390625,0.781250
14017.203125,0.812500
14018.031250,0.828125
14047.187500,0.781250
14047.937500,0.750000
14056.000000,0.687500
14056.687500,0.687500
14057.359375,0.671875
14058.015625,0.656250
14058.703125,0.687500
14080.125000,0.750000
14080.843750,0.718750
14081.562500,0.718750
14082.312500,0.750000
14083.093750,0.781250
14083.859375,0.765625
14084.578125,0.718750
14085.265625,0.687500
14085.953125,0.687500
14086.656250,0.703125
14087.390625,0.734375
14102.953125,0.765625
14103.750000,0.796875
14104.562500,0.812500
14105.375000,0.812500
14106.187500,0.812500
14107.000000,0.812500
14116.453125,0.750000
14117.171875,0.718750
14117.906250,0.734375
14118.671875,0.765625
14119.406250,0.734375
14120.171875,0.765625
14120.937500,0.765625
14130.781250,0.687500
14131.531250,0.750000
14132.375000,0.843750
14133.296875,0.921875
14134.015625,0.718750
14134.937500,0.921875
14135.734375,0.796875
14158.406250,0.718750
14222.203125,0.703125
14222.906250,0.703125
14233.203125,0.765625
14233.921875,0.718750
14245.781250,0.671875
14246.546875,0.765625
14247.281250,0.734375
14247.968750,0.687500
14248.656250,0.687500
14302.906250,0.671875
14309.500000,0.765625
14321.328125,0.734375
14322.015625,0.687500
14322.750000,0.734375
14323.531250,0.781250
14324.375000,0.843750
14325.218750,0.843750
14326.015625,0.796875
14326.843750,0.828125
14327.687500,0.843750
14328.500000,0.812500
14348.046875,0.765625
14348.796875,0.750000
14349.625000,0.828125
14350.421875,0.796875
14351.171875,0.750000
14351.968750,0.796875
14352.703125,0.734375
14353.453125,0.750000
14354.187500,0.734375
14354.968750,0.781250
14355.765625,0.796875
14372.828125,0.765625
14373.609375,0.781250
14374.375000,0.765625
14375.156250,0.781250
14445.421875,0.765625
14446.234375,0.812500
14447.031250,0.796875
14447.781250,0.750000
14448.515625,0.734375
14449.281250,0.765625
14450.125000,0.843750
14450.921875,0.796875
14451.718750,0.796875
14452.500000,0.781250
14453.296875,0.796875
14454.062500,0.765625
14461.031250,0.734375
14461.750000,0.718750
14462.453125,0.703125
14463.140625,0.687500
14463.875000,0.734375
14464.625000,0.750000
14541.234375,0.765625
14541.968750,0.734375
14542.671875,0.703125
14543.375000,0.703125
14544.062500,0.687500
14544.812500,0.750000
14545.593750,0.781250
14546.343750,0.750000
14547.078125,0.734375
14547.828125,0.750000
14548.625000,0.796875
14549.437500,0.812500
14556.843750,0.687500
14557.531250,0.687500
14558.250000,0.718750
14558.796875,0.546875
14562.546875,0.750000
14563.312500,0.765625
14564.078125,0.765625
14564.796875,0.718750
14565.484375,0.687500
14566.187500,0.703125
14566.906250,0.718750
14567.687500,0.781250
14568.484375,0.796875
14569.265625,0.781250
14570.015625,0.750000
14570.750000,0.734375
14571.515625,0.765625
14572.281250,0.765625
14573.046875,0.765625
14573.765625,0.718750
14574.515625,0.750000
14575.265625,0.750000
14576.031250,0.765625
14576.796875,0.765625
14577.562500,0.765625
14578.265625,0.703125
14578.984375,0.718750
14579.687500,0.703125
14580.375000,0.687500
14581.109375,0.734375
14581.953125,0.843750
14609.312500,0.828125
14610.093750,0.781250
14627.625000,0.812500
14628.390625,0.765625
14629.156250,0.765625
14629.937500,0.781250
14630.750000,0.812500
14631.593750,0.843750
14632.421875,0.828125
14633.218750,0.796875
14634.015625,0.796875
14634.796875,0.781250
14635.578125,0.781250
14636.296875,0.718750
14652.250000,0.734375
14652.953125,0.703125
14653.656250,0.703125
14654.359375,0.703125
14655.125000,0.765625
14655.953125,0.828125
14656.859375,0.906250
14657.750000,0.890625
14658.578125,0.828125
14659.406250,0.828125
14660.203125,0.796875
14660.968750,0.765625
14661.718750,0.750000
14662.453125,0.734375
14663.171875,0.718750
14679.609375,0.812500
14680.406250,0.796875
14681.203125,0.796875
14681.984375,0.781250
14682.765625,0.781250
14683.546875,0.781250
14684.328125,0.781250
14685.062500,0.734375
14685.781250,0.718750
14686.484375,0.703125
14687.187500,0.703125
14687.953125,0.765625
14688.828125,0.875000
14689.718750,0.890625
14690.609375,0.890625
14691.453125,0.843750
14692.281250,0.828125
14693.062500,0.781250
14693.812500,0.750000
14694.515625,0.703125
14695.218750,0.703125
14695.937500,0.718750
14696.671875,0.734375
14697.390625,0.718750
14698.156250,0.765625
14698.875000,0.718750
14699.609375,0.734375
14700.312500,0.703125
14701.000000,0.687500
14701.671875,0.671875
14702.359375,0.687500
14703.062500,0.703125
14703.796875,0.734375
14704.578125,0.781250
14705.343750,0.765625
14706.062500,0.718750
14706.796875,0.734375
14707.546875,0.750000
14708.296875,0.750000
14709.031250,0.734375
14709.765625,0.734375
14710.453125,0.687500
14711.156250,0.703125
14711.859375,0.703125
14774.921875,0.671875
14775.593750,0.671875
14776.265625,0.671875
14776.937500,0.671875
14777.625000,0.687500
14778.312500,0.687500
14779.031250,0.718750
14779.765625,0.734375
14780.500000,0.734375
14781.203125,0.703125
14803.953125,0.734375
14804.718750,0.765625
14805.515625,0.796875
14806.296875,0.781250
14807.046875,0.750000
14807.796875,0.750000
14808.546875,0.750000
14809.281250,0.734375
14810.031250,0.750000
14845.437500,0.750000
14846.156250,0.718750
14846.906250,0.750000
14847.640625,0.734375
14848.406250,0.765625
14849.140625,0.734375
14849.890625,0.750000
14850.578125,0.687500
14851.312500,0.734375
14852.046875,0.734375
14852.781250,0.734375
14853.531250,0.750000
14854.296875,0.765625
14855.046875,0.750000
14855.796875,0.750000
14856.546875,0.750000
14857.312500,0.765625
14858.062500,0.750000
14858.812500,0.750000
14859.562500,0.750000
14860.328125,0.765625
14861.078125,0.750000
14861.859375,0.781250
14862.671875,0.812500
14863.484375,0.812500
14864.296875,0.812500
14865.093750,0.796875
14865.859375,0.765625
14866.640625,0.781250
14867.390625,0.750000
14868.125000,0.734375
14868.859375,0.734375
14869.546875,0.687500
14870.234375,0.687500
14870.953125,0.718750
14871.703125,0.750000
14872.453125,0.750000
14873.218750,0.765625
14874.031250,0.812500
14874.890625,0.859375
14875.640625,0.750000
14876.406250,0.765625
14877.171875,0.765625
14877.921875,0.750000
14878.671875,0.750000
14879.406250,0.734375
14880.156250,0.750000
14880.843750,0.687500
14881.546875,0.703125
14882.265625,0.718750
14882.984375,0.718750
14883.765625,0.781250
14884.578125,0.812500
14885.421875,0.843750
14886.234375,0.812500
14887.046875,0.812500
14887.828125,0.781250
14888.546875,0.718750
14889.265625,0.718750
14889.984375,0.718750
14890.718750,0.734375
14891.453125,0.734375
14892.203125,0.750000
14892.953125,0.750000
14893.703125,0.750000
14894.437500,0.734375
14895.125000,0.687500
14895.812500,0.687500
14896.531250,0.718750
14897.265625,0.734375
14898.062500,0.796875
14898.812500,0.750000
14899.562500,0.750000
14900.296875,0.734375
14900.984375,0.687500
14901.734375,0.750000
14902.531250,0.796875
14903.312500,0.781250
14904.062500,0.750000
14904.796875,0.734375
14905.531250,0.734375
14906.281250,0.750000
14907.031250,0.750000
14907.765625,0.734375
14908.531250,0.765625
14909.328125,0.796875
14910.093750,0.765625
14910.859375,0.765625
14911.609375,0.750000
14912.343750,0.734375
14913.062500,0.718750
14913.796875,0.734375
14914.531250,0.734375
14915.281250,0.750000
14916.031250,0.750000
14916.781250,0.750000
14917.515625,0.734375
14918.203125,0.687500
14918.890625,0.687500
14919.562500,0.671875
14920.281250,0.718750
14921.031250,0.750000
14921.859375,0.828125
14922.718750,0.859375
14923.531250,0.812500
14924.281250,0.750000
14925.046875,0.765625
14939.609375,0.718750
14940.343750,0.734375
14946.906250,0.734375
14947.640625,0.734375
14948.390625,0.750000
14949.093750,0.703125
14949.781250,0.687500
14950.484375,0.703125
14951.187500,0.703125
14951.875000,0.687500
14952.562500,0.687500
14953.234375,0.671875
14953.921875,0.687500
14954.625000,0.703125
14955.390625,0.765625
14956.140625,0.750000
14956.875000,0.734375
14957.578125,0.703125
14965.453125,0.875000
14966.250000,0.796875
14967.015625,0.765625
14967.781250,0.765625
14968.562500,0.781250
14969.328125,0.765625
14970.109375,0.781250
14970.859375,0.750000
14971.578125,0.718750
14972.312500,0.734375
14973.046875,0.734375
14973.812500,0.765625
14974.578125,0.765625
14975.328125,0.750000
14976.078125,0.750000
14976.843750,0.765625
14977.640625,0.796875
14978.421875,0.781250
14979.203125,0.781250
14979.953125,0.750000
14980.703125,0.750000
14981.484375,0.781250
14982.281250,0.796875
14983.031250,0.750000
14992.000000,0.812500
14992.812500,0.812500
14993.593750,0.781250
14994.375000,0.781250
14995.140625,0.765625
14995.921875,0.781250
14996.703125,0.781250
14997.484375,0.781250
14998.234375,0.750000
14998.953125,0.718750
14999.625000,0.671875
15000.296875,0.671875
15000.968750,0.671875
15001.625000,0.656250
15002.296875,0.671875
15003.000000,0.703125
15003.750000,0.750000
15004.484375,0.734375
15005.234375,0.750000
15006.031250,0.796875
15006.812500,0.781250
15007.546875,0.734375
15008.281250,0.734375
15009.000000,0.718750
15009.703125,0.703125
15010.406250,0.703125
15011.093750,0.687500
15011.812500,0.718750
15012.531250,0.718750
15013.234375,0.703125
15013.953125,0.718750
15014.718750,0.765625
15015.468750,0.750000
15016.187500,0.718750
15016.906250,0.718750
15017.640625,0.734375
15018.359375,0.718750
15019.093750,0.734375
15019.796875,0.703125
15020.484375,0.687500
15021.171875,0.687500
15033.578125,0.609375
15047.109375,0.718750
15047.843750,0.734375
15048.625000,0.781250
15080.296875,0.796875
15080.921875,0.625000
15089.812500,0.765625
15090.578125,0.765625
15091.375000,0.796875
15092.156250,0.781250
15117.562500,0.765625
15118.296875,0.734375
15119.031250,0.734375
15119.812500,0.781250
15120.609375,0.796875
15121.390625,0.781250
15122.156250,0.765625
15122.921875,0.765625
15123.687500,0.765625
15124.437500,0.750000
15125.234375,0.796875
15126.015625,0.781250
15126.781250,0.765625
15127.562500,0.781250
15128.343750,0.781250
15129.125000,0.781250
15129.921875,0.796875
15130.703125,0.781250
15131.484375,0.781250
15132.281250,0.796875
15133.046875,0.765625
15133.843750,0.796875
15140.906250,0.765625
15151.500000,0.687500
15152.203125,0.703125
15152.921875,0.718750
15153.625000,0.703125
15154.328125,0.703125
15155.078125,0.750000
15155.843750,0.765625
15156.625000,0.781250
15157.437500,0.812500
15173.500000,0.765625
15174.281250,0.781250
15210.937500,0.796875
15211.734375,0.796875
15212.531250,0.796875
15242.843750,0.703125
15243.546875,0.703125
15244.265625,0.718750
15245.000000,0.734375
15245.750000,0.750000
15246.500000,0.750000
15247.265625,0.765625
15248.046875,0.781250
15248.875000,0.828125
15249.687500,0.812500
15250.531250,0.843750
15251.421875,0.890625
15252.250000,0.828125
15253.109375,0.859375
15253.968750,0.859375
15254.828125,0.859375
15255.671875,0.843750
15256.578125,0.906250
15257.421875,0.843750
15258.281250,0.859375
15259.156250,0.875000
15259.984375,0.828125
15266.921875,0.796875
15267.734375,0.812500
15268.531250,0.796875
15269.312500,0.781250
15270.109375,0.796875
15270.859375,0.750000
15271.625000,0.765625
15272.406250,0.781250
15273.250000,0.843750
15282.890625,0.828125
15283.671875,0.781250
15284.468750,0.796875
15285.265625,0.796875
15286.062500,0.796875
15286.890625,0.828125
15287.718750,0.828125
15288.531250,0.812500
15289.359375,0.828125
15290.187500,0.828125
15290.984375,0.796875
15291.781250,0.796875
15292.625000,0.843750
15293.437500,0.812500
15294.265625,0.828125
15295.140625,0.875000
15296.015625,0.875000
15296.875000,0.859375
15297.718750,0.843750
15298.531250,0.812500
15299.390625,0.859375
15300.281250,0.890625
15301.140625,0.859375
15302.015625,0.875000
15302.906250,0.890625
15303.765625,0.859375
15304.640625,0.875000
15305.515625,0.875000
15306.343750,0.828125
15307.187500,0.843750
15308.031250,0.843750
15308.796875,0.765625
15309.578125,0.781250
15310.375000,0.796875
15311.203125,0.828125
15312.031250,0.828125
15312.906250,0.875000
15313.781250,0.875000
15314.609375,0.828125
15315.453125,0.843750
15316.281250,0.828125
15317.093750,0.812500
15317.921875,0.828125
15318.734375,0.812500
15319.515625,0.781250
15320.312500,0.796875
15321.109375,0.796875
15321.875000,0.765625
15322.671875,0.796875
15323.515625,0.843750
15324.406250,0.890625
15325.265625,0.859375
15326.156250,0.890625
15327.015625,0.859375
15327.843750,0.828125
15328.687500,0.843750
15329.500000,0.812500
15330.281250,0.781250
15331.093750,0.812500
15331.921875,0.828125
15332.718750,0.796875
15333.546875,0.828125
15334.375000,0.828125
15342.703125,0.796875
15343.468750,0.765625
15344.265625,0.796875
15345.031250,0.765625
15345.812500,0.781250
15346.593750,0.781250
15347.390625,0.796875
15348.171875,0.781250
15348.968750,0.796875
15349.750000,0.781250
15350.578125,0.828125
15351.421875,0.843750
15352.296875,0.875000
15353.203125,0.906250
15354.046875,0.843750
15354.859375,0.812500
15355.703125,0.843750
15356.515625,0.812500
15357.328125,0.812500
15358.156250,0.828125
15358.968750,0.812500
15359.765625,0.796875
15360.593750,0.828125
15361.421875,0.828125
15362.234375,0.812500
15363.031250,0.796875
15363.843750,0.812500
15364.687500,0.843750
15365.500000,0.812500
15366.296875,0.796875
15367.109375,0.812500
15367.937500,0.828125
15368.750000,0.812500
15369.562500,0.812500
15370.390625,0.828125
15371.234375,0.843750
15372.062500,0.828125
15372.875000,0.812500
15373.718750,0.843750
15374.546875,0.828125
15381.609375,0.812500
15382.437500,0.828125
15383.234375,0.796875
15384.015625,0.781250
15384.750000,0.734375
15385.500000,0.750000
15386.250000,0.750000
15387.031250,0.781250
15394.000000,0.765625
15394.750000,0.750000
15395.484375,0.734375
15403.203125,0.687500
15403.890625,0.687500
15404.578125,0.687500
15405.296875,0.718750
15425.937500,0.906250
15426.828125,0.890625
15427.703125,0.875000
15428.546875,0.843750
15429.375000,0.828125
15430.187500,0.812500
15430.953125,0.765625
15431.703125,0.750000
15444.531250,0.859375
15445.359375,0.828125
15446.140625,0.781250
15446.937500,0.796875
15447.718750,0.781250
15460.281250,0.796875
15461.078125,0.796875
15461.890625,0.812500
15462.671875,0.781250
15463.500000,0.828125
15464.343750,0.843750
15465.234375,0.890625
15466.125000,0.890625
15466.921875,0.796875
15467.671875,0.750000
15468.421875,0.750000
15469.187500,0.765625
15469.953125,0.765625
15470.750000,0.796875
15471.578125,0.828125
15472.406250,0.828125
15473.187500,0.781250
15473.984375,0.796875
15474.796875,0.812500
15475.609375,0.812500
15476.453125,0.843750
15477.359375,0.906250
15478.218750,0.859375
15479.078125,0.859375
15479.953125,0.875000
15480.781250,0.828125
15481.578125,0.796875
15482.406250,0.828125
15483.187500,0.781250
15483.953125,0.765625
15484.671875,0.718750
15485.375000,0.703125
15486.093750,0.718750
15486.812500,0.718750
15487.531250,0.718750
15488.281250,0.750000
15489.031250,0.750000
15489.781250,0.750000
15490.562500,0.781250
15491.390625,0.828125
15492.187500,0.796875
15493.000000,0.812500
15493.828125,0.828125
15494.625000,0.796875
15495.406250,0.781250
15496.218750,0.812500
15497.046875,0.828125
15497.875000,0.828125
15498.703125,0.828125
15499.546875,0.843750
15500.359375,0.812500
15501.171875,0.812500
15502.015625,0.843750
15502.828125,0.812500
15503.656250,0.828125
15504.500000,0.843750
15505.359375,0.859375
15506.171875,0.812500
15507.015625,0.843750
15507.859375,0.843750
15508.656250,0.796875
15509.468750,0.812500
15510.281250,0.812500
15511.078125,0.796875
15511.890625,0.812500
15512.687500,0.796875
15513.500000,0.812500
15514.296875,0.796875
15515.093750,0.796875
15515.921875,0.828125
15516.718750,0.796875
15517.531250,0.812500
15518.343750,0.812500
15519.140625,0.796875
15519.937500,0.796875
15520.750000,0.812500
15521.546875,0.796875
15522.328125,0.781250
15523.125000,0.796875
15523.921875,0.796875
15524.718750,0.796875
15525.531250,0.812500
15526.328125,0.796875
15527.109375,0.781250
15527.890625,0.781250
15528.687500,0.796875
15529.437500,0.750000
15530.218750,0.781250
15531.015625,0.796875
15531.781250,0.765625
15532.546875,0.765625
15533.312500,0.765625
15534.093750,0.781250
15534.859375,0.765625
15535.640625,0.781250
15536.421875,0.781250
15537.203125,0.781250
15537.984375,0.781250
15538.765625,0.781250
15539.500000,0.734375
15540.250000,0.750000
15541.015625,0.765625
15541.812500,0.796875
15542.609375,0.796875
15543.406250,0.796875
15544.218750,0.812500
15545.015625,0.796875
15545.828125,0.812500
15546.640625,0.812500
15547.468750,0.828125
15548.265625,0.796875
15549.093750,0.828125
15549.937500,0.843750
15550.750000,0.812500
15551.578125,0.828125
15552.437500,0.859375
15553.265625,0.828125
15554.078125,0.812500
15554.906250,0.828125
15555.734375,0.828125
15556.546875,0.812500
15557.359375,0.812500
15566.859375,0.781250
15567.656250,0.796875
15568.437500,0.781250
15569.187500,0.750000
15569.953125,0.765625
15579.406250,0.687500
15580.078125,0.671875
15580.781250,0.703125
15581.468750,0.687500
15582.187500,0.718750
15582.906250,0.718750
15583.625000,0.718750
15584.343750,0.718750
15585.078125,0.734375
15585.812500,0.734375
15586.578125,0.765625
15587.328125,0.750000
15588.078125,0.750000
15588.843750,0.765625
15589.593750,0.750000
15590.343750,0.750000
15591.109375,0.765625
15591.875000,0.765625
15592.640625,0.765625
15599.781250,0.812500
15600.578125,0.796875
15601.390625,0.812500
15602.218750,0.828125
15603.046875,0.828125
15603.859375,0.812500
15604.687500,0.828125
15605.531250,0.843750
15606.359375,0.828125
15607.156250,0.796875
15608.046875,0.890625
15608.859375,0.812500
15609.671875,0.812500
15610.500000,0.828125
15611.343750,0.843750
15612.171875,0.828125
15612.968750,0.796875
15613.781250,0.812500
15614.625000,0.843750
15615.406250,0.781250
15616.234375,0.828125
15617.078125,0.843750
15623.828125,0.859375
15624.656250,0.828125
15625.453125,0.796875
15626.265625,0.812500
15627.140625,0.875000
15628.031250,0.890625
15628.921875,0.890625
15629.750000,0.828125
15630.578125,0.828125
15631.421875,0.843750
15632.328125,0.906250
15633.234375,0.906250
15634.078125,0.843750
15634.890625,0.812500
15635.671875,0.781250
15636.484375,0.812500
15637.250000,0.765625
15638.031250,0.781250
15638.812500,0.781250
15648.859375,0.765625
15649.625000,0.765625
15650.375000,0.750000
15651.140625,0.765625
15651.890625,0.750000
15652.593750,0.703125
15653.312500,0.718750
15654.031250,0.718750
15654.765625,0.734375
15655.468750,0.703125
15656.187500,0.718750
15656.890625,0.703125
15657.609375,0.718750
15658.312500,0.703125
15659.000000,0.687500
15659.703125,0.703125
15660.421875,0.718750
15661.140625,0.718750
15661.921875,0.781250
15662.718750,0.796875
15663.500000,0.781250
15664.296875,0.796875
15665.156250,0.859375
15666.015625,0.859375
15666.843750,0.828125
15667.703125,0.859375
15668.562500,0.859375
15669.390625,0.828125
15670.234375,0.843750
15671.093750,0.859375
15671.953125,0.859375
15672.796875,0.843750
15673.640625,0.843750
15674.484375,0.843750
15675.281250,0.796875
15676.093750,0.812500
15676.921875,0.828125
15677.750000,0.828125
15678.578125,0.828125
15679.406250,0.828125
15680.203125,0.796875
15680.968750,0.765625
15681.750000,0.781250
15682.562500,0.812500
15683.359375,0.796875
15684.171875,0.812500
15685.000000,0.828125
15685.781250,0.781250
15686.578125,0.796875
15687.359375,0.781250
15688.156250,0.796875
15688.921875,0.765625
15689.687500,0.765625
15690.500000,0.812500
15691.265625,0.765625
15701.796875,0.718750
15702.531250,0.734375
15703.281250,0.750000
15704.046875,0.765625
15704.859375,0.812500
15705.687500,0.828125
15706.500000,0.812500
15707.281250,0.781250
15708.078125,0.796875
15708.859375,0.781250
15709.625000,0.765625
15710.390625,0.765625
15711.156250,0.765625
15711.921875,0.765625
15712.671875,0.750000
15713.453125,0.781250
15714.234375,0.781250
15715.000000,0.765625
15715.765625,0.765625
15716.531250,0.765625
15717.281250,0.750000
15718.046875,0.765625
15718.812500,0.765625
15719.593750,0.781250
15720.328125,0.734375
15721.078125,0.750000
15721.843750,0.765625
15722.625000,0.781250
15723.390625,0.765625
15724.187500,0.796875
15724.968750,0.781250
15725.734375,0.765625
15726.515625,0.781250
15733.421875,0.781250
15734.171875,0.750000
15734.937500,0.765625
15735.734375,0.796875
15736.500000,0.765625
15737.281250,0.781250
15738.093750,0.812500
15738.890625,0.796875
15739.671875,0.781250
15740.484375,0.812500
15741.296875,0.812500
15742.125000,0.828125
15742.921875,0.796875
15743.687500,0.765625
15744.453125,0.765625
15745.187500,0.734375
15745.937500,0.750000
15746.734375,0.796875
15747.609375,0.875000
15748.500000,0.890625
15749.390625,0.890625
15750.203125,0.812500
15751.015625,0.812500
15751.843750,0.828125
15752.625000,0.781250
15753.406250,0.781250
15754.203125,0.796875
15755.015625,0.812500
15755.875000,0.859375
15756.703125,0.828125
15757.531250,0.828125
15758.312500,0.781250
15759.093750,0.781250
15759.890625,0.796875
15760.718750,0.828125
15761.500000,0.781250
15762.328125,0.828125
15763.140625,0.812500
15763.953125,0.812500
15764.765625,0.812500
15765.562500,0.796875
15766.406250,0.843750
15767.203125,0.796875
15768.000000,0.796875
15768.812500,0.812500
15769.687500,0.875000
15770.593750,0.906250
15771.421875,0.828125
15772.296875,0.875000
15773.218750,0.921875
15774.171875,0.953125
15783.890625,0.828125
15784.718750,0.828125
15785.531250,0.812500
15786.296875,0.765625
15787.078125,0.781250
15787.875000,0.796875
15788.671875,0.796875
15789.453125,0.781250
15790.281250,0.828125
15791.125000,0.843750
15791.937500,0.812500
15792.796875,0.859375
15793.625000,0.828125
15794.421875,0.796875
15795.234375,0.812500
15796.046875,0.812500
15796.828125,0.781250
15797.640625,0.812500
15798.484375,0.843750
15799.281250,0.796875
15800.078125,0.796875
15800.859375,0.781250
15801.578125,0.718750
15810.406250,0.750000
15811.140625,0.734375
15811.890625,0.750000
15812.656250,0.765625
15813.406250,0.750000
15814.156250,0.750000
15814.937500,0.781250
15815.718750,0.781250
15824.812500,0.796875
15825.625000,0.812500
15826.453125,0.828125
15827.281250,0.828125
15828.031250,0.750000
15828.843750,0.812500
15829.609375,0.765625
15830.375000,0.765625
15831.125000,0.750000
15831.890625,0.765625
15832.671875,0.781250
15833.421875,0.750000
15834.187500,0.765625
15834.968750,0.781250
15835.750000,0.781250
15836.500000,0.750000
15837.265625,0.765625
15838.062500,0.796875
15856.921875,0.828125
15857.734375,0.812500
15858.484375,0.750000
15859.218750,0.734375
15859.984375,0.765625
15860.765625,0.781250
15861.546875,0.781250
15862.265625,0.718750
15862.953125,0.687500
15863.640625,0.687500
15864.437500,0.796875
15869.234375,0.875000
15870.078125,0.843750
15870.890625,0.812500
15871.703125,0.812500
15872.500000,0.796875
15882.406250,0.812500
15883.187500,0.781250
15883.984375,0.796875
15884.828125,0.843750
15885.640625,0.812500
15886.406250,0.765625
15887.156250,0.750000
15887.921875,0.765625
15888.656250,0.734375
15889.406250,0.750000
15890.203125,0.796875
15891.000000,0.796875
15891.765625,0.765625
15892.546875,0.781250
15893.343750,0.796875
15894.093750,0.750000
15894.859375,0.765625
15895.640625,0.781250
15896.406250,0.765625
15897.171875,0.765625
15897.937500,0.765625
15898.718750,0.781250
15899.500000,0.781250
15900.281250,0.781250
15901.062500,0.781250
15901.843750,0.781250
15902.609375,0.765625
15903.359375,0.750000
15904.109375,0.750000
15904.843750,0.734375
15905.562500,0.718750
15906.281250,0.718750
15907.000000,0.718750
15907.796875,0.796875
15908.578125,0.781250
15923.312500,0.750000
15924.062500,0.750000
15924.796875,0.734375
15925.531250,0.734375
15926.281250,0.750000
15927.046875,0.765625
15927.812500,0.765625
15928.578125,0.765625
15929.343750,0.765625
15930.109375,0.765625
15930.875000,0.765625
15931.640625,0.765625
15932.421875,0.781250
15933.171875,0.750000
15933.921875,0.750000
15934.671875,0.750000
15935.421875,0.750000
15936.125000,0.703125
15936.859375,0.734375
15937.625000,0.765625
15938.375000,0.750000
15939.140625,0.765625
15939.906250,0.765625
15940.687500,0.781250
15941.437500,0.750000
15942.203125,0.765625
15942.984375,0.781250
15943.750000,0.765625
15944.500000,0.750000
15945.250000,0.750000
15946.031250,0.781250
15946.765625,0.734375
15947.515625,0.750000
15948.281250,0.765625
15949.046875,0.765625
15949.812500,0.765625
15950.578125,0.765625
15951.375000,0.796875
15952.156250,0.781250
15952.921875,0.765625
15953.687500,0.765625
15954.500000,0.812500
15955.281250,0.781250
15956.031250,0.750000
15956.796875,0.765625
15957.546875,0.750000
15958.296875,0.750000
15959.031250,0.734375
15959.812500,0.781250
15960.640625,0.828125
15961.421875,0.781250
15962.218750,0.796875
15963.031250,0.812500
15963.828125,0.796875
15964.593750,0.765625
15965.375000,0.781250
15974.078125,0.703125
15974.828125,0.750000
15975.625000,0.796875
15976.406250,0.781250
15977.171875,0.765625
15977.937500,0.765625
15978.781250,0.843750
15979.625000,0.843750
15980.437500,0.812500
15981.265625,0.828125
15982.093750,0.828125
15982.921875,0.828125
15983.734375,0.812500
15984.531250,0.796875
15985.359375,0.828125
15986.187500,0.828125
15987.015625,0.828125
15987.859375,0.843750
15988.718750,0.859375
15989.546875,0.828125
15999.890625,0.812500
16000.734375,0.843750
16001.515625,0.781250
16002.312500,0.796875
16003.125000,0.812500
16003.937500,0.812500
16004.750000,0.812500
16005.578125,0.828125
16006.421875,0.843750
16007.234375,0.812500
16008.046875,0.812500
16008.875000,0.828125
16009.703125,0.828125
16010.500000,0.796875
16011.281250,0.781250
16012.125000,0.843750
16012.937500,0.812500
16013.750000,0.812500
16014.546875,0.796875
16015.390625,0.843750
16016.171875,0.781250
16016.984375,0.812500
16017.781250,0.796875
16018.562500,0.781250
16019.328125,0.765625
16020.109375,0.781250
16020.921875,0.812500
16021.687500,0.765625
16022.468750,0.781250
16023.296875,0.828125
16024.156250,0.859375
16024.953125,0.796875
16025.765625,0.812500
16026.593750,0.828125
16027.375000,0.781250
16028.140625,0.765625
16028.921875,0.781250
16029.734375,0.812500
16030.515625,0.781250
16031.312500,0.796875
16032.125000,0.812500
16032.953125,0.828125
16033.765625,0.812500
16034.578125,0.812500
16035.453125,0.875000
16036.312500,0.859375
16037.140625,0.828125
16037.968750,0.828125
16038.765625,0.796875
16039.546875,0.781250
16040.328125,0.781250
16041.125000,0.796875
16041.968750,0.843750
16042.781250,0.812500
16043.578125,0.796875
16044.437500,0.859375
16045.265625,0.828125
16046.046875,0.781250
16046.843750,0.796875
16047.671875,0.828125
16048.453125,0.781250
16049.250000,0.796875
16050.078125,0.828125
16050.921875,0.843750
16051.718750,0.796875
16052.531250,0.812500
16053.359375,0.828125
16054.203125,0.843750
16055.000000,0.796875
16055.796875,0.796875
16056.609375,0.812500
16057.406250,0.796875
16058.171875,0.765625
16058.937500,0.765625
16059.750000,0.812500
16060.578125,0.828125
16061.390625,0.812500
16062.203125,0.812500
16063.015625,0.812500
16063.828125,0.812500
16064.609375,0.781250
16065.390625,0.781250
16066.171875,0.781250
16066.953125,0.781250
16067.734375,0.781250
16068.531250,0.796875
16069.312500,0.781250
16070.109375,0.796875
16070.937500,0.828125
16071.765625,0.828125
16072.562500,0.796875
16073.343750,0.781250
16074.125000,0.781250
16074.906250,0.781250
16075.656250,0.750000
16076.437500,0.781250
16077.234375,0.796875
16078.031250,0.796875
16078.796875,0.765625
16079.578125,0.781250
16080.343750,0.765625
16081.109375,0.765625
16081.859375,0.750000
16082.609375,0.750000
16083.375000,0.765625
16084.125000,0.750000
16084.890625,0.765625
16085.671875,0.781250
16086.453125,0.781250
16087.218750,0.765625
16087.968750,0.750000
16088.734375,0.765625
16089.546875,0.812500
16090.343750,0.796875
16091.156250,0.812500
16092.000000,0.843750
16092.859375,0.859375
16093.687500,0.828125
16094.484375,0.796875
16095.281250,0.796875
16096.062500,0.781250
16096.812500,0.750000
16097.578125,0.765625
16098.328125,0.750000
16099.093750,0.765625
16099.843750,0.750000
16100.609375,0.765625
16101.390625,0.781250
16102.156250,0.765625
16102.906250,0.750000
16103.671875,0.765625
16104.421875,0.750000
16105.156250,0.734375
16105.890625,0.734375
16106.625000,0.734375
16107.359375,0.734375
16108.093750,0.734375
16117.296875,0.750000
16118.062500,0.765625
16118.906250,0.843750
16119.796875,0.890625
16120.640625,0.843750
16121.421875,0.781250
16122.265625,0.843750
16123.109375,0.843750
16123.875000,0.765625
16124.656250,0.781250
16125.421875,0.765625
16126.218750,0.796875
16126.968750,0.750000
16127.750000,0.781250
16128.578125,0.828125
16129.390625,0.812500
16130.187500,0.796875
16130.984375,0.796875
16131.781250,0.796875
16132.562500,0.781250
16133.343750,0.781250
16134.156250,0.812500
16134.953125,0.796875
16135.750000,0.796875
16136.562500,0.812500
16137.406250,0.843750
16138.171875,0.765625
16138.953125,0.781250
16139.687500,0.734375
16148.484375,0.750000
16149.234375,0.750000
16149.968750,0.734375
16150.703125,0.734375
16151.468750,0.765625
16152.250000,0.781250
16153.015625,0.765625
16153.781250,0.765625
16154.546875,0.765625
16155.328125,0.781250
16156.093750,0.765625
16156.859375,0.765625
16157.687500,0.828125
16158.500000,0.812500
16159.281250,0.781250
16160.078125,0.796875
16160.875000,0.796875
16161.656250,0.781250
16162.437500,0.781250
16163.218750,0.781250
16164.015625,0.796875
16164.796875,0.781250
16165.593750,0.796875
16166.390625,0.796875
16167.187500,0.796875
16167.968750,0.781250
16168.750000,0.781250
16169.531250,0.781250
16170.328125,0.796875
16171.093750,0.765625
16171.859375,0.765625
16172.625000,0.765625
16173.406250,0.781250
16174.156250,0.750000
16174.921875,0.765625
16175.703125,0.781250
16176.468750,0.765625
16177.234375,0.765625
16178.031250,0.796875
16178.828125,0.796875
16179.609375,0.781250
16180.375000,0.765625
16181.140625,0.765625
16181.921875,0.781250
16182.671875,0.750000
16183.421875,0.750000
16184.218750,0.796875
16184.984375,0.765625
16185.750000,0.765625
16186.531250,0.781250
16187.312500,0.781250
16188.062500,0.750000
16188.828125,0.765625
16189.578125,0.750000
16190.343750,0.765625
16191.078125,0.734375
16191.828125,0.750000
16192.593750,0.765625
16193.328125,0.734375
16194.078125,0.750000
16194.828125,0.750000
16195.593750,0.765625
16196.343750,0.750000
16197.125000,0.781250
16197.921875,0.796875
16198.687500,0.765625
16199.484375,0.796875
16200.281250,0.796875
16201.078125,0.796875
16201.859375,0.781250
16202.656250,0.796875
16203.437500,0.781250
16204.203125,0.765625
16204.984375,0.781250
16205.750000,0.765625
16206.578125,0.828125
16207.375000,0.796875
16208.203125,0.828125
16209.015625,0.812500
16209.828125,0.812500
16210.625000,0.796875
16211.421875,0.796875
16212.250000,0.828125
16213.031250,0.781250
16213.828125,0.796875
16214.640625,0.812500
16215.453125,0.812500
16216.234375,0.781250
16217.031250,0.796875
16217.812500,0.781250
16218.593750,0.781250
16219.375000,0.781250
16220.171875,0.796875
16221.015625,0.843750
16221.828125,0.812500
16222.625000,0.796875
16223.453125,0.828125
16224.265625,0.812500
16225.062500,0.796875
16225.875000,0.812500
16226.703125,0.828125
16227.484375,0.781250
16228.281250,0.796875
16229.093750,0.812500
16229.906250,0.812500
16230.703125,0.796875
16231.515625,0.812500
16232.328125,0.812500
16233.109375,0.781250
16233.875000,0.765625
16234.656250,0.781250
16235.437500,0.781250
16236.203125,0.765625
16236.968750,0.765625
16237.750000,0.781250
16238.531250,0.781250
16239.296875,0.765625
16240.062500,0.765625
16240.828125,0.765625
16241.578125,0.750000
16242.328125,0.750000
16243.093750,0.765625
16243.875000,0.781250
16244.640625,0.765625
16245.390625,0.750000
16246.156250,0.765625
16246.921875,0.765625
16247.656250,0.734375
16248.406250,0.750000
16249.140625,0.734375
16249.890625,0.750000
16250.609375,0.718750
16251.328125,0.718750
16252.062500,0.734375
16252.781250,0.718750
16253.500000,0.718750
16254.218750,0.718750
16254.984375,0.765625
16255.718750,0.734375
16256.453125,0.734375
16257.187500,0.734375
16257.937500,0.750000
16258.687500,0.750000
16259.437500,0.750000
16260.171875,0.734375
16260.906250,0.734375
16261.656250,0.750000
16262.406250,0.750000
16263.156250,0.750000
16263.937500,0.781250
16264.687500,0.750000
16265.453125,0.765625
16266.203125,0.750000
16266.984375,0.781250
16267.734375,0.750000
16268.484375,0.750000
16269.250000,0.765625
16270.031250,0.781250
16270.796875,0.765625
16271.531250,0.734375
16272.250000,0.718750
16272.968750,0.718750
16273.640625,0.671875
16274.328125,0.687500
16275.015625,0.687500
16275.718750,0.703125
16276.421875,0.703125
16277.140625,0.718750
16277.906250,0.765625
16278.640625,0.734375
16279.375000,0.734375
16280.125000,0.750000
16280.906250,0.781250
16281.671875,0.765625
16282.437500,0.765625
16283.218750,0.781250
16284.015625,0.796875
16284.796875,0.781250
16285.578125,0.781250
16286.375000,0.796875
16287.187500,0.812500
16287.984375,0.796875
16288.796875,0.812500
16289.640625,0.843750
16290.421875,0.781250
16291.203125,0.781250
16292.015625,0.812500
16292.796875,0.781250
16293.578125,0.781250
16294.375000,0.796875
16295.203125,0.828125
16296.000000,0.796875
16296.796875,0.796875
16297.609375,0.812500
16298.406250,0.796875
16299.203125,0.796875
16300.015625,0.812500
16300.843750,0.828125
16301.640625,0.796875
16302.468750,0.828125
16303.281250,0.812500
16304.093750,0.812500
16304.906250,0.812500
16305.734375,0.828125
16306.531250,0.796875
16307.312500,0.781250
16308.125000,0.812500
16308.968750,0.843750
16309.828125,0.859375
16310.671875,0.843750
16311.515625,0.843750
16312.343750,0.828125
16313.109375,0.765625
16313.890625,0.781250
16314.687500,0.796875
16315.515625,0.828125
16316.312500,0.796875
16317.109375,0.796875
16317.906250,0.796875
16318.718750,0.812500
16319.500000,0.781250
16320.296875,0.796875
16321.109375,0.812500
16321.937500,0.828125
16322.765625,0.828125
16323.609375,0.843750
16324.468750,0.859375
16325.343750,0.875000
16326.156250,0.812500
16326.968750,0.812500
16346.406250,0.765625
16347.234375,0.828125
16348.140625,0.906250
16349.000000,0.859375
16349.781250,0.781250
16350.562500,0.781250
16351.343750,0.781250
16359.296875,0.718750
16359.968750,0.671875
16360.656250,0.687500
16361.312500,0.656250
16361.968750,0.656250
16362.609375,0.640625
16363.250000,0.640625
16363.875000,0.625000
16364.515625,0.640625
16365.203125,0.687500
16365.890625,0.687500
16366.562500,0.671875
16367.265625,0.703125
16368.000000,0.734375
16368.718750,0.718750
16388.546875,0.812500
16396.781250,0.781250
16397.562500,0.781250
16398.343750,0.781250
16399.078125,0.734375
16399.796875,0.718750
16400.515625,0.718750
16401.281250,0.765625
16402.046875,0.765625
16402.812500,0.765625
16403.593750,0.781250
16404.328125,0.734375
16405.062500,0.734375
16413.312500,0.750000
16414.093750,0.781250
16414.921875,0.828125
16415.734375,0.812500
16416.562500,0.828125
16417.390625,0.828125
16418.203125,0.812500
16418.968750,0.765625
16419.765625,0.796875
16420.546875,0.781250
16421.343750,0.796875
16422.140625,0.796875
16423.015625,0.875000
16423.843750,0.828125
16424.687500,0.843750
16425.500000,0.812500
16426.265625,0.765625
16427.015625,0.750000
16427.765625,0.750000
16428.484375,0.718750
16429.203125,0.718750
16429.953125,0.750000
16430.765625,0.812500
16431.531250,0.765625
16432.328125,0.796875
16433.140625,0.812500
16433.921875,0.781250
16434.687500,0.765625
16435.437500,0.750000
16436.187500,0.750000
16436.937500,0.750000
16437.687500,0.750000
16438.421875,0.734375
16439.140625,0.718750
16439.828125,0.687500
16440.500000,0.671875
16441.187500,0.687500
16441.906250,0.718750
16442.671875,0.765625
16443.437500,0.765625
16444.171875,0.734375
16444.953125,0.781250
16445.687500,0.734375
16446.453125,0.765625
16447.218750,0.765625
16447.968750,0.750000
16448.687500,0.718750
16449.406250,0.718750
16450.109375,0.703125
16450.812500,0.703125
16451.515625,0.703125
16452.234375,0.718750
16452.953125,0.718750
16453.671875,0.718750
16454.390625,0.718750
16455.125000,0.734375
16455.890625,0.765625
16456.625000,0.734375
16457.375000,0.750000
16458.109375,0.734375
16458.828125,0.718750
16459.546875,0.718750
16460.250000,0.703125
16460.968750,0.718750
16461.734375,0.765625
16462.500000,0.765625
16463.312500,0.812500
16464.140625,0.828125
16464.937500,0.796875
16465.687500,0.750000
16466.453125,0.765625
16467.218750,0.765625
16468.015625,0.796875
16468.796875,0.781250
16469.593750,0.796875
16470.375000,0.781250
16471.140625,0.765625
16471.890625,0.750000
16472.640625,0.750000
16480.140625,0.781250
16480.906250,0.765625
16481.671875,0.765625
16482.437500,0.765625
16483.203125,0.765625
16483.953125,0.750000
16484.718750,0.765625
16485.500000,0.781250
16486.250000,0.750000
16487.000000,0.750000
16487.718750,0.718750
16488.421875,0.703125
16489.109375,0.687500
16489.781250,0.671875
16490.468750,0.687500
16491.156250,0.687500
16491.843750,0.687500
16492.546875,0.703125
16493.250000,0.703125
16493.968750,0.718750
16494.703125,0.734375
16495.437500,0.734375
16496.187500,0.750000
16496.921875,0.734375
16497.671875,0.750000
16498.390625,0.718750
16499.078125,0.687500
16499.765625,0.687500
16500.468750,0.703125
16501.234375,0.765625
16502.015625,0.781250
16502.812500,0.796875
16503.609375,0.796875
16504.390625,0.781250
16505.156250,0.765625
16505.953125,0.796875
16506.750000,0.796875
16507.515625,0.765625
16508.281250,0.765625
16509.046875,0.765625
16509.843750,0.796875
16510.640625,0.796875
16511.453125,0.812500
16512.265625,0.812500
16513.046875,0.781250
16513.812500,0.765625
16514.593750,0.781250
16515.343750,0.750000
16516.093750,0.750000
16516.843750,0.750000
16517.578125,0.734375
16518.328125,0.750000
16519.125000,0.796875
16519.937500,0.812500
16520.718750,0.781250
16521.515625,0.796875
16522.296875,0.781250
16523.093750,0.796875
16523.859375,0.765625
16524.625000,0.765625
16525.421875,0.796875
16526.187500,0.765625
16526.937500,0.750000
16527.703125,0.765625
16528.500000,0.796875
16529.281250,0.781250
16530.062500,0.781250
16530.890625,0.828125
16531.671875,0.781250
16532.453125,0.781250
16533.234375,0.781250
16534.031250,0.796875
16534.781250,0.750000
16535.562500,0.781250
16536.375000,0.812500
16537.187500,0.812500
16538.000000,0.812500
16538.843750,0.843750
16539.671875,0.828125
16540.468750,0.796875
16541.250000,0.781250
16542.062500,0.812500
16542.828125,0.765625
16543.578125,0.750000
16544.343750,0.765625
16545.093750,0.750000
16545.812500,0.718750
16546.546875,0.734375
16547.250000,0.703125
16547.968750,0.718750
16548.671875,0.703125
16549.328125,0.656250
16549.984375,0.656250
16550.656250,0.671875
16551.390625,0.734375
16552.125000,0.734375
16552.859375,0.734375
16553.625000,0.765625
16554.406250,0.781250
16555.156250,0.750000
16555.937500,0.781250
16556.718750,0.781250
16557.468750,0.750000
16558.203125,0.734375
16558.968750,0.765625
16559.734375,0.765625
16560.515625,0.781250
16561.265625,0.750000
16561.968750,0.703125
16562.703125,0.734375
16563.421875,0.718750
16564.171875,0.750000
16564.953125,0.781250
16565.703125,0.750000
16566.437500,0.734375
16567.187500,0.750000
16567.984375,0.796875
16568.781250,0.796875
16569.578125,0.796875
16570.375000,0.796875
16571.171875,0.796875
16571.953125,0.781250
16572.703125,0.750000
16573.468750,0.765625
16574.250000,0.781250
16575.031250,0.781250
16575.796875,0.765625
16576.593750,0.796875
16577.468750,0.875000
16578.328125,0.859375
16579.156250,0.828125
16579.953125,0.796875
16580.750000,0.796875
16581.500000,0.750000
16582.281250,0.781250
16583.062500,0.781250
16583.859375,0.796875
16584.656250,0.796875
16585.484375,0.828125
16586.312500,0.828125
16587.093750,0.781250
16587.890625,0.796875
16588.671875,0.781250
16589.437500,0.765625
16590.203125,0.765625
16591.000000,0.796875
16591.859375,0.859375
16592.750000,0.890625
16593.562500,0.812500
16594.328125,0.765625
16595.046875,0.718750
16595.734375,0.687500
16596.421875,0.687500
16601.140625,0.875000
16601.968750,0.828125
16602.781250,0.812500
16603.578125,0.796875
16604.390625,0.812500
16605.234375,0.843750
16606.078125,0.843750
16606.890625,0.812500
16607.687500,0.796875
16608.484375,0.796875
16609.343750,0.859375
16610.218750,0.875000
16611.046875,0.828125
16611.875000,0.828125
16612.750000,0.875000
16613.609375,0.859375
16614.453125,0.843750
16615.250000,0.796875
16616.031250,0.781250
16616.812500,0.781250
16617.593750,0.781250
16618.375000,0.781250
16619.187500,0.812500
16620.015625,0.828125
16620.828125,0.812500
16621.640625,0.812500
16622.453125,0.812500
16623.234375,0.781250
16624.046875,0.812500
16624.859375,0.812500
16625.656250,0.796875
16626.453125,0.796875
16627.250000,0.796875
16628.046875,0.796875
16628.859375,0.812500
16629.656250,0.796875
16630.406250,0.750000
16631.140625,0.734375
16631.890625,0.750000
16632.625000,0.734375
16633.375000,0.750000
16634.109375,0.734375
16634.843750,0.734375
16635.625000,0.781250
16636.406250,0.781250
16637.156250,0.750000
16637.968750,0.812500
16638.781250,0.812500
16639.578125,0.796875
16640.390625,0.812500
16641.218750,0.828125
16642.046875,0.828125
16642.843750,0.796875
16643.671875,0.828125
16644.500000,0.828125
16645.296875,0.796875
16646.078125,0.781250
16646.843750,0.765625
16647.609375,0.765625
16648.328125,0.718750
16649.031250,0.703125
16649.750000,0.718750
16650.515625,0.765625
16651.265625,0.750000
16652.015625,0.750000
16652.781250,0.765625
16653.578125,0.796875
16654.359375,0.781250
16655.156250,0.796875
16655.968750,0.812500
16656.765625,0.796875
16657.562500,0.796875
16658.375000,0.812500
16659.203125,0.828125
16660.015625,0.812500
16660.859375,0.843750
16661.671875,0.812500
16662.437500,0.765625
16663.218750,0.781250
16663.968750,0.750000
16664.718750,0.750000
16665.437500,0.718750
16666.171875,0.734375
16666.906250,0.734375
16667.656250,0.750000
16668.406250,0.750000
16669.140625,0.734375
16669.890625,0.750000
16670.625000,0.734375
16671.343750,0.718750
16672.046875,0.703125
16672.796875,0.750000
16673.593750,0.796875
16674.359375,0.765625
16675.140625,0.781250
16675.921875,0.781250
16676.750000,0.828125
16677.562500,0.812500
16678.343750,0.781250
16679.093750,0.750000
16679.812500,0.718750
16680.562500,0.750000
16681.312500,0.750000
16682.062500,0.750000
16682.828125,0.765625
16683.593750,0.765625
16684.359375,0.765625
16685.093750,0.734375
16685.843750,0.750000
16686.609375,0.765625
16687.406250,0.796875
16688.218750,0.812500
16689.000000,0.781250
16689.750000,0.750000
16690.515625,0.765625
16691.281250,0.765625
16692.046875,0.765625
16692.812500,0.765625
16693.578125,0.765625
16694.359375,0.781250
16695.218750,0.859375
16696.062500,0.843750
16696.890625,0.828125
16697.671875,0.781250
16698.453125,0.781250
16699.250000,0.796875
16700.046875,0.796875
16700.843750,0.796875
16701.640625,0.796875
16702.437500,0.796875
16703.234375,0.796875
16704.015625,0.781250
16704.765625,0.750000
16705.515625,0.750000
16706.250000,0.734375
16706.984375,0.734375
16707.750000,0.765625
16708.484375,0.734375
16709.203125,0.718750
16709.890625,0.687500
16710.593750,0.703125
16711.328125,0.734375
16712.125000,0.796875
16712.937500,0.812500
16713.687500,0.750000
16714.406250,0.718750
16715.093750,0.687500
16715.796875,0.703125
16716.515625,0.718750
16717.250000,0.734375
16717.984375,0.734375
16718.734375,0.750000
16719.437500,0.703125
16720.125000,0.687500
16720.796875,0.671875
16721.468750,0.671875
16722.156250,0.687500
16722.890625,0.734375
16723.593750,0.703125
16724.328125,0.734375
16725.062500,0.734375
16725.812500,0.750000
16726.546875,0.734375
16727.281250,0.734375
16728.031250,0.750000
16728.796875,0.765625
16729.546875,0.750000
16730.312500,0.765625
16731.078125,0.765625
16731.828125,0.750000
16732.578125,0.750000
16733.359375,0.781250
16734.140625,0.781250
16734.921875,0.781250
16735.687500,0.765625
16736.468750,0.781250
16737.234375,0.765625
16737.984375,0.750000
16738.718750,0.734375
16739.468750,0.750000
16740.218750,0.750000
16740.953125,0.734375
16741.703125,0.750000
16742.484375,0.781250
16743.296875,0.812500
16744.078125,0.781250
16744.859375,0.781250
16745.625000,0.765625
16746.359375,0.734375
16747.062500,0.703125
16747.750000,0.687500
16748.437500,0.687500
16749.156250,0.718750
16749.875000,0.718750
16750.593750,0.718750
16751.343750,0.750000
16752.093750,0.750000
16752.859375,0.765625
16753.593750,0.734375
16754.343750,0.750000
16755.171875,0.828125
16755.968750,0.796875
16756.750000,0.781250
16757.562500,0.812500
16758.359375,0.796875
16759.156250,0.796875
16759.937500,0.781250
16760.750000,0.812500
16761.546875,0.796875
16762.343750,0.796875
16763.156250,0.812500
16763.937500,0.781250
16764.703125,0.765625
16765.484375,0.781250
16766.296875,0.812500
16767.125000,0.828125
16767.921875,0.796875
16768.718750,0.796875
16769.515625,0.796875
16770.281250,0.765625
16771.046875,0.765625
16771.781250,0.734375
16772.500000,0.718750
16773.234375,0.734375
16773.984375,0.750000
16774.734375,0.750000
16775.515625,0.781250
16776.312500,0.796875
16777.140625,0.828125
16778.000000,0.859375
16778.828125,0.828125
16779.640625,0.812500
16780.437500,0.796875
16781.250000,0.812500
16782.031250,0.781250
16782.796875,0.765625
16783.578125,0.781250
16784.328125,0.750000
16785.062500,0.734375
16785.796875,0.734375
16786.515625,0.718750
16787.218750,0.703125
16787.906250,0.687500
16788.609375,0.703125
16789.312500,0.703125
16790.062500,0.750000
16790.890625,0.828125
16791.718750,0.828125
16792.500000,0.781250
16793.296875,0.796875
16794.078125,0.781250
16794.859375,0.781250
16795.625000,0.765625
16796.406250,0.781250
16797.234375,0.828125
16798.031250,0.796875
16798.843750,0.812500
16799.656250,0.812500
16800.406250,0.750000
16801.156250,0.750000
16801.875000,0.718750
16802.609375,0.734375
16803.328125,0.718750
16804.109375,0.781250
16804.937500,0.828125
16805.734375,0.796875
16806.546875,0.812500
16807.390625,0.843750
16808.218750,0.828125
16809.031250,0.812500
16809.859375,0.828125
16810.687500,0.828125
16811.468750,0.781250
16812.234375,0.765625
16813.015625,0.781250
16813.812500,0.796875
16814.609375,0.796875
16815.390625,0.781250
16816.156250,0.765625
16816.906250,0.750000
16817.656250,0.750000
16818.437500,0.781250
16819.187500,0.750000
16819.937500,0.750000
16820.718750,0.781250
16821.500000,0.781250
16822.265625,0.765625
16823.062500,0.796875
16823.859375,0.796875
16824.656250,0.796875
16825.421875,0.765625
16826.187500,0.765625
16826.921875,0.734375
16827.671875,0.750000
16828.406250,0.734375
16829.156250,0.750000
16829.906250,0.750000
16830.656250,0.750000
16831.437500,0.781250
16832.203125,0.765625
16832.968750,0.765625
16833.781250,0.812500
16834.640625,0.859375
16835.484375,0.843750
16836.281250,0.796875
16837.078125,0.796875
16837.828125,0.750000
16838.531250,0.703125
16839.234375,0.703125
16839.953125,0.718750
16840.687500,0.734375
16841.406250,0.718750
16842.156250,0.750000
16842.921875,0.765625
16843.718750,0.796875
16844.468750,0.750000
16845.281250,0.812500
16846.046875,0.765625
16846.796875,0.750000
16847.562500,0.765625
16848.328125,0.765625
16849.109375,0.781250
16849.875000,0.765625
16850.609375,0.734375
16851.343750,0.734375
16852.046875,0.703125
16852.734375,0.687500
16853.406250,0.671875
16854.078125,0.671875
16854.796875,0.718750
16855.578125,0.781250
16856.406250,0.828125
16857.234375,0.828125
16858.031250,0.796875
16858.796875,0.765625
16859.546875,0.750000
16860.296875,0.750000
16861.109375,0.812500
16861.937500,0.828125
16862.812500,0.875000
16863.671875,0.859375
16871.265625,0.953125
16872.171875,0.906250
16873.125000,0.953125
16874.062500,0.937500
16874.953125,0.890625
16875.796875,0.843750
16876.625000,0.828125
16877.484375,0.859375
16878.328125,0.843750
16879.125000,0.796875
16879.921875,0.796875
16880.703125,0.781250
16881.468750,0.765625
16882.250000,0.781250
16883.062500,0.812500
16883.906250,0.843750
16884.718750,0.812500
16885.562500,0.843750
16886.390625,0.828125
16887.218750,0.828125
16888.015625,0.796875
16888.843750,0.828125
16889.625000,0.781250
16890.421875,0.796875
16891.234375,0.812500
16892.046875,0.812500
16892.843750,0.796875
16893.625000,0.781250
16894.406250,0.781250
16895.156250,0.750000
16895.937500,0.781250
16896.750000,0.812500
16897.546875,0.796875
16898.359375,0.812500
16899.187500,0.828125
16899.984375,0.796875
16900.781250,0.796875
16901.578125,0.796875
16902.375000,0.796875
16903.125000,0.750000
16903.890625,0.765625
16904.656250,0.765625
16905.421875,0.765625
16906.187500,0.765625
16906.968750,0.781250
16907.765625,0.796875
16908.531250,0.765625
16909.281250,0.750000
16910.031250,0.750000
16910.812500,0.781250
16911.578125,0.765625
16912.343750,0.765625
16913.125000,0.781250
16913.906250,0.781250
16914.656250,0.750000
16915.437500,0.781250
16916.203125,0.765625
16916.937500,0.734375
16917.703125,0.765625
16918.484375,0.781250
16919.296875,0.812500
16920.062500,0.765625
16920.843750,0.781250
16921.609375,0.765625
16922.390625,0.781250
16923.140625,0.750000
16923.875000,0.734375
16924.609375,0.734375
16925.375000,0.765625
16926.125000,0.750000
16926.859375,0.734375
16927.609375,0.750000
16928.406250,0.796875
16929.187500,0.781250
16930.000000,0.812500
16930.828125,0.828125
16931.640625,0.812500
16932.437500,0.796875
16933.265625,0.828125
16934.046875,0.781250
16934.796875,0.750000
16935.546875,0.750000
16936.296875,0.750000
16937.031250,0.734375
16937.765625,0.734375
16938.500000,0.734375
16939.218750,0.718750
16939.937500,0.718750
16940.640625,0.703125
16941.343750,0.703125
16942.015625,0.671875
16942.687500,0.671875
16943.343750,0.656250
16944.000000,0.656250
16944.640625,0.640625
16945.296875,0.656250
16945.953125,0.656250
16946.640625,0.687500
16947.312500,0.671875
16947.984375,0.671875
16948.640625,0.656250
16949.312500,0.671875
16949.968750,0.656250
16950.640625,0.671875
16951.312500,0.671875
16951.968750,0.656250
16952.609375,0.640625
16953.265625,0.656250
16953.890625,0.625000
16954.546875,0.656250
16955.187500,0.640625
16955.812500,0.625000
16956.468750,0.656250
16957.140625,0.671875
16957.796875,0.656250
16958.453125,0.656250
16959.109375,0.656250
16959.765625,0.656250
16960.421875,0.656250
16961.093750,0.671875
16961.734375,0.640625
16962.390625,0.656250
16963.046875,0.656250
16963.703125,0.656250
16964.359375,0.656250
16965.015625,0.656250
16965.656250,0.640625
16966.312500,0.656250
16966.984375,0.671875
16967.640625,0.656250
16968.312500,0.671875
16968.968750,0.656250
16969.640625,0.671875
16970.328125,0.687500
16970.984375,0.656250
16971.671875,0.687500
16972.359375,0.687500
16973.046875,0.687500
16973.734375,0.687500
16974.421875,0.687500
16975.140625,0.718750
16975.843750,0.703125
16976.562500,0.718750
16977.296875,0.734375
16978.015625,0.718750
16978.734375,0.718750
16979.437500,0.703125
16980.140625,0.703125
16980.812500,0.671875
16981.500000,0.687500
16982.171875,0.671875
16982.843750,0.671875
16983.500000,0.656250
16984.156250,0.656250
16984.796875,0.640625
16985.484375,0.687500
16986.296875,0.812500
16987.093750,0.796875
16987.875000,0.781250
16988.703125,0.828125
16989.468750,0.765625
16990.250000,0.781250
16991.015625,0.765625
16991.765625,0.750000
16992.515625,0.750000
16993.281250,0.765625
16994.093750,0.812500
16994.890625,0.796875
16995.703125,0.812500
16996.515625,0.812500
16997.328125,0.812500
16998.125000,0.796875
16998.921875,0.796875
16999.703125,0.781250
17000.484375,0.781250
17001.234375,0.750000
17001.968750,0.734375
17002.718750,0.750000
17003.546875,0.828125
17004.421875,0.875000
17005.312500,0.890625
17006.140625,0.828125
17006.921875,0.781250
17007.703125,0.781250
17008.484375,0.781250
17009.218750,0.734375
17009.921875,0.703125
17010.609375,0.687500
17011.296875,0.687500
17011.984375,0.687500
17012.703125,0.718750
17013.468750,0.765625
17014.250000,0.781250
17015.015625,0.765625
17015.765625,0.750000
17016.546875,0.781250
17017.328125,0.781250
17018.093750,0.765625
17018.875000,0.781250
17019.671875,0.796875
17020.437500,0.765625
17021.187500,0.750000
17021.968750,0.781250
17022.765625,0.796875
17023.531250,0.765625
17024.312500,0.781250
17025.078125,0.765625
17025.812500,0.734375
17026.515625,0.703125
17027.203125,0.687500
17027.921875,0.718750
17028.687500,0.765625
17029.421875,0.734375
17030.171875,0.750000
17030.937500,0.765625
17031.765625,0.828125
17032.562500,0.796875
17033.328125,0.765625
17034.109375,0.781250
17034.890625,0.781250
17035.640625,0.750000
17036.406250,0.765625
17037.187500,0.781250
17037.953125,0.765625
17038.718750,0.765625
17039.500000,0.781250
17040.265625,0.765625
17041.031250,0.765625
17041.796875,0.765625
17042.578125,0.781250
17043.328125,0.750000
17044.093750,0.765625
17044.859375,0.765625
17045.625000,0.765625
17046.390625,0.765625
17047.140625,0.750000
17047.906250,0.765625
17048.671875,0.765625
17049.421875,0.750000
17050.187500,0.765625
17050.953125,0.765625
17051.703125,0.750000
17052.453125,0.750000
17053.218750,0.765625
17054.015625,0.796875
17054.828125,0.812500
17055.656250,0.828125
17056.484375,0.828125
17057.312500,0.828125
17058.093750,0.781250
17058.859375,0.765625
17059.625000,0.765625
17060.359375,0.734375
17061.109375,0.750000
17061.875000,0.765625
17062.671875,0.796875
17063.484375,0.812500
17064.218750,0.734375
17064.984375,0.765625
17065.765625,0.781250
17066.578125,0.812500
17067.375000,0.796875
17068.156250,0.781250
17068.906250,0.750000
17069.656250,0.750000
17070.406250,0.750000
17071.140625,0.734375
17071.906250,0.765625
17072.796875,0.890625
17073.734375,0.937500
17074.578125,0.843750
17075.359375,0.781250
17076.125000,0.765625
17076.859375,0.734375
17077.640625,0.781250
17078.421875,0.781250
17079.250000,0.828125
17080.140625,0.890625
17081.015625,0.875000
17081.875000,0.859375
17082.718750,0.843750
17083.546875,0.828125
17084.343750,0.796875
17085.156250,0.812500
17085.984375,0.828125
17086.796875,0.812500
17087.609375,0.812500
17088.390625,0.781250
17089.187500,0.796875
17089.968750,0.781250
17090.750000,0.781250
17091.562500,0.812500
17092.375000,0.812500
17093.171875,0.796875
17093.968750,0.796875
17094.796875,0.828125
17095.593750,0.796875
17096.390625,0.796875
17097.171875,0.781250
17097.921875,0.750000
17098.656250,0.734375
17099.406250,0.750000
17100.140625,0.734375
17100.875000,0.734375
17101.609375,0.734375
17102.343750,0.734375
17103.109375,0.765625
17103.859375,0.750000
17104.593750,0.734375
17105.296875,0.703125
17106.000000,0.703125
17106.671875,0.671875
17107.343750,0.671875
17108.062500,0.718750
17108.796875,0.734375
17109.515625,0.718750
17110.250000,0.734375
17111.000000,0.750000
17111.765625,0.765625
17112.500000,0.734375
17113.250000,0.750000
17114.015625,0.765625
17114.781250,0.765625
17115.562500,0.781250
17116.375000,0.812500
17117.156250,0.781250
17117.921875,0.765625
17118.718750,0.796875
17119.531250,0.812500
17120.359375,0.828125
17121.187500,0.828125
17122.046875,0.859375
17122.921875,0.875000
17123.734375,0.812500
17124.578125,0.843750
17125.421875,0.843750
17126.234375,0.812500
17127.031250,0.796875
17127.859375,0.828125
17128.734375,0.875000
17129.578125,0.843750
17130.406250,0.828125
17131.203125,0.796875
17131.968750,0.765625
17132.734375,0.765625
17133.484375,0.750000
17134.250000,0.765625
17135.015625,0.765625
17135.750000,0.734375
17136.500000,0.750000
17137.234375,0.734375
17138.000000,0.765625
17138.781250,0.781250
17139.546875,0.765625
17140.265625,0.718750
17140.984375,0.718750
17141.718750,0.734375
17142.453125,0.734375
17143.187500,0.734375
17143.953125,0.765625
17144.750000,0.796875
17145.515625,0.765625
17146.281250,0.765625
17147.093750,0.812500
17147.937500,0.843750
17148.750000,0.812500
17149.546875,0.796875
17150.312500,0.765625
17151.046875,0.734375
17151.734375,0.687500
17152.421875,0.687500
17153.093750,0.671875
17153.812500,0.718750
17154.656250,0.843750
17155.640625,0.984375
17156.625000,0.984375
17157.562500,0.937500
17158.453125,0.890625
17159.296875,0.843750
17160.140625,0.843750
17160.921875,0.781250
17161.671875,0.750000
17162.375000,0.703125
17163.062500,0.687500
17163.781250,0.718750
17164.562500,0.781250
17165.375000,0.812500
17166.187500,0.812500
17166.968750,0.781250
17167.796875,0.828125
17168.625000,0.828125
17169.484375,0.859375
17170.296875,0.812500
17171.078125,0.781250
17171.875000,0.796875
17172.671875,0.796875
17173.437500,0.765625
17174.234375,0.796875
17175.078125,0.843750
17175.906250,0.828125
17176.718750,0.812500
17177.531250,0.812500
17178.328125,0.796875
17179.093750,0.765625
17179.875000,0.781250
17180.640625,0.765625
17181.390625,0.750000
17182.140625,0.750000
17182.890625,0.750000
17183.640625,0.750000
17184.437500,0.796875
17185.203125,0.765625
17185.953125,0.750000
17186.734375,0.781250
17187.531250,0.796875
17188.296875,0.765625
17189.031250,0.734375
17189.781250,0.750000
17190.562500,0.781250
17191.328125,0.765625
17192.093750,0.765625
17192.859375,0.765625
17193.625000,0.765625
17194.406250,0.781250
17195.171875,0.765625
17195.953125,0.781250
17196.750000,0.796875
17197.531250,0.781250
17205.812500,0.703125
17206.546875,0.734375
17207.265625,0.718750
17207.937500,0.671875
17208.640625,0.703125
17209.328125,0.687500
17210.015625,0.687500
17210.703125,0.687500
17211.390625,0.687500
17212.140625,0.750000
17212.906250,0.765625
17213.734375,0.828125
17214.546875,0.812500
17215.328125,0.781250
17216.109375,0.781250
17216.875000,0.765625
17217.625000,0.750000
17218.359375,0.734375
17219.078125,0.718750
17219.828125,0.750000
17220.625000,0.796875
17221.406250,0.781250
17222.171875,0.765625
17222.937500,0.765625
17223.656250,0.718750
17224.421875,0.765625
17225.218750,0.796875
17226.062500,0.843750
17226.843750,0.781250
17227.625000,0.781250
17228.390625,0.765625
17229.156250,0.765625
17229.921875,0.765625
17230.687500,0.765625
17231.468750,0.781250
17232.234375,0.765625
17232.984375,0.750000
17233.750000,0.765625
17243.078125,0.718750
17243.843750,0.765625
17244.578125,0.734375
17245.312500,0.734375
17246.062500,0.750000
17246.812500,0.750000
17247.546875,0.734375
17248.296875,0.750000
17249.062500,0.765625
17249.843750,0.781250
17250.593750,0.750000
17251.343750,0.750000
17252.078125,0.734375
17252.781250,0.703125
17253.468750,0.687500
17254.218750,0.750000
17254.953125,0.734375
17255.703125,0.750000
17256.468750,0.765625
17257.265625,0.796875
17263.375000,0.765625
17264.156250,0.781250
17264.953125,0.796875
17265.765625,0.812500
17266.531250,0.765625
17267.296875,0.765625
17268.062500,0.765625
17268.828125,0.765625
17269.546875,0.718750
17270.281250,0.734375
17271.062500,0.781250
17271.859375,0.796875
17272.640625,0.781250
17273.375000,0.734375
17274.109375,0.734375
17274.843750,0.734375
17275.578125,0.734375
17276.281250,0.703125
17287.031250,0.750000
17287.765625,0.734375
17288.484375,0.718750
17289.218750,0.734375
17289.984375,0.765625
17290.718750,0.734375
17291.484375,0.765625
17292.250000,0.765625
17293.031250,0.781250
17293.812500,0.781250
17301.812500,0.718750
17302.656250,0.843750
17303.531250,0.875000
17304.375000,0.843750
17305.218750,0.843750
17306.000000,0.781250
17306.781250,0.781250
17312.453125,0.843750
17313.312500,0.859375
17314.156250,0.843750
17314.968750,0.812500
17315.765625,0.796875
17316.562500,0.796875
17317.359375,0.796875
17318.156250,0.796875
17318.953125,0.796875
17319.765625,0.812500
17320.578125,0.812500
17321.406250,0.828125
17322.250000,0.843750
17323.109375,0.859375
17323.921875,0.812500
17324.750000,0.828125
17325.578125,0.828125
17326.421875,0.843750
17327.296875,0.875000
17328.093750,0.796875
17328.890625,0.796875
17329.671875,0.781250
17330.468750,0.796875
17331.265625,0.796875
17332.093750,0.828125
17332.906250,0.812500
17333.703125,0.796875
17334.500000,0.796875
17335.312500,0.812500
17336.093750,0.781250
17336.875000,0.781250
17337.671875,0.796875
17338.468750,0.796875
17339.250000,0.781250
17340.031250,0.781250
17340.843750,0.812500
17341.625000,0.781250
17342.406250,0.781250
17343.203125,0.796875
17344.000000,0.796875
17344.812500,0.812500
17345.609375,0.796875
17346.406250,0.796875
17347.187500,0.781250
17347.968750,0.781250
17348.765625,0.796875
17349.531250,0.765625
17350.312500,0.781250
17351.078125,0.765625
17351.828125,0.750000
17352.562500,0.734375
17353.312500,0.750000
17354.062500,0.750000
17354.796875,0.734375
17355.515625,0.718750
17356.265625,0.750000
17365.546875,0.718750
17366.265625,0.718750
17367.000000,0.734375
17367.750000,0.750000
17368.500000,0.750000
17369.250000,0.750000
17370.062500,0.812500
17370.875000,0.812500
17371.671875,0.796875
17372.453125,0.781250
17373.234375,0.781250
17374.000000,0.765625
17374.750000,0.750000
17375.500000,0.750000
17376.281250,0.781250
17377.062500,0.781250
17377.859375,0.796875
17378.656250,0.796875
17379.453125,0.796875
17380.265625,0.812500
17381.062500,0.796875
17381.859375,0.796875
17382.625000,0.765625
17383.375000,0.750000
17384.140625,0.765625
17384.890625,0.750000
17385.640625,0.750000
17386.390625,0.750000
17387.171875,0.781250
17387.937500,0.765625
17388.703125,0.765625
17389.468750,0.765625
17390.250000,0.781250
17391.000000,0.750000
17391.750000,0.750000
17392.546875,0.796875
17393.312500,0.765625
17394.062500,0.750000
17394.812500,0.750000
17395.578125,0.765625
17396.312500,0.734375
17397.062500,0.750000
17397.796875,0.734375
17398.515625,0.718750
17399.234375,0.718750
17399.984375,0.750000
17400.718750,0.734375
17401.468750,0.750000
17402.218750,0.750000
17402.953125,0.734375
17403.703125,0.750000
17404.437500,0.734375
17405.171875,0.734375
17405.921875,0.750000
17406.656250,0.734375
17407.421875,0.765625
17408.203125,0.781250
17408.953125,0.750000
17409.687500,0.734375
17410.406250,0.718750
17411.140625,0.734375
17418.078125,0.687500
17418.765625,0.687500
17419.453125,0.687500
17420.140625,0.687500
17420.828125,0.687500
17421.531250,0.703125
17422.234375,0.703125
17422.953125,0.718750
17423.687500,0.734375
17424.421875,0.734375
17425.125000,0.703125
17425.828125,0.703125
17426.515625,0.687500
17427.203125,0.687500
17427.859375,0.656250
17428.515625,0.656250
17429.171875,0.656250
17429.828125,0.656250
17430.515625,0.687500
17431.187500,0.671875
17431.859375,0.671875
17432.578125,0.718750
17433.328125,0.750000
17434.031250,0.703125
17434.781250,0.750000
17435.531250,0.750000
17436.296875,0.765625
17437.031250,0.734375
17437.765625,0.734375
17438.515625,0.750000
17439.250000,0.734375
17439.984375,0.734375
17440.718750,0.734375
17441.453125,0.734375
17442.171875,0.718750
17442.859375,0.687500
17443.562500,0.703125
17444.265625,0.703125
17444.984375,0.718750
17445.671875,0.687500
17446.343750,0.671875
17447.015625,0.671875
17447.703125,0.687500
17448.406250,0.703125
17449.125000,0.718750
17449.843750,0.718750
17460.500000,0.656250
17461.140625,0.640625
17461.796875,0.656250
17462.468750,0.671875
17463.140625,0.671875
17463.828125,0.687500
17464.609375,0.781250
17465.406250,0.796875
17466.156250,0.750000
17466.906250,0.750000
17467.671875,0.765625
17468.453125,0.781250
17469.218750,0.765625
17470.000000,0.781250
17470.796875,0.796875
17471.578125,0.781250
17472.375000,0.796875
17473.234375,0.859375
17474.093750,0.859375
17474.937500,0.843750
17475.750000,0.812500
17476.546875,0.796875
17477.343750,0.796875
17478.125000,0.781250
17478.906250,0.781250
17479.734375,0.828125
17480.562500,0.828125
17481.390625,0.828125
17482.218750,0.828125
17483.031250,0.812500
17483.828125,0.796875
17484.656250,0.828125
17485.437500,0.781250
17486.203125,0.765625
17486.968750,0.765625
17487.734375,0.765625
17488.515625,0.781250
17489.312500,0.796875
17490.125000,0.812500
17490.921875,0.796875
17491.687500,0.765625
17492.437500,0.750000
17493.203125,0.765625
17493.937500,0.734375
17494.671875,0.734375
17495.453125,0.781250
17496.250000,0.796875
17497.031250,0.781250
17497.843750,0.812500
17498.656250,0.812500
17499.437500,0.781250
17500.234375,0.796875
17508.781250,0.781250
17509.500000,0.718750
17510.203125,0.703125
17510.984375,0.781250
17511.703125,0.718750
17512.421875,0.718750
17513.140625,0.718750
17513.875000,0.734375
17514.625000,0.750000
17515.359375,0.734375
17516.062500,0.703125
17516.796875,0.734375
17517.593750,0.796875
17518.375000,0.781250
17519.156250,0.781250
17519.937500,0.781250
17520.703125,0.765625
17521.437500,0.734375
17522.187500,0.750000
17522.953125,0.765625
17523.718750,0.765625
17539.718750,0.843750
17540.562500,0.843750
17541.406250,0.843750
17542.234375,0.828125
17543.015625,0.781250
17543.796875,0.781250
17544.562500,0.765625
17545.375000,0.812500
17546.234375,0.859375
17547.046875,0.812500
17547.812500,0.765625
17548.593750,0.781250
17549.406250,0.812500
17550.281250,0.875000
17551.078125,0.796875
17551.875000,0.796875
17552.687500,0.812500
17553.468750,0.781250
17554.250000,0.781250
17555.015625,0.765625
17555.781250,0.765625
17556.531250,0.750000
17557.281250,0.750000
17558.031250,0.750000
17558.765625,0.734375
17559.515625,0.750000
17560.250000,0.734375
17560.984375,0.734375
17561.734375,0.750000
17562.484375,0.750000
17563.234375,0.750000
17563.984375,0.750000
17564.765625,0.781250
17565.531250,0.765625
17566.296875,0.765625
17567.046875,0.750000
17567.781250,0.734375
17568.500000,0.718750
17569.234375,0.734375
17569.937500,0.703125
17570.656250,0.718750
17571.359375,0.703125
17572.062500,0.703125
17572.765625,0.703125
17573.453125,0.687500
17574.125000,0.671875
17574.828125,0.703125
17575.500000,0.671875
17576.187500,0.687500
17576.875000,0.687500
17577.578125,0.703125
17578.265625,0.687500
17578.937500,0.671875
17579.625000,0.687500
17580.312500,0.687500
17580.984375,0.671875
17581.671875,0.687500
17582.343750,0.671875
17583.046875,0.703125
17583.718750,0.671875
17584.406250,0.687500
17585.109375,0.703125
17585.796875,0.687500
17586.468750,0.671875
17587.140625,0.671875
17587.796875,0.656250
17588.437500,0.640625
17589.140625,0.703125
17589.843750,0.703125
17590.546875,0.703125
17591.265625,0.718750
17591.984375,0.718750
17592.687500,0.703125
17593.390625,0.703125
17594.093750,0.703125
17594.796875,0.703125
17595.484375,0.687500
17596.203125,0.718750
17596.906250,0.703125
17597.625000,0.718750
17598.312500,0.687500
17599.031250,0.718750
17599.718750,0.687500
17600.406250,0.687500
17608.843750,0.656250
17609.515625,0.671875
17610.187500,0.671875
17610.875000,0.687500
17611.546875,0.671875
17612.218750,0.671875
17612.875000,0.656250
17613.546875,0.671875
17614.218750,0.671875
17614.906250,0.687500
17615.578125,0.671875
17616.250000,0.671875
17616.937500,0.687500
17617.625000,0.687500
17618.296875,0.671875
17618.968750,0.671875
17619.625000,0.656250
17620.296875,0.671875
17620.953125,0.656250
17621.625000,0.671875
17622.312500,0.687500
17622.984375,0.671875
17623.671875,0.687500
17624.359375,0.687500
17631.515625,0.640625
17632.171875,0.656250
17632.859375,0.687500
17633.578125,0.718750
17634.281250,0.703125
17635.000000,0.718750
17635.750000,0.750000
17636.468750,0.718750
17637.187500,0.718750
17637.921875,0.734375
17638.625000,0.703125
17639.343750,0.718750
17640.062500,0.718750
17640.812500,0.750000
17641.578125,0.765625
17642.328125,0.750000
17643.078125,0.750000
17643.828125,0.750000
17644.546875,0.718750
17645.265625,0.718750
17646.000000,0.734375
17646.734375,0.734375
17647.468750,0.734375
17648.203125,0.734375
17648.953125,0.750000
17649.671875,0.718750
17650.390625,0.718750
17651.093750,0.703125
17651.796875,0.703125
17652.484375,0.687500
17653.187500,0.703125
17653.875000,0.687500
17654.578125,0.703125
17655.281250,0.703125
17655.984375,0.703125
17656.671875,0.687500
17657.390625,0.718750
17658.109375,0.718750
17658.843750,0.734375
17659.578125,0.734375
17660.312500,0.734375
17661.046875,0.734375
17661.781250,0.734375
17662.500000,0.718750
17663.218750,0.718750
17663.968750,0.750000
17664.703125,0.734375
17665.406250,0.703125
17666.140625,0.734375
17666.890625,0.750000
17667.625000,0.734375
17668.359375,0.734375
17669.062500,0.703125
17669.781250,0.718750
17670.515625,0.734375
17671.234375,0.718750
17671.953125,0.718750
17672.671875,0.718750
17673.390625,0.718750
17674.109375,0.718750
17674.828125,0.718750
17675.578125,0.750000
17676.296875,0.718750
17677.015625,0.718750
17677.750000,0.734375
17678.500000,0.750000
17679.234375,0.734375
17679.984375,0.750000
17680.734375,0.750000
17681.500000,0.765625
17682.250000,0.750000
17682.984375,0.734375
17683.734375,0.750000
17684.500000,0.765625
17685.265625,0.765625
17686.062500,0.796875
17686.859375,0.796875
17687.625000,0.765625
17688.406250,0.781250
17689.171875,0.765625
17689.953125,0.781250
17690.703125,0.750000
17691.468750,0.765625
17692.250000,0.781250
17693.000000,0.750000
17693.750000,0.750000
17694.500000,0.750000
17703.328125,0.781250
17704.093750,0.765625
17704.828125,0.734375
17705.562500,0.734375
17706.281250,0.718750
17706.953125,0.671875
17707.625000,0.671875
17708.328125,0.703125
17709.046875,0.718750
17709.781250,0.734375
17710.546875,0.765625
17711.343750,0.796875
17712.125000,0.781250
17712.875000,0.750000
17713.656250,0.781250
17714.484375,0.828125
17715.296875,0.812500
17716.109375,0.812500
17716.953125,0.843750
17717.781250,0.828125
17718.593750,0.812500
17719.453125,0.859375
17720.343750,0.890625
17721.218750,0.875000
17722.140625,0.921875
17723.031250,0.890625
17723.890625,0.859375
17724.750000,0.859375
17725.609375,0.859375
17726.453125,0.843750
17727.312500,0.859375
17728.187500,0.875000
17729.078125,0.890625
17729.937500,0.859375
17730.796875,0.859375
17731.671875,0.875000
17732.484375,0.812500
17733.281250,0.796875
17734.125000,0.843750
17734.937500,0.812500
17735.734375,0.796875
17736.562500,0.828125
17737.406250,0.843750
17738.218750,0.812500
17739.062500,0.843750
17739.875000,0.812500
17740.671875,0.796875
17748.312500,0.781250
17749.062500,0.750000
17749.843750,0.781250
17750.625000,0.781250
17751.390625,0.765625
17752.156250,0.765625
17752.937500,0.781250
17753.765625,0.828125
17754.531250,0.765625
17755.328125,0.796875
17756.140625,0.812500
17756.921875,0.781250
17757.750000,0.828125
17758.578125,0.828125
17759.359375,0.781250
17760.156250,0.796875
17760.937500,0.781250
17761.765625,0.828125
17762.562500,0.796875
17763.375000,0.812500
17764.203125,0.828125
17765.000000,0.796875
17765.781250,0.781250
17766.578125,0.796875
17767.406250,0.828125
17768.234375,0.828125
17769.046875,0.812500
17769.859375,0.812500
17770.656250,0.796875
17771.421875,0.765625
17772.203125,0.781250
17773.000000,0.796875
17773.828125,0.828125
17774.609375,0.781250
17775.453125,0.843750
17776.265625,0.812500
17777.078125,0.812500
17777.875000,0.796875
17786.734375,0.750000
17787.484375,0.750000
17788.218750,0.734375
17788.953125,0.734375
17789.703125,0.750000
17790.453125,0.750000
17791.203125,0.750000
17791.953125,0.750000
17792.734375,0.781250
17793.484375,0.750000
17794.218750,0.734375
17794.953125,0.734375
17795.718750,0.765625
17796.453125,0.734375
17797.187500,0.734375
17797.906250,0.718750
17798.671875,0.765625
17799.406250,0.734375
17800.125000,0.718750
17800.843750,0.718750
17801.562500,0.718750
17802.281250,0.718750
17802.968750,0.687500
17803.640625,0.671875
17804.296875,0.656250
17804.984375,0.687500
17805.671875,0.687500
17806.343750,0.671875
17807.046875,0.703125
17807.765625,0.718750
17808.515625,0.750000
17809.265625,0.750000
17810.015625,0.750000
17810.781250,0.765625
17811.515625,0.734375
17812.250000,0.734375
17812.984375,0.734375
17813.734375,0.750000
17814.468750,0.734375
17815.171875,0.703125
17815.859375,0.687500
17816.546875,0.687500
17817.250000,0.703125
17817.968750,0.718750
17818.640625,0.671875
17819.312500,0.671875
17820.031250,0.718750
17820.875000,0.843750
17821.859375,0.984375
17822.750000,0.890625
17823.515625,0.765625
17824.281250,0.765625
17825.031250,0.750000
17825.796875,0.765625
17826.593750,0.796875
17827.375000,0.781250
17828.171875,0.796875
17829.015625,0.843750
17829.843750,0.828125
17830.656250,0.812500
17831.468750,0.812500
17832.250000,0.781250
17833.015625,0.765625
17833.765625,0.750000
17834.546875,0.781250
17835.343750,0.796875
17836.140625,0.796875
17836.937500,0.796875
17837.765625,0.828125
17838.578125,0.812500
17839.375000,0.796875
17840.203125,0.828125
17841.046875,0.843750
17841.875000,0.828125
17842.765625,0.890625
17843.640625,0.875000
17844.468750,0.828125
17845.312500,0.843750
17846.140625,0.828125
17846.937500,0.796875
17847.734375,0.796875
17848.531250,0.796875
17849.328125,0.796875
17850.093750,0.765625
17850.890625,0.796875
17851.687500,0.796875
17852.453125,0.765625
17853.218750,0.765625
17854.015625,0.796875
17854.812500,0.796875
17855.562500,0.750000
17856.312500,0.750000
17857.046875,0.734375
17857.765625,0.718750
17858.468750,0.703125
17859.140625,0.671875
17859.828125,0.687500
17860.531250,0.703125
17861.234375,0.703125
17861.937500,0.703125
17862.625000,0.687500
17863.328125,0.703125
17864.078125,0.750000
17864.828125,0.750000
17865.578125,0.750000
17866.343750,0.765625
17867.140625,0.796875
17867.906250,0.765625
17868.687500,0.781250
17869.468750,0.781250
17870.281250,0.812500
17871.062500,0.781250
17871.875000,0.812500
17872.671875,0.796875
17873.468750,0.796875
17874.250000,0.781250
17875.031250,0.781250
17875.812500,0.781250
17876.578125,0.765625
17877.359375,0.781250
17878.125000,0.765625
17878.875000,0.750000
17879.625000,0.750000
17880.390625,0.765625
17881.156250,0.765625
17881.953125,0.796875
17882.734375,0.781250
17883.500000,0.765625
17884.281250,0.781250
17885.046875,0.765625
17885.796875,0.750000
17886.546875,0.750000
17887.312500,0.765625
17888.062500,0.750000
17888.812500,0.750000
17889.578125,0.765625
17890.375000,0.796875
17891.187500,0.812500
17891.984375,0.796875
17892.796875,0.812500
17893.609375,0.812500
17894.406250,0.796875
17895.203125,0.796875
17896.015625,0.812500
17896.875000,0.859375
17897.703125,0.828125
17898.546875,0.843750
17899.421875,0.875000
17900.234375,0.812500
17901.046875,0.812500
17901.859375,0.812500
17902.656250,0.796875
17903.437500,0.781250
17904.203125,0.765625
17904.984375,0.781250
17905.796875,0.812500
17906.593750,0.796875
17907.406250,0.812500
17908.218750,0.812500
17909.015625,0.796875
17909.781250,0.765625
17910.546875,0.765625
17911.328125,0.781250
17912.078125,0.750000
17912.828125,0.750000
17913.609375,0.781250
17914.406250,0.796875
17915.171875,0.765625
17915.921875,0.750000
17916.687500,0.765625
17917.437500,0.750000
17918.171875,0.734375
17918.906250,0.734375
17919.656250,0.750000
17920.390625,0.734375
17921.125000,0.734375
17921.875000,0.750000
17922.625000,0.750000
17923.375000,0.750000
17924.125000,0.750000
17924.890625,0.765625
17925.625000,0.734375
17926.343750,0.718750
17927.078125,0.734375
17927.781250,0.703125
17928.500000,0.718750
17929.203125,0.703125
17929.921875,0.718750
17930.640625,0.718750
17931.343750,0.703125
17932.062500,0.718750
17932.796875,0.734375
17933.515625,0.718750
17934.234375,0.718750
17934.937500,0.703125
17935.671875,0.734375
17936.390625,0.718750
17937.093750,0.703125
17937.812500,0.718750
17938.546875,0.734375
17939.281250,0.734375
17939.984375,0.703125
17940.703125,0.718750
17941.421875,0.718750
17942.125000,0.703125
17942.812500,0.687500
17943.484375,0.671875
17944.171875,0.687500
17944.859375,0.687500
17945.546875,0.687500
17946.250000,0.703125
17946.968750,0.718750
17947.687500,0.718750
17948.406250,0.718750
17949.125000,0.718750
17949.843750,0.718750
17950.562500,0.718750
17951.265625,0.703125
17951.968750,0.703125
17952.687500,0.718750
17953.406250,0.718750
17954.109375,0.703125
17954.843750,0.734375
17955.562500,0.718750
17956.265625,0.703125
17956.968750,0.703125
17957.671875,0.703125
17958.390625,0.718750
17959.078125,0.687500
17959.781250,0.703125
17960.515625,0.734375
17961.234375,0.718750
17961.968750,0.734375
17962.687500,0.718750
17963.437500,0.750000
17964.156250,0.718750
17964.890625,0.734375
17965.671875,0.781250
17966.453125,0.781250
17967.203125,0.750000
17967.953125,0.750000
17968.703125,0.750000
17969.437500,0.734375
17970.156250,0.718750
17970.875000,0.718750
17971.625000,0.750000
17972.359375,0.734375
17973.093750,0.734375
17973.828125,0.734375
17974.593750,0.765625
17975.359375,0.765625
17976.140625,0.781250
17976.921875,0.781250
17977.703125,0.781250
17978.453125,0.750000
17979.187500,0.734375
17979.921875,0.734375
17980.671875,0.750000
17981.421875,0.750000
17982.140625,0.718750
17982.843750,0.703125
17983.546875,0.703125
17984.250000,0.703125
17984.906250,0.656250
17985.562500,0.656250
17986.265625,0.703125
17987.093750,0.828125
17987.984375,0.890625
17988.812500,0.828125
17989.609375,0.796875
17990.421875,0.812500
17991.234375,0.812500
17992.031250,0.796875
17992.812500,0.781250
17993.609375,0.796875
17994.406250,0.796875
17995.203125,0.796875
17996.000000,0.796875
17996.796875,0.796875
17997.578125,0.781250
17998.359375,0.781250
17999.140625,0.781250
17999.937500,0.796875
18000.703125,0.765625
18001.484375,0.781250
18002.265625,0.781250
18003.062500,0.796875
18003.828125,0.765625
18004.609375,0.781250
18005.421875,0.812500
18006.203125,0.781250
18006.968750,0.765625
18007.750000,0.781250
18008.546875,0.796875
18009.328125,0.781250
18010.078125,0.750000
18010.843750,0.765625
18011.609375,0.765625
18012.390625,0.781250
18013.171875,0.781250
18013.984375,0.812500
18014.796875,0.812500
18015.609375,0.812500
18016.406250,0.796875
18017.234375,0.828125
18018.062500,0.828125
18018.921875,0.859375
18019.750000,0.828125
18020.578125,0.828125
18021.375000,0.796875
18022.125000,0.750000
18022.843750,0.718750
18023.531250,0.687500
18024.218750,0.687500
18025.031250,0.812500
18029.765625,0.859375
18030.609375,0.843750
18031.453125,0.843750
18032.281250,0.828125
18033.109375,0.828125
18033.937500,0.828125
18034.796875,0.859375
18035.671875,0.875000
18036.515625,0.843750
18037.375000,0.859375
18038.234375,0.859375
18039.093750,0.859375
18039.921875,0.828125
18040.734375,0.812500
18041.546875,0.812500
18042.359375,0.812500
18043.171875,0.812500
18043.953125,0.781250
18044.718750,0.765625
18045.453125,0.734375
18046.187500,0.734375
18046.890625,0.703125
18047.609375,0.718750
18048.328125,0.718750
18049.062500,0.734375
18049.828125,0.765625
18050.609375,0.781250
18051.390625,0.781250
18052.171875,0.781250
18052.968750,0.796875
18053.750000,0.781250
18054.531250,0.781250
18055.281250,0.750000
18056.015625,0.734375
18056.750000,0.734375
18057.468750,0.718750
18058.203125,0.734375
18058.953125,0.750000
18059.750000,0.796875
18060.515625,0.765625
18061.296875,0.781250
18062.078125,0.781250
18062.890625,0.812500
18063.671875,0.781250
18064.437500,0.765625
18065.171875,0.734375
18065.890625,0.718750
18066.578125,0.687500
18067.281250,0.703125
18068.000000,0.718750
18068.703125,0.703125
18069.421875,0.718750
18070.125000,0.703125
18070.875000,0.750000
18071.625000,0.750000
18072.390625,0.765625
18073.140625,0.750000
18073.890625,0.750000
18074.640625,0.750000
18075.390625,0.750000
18076.109375,0.718750
18076.843750,0.734375
18077.593750,0.750000
18078.296875,0.703125
18079.000000,0.703125
18079.671875,0.671875
18080.359375,0.687500
18081.078125,0.718750
18081.812500,0.734375
18082.546875,0.734375
18083.281250,0.734375
18084.062500,0.781250
18084.828125,0.765625
18085.578125,0.750000
18086.328125,0.750000
18087.093750,0.765625
18087.875000,0.781250
18088.640625,0.765625
18089.421875,0.781250
18090.218750,0.796875
18090.984375,0.765625
18091.765625,0.781250
18092.593750,0.828125
18093.390625,0.796875
18094.203125,0.812500
18095.031250,0.828125
18095.828125,0.796875
18105.906250,0.718750
18106.671875,0.765625
18107.437500,0.765625
18108.218750,0.781250
18109.000000,0.781250
18109.718750,0.718750
18110.421875,0.703125
18111.109375,0.687500
18111.796875,0.687500
18112.468750,0.671875
18113.109375,0.640625
18113.765625,0.656250
18114.484375,0.718750
18115.203125,0.718750
18115.937500,0.734375
18116.687500,0.750000
18117.468750,0.781250
18118.203125,0.734375
18118.906250,0.703125
18119.609375,0.703125
18120.281250,0.671875
18120.968750,0.687500
18121.671875,0.703125
18122.406250,0.734375
18123.140625,0.734375
18123.875000,0.734375
18124.625000,0.750000
18125.343750,0.718750
18126.031250,0.687500
18126.718750,0.687500
18127.406250,0.687500
18128.078125,0.671875
18128.734375,0.656250
18129.390625,0.656250
18130.046875,0.656250
18130.718750,0.671875
18131.437500,0.718750
18132.265625,0.828125
18133.046875,0.781250
18133.843750,0.796875
18134.656250,0.812500
18135.437500,0.781250
18136.250000,0.812500
18137.093750,0.843750
18137.953125,0.859375
18138.781250,0.828125
18139.609375,0.828125
18140.484375,0.875000
18141.343750,0.859375
18142.203125,0.859375
18143.062500,0.859375
18143.890625,0.828125
18144.687500,0.796875
18145.515625,0.828125
18146.375000,0.859375
18147.203125,0.828125
18148.046875,0.843750
18148.875000,0.828125
18149.734375,0.859375
18150.531250,0.796875
18151.328125,0.796875
18152.140625,0.812500
18152.937500,0.796875
18153.750000,0.812500
18154.578125,0.828125
18155.406250,0.828125
18156.218750,0.812500
18157.031250,0.812500
18157.843750,0.812500
18158.671875,0.828125
18159.484375,0.812500
18160.296875,0.812500
18161.156250,0.859375
18161.984375,0.828125
18171.718750,0.703125
18172.484375,0.765625
18173.250000,0.765625
18174.000000,0.750000
18174.765625,0.765625
18175.546875,0.781250
18176.359375,0.812500
18177.140625,0.781250
18177.953125,0.812500
18178.750000,0.796875
18179.531250,0.781250
18180.312500,0.781250
18181.093750,0.781250
18181.875000,0.781250
18182.671875,0.796875
18183.453125,0.781250
18184.296875,0.843750
18185.187500,0.890625
18186.078125,0.890625
18186.906250,0.828125
18187.687500,0.781250
18188.406250,0.718750
18189.109375,0.703125
18189.781250,0.671875
18190.500000,0.718750
18191.296875,0.796875
18192.031250,0.734375
18192.750000,0.718750
18193.500000,0.750000
18194.296875,0.796875
18195.078125,0.781250
18195.906250,0.828125
18196.812500,0.906250
18197.656250,0.843750
18198.468750,0.812500
18199.296875,0.828125
18200.109375,0.812500
18200.890625,0.781250
18201.687500,0.796875
18202.484375,0.796875
18208.640625,0.781250
18231.718750,0.828125
18232.562500,0.843750
18233.359375,0.796875
18234.125000,0.765625
18234.890625,0.765625
18241.921875,0.812500
18242.750000,0.828125
18243.515625,0.765625
18334.593750,0.812500
18349.421875,0.890625
18350.203125,0.781250
18359.421875,0.703125
18360.140625,0.718750
18360.859375,0.718750
18361.546875,0.687500
18362.234375,0.687500
18362.921875,0.687500
18363.656250,0.734375
18364.406250,0.750000
18365.218750,0.812500
18373.281250,0.765625
18374.031250,0.750000
18374.781250,0.750000
18375.500000,0.718750
18376.203125,0.703125
18376.890625,0.687500
18377.593750,0.703125
18378.296875,0.703125
18379.000000,0.703125
18379.687500,0.687500
18380.375000,0.687500
18381.125000,0.750000
18381.921875,0.796875
18382.656250,0.734375
18383.375000,0.718750
18384.125000,0.750000
18384.875000,0.750000
18385.625000,0.750000
18386.359375,0.734375
18387.093750,0.734375
18387.859375,0.765625
18407.093750,0.734375
18407.843750,0.750000
18439.406250,0.796875
18440.140625,0.734375
18451.640625,0.765625
18476.203125,0.812500
18477.000000,0.796875
18477.828125,0.828125
18478.625000,0.796875
18479.421875,0.796875
18480.218750,0.796875
18480.968750,0.750000
18481.718750,0.750000
18534.671875,0.781250
18535.421875,0.750000
18536.187500,0.765625
18536.906250,0.718750
18537.609375,0.703125
18538.359375,0.750000
18539.078125,0.718750
18539.812500,0.734375
18540.562500,0.750000
18582.203125,0.703125
18582.890625,0.687500
18583.625000,0.734375
18584.343750,0.718750
18594.187500,0.750000
18594.953125,0.765625
18595.703125,0.750000
18596.453125,0.750000
18607.406250,0.718750
18608.140625,0.734375
18608.843750,0.703125
18609.546875,0.703125
18669.875000,0.703125
18670.625000,0.750000
18671.343750,0.718750
18672.093750,0.750000
18672.765625,0.671875
18673.453125,0.687500
18674.156250,0.703125
18674.875000,0.718750
18675.625000,0.750000
18676.296875,0.671875
18676.968750,0.671875
18677.671875,0.703125
18678.375000,0.703125
18679.031250,0.656250
18679.718750,0.687500
18707.062500,0.687500
18707.781250,0.718750
18708.484375,0.703125
18709.203125,0.718750
18709.921875,0.718750
18710.687500,0.765625
18711.468750,0.781250
18712.203125,0.734375
18712.968750,0.765625
18713.750000,0.781250
18714.531250,0.781250
18715.312500,0.781250
18716.078125,0.765625
18716.875000,0.796875
18717.671875,0.796875
18718.453125,0.781250
18719.218750,0.765625
18719.984375,0.765625
18720.718750,0.734375
18721.453125,0.734375
18722.203125,0.750000
18722.968750,0.765625
18723.765625,0.796875
18724.593750,0.828125
18742.234375,0.843750
18743.031250,0.796875
18743.828125,0.796875
18744.625000,0.796875
18745.421875,0.796875
18746.203125,0.781250
18746.953125,0.750000
18747.734375,0.781250
18748.500000,0.765625
18749.265625,0.765625
18759.046875,0.718750
18759.750000,0.703125
18760.421875,0.671875
18761.156250,0.734375
18761.906250,0.750000
18762.671875,0.765625
18763.468750,0.796875
18764.265625,0.796875
18765.062500,0.796875
18765.828125,0.765625
18766.625000,0.796875
18767.406250,0.781250
18768.171875,0.765625
18768.937500,0.765625
18769.703125,0.765625
18770.437500,0.734375
18771.187500,0.750000
18771.953125,0.765625
18772.843750,0.890625
18787.578125,0.671875
18788.234375,0.656250
18788.890625,0.656250
18822.718750,0.625000
18823.328125,0.609375
18830.906250,0.609375
18831.546875,0.640625
18832.234375,0.687500
18832.937500,0.703125
18833.609375,0.671875
18834.250000,0.640625
18840.125000,0.609375
18840.765625,0.640625
18841.406250,0.640625
18842.062500,0.656250
18842.718750,0.656250
18843.343750,0.625000
18843.953125,0.609375
18844.578125,0.625000
18845.250000,0.671875
18845.937500,0.687500
18846.625000,0.687500
18854.375000,0.625000
18855.015625,0.640625
18855.656250,0.640625
18856.265625,0.609375
18856.859375,0.593750
18857.468750,0.609375
18858.109375,0.640625
18858.734375,0.625000
18859.343750,0.609375
18859.984375,0.640625
18860.703125,0.718750
18861.421875,0.718750
18862.078125,0.656250
18862.765625,0.687500
18863.468750,0.703125
18864.156250,0.687500
18877.750000,0.796875
18878.484375,0.734375
18879.218750,0.734375
18887.375000,0.859375
18888.203125,0.828125
18888.984375,0.781250
18889.703125,0.718750
18890.406250,0.703125
18891.062500,0.656250
18891.765625,0.703125
18895.171875,0.671875
18895.875000,0.703125
18896.578125,0.703125
18901.203125,0.609375
18901.859375,0.656250
18902.468750,0.609375
18903.171875,0.703125
18903.718750,0.546875
18916.562500,0.640625
18917.203125,0.640625
18917.859375,0.656250
18918.515625,0.656250
18942.375000,0.765625
18943.140625,0.765625
18943.890625,0.750000
18944.625000,0.734375
18945.375000,0.750000
18946.125000,0.750000
18958.765625,0.750000
18959.484375,0.718750
18960.203125,0.718750
18984.875000,0.609375
18985.531250,0.656250
18986.218750,0.687500
18986.921875,0.703125
18987.640625,0.718750
18988.406250,0.765625
18995.906250,0.640625
18996.546875,0.640625
18997.203125,0.656250
18997.890625,0.687500
18998.640625,0.750000
18999.390625,0.750000
19000.109375,0.718750
19000.765625,0.656250
19001.421875,0.656250
19002.093750,0.671875
19002.796875,0.703125
19003.500000,0.703125
19004.218750,0.718750
19004.890625,0.671875
19005.593750,0.703125
19006.312500,0.718750
19006.921875,0.609375
19007.625000,0.703125
19008.312500,0.687500
19009.000000,0.687500
19009.671875,0.671875
19010.343750,0.671875
19011.046875,0.703125
19014.328125,0.625000
19014.984375,0.656250
19015.625000,0.640625
19016.265625,0.640625
19016.890625,0.625000
19017.593750,0.703125
19018.312500,0.718750
19018.984375,0.671875
19019.546875,0.562500
19020.312500,0.765625
19020.937500,0.625000
19021.578125,0.640625
19025.625000,0.656250
19026.281250,0.656250
19026.921875,0.640625
19027.593750,0.671875
19028.265625,0.671875
19028.984375,0.718750
19029.609375,0.625000
19030.250000,0.640625
19030.859375,0.609375
19031.453125,0.593750
19032.062500,0.609375
19032.703125,0.640625
19033.359375,0.656250
19034.093750,0.734375
19034.812500,0.718750
19035.718750,0.906250
19147.484375,0.718750
19176.796875,0.765625
19191.234375,0.828125
19195.843750,0.718750
19196.609375,0.765625
19197.390625,0.781250
19212.156250,0.796875
19228.437500,0.796875
19243.078125,0.718750
19243.765625,0.687500
19244.437500,0.671875
19245.093750,0.656250
19245.781250,0.687500
19246.593750,0.812500
19254.593750,0.765625
19255.312500,0.718750
19256.078125,0.765625
19257.015625,0.937500
19258.062500,1.046875
19259.062500,1.000000
19259.984375,0.921875
19260.828125,0.843750
19261.609375,0.781250
19262.421875,0.812500
19263.218750,0.796875
19270.328125,0.734375
19271.062500,0.734375
19271.796875,0.734375
19272.531250,0.734375
19278.468750,0.765625
19279.218750,0.750000
19279.953125,0.734375
19280.656250,0.703125
19281.375000,0.718750
19282.109375,0.734375
19282.875000,0.765625
19283.609375,0.734375
19284.359375,0.750000
19285.109375,0.750000
19285.875000,0.765625
19286.656250,0.781250
19287.375000,0.718750
19297.562500,0.812500
19298.312500,0.750000
19299.046875,0.734375
19299.765625,0.718750
19300.484375,0.718750
19301.234375,0.750000
19308.250000,0.718750
19308.937500,0.687500
19309.640625,0.703125
19310.359375,0.718750
19311.078125,0.718750
19311.828125,0.750000
19312.609375,0.781250
19313.390625,0.781250
19314.156250,0.765625
19314.906250,0.750000
19315.625000,0.718750
19316.343750,0.718750
19317.046875,0.703125
19317.765625,0.718750
19318.468750,0.703125
19319.218750,0.750000
19319.953125,0.734375
19320.703125,0.750000
19321.500000,0.796875
19322.281250,0.781250
19323.078125,0.796875
19323.859375,0.781250
19324.640625,0.781250
19325.437500,0.796875
19326.203125,0.765625
19327.000000,0.796875
19327.781250,0.781250
19328.562500,0.781250
19329.343750,0.781250
19330.093750,0.750000
19330.875000,0.781250
19331.671875,0.796875
19332.468750,0.796875
19345.953125,0.812500
19346.765625,0.812500
19347.546875,0.781250
19348.359375,0.812500
19349.156250,0.796875
19355.546875,0.828125
19356.359375,0.812500
19357.171875,0.812500
19357.968750,0.796875
19358.750000,0.781250
19359.500000,0.750000
19360.250000,0.750000
19361.015625,0.765625
19361.796875,0.781250
19362.562500,0.765625
19363.328125,0.765625
19364.093750,0.765625
19370.046875,0.718750
19370.796875,0.750000
19371.578125,0.781250
19372.359375,0.781250
19373.140625,0.781250
19373.937500,0.796875
19374.750000,0.812500
19375.578125,0.828125
19376.421875,0.843750
19382.781250,0.796875
19383.593750,0.812500
19384.390625,0.796875
19412.562500,0.781250
19413.328125,0.765625
19414.109375,0.781250
19414.937500,0.828125
19415.718750,0.781250
19416.515625,0.796875
19422.859375,0.781250
19423.625000,0.765625
19424.375000,0.750000
19425.125000,0.750000
19425.859375,0.734375
19426.609375,0.750000
19427.359375,0.750000
19428.093750,0.734375
19428.796875,0.703125
19429.484375,0.687500
19430.156250,0.671875
19430.843750,0.687500
19431.546875,0.703125
19432.250000,0.703125
19456.890625,0.734375
19457.609375,0.718750
19458.328125,0.718750
19459.062500,0.734375
19459.781250,0.718750
19460.515625,0.734375
19461.265625,0.750000
19462.000000,0.734375
19462.734375,0.734375
19463.500000,0.765625
19464.265625,0.765625
19465.000000,0.734375
19465.750000,0.750000
19466.500000,0.750000
19472.390625,0.750000
19473.125000,0.734375
19473.890625,0.765625
19474.656250,0.765625
19475.406250,0.750000
19476.156250,0.750000
19476.921875,0.765625
19477.718750,0.796875
19478.484375,0.765625
19479.281250,0.796875
19480.093750,0.812500
19480.890625,0.796875
19481.671875,0.781250
19482.453125,0.781250
19483.218750,0.765625
19484.015625,0.796875
19484.828125,0.812500
19485.609375,0.781250
19486.406250,0.796875
19487.250000,0.843750
19488.078125,0.828125
19488.937500,0.859375
19489.781250,0.843750
19490.578125,0.796875
19491.375000,0.796875
19492.171875,0.796875
19492.937500,0.765625
19493.687500,0.750000
19494.468750,0.781250
19495.265625,0.796875
19496.046875,0.781250
19496.843750,0.796875
19497.640625,0.796875
19498.406250,0.765625
19499.203125,0.796875
19499.984375,0.781250
19500.750000,0.765625
19501.515625,0.765625
19502.312500,0.796875
19503.078125,0.765625
19503.843750,0.765625
19504.640625,0.796875
19505.453125,0.812500
19506.265625,0.812500
19507.093750,0.828125
19507.875000,0.781250
19508.687500,0.812500
19509.531250,0.843750
19510.343750,0.812500
19511.140625,0.796875
19511.953125,0.812500
19512.750000,0.796875
19513.515625,0.765625
19514.296875,0.781250
19515.078125,0.781250
19515.843750,0.765625
19516.593750,0.750000
19517.359375,0.765625
19518.125000,0.765625
19518.875000,0.750000
19519.640625,0.765625
19520.406250,0.765625
19521.156250,0.750000
19521.906250,0.750000
19522.671875,0.765625
19523.406250,0.734375
19524.125000,0.718750
19524.812500,0.687500
19525.515625,0.703125
19526.250000,0.734375
19526.984375,0.734375
19527.750000,0.765625
19528.562500,0.812500
19529.343750,0.781250
19530.125000,0.781250
19530.921875,0.796875
19531.687500,0.765625
19532.437500,0.750000
19533.218750,0.781250
19533.984375,0.765625
19534.734375,0.750000
19535.531250,0.796875
19536.328125,0.796875
19537.109375,0.781250
19537.890625,0.781250
19538.718750,0.828125
19539.515625,0.796875
19540.296875,0.781250
19541.093750,0.796875
19541.890625,0.796875
19542.640625,0.750000
19543.437500,0.796875
19544.234375,0.796875
19545.000000,0.765625
19545.781250,0.781250
19546.578125,0.796875
19547.375000,0.796875
19548.140625,0.765625
19548.921875,0.781250
19549.703125,0.781250
19550.484375,0.781250
19560.375000,0.703125
19561.062500,0.687500
19561.781250,0.718750
19562.531250,0.750000
19563.265625,0.734375
19564.015625,0.750000
19564.781250,0.765625
19565.531250,0.750000
19566.281250,0.750000
19567.046875,0.765625
19567.812500,0.765625
19568.562500,0.750000
19569.312500,0.750000
19570.078125,0.765625
19570.812500,0.734375
19571.562500,0.750000
19572.328125,0.765625
19573.078125,0.750000
19573.828125,0.750000
19574.593750,0.765625
19575.359375,0.765625
19576.125000,0.765625
19576.906250,0.781250
19577.687500,0.781250
19578.437500,0.750000
19579.187500,0.750000
19579.937500,0.750000
19580.671875,0.734375
19581.406250,0.734375
19582.156250,0.750000
19582.906250,0.750000
19583.656250,0.750000
19584.406250,0.750000
19585.171875,0.765625
19585.937500,0.765625
19586.687500,0.750000
19587.453125,0.765625
19588.203125,0.750000
19588.921875,0.718750
19589.625000,0.703125
19590.343750,0.718750
19591.062500,0.718750
19591.781250,0.718750
19592.562500,0.781250
19593.343750,0.781250
19594.109375,0.765625
19594.890625,0.781250
19595.671875,0.781250
19596.453125,0.781250
19597.218750,0.765625
19597.984375,0.765625
19598.734375,0.750000
19599.484375,0.750000
19600.265625,0.781250
19601.046875,0.781250
19601.812500,0.765625
19602.593750,0.781250
19603.375000,0.781250
19604.140625,0.765625
19604.937500,0.796875
19605.703125,0.765625
19606.453125,0.750000
19607.140625,0.687500
19607.812500,0.671875
19608.515625,0.703125
19609.265625,0.750000
19610.031250,0.765625
19610.781250,0.750000
19611.546875,0.765625
19612.328125,0.781250
19613.062500,0.734375
19613.828125,0.765625
19614.593750,0.765625
19615.375000,0.781250
19616.140625,0.765625
19616.937500,0.796875
19617.718750,0.781250
19618.484375,0.765625
19619.265625,0.781250
19620.046875,0.781250
19620.812500,0.765625
19621.578125,0.765625
19622.343750,0.765625
19623.109375,0.765625
19623.875000,0.765625
19624.671875,0.796875
19625.484375,0.812500
19626.265625,0.781250
19627.062500,0.796875
19627.859375,0.796875
19628.640625,0.781250
19641.171875,0.765625
19641.953125,0.781250
19642.781250,0.828125
19643.625000,0.843750
19644.468750,0.843750
19645.375000,0.906250
19646.281250,0.906250
19647.156250,0.875000
19647.953125,0.796875
19648.734375,0.781250
19649.500000,0.765625
19650.296875,0.796875
19651.109375,0.812500
19651.890625,0.781250
19652.671875,0.781250
19653.484375,0.812500
19654.281250,0.796875
19655.093750,0.812500
19655.890625,0.796875
19656.656250,0.765625
19657.421875,0.765625
19658.187500,0.765625
19658.953125,0.765625
19659.703125,0.750000
19699.281250,0.875000
19700.140625,0.859375
19700.984375,0.843750
19701.796875,0.812500
19702.593750,0.796875
19720.015625,0.796875
19720.812500,0.796875
19721.593750,0.781250
19722.343750,0.750000
19723.093750,0.750000
19723.859375,0.765625
19724.671875,0.812500
19725.468750,0.796875
19726.234375,0.765625
19726.984375,0.750000
19727.750000,0.765625
19728.531250,0.781250
19729.281250,0.750000
19730.015625,0.734375
19730.718750,0.703125
19731.437500,0.718750
19732.140625,0.703125
19732.859375,0.718750
19733.609375,0.750000
19734.390625,0.781250
19735.156250,0.765625
19735.968750,0.812500
19736.859375,0.890625
19737.718750,0.859375
19738.562500,0.843750
19762.031250,0.765625
19762.781250,0.750000
19763.531250,0.750000
19771.343750,0.765625
19772.156250,0.812500
19772.984375,0.828125
19773.796875,0.812500
19786.609375,0.750000
19787.343750,0.734375
19788.062500,0.718750
19788.796875,0.734375
19789.515625,0.718750
19790.250000,0.734375
19791.000000,0.750000
19791.750000,0.750000
19792.468750,0.718750
19793.171875,0.703125
19793.890625,0.718750
19794.593750,0.703125
19795.296875,0.703125
19796.000000,0.703125
19796.718750,0.718750
19797.468750,0.750000
19805.828125,0.765625
19806.593750,0.765625
19807.343750,0.750000
19808.140625,0.796875
19808.906250,0.765625
19809.687500,0.781250
19810.484375,0.796875
19811.281250,0.796875
19812.078125,0.796875
19812.890625,0.812500
19813.687500,0.796875
19814.468750,0.781250
19815.265625,0.796875
19816.046875,0.781250
19816.812500,0.765625
19817.609375,0.796875
19818.437500,0.828125
19819.250000,0.812500
19820.031250,0.781250
19820.812500,0.781250
19821.625000,0.812500
19822.406250,0.781250
19823.218750,0.812500
19824.062500,0.843750
19824.875000,0.812500
19825.671875,0.796875
19826.500000,0.828125
19827.281250,0.781250
19828.078125,0.796875
19828.906250,0.828125
19829.718750,0.812500
19830.531250,0.812500
19831.343750,0.812500
19832.125000,0.781250
19832.906250,0.781250
19833.703125,0.796875
19834.500000,0.796875
19841.265625,0.703125
19841.953125,0.687500
19842.625000,0.671875
19843.265625,0.640625
19843.921875,0.656250
19844.609375,0.687500
19877.531250,0.671875
19878.218750,0.687500
19878.890625,0.671875
19879.578125,0.687500
19880.265625,0.687500
19880.953125,0.687500
19881.625000,0.671875
19882.312500,0.687500
19883.000000,0.687500
19883.718750,0.718750
19884.421875,0.703125
19885.093750,0.671875
19885.750000,0.656250
19886.437500,0.687500
19887.187500,0.750000
19901.000000,0.718750
19901.750000,0.750000
19902.484375,0.734375
19903.234375,0.750000
19904.000000,0.765625
19904.765625,0.765625
19905.531250,0.765625
19906.281250,0.750000
19907.000000,0.718750
19907.687500,0.687500
19908.390625,0.703125
19915.015625,0.734375
19924.171875,0.765625
19924.937500,0.765625
19925.718750,0.781250
19926.500000,0.781250
19927.281250,0.781250
19928.000000,0.718750
19928.718750,0.718750
19929.453125,0.734375
19930.203125,0.750000
19930.953125,0.750000
19931.687500,0.734375
19932.421875,0.734375
19933.171875,0.750000
19933.921875,0.750000
19934.671875,0.750000
19935.406250,0.734375
19936.140625,0.734375
19936.906250,0.765625
19937.703125,0.796875
19943.953125,0.796875
19944.781250,0.828125
19945.609375,0.828125
19946.375000,0.765625
19947.171875,0.796875
19948.015625,0.843750
19948.843750,0.828125
19949.671875,0.828125
19950.484375,0.812500
19951.250000,0.765625
19952.015625,0.765625
19952.812500,0.796875
19953.671875,0.859375
19954.546875,0.875000
19955.421875,0.875000
19956.203125,0.781250
19977.234375,0.718750
19977.984375,0.750000
19978.718750,0.734375
19979.453125,0.734375
19980.218750,0.765625
19980.953125,0.734375
19981.656250,0.703125
19982.343750,0.687500
19983.046875,0.703125
19983.796875,0.750000
19984.562500,0.765625
19985.406250,0.843750
19986.281250,0.875000
19987.125000,0.843750
19996.875000,0.718750
20002.281250,0.765625
20003.125000,0.843750
20003.968750,0.843750
20004.796875,0.828125
20010.968750,0.765625
20011.687500,0.718750
20012.421875,0.734375
20013.156250,0.734375
20013.953125,0.796875
20014.687500,0.734375
20015.468750,0.781250
20016.218750,0.750000
20017.015625,0.796875
20017.859375,0.843750
20018.687500,0.828125
20019.500000,0.812500
20020.328125,0.828125
20021.156250,0.828125
20021.828125,0.671875
20022.734375,0.906250
20023.500000,0.765625
20024.312500,0.812500
20025.140625,0.828125
20025.937500,0.796875
20026.750000,0.812500
20027.531250,0.781250
20028.328125,0.796875
20029.093750,0.765625
20029.750000,0.656250
20033.890625,0.796875
20034.546875,0.656250
20035.453125,0.906250
20036.218750,0.765625
20037.000000,0.781250
20037.796875,0.796875
20038.578125,0.781250
20039.328125,0.750000
20040.046875,0.718750
20040.781250,0.734375
20041.500000,0.718750
20042.250000,0.750000
20043.046875,0.796875
20043.875000,0.828125
20044.671875,0.796875
20045.484375,0.812500
20046.296875,0.812500
20047.093750,0.796875
20047.906250,0.812500
20048.734375,0.828125
20049.546875,0.812500
20050.390625,0.843750
20051.234375,0.843750
20052.046875,0.812500
20052.875000,0.828125
20053.734375,0.859375
20054.609375,0.875000
20055.406250,0.796875
20056.171875,0.765625
20065.593750,0.796875
20066.343750,0.750000
20067.062500,0.718750
20067.796875,0.734375
20068.578125,0.781250
20069.406250,0.828125
20070.203125,0.796875
20076.906250,0.765625
20077.671875,0.765625
20078.421875,0.750000
20079.171875,0.750000
20079.937500,0.765625
20080.687500,0.750000
20081.453125,0.765625
20082.265625,0.812500
20083.046875,0.781250
20083.812500,0.765625
20084.593750,0.781250
20085.390625,0.796875
20086.140625,0.750000
20086.906250,0.765625
20092.937500,0.734375
20093.656250,0.718750
20094.390625,0.734375
20095.109375,0.718750
20095.859375,0.750000
20096.625000,0.765625
20097.406250,0.781250
20098.203125,0.796875
20098.968750,0.765625
20099.703125,0.734375
20100.484375,0.781250
20101.296875,0.812500
20102.046875,0.750000
20102.796875,0.750000
20103.578125,0.781250
20104.375000,0.796875
20105.171875,0.796875
20105.906250,0.734375
20106.671875,0.765625
20107.453125,0.781250
20108.250000,0.796875
20109.046875,0.796875
20109.859375,0.812500
20110.656250,0.796875
20111.453125,0.796875
20112.250000,0.796875
20113.062500,0.812500
20113.859375,0.796875
20114.671875,0.812500
20115.468750,0.796875
20116.234375,0.765625
20117.031250,0.796875
20117.828125,0.796875
20118.625000,0.796875
20119.437500,0.812500
20120.250000,0.812500
20121.046875,0.796875
20130.968750,0.765625
20131.734375,0.765625
20132.468750,0.734375
20133.203125,0.734375
20133.953125,0.750000
20134.703125,0.750000
20135.484375,0.781250
20136.234375,0.750000
20137.031250,0.796875
20137.859375,0.828125
20138.750000,0.890625
20139.593750,0.843750
20140.375000,0.781250
20141.156250,0.781250
20141.953125,0.796875
20142.703125,0.750000
20143.421875,0.718750
20144.109375,0.687500
20144.812500,0.703125
20145.500000,0.687500
20146.187500,0.687500
20146.906250,0.718750
20147.687500,0.781250
20148.484375,0.796875
20149.234375,0.750000
20149.984375,0.750000
20150.781250,0.796875
20151.562500,0.781250
20152.328125,0.765625
20153.125000,0.796875
20153.921875,0.796875
20154.734375,0.812500
20155.500000,0.765625
20156.250000,0.750000
20157.015625,0.765625
20157.781250,0.765625
20158.546875,0.765625
20159.265625,0.718750
20160.015625,0.750000
20160.781250,0.765625
20161.515625,0.734375
20162.203125,0.687500
20162.921875,0.718750
20163.656250,0.734375
20164.359375,0.703125
20165.062500,0.703125
20165.765625,0.703125
20166.500000,0.734375
20167.250000,0.750000
20168.015625,0.765625
20168.828125,0.812500
20169.687500,0.859375
20170.578125,0.890625
20171.406250,0.828125
20172.218750,0.812500
20173.062500,0.843750
20173.859375,0.796875
20174.671875,0.812500
20175.468750,0.796875
20176.234375,0.765625
20177.031250,0.796875
20177.812500,0.781250
20178.593750,0.781250
20179.375000,0.781250
20180.171875,0.796875
20180.968750,0.796875
20181.781250,0.812500
20182.609375,0.828125
20183.406250,0.796875
20184.218750,0.812500
20185.031250,0.812500
20185.812500,0.781250
20186.609375,0.796875
20187.421875,0.812500
20188.234375,0.812500
20189.078125,0.843750
20189.875000,0.796875
20190.640625,0.765625
20191.421875,0.781250
20192.171875,0.750000
20192.937500,0.765625
20193.703125,0.765625
20194.546875,0.843750
20195.406250,0.859375
20196.187500,0.781250
20197.000000,0.812500
20197.812500,0.812500
20198.640625,0.828125
20199.406250,0.765625
20200.171875,0.765625
20200.921875,0.750000
20201.703125,0.781250
20202.515625,0.812500
20203.312500,0.796875
20204.125000,0.812500
20222.375000,0.718750
20223.062500,0.687500
20223.734375,0.671875
20224.406250,0.671875
20225.109375,0.703125
20225.859375,0.750000
20226.734375,0.875000
20227.625000,0.890625
20228.437500,0.812500
20229.234375,0.796875
20230.062500,0.828125
20230.843750,0.781250
20231.640625,0.796875
20232.468750,0.828125
20233.296875,0.828125
20234.125000,0.828125
20234.968750,0.843750
20241.390625,0.765625
20242.156250,0.765625
20242.937500,0.781250
20243.796875,0.859375
20244.625000,0.828125
20245.468750,0.843750
20246.343750,0.875000
20247.250000,0.906250
20248.062500,0.812500
20248.875000,0.812500
20249.671875,0.796875
20250.453125,0.781250
20251.187500,0.734375
20251.921875,0.734375
20252.687500,0.765625
20253.484375,0.796875
20254.265625,0.781250
20255.031250,0.765625
20255.828125,0.796875
20256.656250,0.828125
20257.421875,0.765625
20258.187500,0.765625
20258.968750,0.781250
20259.765625,0.796875
20260.500000,0.734375
20261.281250,0.781250
20262.078125,0.796875
20262.921875,0.843750
20263.718750,0.796875
20264.500000,0.781250
20265.328125,0.828125
20266.140625,0.812500
20266.968750,0.828125
20267.765625,0.796875
20268.546875,0.781250
20308.015625,0.812500
20308.875000,0.859375
20309.781250,0.906250
20310.578125,0.796875
20311.343750,0.765625
20312.140625,0.796875
20312.906250,0.765625
20313.687500,0.781250
20314.484375,0.796875
20320.875000,0.765625
20341.453125,0.812500
20348.453125,0.734375
20367.984375,0.750000
20368.734375,0.750000
20369.515625,0.781250
20370.265625,0.750000
20371.046875,0.781250
20371.843750,0.796875
20372.625000,0.781250
20379.718750,0.890625
20380.593750,0.875000
20381.453125,0.859375
20382.234375,0.781250
20383.046875,0.812500
20383.828125,0.781250
20384.656250,0.828125
20385.453125,0.796875
20386.296875,0.843750
20387.140625,0.843750
20388.015625,0.875000
20388.875000,0.859375
20389.703125,0.828125
20390.515625,0.812500
20391.312500,0.796875
20392.109375,0.796875
20392.921875,0.812500
20393.750000,0.828125
20394.562500,0.812500
20395.375000,0.812500
20396.171875,0.796875
20408.093750,0.796875
20408.906250,0.812500
20409.734375,0.828125
20410.609375,0.875000
20411.437500,0.828125
20412.234375,0.796875
20412.984375,0.750000
20413.750000,0.765625
20414.515625,0.765625
20415.296875,0.781250
20416.093750,0.796875
20416.875000,0.781250
20417.625000,0.750000
20418.390625,0.765625
20419.171875,0.781250
20419.937500,0.765625
20427.000000,0.781250
20427.812500,0.812500
20428.593750,0.781250
20429.406250,0.812500
20430.171875,0.765625
20430.968750,0.796875
20431.765625,0.796875
20432.546875,0.781250
20433.328125,0.781250
20434.125000,0.796875
20434.953125,0.828125
20435.765625,0.812500
20436.531250,0.765625
20437.343750,0.812500
20438.125000,0.781250
20438.875000,0.750000
20439.656250,0.781250
20440.437500,0.781250
20441.250000,0.812500
20442.015625,0.765625
20442.812500,0.796875
20443.578125,0.765625
20444.359375,0.781250
20445.125000,0.765625
20445.875000,0.750000
20446.656250,0.781250
20447.375000,0.718750
20448.109375,0.734375
20448.843750,0.734375
20449.593750,0.750000
20450.312500,0.718750
20451.046875,0.734375
20451.765625,0.718750
20452.500000,0.734375
20453.218750,0.718750
20453.937500,0.718750
20454.703125,0.765625
20455.468750,0.765625
20456.234375,0.765625
20457.000000,0.765625
20457.812500,0.812500
20458.625000,0.812500
20459.437500,0.812500
20460.250000,0.812500
20461.015625,0.765625
20461.781250,0.765625
20462.562500,0.781250
20463.390625,0.828125
20464.218750,0.828125
20465.015625,0.796875
20465.796875,0.781250
20466.562500,0.765625
20467.343750,0.781250
20468.125000,0.781250
20468.906250,0.781250
20469.718750,0.812500
20470.578125,0.859375
20471.484375,0.906250
20472.343750,0.859375
20473.203125,0.859375
20474.031250,0.828125
20474.796875,0.765625
20475.578125,0.781250
20476.359375,0.781250
20477.125000,0.765625
20477.875000,0.750000
20478.625000,0.750000
20479.406250,0.781250
20480.171875,0.765625
20520.109375,0.843750
20520.875000,0.765625
20521.640625,0.765625
20522.406250,0.765625
20523.156250,0.750000
20585.671875,0.718750
20586.406250,0.734375
20587.171875,0.765625
20587.921875,0.750000
20588.734375,0.812500
20589.578125,0.843750
20590.390625,0.812500
20591.265625,0.875000
20592.140625,0.875000
20592.968750,0.828125
20593.781250,0.812500
20594.578125,0.796875
20595.390625,0.812500
20596.250000,0.859375
20597.109375,0.859375
20597.984375,0.875000
20598.812500,0.828125
20599.609375,0.796875
20600.359375,0.750000
20601.125000,0.765625
20601.875000,0.750000
20602.640625,0.765625
20603.437500,0.796875
20604.234375,0.796875
20605.078125,0.843750
20605.937500,0.859375
20606.750000,0.812500
20607.562500,0.812500
20608.359375,0.796875
20609.140625,0.781250
20609.921875,0.781250
20610.718750,0.796875
20611.468750,0.750000
20612.234375,0.765625
20613.000000,0.765625
20613.703125,0.703125
20614.421875,0.718750
20615.125000,0.703125
20615.812500,0.687500
20616.531250,0.718750
20617.281250,0.750000
20618.015625,0.734375
20618.796875,0.781250
20619.625000,0.828125
20620.500000,0.875000
20621.312500,0.812500
20622.062500,0.750000
20622.812500,0.750000
20623.625000,0.812500
20624.453125,0.828125
20625.281250,0.828125
20626.078125,0.796875
20626.875000,0.796875
20627.656250,0.781250
20628.406250,0.750000
20629.187500,0.781250
20630.015625,0.828125
20630.875000,0.859375
20631.656250,0.781250
20632.406250,0.750000
20633.140625,0.734375
20667.812500,0.656250
20668.484375,0.671875
20669.156250,0.671875
20669.875000,0.718750
20670.562500,0.687500
20671.250000,0.687500
20693.687500,0.625000
20694.328125,0.640625
20694.937500,0.609375
20695.578125,0.640625
20696.218750,0.640625
20696.875000,0.656250
20697.515625,0.640625
20714.890625,0.640625
20715.500000,0.609375
20716.140625,0.640625
20716.796875,0.656250
20717.437500,0.640625
20718.093750,0.656250
20718.765625,0.671875
20719.468750,0.703125
20720.140625,0.671875
20720.796875,0.656250
20721.453125,0.656250
20722.109375,0.656250
20722.750000,0.640625
20723.390625,0.640625
20724.031250,0.640625
20724.656250,0.625000
20725.296875,0.640625
20725.953125,0.656250
20726.578125,0.625000
20727.218750,0.640625
20727.843750,0.625000
20728.468750,0.625000
20743.875000,0.656250
20749.734375,0.625000
20750.375000,0.640625
20751.015625,0.640625
20751.671875,0.656250
20752.312500,0.640625
20752.953125,0.640625
20753.609375,0.656250
20754.250000,0.640625
20754.875000,0.625000
20755.500000,0.625000
20766.437500,0.671875
20767.109375,0.671875
20767.765625,0.656250
20768.437500,0.671875
20774.140625,0.640625
20774.765625,0.625000
20775.390625,0.625000
20776.015625,0.625000
20776.625000,0.609375
20777.250000,0.625000
20777.843750,0.593750
20778.453125,0.609375
20779.062500,0.609375
20779.656250,0.593750
20780.250000,0.593750
20780.859375,0.609375
20781.468750,0.609375
20782.078125,0.609375
20782.718750,0.640625
20783.359375,0.640625
20784.000000,0.640625
20784.625000,0.625000
20785.250000,0.625000
20785.890625,0.640625
20786.515625,0.625000
20787.156250,0.640625
20787.796875,0.640625
20788.453125,0.656250
20789.109375,0.656250
20789.750000,0.640625
20790.390625,0.640625
20791.031250,0.640625
20791.656250,0.625000
20792.296875,0.640625
20792.906250,0.609375
20793.515625,0.609375
20794.125000,0.609375
20794.750000,0.625000
20795.359375,0.609375
20795.984375,0.625000
20796.609375,0.625000
20797.250000,0.640625
20797.890625,0.640625
20798.546875,0.656250
20799.187500,0.640625
20799.812500,0.625000
20800.468750,0.656250
20801.125000,0.656250
20801.781250,0.656250
20802.406250,0.625000
20803.046875,0.640625
20803.671875,0.625000
20804.328125,0.656250
20804.984375,0.656250
20805.625000,0.640625
20806.265625,0.640625
20806.921875,0.656250
20807.578125,0.656250
20808.218750,0.640625
20808.875000,0.656250
20809.546875,0.671875
20810.218750,0.671875
20810.859375,0.640625
20811.515625,0.656250
20812.171875,0.656250
20812.859375,0.687500
20813.562500,0.703125
20814.234375,0.671875
20814.906250,0.671875
20815.562500,0.656250
20816.218750,0.656250
20816.875000,0.656250
20817.546875,0.671875
20818.171875,0.625000
20818.812500,0.640625
20819.468750,0.656250
20820.125000,0.656250
20820.796875,0.671875
20821.437500,0.640625
20822.062500,0.625000
20822.703125,0.640625
20823.359375,0.656250
20824.031250,0.671875
20824.687500,0.656250
20825.406250,0.718750
20826.140625,0.734375
20826.875000,0.734375
20841.734375,0.671875
20842.406250,0.671875
20843.062500,0.656250
20843.718750,0.656250
20844.406250,0.687500
20845.093750,0.687500
20845.765625,0.671875
20846.437500,0.671875
20847.078125,0.640625
20847.718750,0.640625
20848.359375,0.640625
20848.984375,0.625000
20849.609375,0.625000
20850.234375,0.625000
20850.875000,0.640625
20851.515625,0.640625
20852.171875,0.656250
20852.796875,0.625000
20853.437500,0.640625
20854.062500,0.625000
20854.671875,0.609375
20855.296875,0.625000
20855.937500,0.640625
20856.562500,0.625000
20857.203125,0.640625
20857.828125,0.625000
20858.468750,0.640625
20859.109375,0.640625
20859.750000,0.640625
20860.375000,0.625000
20861.000000,0.625000
20861.625000,0.625000
20862.265625,0.640625
20862.890625,0.625000
20863.546875,0.656250
20864.187500,0.640625
20864.828125,0.640625
20865.484375,0.656250
20866.156250,0.671875
20866.796875,0.640625
20867.453125,0.656250
20868.093750,0.640625
20868.734375,0.640625
20869.375000,0.640625
20870.015625,0.640625
20870.625000,0.609375
20871.250000,0.625000
20871.843750,0.593750
20872.437500,0.593750
20873.046875,0.609375
20873.671875,0.625000
20874.281250,0.609375
20874.906250,0.625000
20875.515625,0.609375
20876.125000,0.609375
20876.750000,0.625000
20877.359375,0.609375
20877.953125,0.593750
20900.937500,0.687500
20906.921875,0.687500
20907.609375,0.687500
20908.265625,0.656250
20908.921875,0.656250
20909.578125,0.656250
20910.187500,0.609375
20910.812500,0.625000
20911.421875,0.609375
20912.031250,0.609375
20912.640625,0.609375
20913.234375,0.593750
20913.843750,0.609375
20914.437500,0.593750
20915.062500,0.625000
20920.859375,0.625000
20921.468750,0.609375
20922.078125,0.609375
20922.703125,0.625000
20923.312500,0.609375
20923.921875,0.609375
20924.531250,0.609375
20925.156250,0.625000
20925.796875,0.640625
20926.421875,0.625000
20927.046875,0.625000
20927.687500,0.640625
20928.343750,0.656250
20929.000000,0.656250
20929.640625,0.640625
20930.265625,0.625000
20930.906250,0.640625
20931.546875,0.640625
20932.203125,0.656250
20932.859375,0.656250
20933.500000,0.640625
20954.953125,0.671875
20955.609375,0.656250
20956.265625,0.656250
20956.921875,0.656250
20957.562500,0.640625
20958.203125,0.640625
20958.859375,0.656250
20959.500000,0.640625
20960.156250,0.656250
20960.781250,0.625000
20961.437500,0.656250
20962.078125,0.640625
20962.734375,0.656250
20963.359375,0.625000
20963.984375,0.625000
20964.609375,0.625000
20965.234375,0.625000
20965.875000,0.640625
20966.484375,0.609375
20967.109375,0.625000
20967.734375,0.625000
20968.390625,0.656250
20969.015625,0.625000
20969.625000,0.609375
20970.250000,0.625000
20970.890625,0.640625
20971.531250,0.640625
20972.171875,0.640625
20972.828125,0.656250
20973.453125,0.625000
20974.093750,0.640625
20974.734375,0.640625
20975.375000,0.640625
20976.015625,0.640625
20976.687500,0.671875
20977.359375,0.671875
20978.015625,0.656250
20978.687500,0.671875
20979.328125,0.640625
20997.468750,0.671875
21019.765625,0.718750
21020.500000,0.734375
21021.218750,0.718750
21021.906250,0.687500
21022.578125,0.671875
21023.281250,0.703125
21023.953125,0.671875
21024.640625,0.687500
21025.343750,0.703125
21026.078125,0.734375
21026.828125,0.750000
21027.531250,0.703125
21028.265625,0.734375
21028.968750,0.703125
21029.703125,0.734375
21030.421875,0.718750
21031.125000,0.703125
21031.843750,0.718750
21032.593750,0.750000
21033.359375,0.765625
21034.093750,0.734375
21034.812500,0.718750
21035.515625,0.703125
21036.203125,0.687500
21036.875000,0.671875
21037.546875,0.671875
21045.531250,0.796875
21046.296875,0.765625
21047.031250,0.734375
21047.796875,0.765625
21048.546875,0.750000
21049.296875,0.750000
21050.015625,0.718750
21050.718750,0.703125
21051.453125,0.734375
21052.171875,0.718750
21052.890625,0.718750
21053.593750,0.703125
21054.296875,0.703125
21054.984375,0.687500
21055.656250,0.671875
21056.328125,0.671875
21057.015625,0.687500
21057.718750,0.703125
21058.390625,0.671875
21059.109375,0.718750
21059.812500,0.703125
21060.562500,0.750000
21061.390625,0.828125
21062.218750,0.828125
21063.015625,0.796875
21063.765625,0.750000
21064.531250,0.765625
21065.296875,0.765625
21066.046875,0.750000
21083.671875,0.656250
21084.359375,0.687500
21085.062500,0.703125
21092.250000,0.671875
21092.953125,0.703125
21093.656250,0.703125
21094.359375,0.703125
21095.046875,0.687500
21095.703125,0.656250
21096.421875,0.718750
21097.140625,0.718750
21097.890625,0.750000
21098.625000,0.734375
21099.343750,0.718750
21100.062500,0.718750
21100.812500,0.750000
21101.531250,0.718750
21102.250000,0.718750
21102.984375,0.734375
21103.734375,0.750000
21104.453125,0.718750
21105.156250,0.703125
21105.890625,0.734375
21106.625000,0.734375
21107.390625,0.765625
21108.093750,0.703125
21108.828125,0.734375
21109.546875,0.718750
21110.265625,0.718750
21110.953125,0.687500
21111.656250,0.703125
21112.359375,0.703125
21113.062500,0.703125
21125.953125,0.640625
21126.609375,0.656250
21127.296875,0.687500
21128.015625,0.718750
21128.765625,0.750000
21129.468750,0.703125
21130.171875,0.703125
21130.890625,0.718750
21131.625000,0.734375
21132.390625,0.765625
21133.171875,0.781250
21133.937500,0.765625
21134.671875,0.734375
21135.421875,0.750000
21136.187500,0.765625
21136.968750,0.781250
21137.765625,0.796875
21138.546875,0.781250
21151.625000,0.671875
21152.328125,0.703125
21153.031250,0.703125
21153.718750,0.687500
21154.421875,0.703125
21155.140625,0.718750
21155.875000,0.734375
21156.625000,0.750000
21157.328125,0.703125
21163.515625,0.718750
21164.203125,0.687500
21164.890625,0.687500
21165.578125,0.687500
21166.234375,0.656250
21166.921875,0.687500
21167.578125,0.656250
21168.234375,0.656250
21168.890625,0.656250
21169.578125,0.687500
21170.250000,0.671875
21170.921875,0.671875
21171.578125,0.656250
21172.234375,0.656250
21172.921875,0.687500
21173.593750,0.671875
21174.281250,0.687500
21174.953125,0.671875
21175.625000,0.671875
21176.281250,0.656250
21176.937500,0.656250
21177.593750,0.656250
21178.250000,0.656250
21178.890625,0.640625
21179.546875,0.656250
21180.203125,0.656250
21180.890625,0.687500
21181.578125,0.687500
21182.250000,0.671875
21182.921875,0.671875
21183.578125,0.656250
21184.218750,0.640625
21184.859375,0.640625
21185.500000,0.640625
21186.140625,0.640625
21186.796875,0.656250
21187.453125,0.656250
21188.093750,0.640625
21188.734375,0.640625
21189.375000,0.640625
21190.015625,0.640625
21190.671875,0.656250
21191.359375,0.687500
21192.062500,0.703125
21192.781250,0.718750
21193.468750,0.687500
21194.140625,0.671875
21194.828125,0.687500
21195.515625,0.687500
21196.171875,0.656250
21196.828125,0.656250
21197.484375,0.656250
21198.156250,0.671875
21198.812500,0.656250
21199.468750,0.656250
21200.109375,0.640625
21200.781250,0.671875
21201.453125,0.671875
21202.109375,0.656250
21202.765625,0.656250
21203.468750,0.703125
21204.187500,0.718750
21204.937500,0.750000
21205.640625,0.703125
21206.359375,0.718750
21207.078125,0.718750
21207.812500,0.734375
21208.546875,0.734375
21209.234375,0.687500
21209.937500,0.703125
21210.640625,0.703125
21211.343750,0.703125
21212.046875,0.703125
21212.734375,0.687500
21213.421875,0.687500
21214.109375,0.687500
21214.812500,0.703125
21215.484375,0.671875
21216.140625,0.656250
21216.812500,0.671875
21217.484375,0.671875
21218.140625,0.656250
21218.812500,0.671875
21219.484375,0.671875
21220.187500,0.703125
21220.890625,0.703125
21221.593750,0.703125
21222.265625,0.671875
21240.921875,0.703125
21241.625000,0.703125
21242.343750,0.718750
21243.078125,0.734375
21243.796875,0.718750
21244.500000,0.703125
21245.234375,0.734375
21245.968750,0.734375
21246.703125,0.734375
21247.421875,0.718750
21248.156250,0.734375
21248.859375,0.703125
21249.578125,0.718750
21250.265625,0.687500
21250.937500,0.671875
21251.625000,0.687500
21252.296875,0.671875
21252.984375,0.687500
21253.671875,0.687500
21254.390625,0.718750
21255.093750,0.703125
21255.812500,0.718750
21256.562500,0.750000
21257.312500,0.750000
21258.078125,0.765625
21258.812500,0.734375
21259.562500,0.750000
21260.328125,0.765625
21261.109375,0.781250
21261.843750,0.734375
21262.562500,0.718750
21263.296875,0.734375
21264.015625,0.718750
21264.750000,0.734375
21265.453125,0.703125
21266.156250,0.703125
21266.875000,0.718750
21267.609375,0.734375
21268.359375,0.750000
21269.062500,0.703125
21269.781250,0.718750
21270.484375,0.703125
21271.187500,0.703125
21271.890625,0.703125
21272.578125,0.687500
21273.250000,0.671875
21273.953125,0.703125
21274.656250,0.703125
21275.359375,0.703125
21276.093750,0.734375
21276.859375,0.765625
21277.640625,0.781250
21278.406250,0.765625
21279.140625,0.734375
21291.187500,0.718750
21291.921875,0.734375
21292.656250,0.734375
21293.375000,0.718750
21294.078125,0.703125
21294.812500,0.734375
21295.531250,0.718750
21296.234375,0.703125
21296.937500,0.703125
21297.671875,0.734375
21298.359375,0.687500
21299.171875,0.812500
21299.906250,0.734375
21300.656250,0.750000
21301.406250,0.750000
21311.156250,0.734375
21311.921875,0.765625
21312.703125,0.781250
21313.484375,0.781250
21320.953125,0.765625
21321.687500,0.734375
21322.406250,0.718750
21323.156250,0.750000
21323.921875,0.765625
21324.687500,0.765625
21325.468750,0.781250
21326.250000,0.781250
21327.046875,0.796875
21327.843750,0.796875
21328.609375,0.765625
21329.359375,0.750000
21330.109375,0.750000
21330.843750,0.734375
21331.562500,0.718750
21332.250000,0.687500
21332.937500,0.687500
21333.640625,0.703125
21334.359375,0.718750
21335.125000,0.765625
21335.859375,0.734375
21336.656250,0.796875
21337.453125,0.796875
21338.234375,0.781250
21339.000000,0.765625
21339.718750,0.718750
21340.531250,0.812500
21426.062500,0.750000
21426.828125,0.765625
21427.593750,0.765625
21428.390625,0.796875
21429.203125,0.812500
21430.046875,0.843750
21430.875000,0.828125
21431.656250,0.781250
21432.437500,0.781250
21433.203125,0.765625
21433.968750,0.765625
21434.750000,0.781250
21435.515625,0.765625
21436.312500,0.796875
21437.093750,0.781250
21443.531250,0.734375
21444.250000,0.718750
21444.937500,0.687500
21445.640625,0.703125
21446.328125,0.687500
21447.046875,0.718750
21447.796875,0.750000
21448.531250,0.734375
21449.296875,0.765625
21450.078125,0.781250
21450.828125,0.750000
21451.562500,0.734375
21452.281250,0.718750
21453.000000,0.718750
21453.718750,0.718750
21454.468750,0.750000
21455.203125,0.734375
21455.953125,0.750000
21471.640625,0.765625
21472.453125,0.812500
21473.250000,0.796875
21474.062500,0.812500
21474.859375,0.796875
21475.609375,0.750000
21476.328125,0.718750
21477.046875,0.718750
21477.781250,0.734375
21478.531250,0.750000
21539.000000,0.718750
21539.718750,0.718750
21540.453125,0.734375
21541.203125,0.750000
21541.968750,0.765625
21542.703125,0.734375
21543.453125,0.750000
21544.156250,0.703125
21544.859375,0.703125
21545.562500,0.703125
21546.265625,0.703125
21546.968750,0.703125
21547.687500,0.718750
21548.343750,0.656250
21549.000000,0.656250
21549.671875,0.671875
21558.531250,0.687500
21559.265625,0.734375
21573.984375,0.640625
21574.625000,0.640625
21575.250000,0.625000
21607.703125,0.640625
21608.359375,0.656250
21650.406250,0.703125
21667.953125,0.609375
21695.953125,0.812500
21696.734375,0.781250
21697.453125,0.718750
21698.171875,0.718750
21698.906250,0.734375
21699.656250,0.750000
21700.375000,0.718750
21701.140625,0.765625
21701.953125,0.812500
21702.765625,0.812500
21703.546875,0.781250
21704.296875,0.750000
21705.078125,0.781250
21705.875000,0.796875
21706.671875,0.796875
21707.421875,0.750000
21708.140625,0.718750
21708.890625,0.750000
21709.671875,0.781250
21710.437500,0.765625
21711.187500,0.750000
21711.906250,0.718750
21712.640625,0.734375
21713.406250,0.765625
21725.859375,0.750000
21726.609375,0.750000
21727.328125,0.718750
21728.046875,0.718750
21728.796875,0.750000
21729.593750,0.796875
21730.343750,0.750000
21731.062500,0.718750
21731.781250,0.718750
21732.500000,0.718750
21733.203125,0.703125
21733.906250,0.703125
21734.625000,0.718750
21735.375000,0.750000
21743.281250,0.703125
21744.000000,0.718750
21780.015625,0.671875
21800.796875,0.734375
21801.484375,0.687500
21849.281250,0.750000
21860.375000,0.734375
21861.093750,0.718750
21861.796875,0.703125
21862.500000,0.703125
21863.234375,0.734375
21864.000000,0.765625
21864.781250,0.781250
21865.531250,0.750000
21866.234375,0.703125
21866.953125,0.718750
21867.687500,0.734375
21876.343750,0.734375
21877.093750,0.750000
21877.843750,0.750000
21878.578125,0.734375
21879.296875,0.718750
21880.031250,0.734375
21906.953125,0.750000
21907.703125,0.750000
21908.546875,0.843750
21909.468750,0.921875
21910.359375,0.890625
21917.062500,0.750000
21917.812500,0.750000
21918.609375,0.796875
21942.125000,0.703125
21942.875000,0.750000
21943.718750,0.843750
21944.578125,0.859375
22008.234375,0.734375
22008.984375,0.750000
22009.703125,0.718750
22010.437500,0.734375
22011.203125,0.765625
22011.984375,0.781250
22012.734375,0.750000
22013.500000,0.765625
22014.281250,0.781250
22015.093750,0.812500
22015.843750,0.750000
22016.593750,0.750000
22017.390625,0.796875
22018.187500,0.796875
22018.953125,0.765625
22019.703125,0.750000
22020.437500,0.734375
22021.187500,0.750000
22021.953125,0.765625
22022.734375,0.781250
22023.515625,0.781250
22024.265625,0.750000
22044.750000,0.734375
22072.562500,0.718750
22073.359375,0.796875
22074.140625,0.781250
22074.906250,0.765625
22079.156250,0.687500
22091.531250,0.703125
22092.265625,0.734375
22093.000000,0.734375
22093.734375,0.734375
22094.406250,0.671875
22095.093750,0.687500
22095.781250,0.687500
22096.484375,0.703125
22097.203125,0.718750
22097.921875,0.718750
22098.640625,0.718750
22099.453125,0.812500
22109.406250,0.750000
22110.234375,0.828125
22111.031250,0.796875
22111.812500,0.781250
22112.640625,0.828125
22113.437500,0.796875
22114.250000,0.812500
22115.031250,0.781250
22115.781250,0.750000
22116.484375,0.703125
22117.187500,0.703125
22117.921875,0.734375
22118.656250,0.734375
22119.421875,0.765625
22120.218750,0.796875
22121.078125,0.859375
22121.937500,0.859375
22122.781250,0.843750
22123.609375,0.828125
22124.328125,0.718750
22125.078125,0.750000
22125.828125,0.750000
22126.546875,0.718750
22138.812500,0.734375
22139.515625,0.703125
22140.203125,0.687500
22140.906250,0.703125
22141.578125,0.671875
22142.281250,0.703125
22143.015625,0.734375
22143.781250,0.765625
22144.562500,0.781250
22145.328125,0.765625
22146.109375,0.781250
22146.812500,0.703125
22147.515625,0.703125
22148.218750,0.703125
22148.953125,0.734375
22149.687500,0.734375
22150.453125,0.765625
22151.187500,0.734375
22176.718750,0.656250
22177.406250,0.687500
22178.156250,0.750000
22178.890625,0.734375
22179.640625,0.750000
22180.421875,0.781250
22181.203125,0.781250
22182.000000,0.796875
22182.781250,0.781250
22183.531250,0.750000
22184.250000,0.718750
22184.968750,0.718750
22185.718750,0.750000
22186.453125,0.734375
22187.203125,0.750000
22187.968750,0.765625
22188.765625,0.796875
22189.578125,0.812500
22190.312500,0.734375
22191.046875,0.734375
22191.781250,0.734375
22192.500000,0.718750
22193.203125,0.703125
22193.875000,0.671875
22194.546875,0.671875
22195.250000,0.703125
22195.953125,0.703125
22196.671875,0.718750
22197.437500,0.765625
22198.171875,0.734375
22198.968750,0.796875
22199.781250,0.812500
22200.593750,0.812500
22214.109375,0.765625
22214.859375,0.750000
22215.625000,0.765625
22216.421875,0.796875
22217.218750,0.796875
22218.031250,0.812500
22235.593750,0.750000
22236.359375,0.765625
22237.109375,0.750000
22237.828125,0.718750
22238.562500,0.734375
22239.281250,0.718750
22240.000000,0.718750
22258.375000,0.734375
22259.140625,0.765625
22259.875000,0.734375
22260.578125,0.703125
22261.265625,0.687500
22267.546875,0.734375
22268.312500,0.765625
22269.078125,0.765625
22269.828125,0.750000
22270.531250,0.703125
22271.250000,0.718750
22271.968750,0.718750
22272.671875,0.703125
22273.390625,0.718750
22274.140625,0.750000
22274.890625,0.750000
22275.609375,0.718750
22276.359375,0.750000
22277.093750,0.734375
22277.796875,0.703125
22278.500000,0.703125
22279.203125,0.703125
22318.671875,0.781250
22319.421875,0.750000
22320.187500,0.765625
22321.015625,0.828125
22321.921875,0.906250
22322.828125,0.906250
22323.671875,0.843750
22324.484375,0.812500
22325.234375,0.750000
22325.968750,0.734375
22326.718750,0.750000
22327.515625,0.796875
22336.781250,0.671875
22337.484375,0.703125
22338.218750,0.734375
22338.921875,0.703125
22339.640625,0.718750
22340.375000,0.734375
22341.125000,0.750000
22341.890625,0.765625
22342.656250,0.765625
22343.406250,0.750000
22344.109375,0.703125
22344.796875,0.687500
22345.484375,0.687500
22346.218750,0.734375
22346.968750,0.750000
22347.734375,0.765625
22375.281250,0.656250
22375.968750,0.687500
22376.718750,0.750000
22383.781250,0.687500
22384.453125,0.671875
22385.156250,0.703125
22385.812500,0.656250
22386.468750,0.656250
22392.531250,0.750000
22393.328125,0.796875
22400.234375,0.750000
22401.015625,0.781250
22401.765625,0.750000
22402.484375,0.718750
22403.234375,0.750000
22403.968750,0.734375
22404.750000,0.781250
22405.515625,0.765625
22406.250000,0.734375
22407.000000,0.750000
22407.781250,0.781250
22408.562500,0.781250
22409.296875,0.734375
22410.015625,0.718750
22410.687500,0.671875
22411.375000,0.687500
22412.078125,0.703125
22412.828125,0.750000
22413.578125,0.750000
22414.328125,0.750000
22415.031250,0.703125
22415.750000,0.718750
22416.484375,0.734375
22436.687500,0.750000
22437.375000,0.687500
22438.078125,0.703125
22438.765625,0.687500
22439.484375,0.718750
22440.218750,0.734375
22440.953125,0.734375
22441.687500,0.734375
22442.453125,0.765625
22443.281250,0.828125
22444.109375,0.828125
22444.875000,0.765625
22445.609375,0.734375
22446.343750,0.734375
22447.093750,0.750000
22447.828125,0.734375
22448.546875,0.718750
22449.281250,0.734375
22450.031250,0.750000
22450.765625,0.734375
22451.515625,0.750000
22452.312500,0.796875
22453.140625,0.828125
22453.953125,0.812500
22454.718750,0.765625
22455.468750,0.750000
22456.203125,0.734375
22456.906250,0.703125
22457.625000,0.718750
22458.343750,0.718750
22479.500000,0.750000
22480.250000,0.750000
22481.000000,0.750000
22481.734375,0.734375
22482.437500,0.703125
22483.156250,0.718750
22483.906250,0.750000
22484.718750,0.812500
22485.562500,0.843750
22486.421875,0.859375
22487.265625,0.843750
22495.484375,0.765625
22496.281250,0.796875
22497.046875,0.765625
22497.812500,0.765625
22498.562500,0.750000
22499.281250,0.718750
22499.984375,0.703125
22500.687500,0.703125
22501.406250,0.718750
22502.156250,0.750000
22502.921875,0.765625
22503.671875,0.750000
22504.421875,0.750000
22505.187500,0.765625
22505.953125,0.765625
22506.671875,0.718750
22507.421875,0.750000
22508.171875,0.750000
22508.906250,0.734375
22509.640625,0.734375
22510.390625,0.750000
22511.156250,0.765625
22511.921875,0.765625
22512.671875,0.750000
22513.437500,0.765625
22514.203125,0.765625
22514.937500,0.734375
22515.687500,0.750000
22603.781250,0.828125
22604.546875,0.765625
22615.828125,0.781250
22616.593750,0.765625
22617.375000,0.781250
22618.156250,0.781250
22618.906250,0.750000
22619.656250,0.750000
22620.390625,0.734375
22621.140625,0.750000
22621.875000,0.734375
22622.578125,0.703125
22623.296875,0.718750
22624.000000,0.703125
22624.734375,0.734375
22625.468750,0.734375
22626.203125,0.734375
22626.968750,0.765625
22714.812500,0.765625
22715.546875,0.734375
22716.281250,0.734375
22717.046875,0.765625
22717.843750,0.796875
22718.593750,0.750000
22719.359375,0.765625
22720.156250,0.796875
22720.937500,0.781250
22721.718750,0.781250
22722.500000,0.781250
22723.265625,0.765625
22724.046875,0.781250
22724.859375,0.812500
22733.390625,0.812500
22734.171875,0.781250
22735.000000,0.828125
22735.812500,0.812500
22736.609375,0.796875
22737.421875,0.812500
22738.234375,0.812500
22790.234375,0.812500
22791.015625,0.781250
22791.765625,0.750000
22792.500000,0.734375
22793.218750,0.718750
22793.937500,0.718750
22814.484375,0.796875
22815.281250,0.796875
22816.109375,0.828125
22825.890625,0.812500
22826.703125,0.812500
22827.484375,0.781250
22828.265625,0.781250
22829.046875,0.781250
22829.812500,0.765625
22830.578125,0.765625
22831.375000,0.796875
22832.125000,0.750000
22832.875000,0.750000
22833.609375,0.734375
22834.343750,0.734375
22835.093750,0.750000
22835.828125,0.734375
22836.562500,0.734375
22837.281250,0.718750
22837.984375,0.703125
22838.687500,0.703125
22839.406250,0.718750
22840.125000,0.718750
22840.875000,0.750000
22841.640625,0.765625
22842.406250,0.765625
22843.156250,0.750000
22843.937500,0.781250
22844.703125,0.765625
22845.453125,0.750000
22846.187500,0.734375
22846.968750,0.781250
22847.734375,0.765625
22848.500000,0.765625
22849.281250,0.781250
22850.078125,0.796875
22850.828125,0.750000
22851.593750,0.765625
22852.375000,0.781250
22853.140625,0.765625
22853.906250,0.765625
22854.687500,0.781250
22855.484375,0.796875
22856.234375,0.750000
22856.968750,0.734375
22857.687500,0.718750
22858.406250,0.718750
22859.125000,0.718750
22859.859375,0.734375
22860.593750,0.734375
22861.312500,0.718750
22862.031250,0.718750
22862.765625,0.734375
22863.546875,0.781250
22864.312500,0.765625
22865.109375,0.796875
22865.875000,0.765625
22866.656250,0.781250
22867.421875,0.765625
22868.234375,0.812500
22869.031250,0.796875
22869.812500,0.781250
22870.609375,0.796875
22871.421875,0.812500
22872.218750,0.796875
22873.015625,0.796875
22873.812500,0.796875
22874.609375,0.796875
22875.375000,0.765625
22876.187500,0.812500
22876.968750,0.781250
22877.750000,0.781250
22878.546875,0.796875
22879.328125,0.781250
22880.109375,0.781250
22880.875000,0.765625
22881.609375,0.734375
22882.328125,0.718750
22883.046875,0.718750
22883.781250,0.734375
22884.515625,0.734375
22885.265625,0.750000
22886.000000,0.734375
22886.781250,0.781250
22887.578125,0.796875
22888.406250,0.828125
22889.203125,0.796875
22889.984375,0.781250
22890.781250,0.796875
22891.578125,0.796875
22892.359375,0.781250
22893.140625,0.781250
22893.921875,0.781250
22894.687500,0.765625
22895.421875,0.734375
22896.187500,0.765625
22896.937500,0.750000
22897.687500,0.750000
22898.437500,0.750000
22899.187500,0.750000
22899.953125,0.765625
22900.718750,0.765625
22901.515625,0.796875
22902.312500,0.796875
22903.093750,0.781250
22903.921875,0.828125
22904.718750,0.796875
22905.500000,0.781250
22906.296875,0.796875
22907.093750,0.796875
22907.875000,0.781250
22908.671875,0.796875
22909.453125,0.781250
22910.203125,0.750000
22910.984375,0.781250
22911.750000,0.765625
22912.484375,0.734375
22913.203125,0.718750
22913.953125,0.750000
22914.687500,0.734375
22915.453125,0.765625
22916.250000,0.796875
22917.031250,0.781250
22917.812500,0.781250
22918.625000,0.812500
22919.406250,0.781250
22920.171875,0.765625
22920.953125,0.781250
22921.750000,0.796875
22922.531250,0.781250
22923.359375,0.828125
22924.156250,0.796875
22924.937500,0.781250
22945.265625,0.765625
22946.015625,0.750000
22946.718750,0.703125
22947.437500,0.718750
22948.156250,0.718750
22948.890625,0.734375
22949.671875,0.781250
22950.468750,0.796875
22951.250000,0.781250
22952.078125,0.828125
22952.921875,0.843750
22953.734375,0.812500
22954.593750,0.859375
22955.437500,0.843750
22956.281250,0.843750
22957.171875,0.890625
22958.015625,0.843750
22958.828125,0.812500
22959.656250,0.828125
22960.453125,0.796875
22961.250000,0.796875
22962.031250,0.781250
22962.828125,0.796875
22963.625000,0.796875
22964.390625,0.765625
22965.156250,0.765625
22965.921875,0.765625
22966.703125,0.781250
22967.453125,0.750000
22968.203125,0.750000
22968.953125,0.750000
22969.703125,0.750000
22970.421875,0.718750
22971.156250,0.734375
22971.890625,0.734375
22972.625000,0.734375
22973.375000,0.750000
22974.140625,0.765625
22974.906250,0.765625
22975.656250,0.750000
22976.437500,0.781250
22977.187500,0.750000
22977.937500,0.750000
22978.703125,0.765625
22979.437500,0.734375
22980.187500,0.750000
22980.937500,0.750000
22981.687500,0.750000
22995.890625,0.796875
23002.843750,0.890625
23003.703125,0.859375
23004.531250,0.828125
23005.375000,0.843750
23006.218750,0.843750
23007.000000,0.781250
23007.796875,0.796875
23008.593750,0.796875
23009.359375,0.765625
23010.125000,0.765625
23010.906250,0.781250
23011.671875,0.765625
23012.468750,0.796875
23013.281250,0.812500
23014.078125,0.796875
23014.890625,0.812500
23015.734375,0.843750
23016.562500,0.828125
23017.421875,0.859375
23018.250000,0.828125
23019.062500,0.812500
23019.890625,0.828125
23020.687500,0.796875
23021.468750,0.781250
23022.281250,0.812500
23023.062500,0.781250
23023.843750,0.781250
23024.593750,0.750000
23025.343750,0.750000
23026.125000,0.781250
23026.906250,0.781250
23027.671875,0.765625
23028.453125,0.781250
23029.234375,0.781250
23030.000000,0.765625
23030.765625,0.765625
23031.562500,0.796875
23032.359375,0.796875
23033.156250,0.796875
23033.953125,0.796875
23034.765625,0.812500
23035.578125,0.812500
23036.359375,0.781250
23037.109375,0.750000
23037.859375,0.750000
23038.593750,0.734375
23039.343750,0.750000
23040.109375,0.765625
23040.906250,0.796875
23041.656250,0.750000
23042.437500,0.781250
23050.296875,0.843750
23051.125000,0.828125
23051.921875,0.796875
23052.765625,0.843750
23053.656250,0.890625
23054.562500,0.906250
23055.468750,0.906250
23056.312500,0.843750
23057.156250,0.843750
23058.031250,0.875000
23058.921875,0.890625
23059.812500,0.890625
23060.656250,0.843750
23061.500000,0.843750
23062.328125,0.828125
23063.125000,0.796875
23071.609375,0.796875
23072.421875,0.812500
23073.250000,0.828125
23074.046875,0.796875
23074.843750,0.796875
23075.656250,0.812500
23076.453125,0.796875
23077.250000,0.796875
23078.093750,0.843750
23078.953125,0.859375
23079.781250,0.828125
23080.656250,0.875000
23081.515625,0.859375
23082.343750,0.828125
23083.187500,0.843750
23084.000000,0.812500
23084.796875,0.796875
23085.609375,0.812500
23086.437500,0.828125
23087.234375,0.796875
23088.031250,0.796875
23088.843750,0.812500
23089.640625,0.796875
23090.437500,0.796875
23091.234375,0.796875
23092.031250,0.796875
23092.812500,0.781250
23093.625000,0.812500
23094.437500,0.812500
23095.250000,0.812500
23096.062500,0.812500
23096.875000,0.812500
23097.671875,0.796875
23098.468750,0.796875
23099.281250,0.812500
23100.062500,0.781250
23100.859375,0.796875
23101.625000,0.765625
23102.406250,0.781250
23103.156250,0.750000
23103.921875,0.765625
23104.703125,0.781250
23105.453125,0.750000
23106.218750,0.765625
23107.000000,0.781250
23107.765625,0.765625
23108.546875,0.781250
23109.312500,0.765625
23110.031250,0.718750
23110.765625,0.734375
23111.484375,0.718750
23112.234375,0.750000
23113.015625,0.781250
23113.812500,0.796875
23114.578125,0.765625
23115.406250,0.828125
23116.250000,0.843750
23117.046875,0.796875
23117.875000,0.828125
23118.703125,0.828125
23119.515625,0.812500
23120.328125,0.812500
23121.171875,0.843750
23121.968750,0.796875
23122.796875,0.828125
23123.593750,0.796875
23124.375000,0.781250
23125.156250,0.781250
23125.953125,0.796875
23126.718750,0.765625
23127.484375,0.765625
23128.265625,0.781250
23129.015625,0.750000
23129.750000,0.734375
23130.484375,0.734375
23131.234375,0.750000
23132.000000,0.765625
23132.796875,0.796875
23133.578125,0.781250
23134.375000,0.796875
23135.187500,0.812500
23136.000000,0.812500
23136.765625,0.765625
23137.531250,0.765625
23138.312500,0.781250
23139.093750,0.781250
23139.859375,0.765625
23140.656250,0.796875
23141.484375,0.828125
23142.312500,0.828125
23143.093750,0.781250
23143.875000,0.781250
23144.640625,0.765625
23157.421875,0.843750
23158.281250,0.859375
23159.093750,0.812500
23159.953125,0.859375
23160.812500,0.859375
23161.687500,0.875000
23162.468750,0.781250
23163.250000,0.781250
23164.078125,0.828125
23164.859375,0.781250
23165.609375,0.750000
23166.406250,0.796875
23167.234375,0.828125
23168.015625,0.781250
23168.812500,0.796875
23169.609375,0.796875
23170.375000,0.765625
23181.062500,0.828125
23181.875000,0.812500
23182.703125,0.828125
23183.531250,0.828125
23184.343750,0.812500
23185.140625,0.796875
23193.421875,0.796875
23199.843750,0.796875
23200.656250,0.812500
23206.718750,0.750000
23207.484375,0.765625
23208.250000,0.765625
23209.000000,0.750000
23217.781250,0.796875
23218.640625,0.859375
23219.437500,0.796875
23220.187500,0.750000
23220.937500,0.750000
23221.671875,0.734375
23222.421875,0.750000
23223.218750,0.796875
23224.046875,0.828125
23224.828125,0.781250
23225.578125,0.750000
23226.343750,0.765625
23227.125000,0.781250
23227.890625,0.765625
23228.671875,0.781250
23229.484375,0.812500
23230.281250,0.796875
23231.093750,0.812500
23231.937500,0.843750
23232.781250,0.843750
23233.593750,0.812500
23234.406250,0.812500
23235.203125,0.796875
23235.984375,0.781250
23236.781250,0.796875
23237.593750,0.812500
23238.390625,0.796875
23239.203125,0.812500
23240.031250,0.828125
23240.828125,0.796875
23241.625000,0.796875
23242.406250,0.781250
23243.171875,0.765625
23243.968750,0.796875
23244.765625,0.796875
23245.531250,0.765625
23246.328125,0.796875
23247.140625,0.812500
23247.968750,0.828125
23248.812500,0.843750
23249.640625,0.828125
23250.453125,0.812500
23251.218750,0.765625
23251.984375,0.765625
23252.703125,0.718750
23253.437500,0.734375
23254.187500,0.750000
23254.953125,0.765625
23255.781250,0.828125
23256.593750,0.812500
23257.421875,0.828125
23258.265625,0.843750
23259.078125,0.812500
23259.843750,0.765625
23260.640625,0.796875
23261.437500,0.796875
23262.218750,0.781250
23263.015625,0.796875
23263.828125,0.812500
23264.640625,0.812500
23265.421875,0.781250
23266.218750,0.796875
23267.015625,0.796875
23267.781250,0.765625
23268.546875,0.765625
23269.328125,0.781250
23270.062500,0.734375
23270.796875,0.734375
23271.562500,0.765625
23272.312500,0.750000
23273.062500,0.750000
23273.828125,0.765625
23274.593750,0.765625
23275.359375,0.765625
23276.125000,0.765625
23276.921875,0.796875
23277.671875,0.750000
23278.421875,0.750000
23279.171875,0.750000
23279.937500,0.765625
23280.671875,0.734375
23281.390625,0.718750
23282.093750,0.703125
23282.812500,0.718750
23283.546875,0.734375
23284.281250,0.734375
23293.250000,0.750000
23294.046875,0.796875
23294.812500,0.765625
23295.578125,0.765625
23296.359375,0.781250
23297.125000,0.765625
23297.859375,0.734375
23298.593750,0.734375
23299.359375,0.765625
23300.140625,0.781250
23300.921875,0.781250
23301.671875,0.750000
23302.359375,0.687500
23303.109375,0.750000
23303.953125,0.843750
23304.843750,0.890625
23305.703125,0.859375
23306.515625,0.812500
23307.296875,0.781250
23308.062500,0.765625
23308.859375,0.796875
23309.609375,0.750000
23310.390625,0.781250
23311.187500,0.796875
23312.046875,0.859375
23312.953125,0.906250
23313.796875,0.843750
23314.640625,0.843750
23315.421875,0.781250
23316.171875,0.750000
23316.937500,0.765625
23317.687500,0.750000
23318.468750,0.781250
23319.234375,0.765625
23320.015625,0.781250
23320.859375,0.843750
23321.656250,0.796875
23322.484375,0.828125
23323.328125,0.843750
23324.171875,0.843750
23325.062500,0.890625
23325.984375,0.921875
23326.859375,0.875000
23327.718750,0.859375
23328.562500,0.843750
23329.390625,0.828125
23330.218750,0.828125
23331.031250,0.812500
23331.828125,0.796875
23332.578125,0.750000
23333.359375,0.781250
23334.109375,0.750000
23334.890625,0.781250
23335.718750,0.828125
23336.515625,0.796875
23337.312500,0.796875
23338.125000,0.812500
23338.937500,0.812500
23339.718750,0.781250
23340.484375,0.765625
23341.265625,0.781250
23342.078125,0.812500
23342.859375,0.781250
23343.671875,0.812500
23344.500000,0.828125
23345.281250,0.781250
23346.078125,0.796875
23346.875000,0.796875
23347.687500,0.812500
23348.468750,0.781250
23349.234375,0.765625
23350.015625,0.781250
23350.812500,0.796875
23351.593750,0.781250
23352.390625,0.796875
23353.187500,0.796875
23353.953125,0.765625
23354.750000,0.796875
23355.531250,0.781250
23356.328125,0.796875
23357.093750,0.765625
23366.765625,0.703125
23367.500000,0.734375
23368.250000,0.750000
23377.406250,0.796875
23378.156250,0.750000
23378.921875,0.765625
23379.656250,0.734375
23380.421875,0.765625
23381.171875,0.750000
23381.921875,0.750000
23382.687500,0.765625
23383.468750,0.781250
23384.250000,0.781250
23385.031250,0.781250
23385.828125,0.796875
23386.609375,0.781250
23387.390625,0.781250
23388.125000,0.734375
23388.859375,0.734375
23389.593750,0.734375
23390.343750,0.750000
23391.093750,0.750000
23391.859375,0.765625
23392.625000,0.765625
23393.406250,0.781250
23394.187500,0.781250
23394.968750,0.781250
23395.765625,0.796875
23396.593750,0.828125
23397.375000,0.781250
23398.187500,0.812500
23399.031250,0.843750
23399.843750,0.812500
23400.625000,0.781250
23401.390625,0.765625
23402.156250,0.765625
23402.906250,0.750000
23403.656250,0.750000
23404.421875,0.765625
23405.234375,0.812500
23406.031250,0.796875
23406.781250,0.750000
23407.562500,0.781250
23408.359375,0.796875
23409.140625,0.781250
23409.890625,0.750000
23410.609375,0.718750
23411.328125,0.718750
23412.062500,0.734375
23412.781250,0.718750
23413.515625,0.734375
23414.281250,0.765625
23415.109375,0.828125
23415.937500,0.828125
23416.718750,0.781250
23417.500000,0.781250
23418.312500,0.812500
23419.140625,0.828125
23419.921875,0.781250
23420.718750,0.796875
23421.531250,0.812500
23422.328125,0.796875
23423.109375,0.781250
23423.890625,0.781250
23424.625000,0.734375
23425.343750,0.718750
23426.046875,0.703125
23426.765625,0.718750
23427.484375,0.718750
23428.203125,0.718750
23428.921875,0.718750
23429.671875,0.750000
23430.468750,0.796875
23431.250000,0.781250
23432.015625,0.765625
23432.828125,0.812500
23433.625000,0.796875
23434.406250,0.781250
23435.171875,0.765625
23435.906250,0.734375
23436.625000,0.718750
23437.359375,0.734375
23438.093750,0.734375
23438.812500,0.718750
23439.515625,0.703125
23440.218750,0.703125
23440.906250,0.687500
23441.625000,0.718750
23442.390625,0.765625
23443.187500,0.796875
23443.953125,0.765625
23444.750000,0.796875
23445.562500,0.812500
23446.343750,0.781250
23447.125000,0.781250
23447.890625,0.765625
23448.625000,0.734375
23449.390625,0.765625
23450.125000,0.734375
23450.875000,0.750000
23451.578125,0.703125
23452.281250,0.703125
23453.000000,0.718750
23453.750000,0.750000
23454.531250,0.781250
23455.328125,0.796875
23456.125000,0.796875
23456.937500,0.812500
23457.765625,0.828125
23458.531250,0.765625
23459.296875,0.765625
23460.062500,0.765625
23460.828125,0.765625
23493.062500,0.750000
23493.859375,0.796875
23494.671875,0.812500
23495.437500,0.765625
23496.203125,0.765625
23496.984375,0.781250
23497.781250,0.796875
23498.546875,0.765625
23499.312500,0.765625
23500.093750,0.781250
23500.875000,0.781250
23501.609375,0.734375
23502.390625,0.781250
23503.187500,0.796875
23503.953125,0.765625
23504.703125,0.750000
23505.453125,0.750000
23506.187500,0.734375
23506.890625,0.703125
23507.609375,0.718750
23508.390625,0.781250
23509.156250,0.765625
23509.937500,0.781250
23510.718750,0.781250
23511.531250,0.812500
23512.328125,0.796875
23513.109375,0.781250
23513.890625,0.781250
23514.703125,0.812500
23515.500000,0.796875
23516.265625,0.765625
23517.062500,0.796875
23517.906250,0.843750
23518.703125,0.796875
23519.531250,0.828125
23520.343750,0.812500
23521.203125,0.859375
23522.062500,0.859375
23522.937500,0.875000
23523.781250,0.843750
23524.609375,0.828125
23525.437500,0.828125
23526.296875,0.859375
23527.125000,0.828125
23527.953125,0.828125
23528.734375,0.781250
23529.546875,0.812500
23530.375000,0.828125
23531.234375,0.859375
23532.109375,0.875000
23532.937500,0.828125
23533.718750,0.781250
23534.484375,0.765625
23535.250000,0.765625
23536.000000,0.750000
23536.734375,0.734375
23537.468750,0.734375
23538.234375,0.765625
23539.078125,0.843750
23539.890625,0.812500
23540.703125,0.812500
23541.531250,0.828125
23542.328125,0.796875
23543.109375,0.781250
23543.906250,0.796875
23544.703125,0.796875
23545.484375,0.781250
23546.296875,0.812500
23547.125000,0.828125
23547.937500,0.812500
23548.703125,0.765625
23549.500000,0.796875
23550.312500,0.812500
23551.109375,0.796875
23551.906250,0.796875
23552.718750,0.812500
23553.531250,0.812500
23554.312500,0.781250
23555.125000,0.812500
23555.921875,0.796875
23556.734375,0.812500
23557.531250,0.796875
23558.296875,0.765625
23559.078125,0.781250
23559.890625,0.812500
23560.703125,0.812500
23561.515625,0.812500
23562.375000,0.859375
23563.203125,0.828125
23563.984375,0.781250
23564.781250,0.796875
23565.562500,0.781250
23566.359375,0.796875
23567.125000,0.765625
23567.890625,0.765625
23568.703125,0.812500
23569.515625,0.812500
23570.343750,0.828125
23571.203125,0.859375
23572.078125,0.875000
23572.937500,0.859375
23573.734375,0.796875
23574.531250,0.796875
23575.328125,0.796875
23576.125000,0.796875
23576.906250,0.781250
23577.718750,0.812500
23578.609375,0.890625
23579.453125,0.843750
23580.265625,0.812500
23581.078125,0.812500
23581.875000,0.796875
23582.625000,0.750000
23583.359375,0.734375
23584.078125,0.718750
23584.781250,0.703125
23585.500000,0.718750
23586.234375,0.734375
23587.000000,0.765625
23587.796875,0.796875
23588.609375,0.812500
23589.453125,0.843750
23590.265625,0.812500
23591.031250,0.765625
23591.765625,0.734375
23592.500000,0.734375
23593.234375,0.734375
23593.937500,0.703125
23594.640625,0.703125
23595.375000,0.734375
23596.125000,0.750000
23596.875000,0.750000
23597.687500,0.812500
23598.546875,0.859375
23599.437500,0.890625
23600.281250,0.843750
23601.109375,0.828125
23601.937500,0.828125
23602.796875,0.859375
23603.656250,0.859375
23604.500000,0.843750
23605.359375,0.859375
23606.203125,0.843750
23607.015625,0.812500
23607.859375,0.843750
23608.687500,0.828125
23609.515625,0.828125
23610.359375,0.843750
23611.218750,0.859375
23612.046875,0.828125
23612.859375,0.812500
23613.671875,0.812500
23614.468750,0.796875
23615.234375,0.765625
23616.078125,0.843750
23616.937500,0.859375
23617.734375,0.796875
23618.546875,0.812500
23619.359375,0.812500
23620.156250,0.796875
23620.921875,0.765625
23621.671875,0.750000
23622.437500,0.765625
23623.218750,0.781250
23623.953125,0.734375
23624.671875,0.718750
23625.406250,0.734375
23626.171875,0.765625
23626.968750,0.796875
23627.765625,0.796875
23628.578125,0.812500
23629.406250,0.828125
23630.250000,0.843750
23631.046875,0.796875
23631.875000,0.828125
23632.703125,0.828125
23633.531250,0.828125
23634.343750,0.812500
23635.156250,0.812500
23635.953125,0.796875
23636.734375,0.781250
23637.531250,0.796875
23638.312500,0.781250
23639.093750,0.781250
23639.859375,0.765625
23640.656250,0.796875
23641.453125,0.796875
23642.234375,0.781250
23643.015625,0.781250
23643.796875,0.781250
23644.609375,0.812500
23645.390625,0.781250
23646.171875,0.781250
23646.984375,0.812500
23647.796875,0.812500
23648.546875,0.750000
23649.312500,0.765625
23650.078125,0.765625
23650.812500,0.734375
23651.562500,0.750000
23652.328125,0.765625
23653.125000,0.796875
23653.921875,0.796875
23654.687500,0.765625
23655.484375,0.796875
23656.296875,0.812500
23657.093750,0.796875
23657.890625,0.796875
23658.687500,0.796875
23659.484375,0.796875
23660.250000,0.765625
23661.031250,0.781250
23661.859375,0.828125
23662.671875,0.812500
23663.468750,0.796875
23664.281250,0.812500
23665.093750,0.812500
23665.890625,0.796875
23666.671875,0.781250
23667.500000,0.828125
23668.359375,0.859375
23669.171875,0.812500
23669.984375,0.812500
23670.781250,0.796875
23671.578125,0.796875
23672.328125,0.750000
23673.093750,0.765625
23673.890625,0.796875
23674.718750,0.828125
23675.515625,0.796875
23676.343750,0.828125
23677.171875,0.828125
23677.953125,0.781250
23678.750000,0.796875
23679.562500,0.812500
23680.375000,0.812500
23681.140625,0.765625
23681.875000,0.734375
23682.625000,0.750000
23683.375000,0.750000
23684.109375,0.734375
23684.828125,0.718750
23685.515625,0.687500
23686.218750,0.703125
23686.937500,0.718750
23687.656250,0.718750
23688.406250,0.750000
23689.156250,0.750000
23689.937500,0.781250
23690.703125,0.765625
23691.453125,0.750000
23692.203125,0.750000
23692.968750,0.765625
23693.703125,0.734375
23694.421875,0.718750
23695.171875,0.750000
23695.906250,0.734375
23696.640625,0.734375
23697.375000,0.734375
23698.140625,0.765625
23698.953125,0.812500
23699.734375,0.781250
23700.484375,0.750000
23701.250000,0.765625
23709.031250,0.687500
23709.734375,0.703125
23710.468750,0.734375
23711.187500,0.718750
23711.937500,0.750000
23712.718750,0.781250
23713.468750,0.750000
23714.234375,0.765625
23714.984375,0.750000
23715.765625,0.781250
23716.562500,0.796875
23717.359375,0.796875
23718.218750,0.859375
23719.093750,0.875000
23719.953125,0.859375
23720.750000,0.796875
23721.546875,0.796875
23722.328125,0.781250
23723.125000,0.796875
23723.906250,0.781250
23724.671875,0.765625
23725.453125,0.781250
23726.250000,0.796875
23727.031250,0.781250
23727.796875,0.765625
23736.390625,0.640625
23737.031250,0.640625
23737.687500,0.656250
23738.375000,0.687500
23739.125000,0.750000
23739.906250,0.781250
23740.656250,0.750000
23741.375000,0.718750
23742.093750,0.718750
23742.843750,0.750000
23743.656250,0.812500
23744.453125,0.796875
23745.187500,0.734375
23745.968750,0.781250
23746.781250,0.812500
23747.640625,0.859375
23748.468750,0.828125
23749.265625,0.796875
23750.078125,0.812500
23750.890625,0.812500
23751.671875,0.781250
23752.421875,0.750000
23753.203125,0.781250
23754.000000,0.796875
23754.781250,0.781250
23755.531250,0.750000
23756.312500,0.781250
23757.078125,0.765625
23757.859375,0.781250
23758.671875,0.812500
23759.500000,0.828125
23760.296875,0.796875
23761.125000,0.828125
23761.937500,0.812500
23762.718750,0.781250
23763.515625,0.796875
23764.296875,0.781250
23765.046875,0.750000
23765.812500,0.765625
23766.531250,0.718750
23767.265625,0.734375
23768.000000,0.734375
23768.750000,0.750000
23769.468750,0.718750
23770.203125,0.734375
23770.968750,0.765625
23771.781250,0.812500
23772.593750,0.812500
23773.453125,0.859375
23774.328125,0.875000
23775.140625,0.812500
23775.984375,0.843750
23776.843750,0.859375
23777.687500,0.843750
23778.515625,0.828125
23779.343750,0.828125
23780.187500,0.843750
23781.000000,0.812500
23781.812500,0.812500
23782.656250,0.843750
23783.484375,0.828125
23784.328125,0.843750
23785.140625,0.812500
23793.093750,0.781250
23793.906250,0.812500
23794.734375,0.828125
23795.515625,0.781250
23796.328125,0.812500
23797.140625,0.812500
23797.890625,0.750000
23798.671875,0.781250
23799.468750,0.796875
23800.281250,0.812500
23801.109375,0.828125
23801.937500,0.828125
23802.703125,0.765625
23803.468750,0.765625
23804.218750,0.750000
23804.937500,0.718750
23805.656250,0.718750
23806.421875,0.765625
23807.203125,0.781250
23807.953125,0.750000
23808.734375,0.781250
23809.515625,0.781250
23810.281250,0.765625
23811.015625,0.734375
23811.781250,0.765625
23812.593750,0.812500
23813.453125,0.859375
23814.234375,0.781250
23815.015625,0.781250
23815.859375,0.843750
23816.656250,0.796875
23817.453125,0.796875
23818.281250,0.828125
23819.156250,0.875000
23819.984375,0.828125
23820.812500,0.828125
23821.640625,0.828125
23822.468750,0.828125
23823.265625,0.796875
23824.093750,0.828125
23824.875000,0.781250
23825.640625,0.765625
23826.390625,0.750000
23827.171875,0.781250
23827.921875,0.750000
23828.703125,0.781250
23829.453125,0.750000
23830.171875,0.718750
23830.890625,0.718750
23831.500000,0.609375
23832.281250,0.781250
23832.953125,0.671875
23833.609375,0.656250
23834.250000,0.640625
23834.875000,0.625000
23835.515625,0.640625
23836.171875,0.656250
23836.906250,0.734375
23844.562500,0.796875
23845.343750,0.781250
23846.171875,0.828125
23846.984375,0.812500
23847.796875,0.812500
23848.625000,0.828125
23849.453125,0.828125
23850.265625,0.812500
23851.093750,0.828125
23851.937500,0.843750
23852.781250,0.843750
23853.640625,0.859375
23854.515625,0.875000
23855.375000,0.859375
23856.250000,0.875000
23857.156250,0.906250
23858.046875,0.890625
23858.843750,0.796875
23859.656250,0.812500
23860.484375,0.828125
23861.281250,0.796875
23862.046875,0.765625
23862.843750,0.796875
23863.671875,0.828125
23864.484375,0.812500
23865.312500,0.828125
23866.156250,0.843750
23866.984375,0.828125
23867.765625,0.781250
23868.562500,0.796875
23869.390625,0.828125
23870.187500,0.796875
23870.984375,0.796875
23871.812500,0.828125
23872.640625,0.828125
23873.437500,0.796875
23874.234375,0.796875
23875.000000,0.765625
23875.734375,0.734375
23876.468750,0.734375
23877.187500,0.718750
23877.921875,0.734375
23878.703125,0.781250
23879.562500,0.859375
23880.468750,0.906250
23881.312500,0.843750
23882.125000,0.812500
23882.953125,0.828125
23883.781250,0.828125
23884.562500,0.781250
23885.343750,0.781250
23886.140625,0.796875
23886.937500,0.796875
23887.734375,0.796875
23888.593750,0.859375
23889.421875,0.828125
23890.234375,0.812500
23891.062500,0.828125
23891.875000,0.812500
23892.640625,0.765625
23893.406250,0.765625
23894.203125,0.796875
23894.984375,0.781250
23895.765625,0.781250
23896.546875,0.781250
23897.375000,0.828125
23898.187500,0.812500
23898.984375,0.796875
23899.796875,0.812500
23900.656250,0.859375
23901.468750,0.812500
23902.312500,0.843750
23903.156250,0.843750
23903.984375,0.828125
23904.796875,0.812500
23905.578125,0.781250
23906.359375,0.781250
23907.250000,0.890625
23908.109375,0.859375
23908.890625,0.781250
23909.687500,0.796875
23910.484375,0.796875
23911.281250,0.796875
23912.078125,0.796875
23912.890625,0.812500
23913.734375,0.843750
23914.593750,0.859375
23915.421875,0.828125
23916.218750,0.796875
23917.046875,0.828125
23917.890625,0.843750
23918.718750,0.828125
23919.609375,0.890625
23920.515625,0.906250
23921.390625,0.875000
23922.281250,0.890625
23923.156250,0.875000
23923.984375,0.828125
23924.812500,0.828125
23925.656250,0.843750
23926.484375,0.828125
23927.296875,0.812500
23928.109375,0.812500
23928.906250,0.796875
23929.671875,0.765625
23930.437500,0.765625
23931.187500,0.750000
23931.906250,0.718750
23932.625000,0.718750
23933.406250,0.781250
23934.140625,0.734375
23934.906250,0.765625
23935.687500,0.781250
23936.484375,0.796875
23937.250000,0.765625
23938.046875,0.796875
23938.875000,0.828125
23939.703125,0.828125
23940.468750,0.765625
23941.250000,0.781250
23942.046875,0.796875
23942.828125,0.781250
23943.578125,0.750000
23944.359375,0.781250
23945.156250,0.796875
23945.984375,0.828125
23946.750000,0.765625
23947.500000,0.750000
23959.421875,0.781250
23960.156250,0.734375
23960.875000,0.718750
23961.640625,0.765625
23962.421875,0.781250
23969.937500,0.875000
23970.796875,0.859375
23971.562500,0.765625
23972.359375,0.796875
23973.140625,0.781250
23973.937500,0.796875
23974.734375,0.796875
23975.484375,0.750000
23976.234375,0.750000
23976.984375,0.750000
23977.703125,0.718750
23978.437500,0.734375
23979.156250,0.718750
23979.875000,0.718750
23980.625000,0.750000
23981.390625,0.765625
23982.187500,0.796875
23982.937500,0.750000
23983.718750,0.781250
23984.515625,0.796875
23985.296875,0.781250
23986.062500,0.765625
23986.796875,0.734375
23987.531250,0.734375
23988.265625,0.734375
23988.984375,0.718750
23989.687500,0.703125
23990.437500,0.750000
23991.171875,0.734375
23991.937500,0.765625
23992.656250,0.718750
23993.359375,0.703125
23994.078125,0.718750
23994.843750,0.765625
23995.625000,0.781250
23996.343750,0.718750
23997.125000,0.781250
23997.937500,0.812500
23998.687500,0.750000
23999.484375,0.796875
24000.281250,0.796875
24001.078125,0.796875
24001.859375,0.781250
24002.625000,0.765625
24003.437500,0.812500
24004.265625,0.828125
24005.109375,0.843750
24005.875000,0.765625
24006.671875,0.796875
24007.468750,0.796875
24008.250000,0.781250
24009.000000,0.750000
24009.828125,0.828125
24010.640625,0.812500
24011.421875,0.781250
24012.203125,0.781250
24012.921875,0.718750
24013.640625,0.718750
24014.359375,0.718750
24015.078125,0.718750
24015.828125,0.750000
24016.578125,0.750000
24017.312500,0.734375
24018.015625,0.703125
24018.703125,0.687500
24019.421875,0.718750
24020.125000,0.703125
24020.812500,0.687500
24021.531250,0.718750
24030.031250,0.703125
24030.718750,0.687500
24031.375000,0.656250
24032.078125,0.703125
24032.796875,0.718750
24033.500000,0.703125
24034.234375,0.734375
24034.984375,0.750000
24035.750000,0.765625
24036.500000,0.750000
24037.218750,0.718750
24037.921875,0.703125
24038.578125,0.656250
24039.250000,0.671875
24039.921875,0.671875
24040.578125,0.656250
24041.250000,0.671875
24041.890625,0.640625
24042.531250,0.640625
24043.187500,0.656250
24043.843750,0.656250
24044.500000,0.656250
24045.171875,0.671875
24045.843750,0.671875
24046.562500,0.718750
24047.281250,0.718750
24048.015625,0.734375
24048.734375,0.718750
24049.453125,0.718750
24050.156250,0.703125
24050.843750,0.687500
24051.515625,0.671875
24052.171875,0.656250
24052.859375,0.687500
24053.578125,0.718750
24054.281250,0.703125
24054.984375,0.703125
24055.671875,0.687500
24056.343750,0.671875
24057.031250,0.687500
24057.718750,0.687500
24058.375000,0.656250
24059.046875,0.671875
24059.703125,0.656250
24060.375000,0.671875
24061.062500,0.687500
24061.765625,0.703125
24062.515625,0.750000
24063.250000,0.734375
24064.000000,0.750000
24064.718750,0.718750
24065.453125,0.734375
24066.156250,0.703125
24066.828125,0.671875
24067.531250,0.703125
24068.218750,0.687500
24068.953125,0.734375
24069.656250,0.703125
24070.359375,0.703125
24071.062500,0.703125
24071.750000,0.687500
24072.421875,0.671875
24073.093750,0.671875
24073.765625,0.671875
24074.421875,0.656250
24075.093750,0.671875
24075.796875,0.703125
24076.515625,0.718750
24077.203125,0.687500
24077.921875,0.718750
24078.625000,0.703125
24079.312500,0.687500
24080.000000,0.687500
24080.703125,0.703125
24081.437500,0.734375
24082.171875,0.734375
24082.890625,0.718750
24083.593750,0.703125
24084.312500,0.718750
24085.000000,0.687500
24085.703125,0.703125
24086.437500,0.734375
24087.156250,0.718750
24087.890625,0.734375
24088.609375,0.718750
24089.296875,0.687500
24090.000000,0.703125
24090.718750,0.718750
24091.453125,0.734375
24092.156250,0.703125
24092.859375,0.703125
24093.546875,0.687500
24094.234375,0.687500
24094.906250,0.671875
24095.562500,0.656250
24096.218750,0.656250
24096.890625,0.671875
24097.546875,0.656250
24098.250000,0.703125
24098.968750,0.718750
24099.718750,0.750000
24100.437500,0.718750
24101.140625,0.703125
24101.843750,0.703125
24102.546875,0.703125
24103.250000,0.703125
24103.937500,0.687500
24104.625000,0.687500
24105.328125,0.703125
24106.062500,0.734375
24106.781250,0.718750
24107.500000,0.718750
24108.203125,0.703125
24108.875000,0.671875
24109.562500,0.687500
24110.250000,0.687500
24110.921875,0.671875
24111.578125,0.656250
24112.250000,0.671875
24112.921875,0.671875
24113.593750,0.671875
24114.296875,0.703125
24115.046875,0.750000
24115.796875,0.750000
24116.515625,0.718750
24117.234375,0.718750
24117.921875,0.687500
24118.625000,0.703125
24119.359375,0.734375
24120.093750,0.734375
24120.828125,0.734375
24121.546875,0.718750
24122.281250,0.734375
24123.046875,0.765625
24123.781250,0.734375
24124.500000,0.718750
24125.187500,0.687500
24125.890625,0.703125
24126.578125,0.687500
24127.281250,0.703125
24127.953125,0.671875
24128.625000,0.671875
24129.312500,0.687500
24129.984375,0.671875
24130.625000,0.640625
24131.281250,0.656250
24131.937500,0.656250
24132.593750,0.656250
24133.328125,0.734375
24134.078125,0.750000
24134.828125,0.750000
24135.562500,0.734375
24136.296875,0.734375
24137.031250,0.734375
24137.812500,0.781250
24138.609375,0.796875
24139.359375,0.750000
24140.078125,0.718750
24140.812500,0.734375
24141.546875,0.734375
24142.281250,0.734375
24142.968750,0.687500
24143.671875,0.703125
24144.359375,0.687500
24145.046875,0.687500
24145.750000,0.703125
24146.500000,0.750000
24147.296875,0.796875
24148.062500,0.765625
24148.781250,0.718750
24149.484375,0.703125
24150.218750,0.734375
24150.937500,0.718750
24151.656250,0.718750
24152.390625,0.734375
24153.171875,0.781250
24153.984375,0.812500
24154.765625,0.781250
24155.515625,0.750000
24156.250000,0.734375
24157.015625,0.765625
24157.781250,0.765625
24158.546875,0.765625
24166.796875,0.718750
24167.546875,0.750000
24168.312500,0.765625
24169.109375,0.796875
24169.937500,0.828125
24170.796875,0.859375
24171.656250,0.859375
24172.500000,0.843750
24173.359375,0.859375
24174.218750,0.859375
24175.046875,0.828125
24175.828125,0.781250
24176.609375,0.781250
24177.406250,0.796875
24178.234375,0.828125
24179.046875,0.812500
24179.828125,0.781250
24180.625000,0.796875
24181.453125,0.828125
24182.218750,0.765625
24182.953125,0.734375
24183.687500,0.734375
24184.406250,0.718750
24185.109375,0.703125
24185.796875,0.687500
24186.468750,0.671875
24187.140625,0.671875
24187.796875,0.656250
24188.500000,0.703125
24189.234375,0.734375
24189.984375,0.750000
24190.812500,0.828125
24191.625000,0.812500
24192.453125,0.828125
24193.312500,0.859375
24194.250000,0.937500
24195.078125,0.828125
24195.859375,0.781250
24196.640625,0.781250
24197.421875,0.781250
24198.203125,0.781250
24198.984375,0.781250
24199.781250,0.796875
24200.640625,0.859375
24201.468750,0.828125
24202.281250,0.812500
24203.125000,0.843750
24204.000000,0.875000
24204.859375,0.859375
24205.734375,0.875000
24206.593750,0.859375
24207.468750,0.875000
24208.234375,0.765625
24209.000000,0.765625
24209.734375,0.734375
24210.453125,0.718750
24211.171875,0.718750
24211.890625,0.718750
24212.640625,0.750000
24213.515625,0.875000
24214.390625,0.875000
24215.218750,0.828125
24216.062500,0.843750
24216.859375,0.796875
24217.625000,0.765625
24218.406250,0.781250
24219.187500,0.781250
24219.984375,0.796875
24220.718750,0.734375
24221.453125,0.734375
24222.187500,0.734375
24222.953125,0.765625
24223.687500,0.734375
24224.468750,0.781250
24225.296875,0.828125
24226.078125,0.781250
24226.890625,0.812500
24227.734375,0.843750
24228.531250,0.796875
24229.328125,0.796875
24230.171875,0.843750
24231.015625,0.843750
24231.828125,0.812500
24232.640625,0.812500
24233.437500,0.796875
24234.203125,0.765625
24234.984375,0.781250
24235.812500,0.828125
24236.625000,0.812500
24237.453125,0.828125
24238.234375,0.781250
24239.015625,0.781250
24239.750000,0.734375
24240.453125,0.703125
24241.171875,0.718750
24241.890625,0.718750
24242.609375,0.718750
24243.343750,0.734375
24244.140625,0.796875
24245.000000,0.859375
24245.796875,0.796875
24246.546875,0.750000
24247.265625,0.718750
24248.000000,0.734375
24248.734375,0.734375
24249.484375,0.750000
24250.250000,0.765625
24251.000000,0.750000
24251.765625,0.765625
24252.484375,0.718750
24253.187500,0.703125
24253.890625,0.703125
24254.625000,0.734375
24255.359375,0.734375
24256.078125,0.718750
24256.765625,0.687500
24257.453125,0.687500
24258.140625,0.687500
24258.828125,0.687500
24259.500000,0.671875
24260.187500,0.687500
24260.890625,0.703125
24261.593750,0.703125
24262.296875,0.703125
24263.015625,0.718750
24263.781250,0.765625
24264.546875,0.765625
24272.750000,0.625000
24273.390625,0.640625
24274.046875,0.656250
24274.687500,0.640625
24275.312500,0.625000
24275.968750,0.656250
24276.625000,0.656250
24277.281250,0.656250
24277.921875,0.640625
24278.578125,0.656250
24279.218750,0.640625
24279.890625,0.671875
24280.593750,0.703125
24281.296875,0.703125
24282.015625,0.718750
24282.703125,0.687500
24283.468750,0.765625
24284.281250,0.812500
24285.046875,0.765625
24285.750000,0.703125
24286.468750,0.718750
24287.203125,0.734375
24287.906250,0.703125
24288.609375,0.703125
24289.343750,0.734375
24290.125000,0.781250
24290.921875,0.796875
24291.703125,0.781250
24292.531250,0.828125
24293.343750,0.812500
24294.125000,0.781250
24294.906250,0.781250
24295.718750,0.812500
24296.515625,0.796875
24297.296875,0.781250
24298.109375,0.812500
24298.953125,0.843750
24299.765625,0.812500
24300.578125,0.812500
24301.406250,0.828125
24302.203125,0.796875
24302.984375,0.781250
24303.781250,0.796875
24304.562500,0.781250
24305.343750,0.781250
24306.156250,0.812500
24306.984375,0.828125
24307.828125,0.843750
24308.671875,0.843750
24309.546875,0.875000
24310.437500,0.890625
24311.234375,0.796875
24312.000000,0.765625
24312.734375,0.734375
24313.437500,0.703125
24314.171875,0.734375
24314.921875,0.750000
24315.750000,0.828125
24316.609375,0.859375
24317.546875,0.937500
24318.453125,0.906250
24319.281250,0.828125
24320.062500,0.781250
24320.875000,0.812500
24321.671875,0.796875
24322.437500,0.765625
24323.203125,0.765625
24324.000000,0.796875
24324.781250,0.781250
24325.546875,0.765625
24326.359375,0.812500
24327.187500,0.828125
24327.968750,0.781250
24328.781250,0.812500
24329.578125,0.796875
24330.343750,0.765625
24331.140625,0.796875
24331.968750,0.828125
24332.765625,0.796875
24333.562500,0.796875
24334.296875,0.734375
24335.031250,0.734375
24335.781250,0.750000
24336.562500,0.781250
24337.296875,0.734375
24338.031250,0.734375
24338.765625,0.734375
24339.484375,0.718750
24340.203125,0.718750
24340.906250,0.703125
24341.593750,0.687500
24342.281250,0.687500
24343.015625,0.734375
24343.765625,0.750000
24344.515625,0.750000
24345.265625,0.750000
24346.031250,0.765625
24346.812500,0.781250
24347.593750,0.781250
24348.343750,0.750000
24349.125000,0.781250
24349.953125,0.828125
24350.781250,0.828125
24351.593750,0.812500
24352.453125,0.859375
24353.390625,0.937500
24354.296875,0.906250
24355.140625,0.843750
24356.000000,0.859375
24356.859375,0.859375
24357.671875,0.812500
24358.515625,0.843750
24359.359375,0.843750
24360.171875,0.812500
24360.984375,0.812500
24361.765625,0.781250
24362.531250,0.765625
24363.312500,0.781250
24364.156250,0.843750
24364.984375,0.828125
24365.828125,0.843750
24366.687500,0.859375
24367.484375,0.796875
24368.312500,0.828125
24369.187500,0.875000
24370.046875,0.859375
24370.906250,0.859375
24371.828125,0.921875
24372.734375,0.906250
24373.593750,0.859375
24374.484375,0.890625
24375.359375,0.875000
24376.187500,0.828125
24377.015625,0.828125
24377.875000,0.859375
24378.734375,0.859375
24379.593750,0.859375
24380.453125,0.859375
24381.296875,0.843750
24382.109375,0.812500
24382.953125,0.843750
24383.781250,0.828125
24384.578125,0.796875
24385.296875,0.718750
24386.062500,0.765625
24386.859375,0.796875
24387.625000,0.765625
24388.375000,0.750000
24389.156250,0.781250
24389.953125,0.796875
24390.734375,0.781250
24391.515625,0.781250
24392.328125,0.812500
24393.140625,0.812500
24393.875000,0.734375
24394.625000,0.750000
24395.375000,0.750000
24396.093750,0.718750
24396.812500,0.718750
24397.546875,0.734375
24398.281250,0.734375
24399.031250,0.750000
24399.812500,0.781250
24400.640625,0.828125
24401.453125,0.812500
24402.296875,0.843750
24403.203125,0.906250
24404.078125,0.875000
24404.937500,0.859375
24405.843750,0.906250
24406.703125,0.859375
24407.562500,0.859375
24408.421875,0.859375
24409.312500,0.890625
24410.218750,0.906250
24411.156250,0.937500
24412.078125,0.921875
24412.968750,0.890625
24413.812500,0.843750
24414.656250,0.843750
24415.500000,0.843750
24416.296875,0.796875
24417.109375,0.812500
24417.937500,0.828125
24418.750000,0.812500
24419.562500,0.812500
24420.390625,0.828125
24421.234375,0.843750
24422.046875,0.812500
24422.875000,0.828125
24423.656250,0.781250
24424.453125,0.796875
24425.203125,0.750000
24425.921875,0.718750
24426.625000,0.703125
24427.328125,0.703125
24428.046875,0.718750
24428.765625,0.718750
24429.500000,0.734375
24430.281250,0.781250
24431.078125,0.796875
24431.828125,0.750000
24432.593750,0.765625
24433.375000,0.781250
24434.140625,0.765625
24434.875000,0.734375
24435.671875,0.796875
24436.468750,0.796875
24437.265625,0.796875
24438.093750,0.828125
24438.953125,0.859375
24439.750000,0.796875
24440.546875,0.796875
24441.343750,0.796875
24442.140625,0.796875
24442.953125,0.812500
24443.765625,0.812500
24444.625000,0.859375
24445.437500,0.812500
24446.250000,0.812500
24447.078125,0.828125
24447.875000,0.796875
24448.671875,0.796875
24449.453125,0.781250
24450.234375,0.781250
24450.984375,0.750000
24451.750000,0.765625
24452.546875,0.796875
24453.328125,0.781250
24454.109375,0.781250
24454.906250,0.796875
24455.734375,0.828125
24456.546875,0.812500
24457.406250,0.859375
24458.265625,0.859375
24459.093750,0.828125
24459.921875,0.828125
24460.750000,0.828125
24461.578125,0.828125
24462.390625,0.812500
24463.187500,0.796875
24464.031250,0.843750
24464.843750,0.812500
24465.671875,0.828125
24466.515625,0.843750
24467.312500,0.796875
24468.093750,0.781250
24468.906250,0.812500
24469.703125,0.796875
24470.500000,0.796875
24471.328125,0.828125
24472.125000,0.796875
24472.906250,0.781250
24473.687500,0.781250
24474.484375,0.796875
24484.203125,0.781250
24485.031250,0.828125
24485.906250,0.875000
24486.781250,0.875000
24487.640625,0.859375
24488.453125,0.812500
24489.234375,0.781250
24490.046875,0.812500
24490.906250,0.859375
24491.687500,0.781250
24501.875000,0.921875
24502.921875,1.046875
24503.937500,1.015625
24504.890625,0.953125
24505.875000,0.984375
24506.828125,0.953125
24515.640625,0.765625
24516.406250,0.765625
24517.203125,0.796875
24518.031250,0.828125
24518.828125,0.796875
24519.593750,0.765625
24520.375000,0.781250
24521.140625,0.765625
24521.890625,0.750000
24522.656250,0.765625
24523.437500,0.781250
24524.187500,0.750000
24524.968750,0.781250
24525.781250,0.812500
24526.578125,0.796875
24527.359375,0.781250
24528.171875,0.812500
24528.953125,0.781250
24529.734375,0.781250
24530.546875,0.812500
24531.328125,0.781250
24532.093750,0.765625
24532.843750,0.750000
24533.609375,0.765625
24534.390625,0.781250
24535.156250,0.765625
24535.906250,0.750000
24536.687500,0.781250
24537.453125,0.765625
24538.203125,0.750000
24538.984375,0.781250
24539.812500,0.828125
24540.640625,0.828125
24541.406250,0.765625
24542.171875,0.765625
24542.968750,0.796875
24543.765625,0.796875
24544.562500,0.796875
24545.328125,0.765625
24546.093750,0.765625
24546.875000,0.781250
24558.984375,0.765625
24559.750000,0.765625
24560.531250,0.781250
24561.343750,0.812500
24562.140625,0.796875
24562.953125,0.812500
24563.781250,0.828125
24564.593750,0.812500
24565.406250,0.812500
24566.234375,0.828125
24567.062500,0.828125
24567.859375,0.796875
24568.656250,0.796875
24569.453125,0.796875
24570.234375,0.781250
24571.031250,0.796875
24571.843750,0.812500
24572.625000,0.781250
24573.421875,0.796875
24579.390625,0.703125
24580.109375,0.718750
24580.859375,0.750000
24581.593750,0.734375
24582.312500,0.718750
24583.031250,0.718750
24583.750000,0.718750
24584.437500,0.687500
24585.156250,0.718750
24585.859375,0.703125
24586.531250,0.671875
24587.234375,0.703125
24587.937500,0.703125
24594.906250,0.828125
24595.718750,0.812500
24596.515625,0.796875
24597.296875,0.781250
24598.062500,0.765625
24606.703125,0.734375
24607.437500,0.734375
24616.390625,0.828125
24617.187500,0.796875
24617.953125,0.765625
24618.734375,0.781250
24619.515625,0.781250
24620.234375,0.718750
24620.937500,0.703125
24621.671875,0.734375
24622.406250,0.734375
24623.140625,0.734375
24623.875000,0.734375
24624.640625,0.765625
24625.406250,0.765625
24626.156250,0.750000
24626.921875,0.765625
24627.687500,0.765625
24628.437500,0.750000
24629.218750,0.781250
24629.984375,0.765625
24630.734375,0.750000
24631.515625,0.781250
24632.296875,0.781250
24633.078125,0.781250
24633.875000,0.796875
24634.656250,0.781250
24635.421875,0.765625
24636.171875,0.750000
24636.890625,0.718750
24637.609375,0.718750
24638.421875,0.812500
24639.203125,0.781250
24639.968750,0.765625
24640.671875,0.703125
24641.375000,0.703125
24642.078125,0.703125
24642.750000,0.671875
24643.453125,0.703125
24644.156250,0.703125
24644.859375,0.703125
24645.578125,0.718750
24646.343750,0.765625
24647.093750,0.750000
24647.875000,0.781250
24648.625000,0.750000
24649.343750,0.718750
24650.062500,0.718750
24650.765625,0.703125
24651.500000,0.734375
24652.218750,0.718750
24652.921875,0.703125
24653.640625,0.718750
24654.343750,0.703125
24655.046875,0.703125
24655.828125,0.781250
24656.562500,0.734375
24657.312500,0.750000
24658.062500,0.750000
24658.828125,0.765625
24659.593750,0.765625
24660.406250,0.812500
24661.203125,0.796875
24662.015625,0.812500
24662.859375,0.843750
24663.703125,0.843750
24664.515625,0.812500
24665.328125,0.812500
24666.171875,0.843750
24666.984375,0.812500
24667.796875,0.812500
24668.656250,0.859375
24669.515625,0.859375
24670.359375,0.843750
24671.234375,0.875000
24672.125000,0.890625
24672.968750,0.843750
24673.828125,0.859375
24674.671875,0.843750
24675.484375,0.812500
24676.343750,0.859375
24677.203125,0.859375
24678.015625,0.812500
24678.859375,0.843750
24679.765625,0.906250
24680.609375,0.843750
24681.468750,0.859375
24682.343750,0.875000
24683.171875,0.828125
24684.015625,0.843750
24684.875000,0.859375
24685.734375,0.859375
24686.562500,0.828125
24687.437500,0.875000
24688.265625,0.828125
24689.078125,0.812500
24689.906250,0.828125
24690.734375,0.828125
24691.546875,0.812500
24692.375000,0.828125
24693.218750,0.843750
24694.031250,0.812500
24694.843750,0.812500
24695.671875,0.828125
24696.468750,0.796875
24697.265625,0.796875
24698.093750,0.828125
24698.890625,0.796875
24699.671875,0.781250
24700.437500,0.765625
24701.187500,0.750000
24701.906250,0.718750
24702.656250,0.750000
24713.718750,0.750000
24714.468750,0.750000
24715.187500,0.718750
24715.937500,0.750000
24716.687500,0.750000
24717.437500,0.750000
24718.218750,0.781250
24719.000000,0.781250
24719.765625,0.765625
24720.531250,0.765625
24721.328125,0.796875
24722.109375,0.781250
24722.859375,0.750000
24723.640625,0.781250
24724.421875,0.781250
24725.203125,0.781250
24725.968750,0.765625
24726.734375,0.765625
24727.468750,0.734375
24728.187500,0.718750
24728.875000,0.687500
24729.593750,0.718750
24730.328125,0.734375
24731.062500,0.734375
24731.828125,0.765625
24732.609375,0.781250
24733.453125,0.843750
24734.234375,0.781250
24734.968750,0.734375
24735.734375,0.765625
24736.531250,0.796875
24737.296875,0.765625
24738.109375,0.812500
24738.937500,0.828125
24739.781250,0.843750
24740.593750,0.812500
24741.437500,0.843750
24742.250000,0.812500
24743.046875,0.796875
24743.875000,0.828125
24744.671875,0.796875
24745.437500,0.765625
24746.234375,0.796875
24747.046875,0.812500
24747.828125,0.781250
24748.640625,0.812500
24749.500000,0.859375
24750.375000,0.875000
24751.187500,0.812500
24751.968750,0.781250
24752.781250,0.812500
24753.546875,0.765625
24754.312500,0.765625
24755.046875,0.734375
24755.750000,0.703125
24756.500000,0.750000
24757.296875,0.796875
24758.093750,0.796875
24758.859375,0.765625
24759.625000,0.765625
24760.406250,0.781250
24761.203125,0.796875
24761.968750,0.765625
24762.718750,0.750000
24763.484375,0.765625
24764.265625,0.781250
24765.046875,0.781250
24765.781250,0.734375
24766.500000,0.718750
24767.234375,0.734375
24767.921875,0.687500
24768.609375,0.687500
24769.250000,0.640625
24769.906250,0.656250
24770.578125,0.671875
24771.203125,0.625000
24771.843750,0.640625
24772.500000,0.656250
24773.171875,0.671875
24773.859375,0.687500
24774.531250,0.671875
24775.203125,0.671875
24775.906250,0.703125
24776.609375,0.703125
24777.312500,0.703125
24778.000000,0.687500
24778.734375,0.734375
24779.500000,0.765625
24780.250000,0.750000
24781.031250,0.781250
24781.843750,0.812500
24782.656250,0.812500
24783.484375,0.828125
24784.312500,0.828125
24785.093750,0.781250
24785.875000,0.781250
24786.640625,0.765625
24787.406250,0.765625
24788.187500,0.781250
24788.953125,0.765625
24789.750000,0.796875
24790.515625,0.765625
24791.296875,0.781250
24792.125000,0.828125
24792.921875,0.796875
24793.687500,0.765625
24794.468750,0.781250
24795.281250,0.812500
24796.078125,0.796875
24796.859375,0.781250
24797.593750,0.734375
24798.312500,0.718750
24799.062500,0.750000
24799.828125,0.765625
24800.562500,0.734375
24801.281250,0.718750
24802.046875,0.765625
24802.828125,0.781250
24803.640625,0.812500
24804.437500,0.796875
24805.203125,0.765625
24805.968750,0.765625
24806.718750,0.750000
24807.421875,0.703125
24808.125000,0.703125
24808.796875,0.671875
24809.515625,0.718750
24810.281250,0.765625
24811.015625,0.734375
24811.750000,0.734375
24812.531250,0.781250
24813.343750,0.812500
24814.140625,0.796875
24814.937500,0.796875
24820.796875,0.656250
24841.546875,0.828125
24842.359375,0.812500
24843.171875,0.812500
24843.953125,0.781250
24844.750000,0.796875
24845.546875,0.796875
24846.343750,0.796875
24847.187500,0.843750
24855.562500,0.703125
24856.265625,0.703125
24856.984375,0.718750
24857.734375,0.750000
24858.484375,0.750000
24859.250000,0.765625
24860.078125,0.828125
24860.890625,0.812500
24861.687500,0.796875
24862.515625,0.828125
24863.296875,0.781250
24864.078125,0.781250
24864.875000,0.796875
24865.671875,0.796875
24866.500000,0.828125
24867.343750,0.843750
24868.187500,0.843750
24869.000000,0.812500
24869.812500,0.812500
24870.609375,0.796875
24871.406250,0.796875
24872.265625,0.859375
24873.078125,0.812500
24873.953125,0.875000
24874.750000,0.796875
24875.578125,0.828125
24876.390625,0.812500
24877.203125,0.812500
24878.078125,0.875000
24878.921875,0.843750
24879.750000,0.828125
24880.671875,0.921875
24881.500000,0.828125
24882.343750,0.843750
24883.187500,0.843750
24883.968750,0.781250
24884.765625,0.796875
24885.640625,0.875000
24886.437500,0.796875
24887.218750,0.781250
24888.062500,0.843750
24888.875000,0.812500
24889.656250,0.781250
24890.500000,0.843750
24891.359375,0.859375
24892.187500,0.828125
24893.031250,0.843750
24893.890625,0.859375
24894.718750,0.828125
24895.546875,0.828125
24896.375000,0.828125
24897.171875,0.796875
24897.953125,0.781250
24898.765625,0.812500
24899.578125,0.812500
24900.343750,0.765625
24901.156250,0.812500
24901.968750,0.812500
24902.750000,0.781250
24903.546875,0.796875
24904.375000,0.828125
24905.171875,0.796875
24905.968750,0.796875
24906.796875,0.828125
24907.593750,0.796875
24908.375000,0.781250
24909.203125,0.828125
24910.062500,0.859375
24910.906250,0.843750
24911.734375,0.828125
24912.593750,0.859375
24913.406250,0.812500
24914.234375,0.828125
24915.062500,0.828125
24915.890625,0.828125
24916.734375,0.843750
24917.562500,0.828125
24918.359375,0.796875
24919.203125,0.843750
24920.031250,0.828125
24920.843750,0.812500
24921.640625,0.796875
24922.468750,0.828125
24923.281250,0.812500
24924.062500,0.781250
24924.843750,0.781250
24925.593750,0.750000
24926.328125,0.734375
24927.046875,0.718750
24927.765625,0.718750
24928.468750,0.703125
24929.140625,0.671875
24929.828125,0.687500
24930.546875,0.718750
24931.265625,0.718750
24932.062500,0.796875
24932.890625,0.828125
24933.671875,0.781250
24934.468750,0.796875
24935.296875,0.828125
24936.093750,0.796875
24936.875000,0.781250
24937.640625,0.765625
24938.437500,0.796875
24939.218750,0.781250
24939.968750,0.750000
24940.765625,0.796875
24948.890625,0.843750
24949.734375,0.843750
24950.515625,0.781250
24951.328125,0.812500
24952.187500,0.859375
24953.031250,0.843750
24953.843750,0.812500
24954.687500,0.843750
24955.546875,0.859375
24956.375000,0.828125
24957.218750,0.843750
24958.015625,0.796875
24958.796875,0.781250
24959.562500,0.765625
24960.328125,0.765625
24961.046875,0.718750
24961.750000,0.703125
24962.468750,0.718750
24963.187500,0.718750
24963.906250,0.718750
24964.687500,0.781250
24965.484375,0.796875
24966.250000,0.765625
24967.046875,0.796875
24974.687500,0.796875
24975.468750,0.781250
24976.250000,0.781250
24977.031250,0.781250
24977.843750,0.812500
24978.625000,0.781250
24979.421875,0.796875
24980.203125,0.781250
24980.968750,0.765625
24981.718750,0.750000
24982.484375,0.765625
24983.265625,0.781250
24984.062500,0.796875
24984.875000,0.812500
24985.640625,0.765625
24986.390625,0.750000
24987.187500,0.796875
24988.000000,0.812500
24988.796875,0.796875
24989.640625,0.843750
24990.484375,0.843750
24991.296875,0.812500
24992.140625,0.843750
24993.000000,0.859375
24993.828125,0.828125
24994.671875,0.843750
24995.500000,0.828125
24996.296875,0.796875
24997.093750,0.796875
24997.890625,0.796875
24998.703125,0.812500
24999.515625,0.812500
25000.328125,0.812500
25001.125000,0.796875
25001.921875,0.796875
25002.687500,0.765625
25003.453125,0.765625
25004.203125,0.750000
25004.937500,0.734375
25005.625000,0.687500
25006.343750,0.718750
25007.078125,0.734375
25007.796875,0.718750
25008.531250,0.734375
25009.281250,0.750000
25010.046875,0.765625
25010.812500,0.765625
25011.656250,0.843750
25012.531250,0.875000
25013.359375,0.828125
25014.250000,0.890625
25015.093750,0.843750
25015.937500,0.843750
25016.734375,0.796875
25017.531250,0.796875
25018.296875,0.765625
25019.062500,0.765625
25019.812500,0.750000
25020.546875,0.734375
25021.312500,0.765625
25022.109375,0.796875
25022.890625,0.781250
25023.703125,0.812500
25024.515625,0.812500
25025.312500,0.796875
25026.093750,0.781250
25026.890625,0.796875
25027.671875,0.781250
25028.453125,0.781250
25029.250000,0.796875
25030.062500,0.812500
25030.859375,0.796875
25031.609375,0.750000
25032.328125,0.718750
25033.062500,0.734375
25033.781250,0.718750
25034.515625,0.734375
25035.250000,0.734375
25035.968750,0.718750
25036.687500,0.718750
25037.437500,0.750000
25038.265625,0.828125
25047.734375,0.671875
25048.468750,0.734375
25049.218750,0.750000
25049.968750,0.750000
25050.765625,0.796875
25051.546875,0.781250
25052.359375,0.812500
25062.203125,1.015625
25063.187500,0.984375
25064.140625,0.953125
25073.937500,0.875000
25074.828125,0.890625
25075.687500,0.859375
25076.484375,0.796875
25077.281250,0.796875
25078.078125,0.796875
25078.843750,0.765625
25079.578125,0.734375
25080.343750,0.765625
25081.171875,0.828125
25082.015625,0.843750
25082.859375,0.843750
25083.750000,0.890625
25084.609375,0.859375
25085.484375,0.875000
25086.375000,0.890625
25087.218750,0.843750
25088.078125,0.859375
25088.906250,0.828125
25089.718750,0.812500
25090.546875,0.828125
25091.359375,0.812500
25092.171875,0.812500
25093.000000,0.828125
25093.828125,0.828125
25094.656250,0.828125
25095.500000,0.843750
25096.328125,0.828125
25097.140625,0.812500
25097.984375,0.843750
25098.843750,0.859375
25099.687500,0.843750
25100.546875,0.859375
25101.406250,0.859375
25102.234375,0.828125
25103.078125,0.843750
25103.906250,0.828125
25104.750000,0.843750
25105.546875,0.796875
25115.375000,0.812500
25124.609375,0.703125
25125.312500,0.703125
25126.062500,0.750000
25126.812500,0.750000
25127.593750,0.781250
25128.421875,0.828125
25129.218750,0.796875
25130.062500,0.843750
25130.953125,0.890625
25131.781250,0.828125
25132.578125,0.796875
25133.390625,0.812500
25134.171875,0.781250
25134.906250,0.734375
25135.656250,0.750000
25136.390625,0.734375
25137.140625,0.750000
25137.921875,0.781250
25138.687500,0.765625
25139.468750,0.781250
25140.296875,0.828125
25141.078125,0.781250
25141.859375,0.781250
25142.640625,0.781250
25143.437500,0.796875
25144.187500,0.750000
25144.953125,0.765625
25145.718750,0.765625
25146.468750,0.750000
25147.218750,0.750000
25148.015625,0.796875
25148.796875,0.781250
25149.562500,0.765625
25150.359375,0.796875
25151.125000,0.765625
25151.890625,0.765625
25152.671875,0.781250
25153.390625,0.718750
25154.125000,0.734375
25154.890625,0.765625
25155.656250,0.765625
25156.421875,0.765625
25157.203125,0.781250
25158.000000,0.796875
25158.796875,0.796875
25159.609375,0.812500
25160.437500,0.828125
25161.234375,0.796875
25162.015625,0.781250
25162.781250,0.765625
25163.546875,0.765625
25164.250000,0.703125
25164.984375,0.734375
25165.734375,0.750000
25166.468750,0.734375
25167.250000,0.781250
25168.046875,0.796875
25168.906250,0.859375
25169.703125,0.796875
25170.453125,0.750000
25171.203125,0.750000
25171.953125,0.750000
25172.703125,0.750000
25173.500000,0.796875
25174.343750,0.843750
25175.156250,0.812500
25175.937500,0.781250
25176.765625,0.828125
25177.593750,0.828125
25178.406250,0.812500
25179.234375,0.828125
25179.890625,0.656250
25180.843750,0.953125
25181.656250,0.812500
25182.453125,0.796875
25183.250000,0.796875
25184.109375,0.859375
25184.921875,0.812500
25185.750000,0.828125
25186.609375,0.859375
25187.484375,0.875000
25188.312500,0.828125
25189.156250,0.843750
25190.000000,0.843750
25190.765625,0.765625
25191.500000,0.734375
25192.265625,0.765625
25193.062500,0.796875
25193.906250,0.843750
25194.734375,0.828125
25195.609375,0.875000
25196.437500,0.828125
25205.593750,0.828125
25206.437500,0.843750
25207.234375,0.796875
25208.015625,0.781250
25208.843750,0.828125
25209.625000,0.781250
25210.390625,0.765625
25211.171875,0.781250
25212.000000,0.828125
25212.828125,0.828125
25213.609375,0.781250
25214.390625,0.781250
25215.171875,0.781250
25215.937500,0.765625
25216.687500,0.750000
25217.406250,0.718750
25218.140625,0.734375
25218.906250,0.765625
25219.640625,0.734375
25220.390625,0.750000
25221.187500,0.796875
25221.984375,0.796875
25222.796875,0.812500
25223.546875,0.750000
25224.312500,0.765625
25225.109375,0.796875
25225.937500,0.828125
25226.718750,0.781250
25227.468750,0.750000
25228.250000,0.781250
25229.031250,0.781250
25229.796875,0.765625
25230.562500,0.765625
25231.375000,0.812500
25232.156250,0.781250
25232.890625,0.734375
25233.625000,0.734375
25234.375000,0.750000
25235.109375,0.734375
25235.843750,0.734375
25236.562500,0.718750
25237.265625,0.703125
25238.015625,0.750000
25238.859375,0.843750
25239.703125,0.843750
25240.593750,0.890625
25241.625000,1.031250
25242.546875,0.921875
25243.453125,0.906250
25244.343750,0.890625
25245.203125,0.859375
25246.078125,0.875000
25246.937500,0.859375
25247.781250,0.843750
25248.609375,0.828125
25249.484375,0.875000
25250.328125,0.843750
25251.093750,0.765625
25251.859375,0.765625
25252.640625,0.781250
25253.437500,0.796875
25254.234375,0.796875
25254.984375,0.750000
25266.078125,0.765625
25266.843750,0.765625
25267.593750,0.750000
25268.359375,0.765625
25269.109375,0.750000
25269.859375,0.750000
25270.609375,0.750000
25271.343750,0.734375
25272.078125,0.734375
25272.781250,0.703125
25273.500000,0.718750
25274.218750,0.718750
25274.953125,0.734375
25275.671875,0.718750
25276.390625,0.718750
25277.109375,0.718750
25277.796875,0.687500
25278.484375,0.687500
25279.171875,0.687500
25279.843750,0.671875
25280.515625,0.671875
25281.171875,0.656250
25281.828125,0.656250
25282.500000,0.671875
25283.171875,0.671875
25283.843750,0.671875
25284.500000,0.656250
25285.171875,0.671875
25285.812500,0.640625
25286.453125,0.640625
25287.093750,0.640625
25287.734375,0.640625
25288.375000,0.640625
25289.015625,0.640625
25289.671875,0.656250
25290.312500,0.640625
25290.953125,0.640625
25291.593750,0.640625
25292.234375,0.640625
25292.890625,0.656250
25293.546875,0.656250
25294.203125,0.656250
25294.859375,0.656250
25295.531250,0.671875
25296.171875,0.640625
25296.812500,0.640625
25297.453125,0.640625
25298.109375,0.656250
25298.734375,0.625000
25299.375000,0.640625
25300.000000,0.625000
25300.609375,0.609375
25301.265625,0.656250
25301.921875,0.656250
25302.593750,0.671875
25303.265625,0.671875
25303.953125,0.687500
25304.656250,0.703125
25305.343750,0.687500
25306.031250,0.687500
25306.750000,0.718750
25307.453125,0.703125
25308.140625,0.687500
25308.859375,0.718750
25309.562500,0.703125
25310.296875,0.734375
25310.984375,0.687500
25311.703125,0.718750
25312.421875,0.718750
25313.125000,0.703125
25313.828125,0.703125
25314.546875,0.718750
25315.250000,0.703125
25315.968750,0.718750
25316.671875,0.703125
25317.406250,0.734375
25318.109375,0.703125
25318.812500,0.703125
25319.531250,0.718750
25320.250000,0.718750
25320.968750,0.718750
25321.671875,0.703125
25322.390625,0.718750
25323.125000,0.734375
25323.875000,0.750000
25324.625000,0.750000
25325.390625,0.765625
25326.140625,0.750000
25326.890625,0.750000
25327.656250,0.765625
25328.406250,0.750000
25329.156250,0.750000
25329.890625,0.734375
25330.656250,0.765625
25331.421875,0.765625
25332.156250,0.734375
25332.875000,0.718750
25333.609375,0.734375
25334.343750,0.734375
25335.062500,0.718750
25335.796875,0.734375
25345.500000,0.718750
25346.265625,0.765625
25347.000000,0.734375
25347.718750,0.718750
25348.437500,0.718750
25352.906250,0.781250
25353.703125,0.796875
25354.468750,0.765625
25359.265625,0.812500
25360.093750,0.828125
25360.921875,0.828125
25361.734375,0.812500
25362.531250,0.796875
25363.343750,0.812500
25364.140625,0.796875
25364.921875,0.781250
25365.718750,0.796875
25366.531250,0.812500
25367.328125,0.796875
25368.125000,0.796875
25368.906250,0.781250
25369.671875,0.765625
25370.437500,0.765625
25371.234375,0.796875
25382.703125,0.765625
25383.453125,0.750000
25384.187500,0.734375
25384.937500,0.750000
25385.671875,0.734375
25386.421875,0.750000
25387.171875,0.750000
25387.937500,0.765625
25388.703125,0.765625
25397.984375,0.718750
25398.718750,0.734375
25399.453125,0.734375
25400.203125,0.750000
25400.937500,0.734375
25401.640625,0.703125
25402.359375,0.718750
25403.062500,0.703125
25403.750000,0.687500
25404.453125,0.703125
25405.156250,0.703125
25405.859375,0.703125
25406.546875,0.687500
25407.296875,0.750000
25408.015625,0.718750
25408.718750,0.703125
25409.437500,0.718750
25410.156250,0.718750
25410.859375,0.703125
25411.546875,0.687500
25412.234375,0.687500
25412.921875,0.687500
25413.609375,0.687500
25414.312500,0.703125
25415.031250,0.718750
25415.734375,0.703125
25416.421875,0.687500
25417.109375,0.687500
25417.796875,0.687500
25418.500000,0.703125
25419.234375,0.734375
25419.937500,0.703125
25420.625000,0.687500
25421.312500,0.687500
25422.015625,0.703125
25422.718750,0.703125
25423.390625,0.671875
25424.078125,0.687500
25424.765625,0.687500
25425.453125,0.687500
25426.125000,0.671875
25426.796875,0.671875
25427.500000,0.703125
25428.171875,0.671875
25428.859375,0.687500
25429.562500,0.703125
25430.250000,0.687500
25430.921875,0.671875
25431.578125,0.656250
25432.234375,0.656250
25432.906250,0.671875
25433.578125,0.671875
25434.265625,0.687500
25434.953125,0.687500
25435.640625,0.687500
25436.296875,0.656250
25436.968750,0.671875
25437.625000,0.656250
25438.281250,0.656250
25438.921875,0.640625
25439.609375,0.687500
25440.281250,0.671875
25440.953125,0.671875
25441.656250,0.703125
25442.390625,0.734375
25443.093750,0.703125
25443.843750,0.750000
25444.593750,0.750000
25445.343750,0.750000
25446.062500,0.718750
25446.796875,0.734375
25447.515625,0.718750
25448.218750,0.703125
25448.921875,0.703125
25449.640625,0.718750
25450.359375,0.718750
25451.062500,0.703125
25451.765625,0.703125
25452.484375,0.718750
25453.187500,0.703125
25453.875000,0.687500
25454.562500,0.687500
25455.265625,0.703125
25455.953125,0.687500
25456.640625,0.687500
25457.328125,0.687500
25458.046875,0.718750
25458.750000,0.703125
25459.484375,0.734375
25460.187500,0.703125
25460.906250,0.718750
25461.625000,0.718750
25462.359375,0.734375
25463.093750,0.734375
25463.812500,0.718750
25464.531250,0.718750
25465.250000,0.718750
25465.968750,0.718750
25466.671875,0.703125
25467.375000,0.703125
25468.109375,0.734375
25468.843750,0.734375
25469.546875,0.703125
25470.281250,0.734375
25471.000000,0.718750
25471.750000,0.750000
25472.484375,0.734375
25473.218750,0.734375
25473.937500,0.718750
25474.640625,0.703125
25475.375000,0.734375
25476.125000,0.750000
25476.843750,0.718750
25477.562500,0.718750
25478.250000,0.687500
25478.937500,0.687500
25479.578125,0.640625
25480.250000,0.671875
25480.875000,0.625000
25481.578125,0.703125
25482.312500,0.734375
25483.093750,0.781250
25483.843750,0.750000
25484.578125,0.734375
25485.312500,0.734375
25486.031250,0.718750
25486.718750,0.687500
25487.406250,0.687500
25488.109375,0.703125
25488.843750,0.734375
25489.609375,0.765625
25490.375000,0.765625
25491.140625,0.765625
25491.890625,0.750000
25492.609375,0.718750
25493.312500,0.703125
25494.015625,0.703125
25494.703125,0.687500
25495.406250,0.703125
25496.109375,0.703125
25496.828125,0.718750
25497.546875,0.718750
25498.250000,0.703125
25498.968750,0.718750
25499.734375,0.765625
25500.468750,0.734375
25501.218750,0.750000
25502.015625,0.796875
25502.796875,0.781250
25503.578125,0.781250
25504.359375,0.781250
25505.125000,0.765625
25505.890625,0.765625
25506.640625,0.750000
25507.359375,0.718750
25508.078125,0.718750
25508.828125,0.750000
25509.609375,0.781250
25510.359375,0.750000
25511.109375,0.750000
25511.890625,0.781250
25512.656250,0.765625
25513.406250,0.750000
25514.171875,0.765625
25514.953125,0.781250
25515.687500,0.734375
25516.421875,0.734375
25517.156250,0.734375
25517.875000,0.718750
25518.546875,0.671875
25519.218750,0.671875
25519.906250,0.687500
25520.593750,0.687500
25521.296875,0.703125
25522.015625,0.718750
25522.734375,0.718750
25523.453125,0.718750
25524.187500,0.734375
25524.968750,0.781250
25525.718750,0.750000
25526.500000,0.781250
25527.250000,0.750000
25528.000000,0.750000
25528.750000,0.750000
25529.515625,0.765625
25530.250000,0.734375
25530.984375,0.734375
25531.750000,0.765625
25532.562500,0.812500
25533.375000,0.812500
25534.171875,0.796875
25534.984375,0.812500
25535.765625,0.781250
25536.546875,0.781250
25537.375000,0.828125
25538.265625,0.890625
25539.187500,0.921875
25540.015625,0.828125
25540.843750,0.828125
25541.671875,0.828125
25542.484375,0.812500
25543.265625,0.781250
25544.046875,0.781250
25544.843750,0.796875
25545.640625,0.796875
25546.390625,0.750000
25547.109375,0.718750
25547.843750,0.734375
25548.593750,0.750000
25549.343750,0.750000
25550.109375,0.765625
25550.859375,0.750000
25551.609375,0.750000
25552.343750,0.734375
25553.078125,0.734375
25553.796875,0.718750
25554.484375,0.687500
25555.171875,0.687500
25555.875000,0.703125
25556.546875,0.671875
25557.187500,0.640625
25557.843750,0.656250
25558.515625,0.671875
25559.218750,0.703125
25559.875000,0.656250
25560.531250,0.656250
25561.187500,0.656250
25561.859375,0.671875
25562.515625,0.656250
25563.187500,0.671875
25563.890625,0.703125
25564.578125,0.687500
25565.265625,0.687500
25565.968750,0.703125
25566.718750,0.750000
25567.453125,0.734375
25574.468750,0.640625
25578.312500,0.656250
25579.015625,0.703125
25579.750000,0.734375
25580.500000,0.750000
25581.218750,0.718750
25581.906250,0.687500
25582.578125,0.671875
25583.265625,0.687500
25583.968750,0.703125
25584.718750,0.750000
25585.437500,0.718750
25586.171875,0.734375
25586.890625,0.718750
25587.671875,0.781250
25588.468750,0.796875
25589.218750,0.750000
25589.984375,0.765625
25590.750000,0.765625
25599.484375,0.625000
25600.156250,0.671875
25600.843750,0.687500
25601.515625,0.671875
25602.187500,0.671875
25602.828125,0.640625
25603.453125,0.625000
25604.078125,0.625000
25604.718750,0.640625
25605.468750,0.750000
25606.250000,0.781250
25607.031250,0.781250
25607.765625,0.734375
25608.546875,0.781250
25609.328125,0.781250
25610.062500,0.734375
25610.750000,0.687500
25611.437500,0.687500
25612.125000,0.687500
25612.843750,0.718750
25613.562500,0.718750
25614.265625,0.703125
25614.921875,0.656250
25615.578125,0.656250
25621.531250,0.671875
25622.203125,0.671875
25622.843750,0.640625
25623.468750,0.625000
25624.109375,0.640625
25624.750000,0.640625
25625.421875,0.671875
25626.062500,0.640625
25626.687500,0.625000
25627.343750,0.656250
25628.046875,0.703125
25628.781250,0.734375
25629.531250,0.750000
25630.281250,0.750000
25631.046875,0.765625
25631.765625,0.718750
25632.468750,0.703125
25633.125000,0.656250
25633.765625,0.640625
25634.437500,0.671875
25635.109375,0.671875
25635.781250,0.671875
25636.484375,0.703125
25637.234375,0.750000
25637.968750,0.734375
25638.703125,0.734375
25639.468750,0.765625
25640.218750,0.750000
25640.953125,0.734375
25641.671875,0.718750
25642.421875,0.750000
25643.140625,0.718750
25643.859375,0.718750
25644.625000,0.765625
25645.390625,0.765625
25646.156250,0.765625
25646.937500,0.781250
25647.718750,0.781250
25648.484375,0.765625
25649.281250,0.796875
25650.078125,0.796875
25650.859375,0.781250
25651.640625,0.781250
25652.406250,0.765625
25653.156250,0.750000
25653.875000,0.718750
25654.609375,0.734375
25655.312500,0.703125
25655.984375,0.671875
25656.671875,0.687500
25657.343750,0.671875
25658.015625,0.671875
25658.671875,0.656250
25659.312500,0.640625
25659.937500,0.625000
25660.578125,0.640625
25661.250000,0.671875
25661.937500,0.687500
25662.640625,0.703125
25663.328125,0.687500
25664.015625,0.687500
25664.718750,0.703125
25665.468750,0.750000
25666.218750,0.750000
25666.937500,0.718750
25667.656250,0.718750
25668.375000,0.718750
25669.078125,0.703125
25669.796875,0.718750
25670.531250,0.734375
25671.281250,0.750000
25672.109375,0.828125
25672.953125,0.843750
25673.812500,0.859375
25674.625000,0.812500
25675.421875,0.796875
25676.187500,0.765625
25676.984375,0.796875
25677.796875,0.812500
25678.640625,0.843750
25679.515625,0.875000
25680.343750,0.828125
25681.171875,0.828125
25681.984375,0.812500
25682.765625,0.781250
25683.562500,0.796875
25684.359375,0.796875
25685.156250,0.796875
25685.906250,0.750000
25686.640625,0.734375
25687.406250,0.765625
25688.156250,0.750000
25688.906250,0.750000
25689.656250,0.750000
25690.468750,0.812500
25691.234375,0.765625
25692.031250,0.796875
25692.859375,0.828125
25693.671875,0.812500
25694.500000,0.828125
25695.328125,0.828125
25696.125000,0.796875
25696.953125,0.828125
25697.812500,0.859375
25698.625000,0.812500
25699.421875,0.796875
25700.250000,0.828125
25701.062500,0.812500
25701.875000,0.812500
25702.718750,0.843750
25703.515625,0.796875
25704.343750,0.828125
25705.171875,0.828125
25705.937500,0.765625
25706.687500,0.750000
25707.437500,0.750000
25708.187500,0.750000
25708.921875,0.734375
25709.687500,0.765625
25710.468750,0.781250
25711.234375,0.765625
25712.015625,0.781250
25712.796875,0.781250
25713.531250,0.734375
25714.234375,0.703125
25714.937500,0.703125
25715.640625,0.703125
25716.343750,0.703125
25717.078125,0.734375
25717.875000,0.796875
25718.625000,0.750000
25719.375000,0.750000
25720.125000,0.750000
25720.906250,0.781250
25721.656250,0.750000
25722.390625,0.734375
25723.140625,0.750000
25723.843750,0.703125
25724.531250,0.687500
25725.218750,0.687500
25725.921875,0.703125
25726.625000,0.703125
25727.343750,0.718750
25728.093750,0.750000
25728.828125,0.734375
25729.578125,0.750000
25730.328125,0.750000
25731.046875,0.718750
25731.765625,0.718750
25732.484375,0.718750
25733.250000,0.765625
25734.031250,0.781250
25734.796875,0.765625
25735.578125,0.781250
25736.359375,0.781250
25737.140625,0.781250
25737.953125,0.812500
25738.765625,0.812500
25739.546875,0.781250
25740.343750,0.796875
25741.078125,0.734375
25741.781250,0.703125
25742.484375,0.703125
25743.171875,0.687500
25743.875000,0.703125
25744.593750,0.718750
25745.359375,0.765625
25746.125000,0.765625
25746.875000,0.750000
25747.656250,0.781250
25748.437500,0.781250
25749.187500,0.750000
25749.953125,0.765625
25750.687500,0.734375
25751.406250,0.718750
25752.109375,0.703125
25752.828125,0.718750
25753.531250,0.703125
25754.218750,0.687500
25754.906250,0.687500
25755.578125,0.671875
25756.234375,0.656250
25756.859375,0.625000
25757.484375,0.625000
25758.093750,0.609375
25758.671875,0.578125
25759.265625,0.593750
25759.859375,0.593750
25760.484375,0.625000
25761.140625,0.656250
25761.812500,0.671875
25762.468750,0.656250
25763.125000,0.656250
25763.828125,0.703125
25764.531250,0.703125
25765.265625,0.734375
25766.031250,0.765625
25766.828125,0.796875
25767.609375,0.781250
25768.359375,0.750000
25769.078125,0.718750
25769.812500,0.734375
25770.531250,0.718750
25771.234375,0.703125
25771.953125,0.718750
25772.671875,0.718750
25773.406250,0.734375
25774.140625,0.734375
25774.906250,0.765625
25775.656250,0.750000
25776.375000,0.718750
25777.109375,0.734375
25777.812500,0.703125
25778.500000,0.687500
25779.187500,0.687500
25779.921875,0.734375
25780.656250,0.734375
25781.406250,0.750000
25782.156250,0.750000
25782.890625,0.734375
25783.625000,0.734375
25784.375000,0.750000
25785.093750,0.718750
25785.812500,0.718750
25786.531250,0.718750
25787.250000,0.718750
25787.953125,0.703125
25788.640625,0.687500
25789.328125,0.687500
25790.031250,0.703125
25790.750000,0.718750
25791.453125,0.703125
25792.171875,0.718750
25792.890625,0.718750
25793.578125,0.687500
25794.296875,0.718750
25795.000000,0.703125
25795.718750,0.718750
25796.453125,0.734375
25797.171875,0.718750
25797.859375,0.687500
25798.562500,0.703125
25799.265625,0.703125
25799.984375,0.718750
25800.687500,0.703125
25801.359375,0.671875
25802.015625,0.656250
25802.671875,0.656250
25803.343750,0.671875
25804.046875,0.703125
25804.734375,0.687500
25805.437500,0.703125
25806.171875,0.734375
25806.875000,0.703125
25807.562500,0.687500
25808.250000,0.687500
25808.953125,0.703125
25809.671875,0.718750
25810.406250,0.734375
25811.140625,0.734375
25811.875000,0.734375
25812.593750,0.718750
25813.328125,0.734375
25814.078125,0.750000
25814.796875,0.718750
25815.500000,0.703125
25816.203125,0.703125
25816.921875,0.718750
25817.640625,0.718750
25818.375000,0.734375
25819.109375,0.734375
25819.843750,0.734375
25820.562500,0.718750
25821.265625,0.703125
25821.968750,0.703125
25822.703125,0.734375
25823.468750,0.765625
25824.218750,0.750000
25824.984375,0.765625
25825.750000,0.765625
25826.500000,0.750000
25827.250000,0.750000
25827.984375,0.734375
25828.750000,0.765625
25829.500000,0.750000
25830.250000,0.750000
25830.984375,0.734375
25831.734375,0.750000
25832.468750,0.734375
25833.171875,0.703125
25833.906250,0.734375
25834.625000,0.718750
25835.328125,0.703125
25836.000000,0.671875
25836.640625,0.640625
25837.281250,0.640625
25837.968750,0.687500
25838.734375,0.765625
25839.531250,0.796875
25840.359375,0.828125
25841.156250,0.796875
25841.921875,0.765625
25842.718750,0.796875
25843.484375,0.765625
25844.234375,0.750000
25844.984375,0.750000
25845.703125,0.718750
25846.406250,0.703125
25847.093750,0.687500
25847.750000,0.656250
25848.421875,0.671875
25849.125000,0.703125
25849.875000,0.750000
25850.609375,0.734375
25851.375000,0.765625
25852.140625,0.765625
25852.890625,0.750000
25853.640625,0.750000
25854.375000,0.734375
25855.125000,0.750000
25855.843750,0.718750
25856.593750,0.750000
25857.343750,0.750000
25858.078125,0.734375
25858.828125,0.750000
25859.609375,0.781250
25860.390625,0.781250
25861.171875,0.781250
25861.953125,0.781250
25862.734375,0.781250
25863.500000,0.765625
25864.265625,0.765625
25865.015625,0.750000
25865.765625,0.750000
25866.515625,0.750000
25867.265625,0.750000
25868.000000,0.734375
25868.765625,0.765625
25869.500000,0.734375
25870.218750,0.718750
25870.937500,0.718750
25871.640625,0.703125
25872.359375,0.718750
25873.093750,0.734375
25873.843750,0.750000
25874.625000,0.781250
25875.375000,0.750000
25876.109375,0.734375
25876.859375,0.750000
25877.625000,0.765625
25878.375000,0.750000
25879.125000,0.750000
25879.859375,0.734375
25880.593750,0.734375
25881.343750,0.750000
25882.109375,0.765625
25882.890625,0.781250
25883.656250,0.765625
25884.421875,0.765625
25885.187500,0.765625
25885.937500,0.750000
25886.703125,0.765625
25887.500000,0.796875
25888.343750,0.843750
25889.156250,0.812500
25889.953125,0.796875
25890.750000,0.796875
25891.484375,0.734375
25892.203125,0.718750
25892.890625,0.687500
25893.593750,0.703125
25894.328125,0.734375
25895.046875,0.718750
25895.828125,0.781250
25896.593750,0.765625
25897.359375,0.765625
25898.140625,0.781250
25898.906250,0.765625
25899.656250,0.750000
25900.421875,0.765625
25901.203125,0.781250
25901.968750,0.765625
25902.750000,0.781250
25903.546875,0.796875
25904.312500,0.765625
25905.031250,0.718750
25905.703125,0.671875
25906.390625,0.687500
25907.078125,0.687500
25907.812500,0.734375
25908.609375,0.796875
25909.453125,0.843750
25910.250000,0.796875
25911.046875,0.796875
25911.859375,0.812500
25912.671875,0.812500
25913.500000,0.828125
25914.359375,0.859375
25915.187500,0.828125
25916.046875,0.859375
25916.875000,0.828125
25917.656250,0.781250
25918.437500,0.781250
25919.234375,0.796875
25928.093750,0.765625
25928.859375,0.765625
25929.656250,0.796875
25930.437500,0.781250
25931.234375,0.796875
25932.046875,0.812500
25932.812500,0.765625
25933.578125,0.765625
25934.343750,0.765625
25935.109375,0.765625
25935.890625,0.781250
25936.687500,0.796875
25937.500000,0.812500
25938.281250,0.781250
25939.078125,0.796875
25939.890625,0.812500
25940.656250,0.765625
25941.437500,0.781250
25942.218750,0.781250
25943.000000,0.781250
25943.765625,0.765625
25944.531250,0.765625
25945.312500,0.781250
25946.093750,0.781250
25946.859375,0.765625
25947.656250,0.796875
25948.453125,0.796875
25949.234375,0.781250
25950.031250,0.796875
25950.828125,0.796875
25951.656250,0.828125
25952.453125,0.796875
25953.250000,0.796875
25954.046875,0.796875
25954.812500,0.765625
25961.765625,0.796875
25962.546875,0.781250
25963.343750,0.796875
25964.125000,0.781250
25964.890625,0.765625
25965.640625,0.750000
25966.390625,0.750000
25967.156250,0.765625
25967.906250,0.750000
25968.656250,0.750000
25969.406250,0.750000
25970.171875,0.765625
25970.953125,0.781250
25977.093750,0.765625
25977.843750,0.750000
25978.625000,0.781250
25979.390625,0.765625
25980.171875,0.781250
25980.953125,0.781250
25981.703125,0.750000
25982.453125,0.750000
25983.187500,0.734375
25983.906250,0.718750
25984.656250,0.750000
25985.390625,0.734375
25986.109375,0.718750
25986.828125,0.718750
25987.546875,0.718750
25988.281250,0.734375
25989.015625,0.734375
25989.750000,0.734375
25990.500000,0.750000
25991.265625,0.765625
25992.000000,0.734375
25992.734375,0.734375
25993.468750,0.734375
25994.203125,0.734375
25994.953125,0.750000
25995.687500,0.734375
25996.437500,0.750000
25997.171875,0.734375
25997.890625,0.718750
25998.640625,0.750000
25999.375000,0.734375
26000.078125,0.703125
26000.765625,0.687500
26001.453125,0.687500
26002.156250,0.703125
26002.859375,0.703125
26003.562500,0.703125
26004.281250,0.718750
26005.031250,0.750000
26005.765625,0.734375
26006.515625,0.750000
26007.296875,0.781250
26008.093750,0.796875
26008.859375,0.765625
26009.625000,0.765625
26010.406250,0.781250
26011.187500,0.781250
26011.968750,0.781250
26012.812500,0.843750
26013.656250,0.843750
26014.468750,0.812500
26015.265625,0.796875
26016.062500,0.796875
26016.890625,0.828125
26017.734375,0.843750
26018.609375,0.875000
26019.500000,0.890625
26020.359375,0.859375
26021.250000,0.890625
26022.093750,0.843750
26022.921875,0.828125
26023.750000,0.828125
26024.562500,0.812500
26025.375000,0.812500
26026.187500,0.812500
26026.968750,0.781250
26027.750000,0.781250
26028.562500,0.812500
26029.343750,0.781250
26030.125000,0.781250
26030.921875,0.796875
26031.703125,0.781250
26032.468750,0.765625
26033.234375,0.765625
26034.015625,0.781250
26034.781250,0.765625
26035.546875,0.765625
26036.328125,0.781250
26037.093750,0.765625
26037.843750,0.750000
26038.593750,0.750000
26039.359375,0.765625
26040.109375,0.750000
26040.875000,0.765625
26041.640625,0.765625
26042.390625,0.750000
26043.140625,0.750000
26043.890625,0.750000
26044.640625,0.750000
26045.375000,0.734375
26046.093750,0.718750
26046.859375,0.765625
26047.609375,0.750000
26048.359375,0.750000
26049.125000,0.765625
26049.890625,0.765625
26050.640625,0.750000
26051.406250,0.765625
26052.171875,0.765625
26052.921875,0.750000
26053.703125,0.781250
26054.515625,0.812500
26055.328125,0.812500
26056.109375,0.781250
26056.921875,0.812500
26057.703125,0.781250
26058.468750,0.765625
26059.265625,0.796875
26060.062500,0.796875
26060.843750,0.781250
26061.640625,0.796875
26062.437500,0.796875
26063.234375,0.796875
26064.031250,0.796875
26064.843750,0.812500
26065.609375,0.765625
26066.390625,0.781250
26067.187500,0.796875
26067.953125,0.765625
26068.703125,0.750000
26069.453125,0.750000
26070.218750,0.765625
26070.953125,0.734375
26071.718750,0.765625
26072.500000,0.781250
26073.265625,0.765625
26074.046875,0.781250
26074.843750,0.796875
26075.640625,0.796875
26076.406250,0.765625
26077.187500,0.781250
26077.984375,0.796875
26078.750000,0.765625
26079.515625,0.765625
26080.281250,0.765625
26081.031250,0.750000
26088.078125,0.765625
26088.843750,0.765625
26089.609375,0.765625
26090.406250,0.796875
26091.187500,0.781250
26091.968750,0.781250
26092.765625,0.796875
26093.531250,0.765625
26094.281250,0.750000
26095.062500,0.781250
26095.859375,0.796875
26096.640625,0.781250
26097.468750,0.828125
26098.281250,0.812500
26099.046875,0.765625
26099.781250,0.734375
26100.500000,0.718750
26101.187500,0.687500
26101.875000,0.687500
26102.578125,0.703125
26103.328125,0.750000
26104.140625,0.812500
26104.953125,0.812500
26105.718750,0.765625
26106.500000,0.781250
26107.265625,0.765625
26108.062500,0.796875
26108.843750,0.781250
26109.625000,0.781250
26110.421875,0.796875
26111.218750,0.796875
26112.031250,0.812500
26112.843750,0.812500
26113.656250,0.812500
26114.390625,0.734375
26115.140625,0.750000
26115.906250,0.765625
26116.687500,0.781250
26117.453125,0.765625
26118.218750,0.765625
26118.968750,0.750000
26119.718750,0.750000
26120.484375,0.765625
26121.281250,0.796875
26122.093750,0.812500
26122.875000,0.781250
26123.703125,0.828125
26124.515625,0.812500
26125.281250,0.765625
26126.062500,0.781250
26126.843750,0.781250
26127.625000,0.781250
26128.406250,0.781250
26129.203125,0.796875
26130.031250,0.828125
26130.828125,0.796875
26131.656250,0.828125
26132.437500,0.781250
26133.203125,0.765625
26133.906250,0.703125
26134.625000,0.718750
26135.375000,0.750000
26136.109375,0.734375
26136.843750,0.734375
26137.531250,0.687500
26138.234375,0.703125
26138.953125,0.718750
26139.656250,0.703125
26140.375000,0.718750
26141.125000,0.750000
26141.875000,0.750000
26142.640625,0.765625
26143.437500,0.796875
26144.265625,0.828125
26145.062500,0.796875
26145.890625,0.828125
26146.687500,0.796875
26147.484375,0.796875
26148.296875,0.812500
26149.109375,0.812500
26149.875000,0.765625
26150.625000,0.750000
26151.375000,0.750000
26152.109375,0.734375
26152.843750,0.734375
26153.609375,0.765625
26154.406250,0.796875
26155.203125,0.796875
26156.031250,0.828125
26156.859375,0.828125
26157.656250,0.796875
26158.453125,0.796875
26159.265625,0.812500
26160.015625,0.750000
26160.781250,0.765625
26161.531250,0.750000
26162.296875,0.765625
26163.078125,0.781250
26163.843750,0.765625
26164.625000,0.781250
26165.421875,0.796875
26166.218750,0.796875
26167.046875,0.828125
26167.859375,0.812500
26168.656250,0.796875
26169.468750,0.812500
26170.281250,0.812500
26171.093750,0.812500
26171.906250,0.812500
26172.671875,0.765625
26173.406250,0.734375
26174.125000,0.718750
26174.843750,0.718750
26175.546875,0.703125
26176.265625,0.718750
26177.046875,0.781250
26177.828125,0.781250
26178.640625,0.812500
26179.500000,0.859375
26180.328125,0.828125
26181.125000,0.796875
26181.906250,0.781250
26182.671875,0.765625
26183.421875,0.750000
26184.203125,0.781250
26185.000000,0.796875
26185.781250,0.781250
26186.546875,0.765625
26187.343750,0.796875
26188.156250,0.812500
26188.953125,0.796875
26189.765625,0.812500
26190.578125,0.812500
26191.375000,0.796875
26192.156250,0.781250
26192.921875,0.765625
26193.703125,0.781250
26194.468750,0.765625
26195.218750,0.750000
26196.000000,0.781250
26196.843750,0.843750
26197.656250,0.812500
26198.484375,0.828125
26199.312500,0.828125
26200.125000,0.812500
26200.921875,0.796875
26201.703125,0.781250
26202.515625,0.812500
26203.296875,0.781250
26204.093750,0.796875
26204.890625,0.796875
26205.656250,0.765625
26206.453125,0.796875
26207.234375,0.781250
26208.062500,0.828125
26208.859375,0.796875
26209.640625,0.781250
26225.234375,0.718750
26225.921875,0.687500
26226.593750,0.671875
26227.312500,0.718750
26228.046875,0.734375
26228.812500,0.765625
26229.578125,0.765625
26230.343750,0.765625
26231.140625,0.796875
26231.921875,0.781250
26232.687500,0.765625
26233.437500,0.750000
26234.187500,0.750000
26234.953125,0.765625
26235.781250,0.828125
26236.578125,0.796875
26237.390625,0.812500
26238.265625,0.875000
26239.140625,0.875000
26239.984375,0.843750
26240.859375,0.875000
26241.687500,0.828125
26242.500000,0.812500
26243.281250,0.781250
26244.078125,0.796875
26244.859375,0.781250
26245.625000,0.765625
26246.406250,0.781250
26247.171875,0.765625
26247.953125,0.781250
26248.718750,0.765625
26249.500000,0.781250
26250.234375,0.734375
26250.968750,0.734375
26251.656250,0.687500
26252.343750,0.687500
26253.031250,0.687500
26253.687500,0.656250
26254.375000,0.687500
26255.093750,0.718750
26255.859375,0.765625
26256.609375,0.750000
26257.390625,0.781250
26258.125000,0.734375
26258.843750,0.718750
26259.515625,0.671875
26260.203125,0.687500
26260.906250,0.703125
26261.640625,0.734375
26262.375000,0.734375
26263.171875,0.796875
26263.968750,0.796875
26264.750000,0.781250
26265.546875,0.796875
26266.375000,0.828125
26267.156250,0.781250
26267.921875,0.765625
26268.703125,0.781250
26269.453125,0.750000
26270.187500,0.734375
26270.937500,0.750000
26271.656250,0.718750
26272.359375,0.703125
26273.062500,0.703125
26273.781250,0.718750
26274.531250,0.750000
26275.312500,0.781250
26276.140625,0.828125
26276.968750,0.828125
26277.765625,0.796875
26278.562500,0.796875
26279.390625,0.828125
26280.187500,0.796875
26281.000000,0.812500
26281.796875,0.796875
26282.593750,0.796875
26283.312500,0.718750
26284.015625,0.703125
26284.734375,0.718750
26304.453125,0.718750
26305.187500,0.734375
26305.937500,0.750000
26306.718750,0.781250
26307.515625,0.796875
26308.312500,0.796875
26309.156250,0.843750
26309.984375,0.828125
26310.781250,0.796875
26311.578125,0.796875
26312.390625,0.812500
26313.187500,0.796875
26313.968750,0.781250
26314.750000,0.781250
26315.546875,0.796875
26316.343750,0.796875
26317.140625,0.796875
26317.937500,0.796875
26318.765625,0.828125
26319.500000,0.734375
26320.218750,0.718750
26320.921875,0.703125
26321.578125,0.656250
26322.250000,0.671875
26322.953125,0.703125
26323.656250,0.703125
26324.375000,0.718750
26325.093750,0.718750
26325.828125,0.734375
26326.562500,0.734375
26327.296875,0.734375
26328.078125,0.781250
26328.843750,0.765625
26329.578125,0.734375
26330.406250,0.828125
26331.390625,0.984375
26332.281250,0.890625
26333.171875,0.890625
26334.046875,0.875000
26334.906250,0.859375
26335.703125,0.796875
26336.500000,0.796875
26337.296875,0.796875
26338.109375,0.812500
26338.937500,0.828125
26339.796875,0.859375
26340.593750,0.796875
26341.421875,0.828125
26342.296875,0.875000
26343.218750,0.921875
26344.125000,0.906250
26363.578125,0.843750
26368.718750,0.781250
26369.546875,0.828125
26370.406250,0.859375
26371.234375,0.828125
26372.062500,0.828125
26372.906250,0.843750
26373.718750,0.812500
26374.531250,0.812500
26375.343750,0.812500
26376.171875,0.828125
26376.984375,0.812500
26377.781250,0.796875
26378.609375,0.828125
26379.421875,0.812500
26380.203125,0.781250
26381.000000,0.796875
26381.781250,0.781250
26382.578125,0.796875
26383.328125,0.750000
26384.078125,0.750000
26384.843750,0.765625
26385.625000,0.781250
26386.421875,0.796875
26387.218750,0.796875
26388.015625,0.796875
26388.828125,0.812500
26389.609375,0.781250
26390.421875,0.812500
26391.265625,0.843750
26392.062500,0.796875
26392.875000,0.812500
26393.703125,0.828125
26394.515625,0.812500
26395.296875,0.781250
26396.078125,0.781250
26396.875000,0.796875
26397.640625,0.765625
26398.406250,0.765625
26399.187500,0.781250
26399.984375,0.796875
26408.656250,0.812500
26409.437500,0.781250
26410.171875,0.734375
26410.921875,0.750000
26411.656250,0.734375
26412.390625,0.734375
26413.109375,0.718750
26413.828125,0.718750
26414.515625,0.687500
26415.203125,0.687500
26415.953125,0.750000
26416.781250,0.828125
26417.531250,0.750000
26418.265625,0.734375
26419.031250,0.765625
26419.859375,0.828125
26420.656250,0.796875
26421.453125,0.796875
26422.281250,0.828125
26423.093750,0.812500
26423.859375,0.765625
26424.625000,0.765625
26425.421875,0.796875
26426.218750,0.796875
26426.984375,0.765625
26427.765625,0.781250
26428.562500,0.796875
26429.343750,0.781250
26430.109375,0.765625
26430.921875,0.812500
26431.718750,0.796875
26432.484375,0.765625
26433.281250,0.796875
26434.093750,0.812500
26434.906250,0.812500
26435.718750,0.812500
26436.546875,0.828125
26437.359375,0.812500
26438.156250,0.796875
26438.968750,0.812500
26439.781250,0.812500
26440.562500,0.781250
26450.156250,0.718750
26450.921875,0.765625
26451.750000,0.828125
26452.562500,0.812500
26453.406250,0.843750
26454.250000,0.843750
26455.062500,0.812500
26455.843750,0.781250
26456.625000,0.781250
26457.406250,0.781250
26458.187500,0.781250
26458.968750,0.781250
26459.796875,0.828125
26460.609375,0.812500
26461.406250,0.796875
26469.328125,0.781250
26470.109375,0.781250
26470.890625,0.781250
26471.593750,0.703125
26472.296875,0.703125
26473.015625,0.718750
26473.750000,0.734375
26474.484375,0.734375
26475.234375,0.750000
26476.000000,0.765625
26476.765625,0.765625
26477.515625,0.750000
26478.250000,0.734375
26478.937500,0.687500
26479.625000,0.687500
26480.343750,0.718750
26481.109375,0.765625
26481.953125,0.843750
26482.796875,0.843750
26483.609375,0.812500
26484.437500,0.828125
26485.296875,0.859375
26486.125000,0.828125
26486.953125,0.828125
26487.781250,0.828125
26488.593750,0.812500
26489.375000,0.781250
26490.140625,0.765625
26490.875000,0.734375
26491.562500,0.687500
26492.250000,0.687500
26492.984375,0.734375
26497.328125,0.843750
26498.140625,0.812500
26498.968750,0.828125
26499.843750,0.875000
26500.718750,0.875000
26501.578125,0.859375
26502.421875,0.843750
26503.250000,0.828125
26504.078125,0.828125
26504.890625,0.812500
26505.703125,0.812500
26506.500000,0.796875
26507.296875,0.796875
26508.078125,0.781250
26508.859375,0.781250
26509.640625,0.781250
26510.468750,0.828125
26511.296875,0.828125
26512.125000,0.828125
26512.953125,0.828125
26513.750000,0.796875
26514.531250,0.781250
26515.328125,0.796875
26516.125000,0.796875
26516.921875,0.796875
26517.718750,0.796875
26518.546875,0.828125
26519.328125,0.781250
26520.125000,0.796875
26520.937500,0.812500
26521.734375,0.796875
26527.828125,0.781250
26528.687500,0.859375
26529.593750,0.906250
26530.453125,0.859375
26553.656250,0.750000
26554.421875,0.765625
26555.171875,0.750000
26555.906250,0.734375
26556.640625,0.734375
26557.406250,0.765625
26558.156250,0.750000
26558.906250,0.750000
26559.640625,0.734375
26560.375000,0.734375
26561.109375,0.734375
26561.828125,0.718750
26562.593750,0.765625
26563.343750,0.750000
26564.093750,0.750000
26564.890625,0.796875
26571.218750,0.796875
26572.046875,0.828125
26572.890625,0.843750
26573.671875,0.781250
26574.453125,0.781250
26575.218750,0.765625
26575.968750,0.750000
26576.671875,0.703125
26577.390625,0.718750
26578.171875,0.781250
26579.000000,0.828125
26579.781250,0.781250
26580.578125,0.796875
26581.375000,0.796875
26593.281250,0.796875
26594.093750,0.812500
26594.875000,0.781250
26595.625000,0.750000
26622.390625,0.765625
26623.171875,0.781250
26623.968750,0.796875
26624.765625,0.796875
26625.578125,0.812500
26626.359375,0.781250
26627.156250,0.796875
26627.937500,0.781250
26628.703125,0.765625
26629.453125,0.750000
26630.218750,0.765625
26630.984375,0.765625
26631.750000,0.765625
26632.531250,0.781250
26633.359375,0.828125
26634.171875,0.812500
26634.968750,0.796875
26635.750000,0.781250
26636.484375,0.734375
26637.203125,0.718750
26637.937500,0.734375
26638.687500,0.750000
26639.437500,0.750000
26640.218750,0.781250
26641.046875,0.828125
26641.843750,0.796875
26642.640625,0.796875
26643.468750,0.828125
26644.281250,0.812500
26645.078125,0.796875
26645.859375,0.781250
26646.671875,0.812500
26647.453125,0.781250
26648.234375,0.781250
26649.031250,0.796875
26649.828125,0.796875
26650.593750,0.765625
26651.359375,0.765625
26652.140625,0.781250
26652.921875,0.781250
26653.703125,0.781250
26654.484375,0.781250
26655.281250,0.796875
26656.046875,0.765625
26656.843750,0.796875
26657.640625,0.796875
26658.421875,0.781250
26659.187500,0.765625
26659.953125,0.765625
26660.687500,0.734375
26661.421875,0.734375
26662.156250,0.734375
26662.937500,0.781250
26663.765625,0.828125
26664.562500,0.796875
26665.375000,0.812500
26666.234375,0.859375
26667.046875,0.812500
26667.843750,0.796875
26668.640625,0.796875
26669.390625,0.750000
26670.156250,0.765625
26670.937500,0.781250
26671.718750,0.781250
26672.484375,0.765625
26673.250000,0.765625
26674.031250,0.781250
26674.765625,0.734375
26675.468750,0.703125
26676.140625,0.671875
26676.828125,0.687500
26677.546875,0.718750
26678.343750,0.796875
26679.125000,0.781250
26679.890625,0.765625
26680.687500,0.796875
26681.484375,0.796875
26682.250000,0.765625
26683.031250,0.781250
26683.875000,0.843750
26684.734375,0.859375
26685.578125,0.843750
26686.406250,0.828125
26687.312500,0.906250
26688.156250,0.843750
26689.031250,0.875000
26689.906250,0.875000
26690.765625,0.859375
26691.593750,0.828125
26692.437500,0.843750
26693.281250,0.843750
26694.109375,0.828125
26694.937500,0.828125
26695.796875,0.859375
26696.656250,0.859375
26697.468750,0.812500
26698.281250,0.812500
26699.093750,0.812500
26699.875000,0.781250
26700.687500,0.812500
26701.531250,0.843750
26702.328125,0.796875
26703.125000,0.796875
26703.937500,0.812500
26704.718750,0.781250
26705.468750,0.750000
26706.203125,0.734375
26706.921875,0.718750
26707.625000,0.703125
26708.312500,0.687500
26709.000000,0.687500
26709.687500,0.687500
26710.375000,0.687500
26711.046875,0.671875
26711.718750,0.671875
26712.406250,0.687500
26713.109375,0.703125
26713.843750,0.734375
26714.593750,0.750000
26715.343750,0.750000
26716.046875,0.703125
26716.765625,0.718750
26717.484375,0.718750
26718.234375,0.750000
26719.000000,0.765625
26719.765625,0.765625
26720.546875,0.781250
26721.359375,0.812500
26722.109375,0.750000
26722.843750,0.734375
26723.593750,0.750000
26724.359375,0.765625
26725.093750,0.734375
26725.843750,0.750000
26726.593750,0.750000
26727.359375,0.765625
26728.093750,0.734375
26728.859375,0.765625
26729.640625,0.781250
26730.390625,0.750000
26731.140625,0.750000
26731.921875,0.781250
26732.703125,0.781250
26733.453125,0.750000
26734.203125,0.750000
26734.968750,0.765625
26735.718750,0.750000
26736.468750,0.750000
26737.250000,0.781250
26738.062500,0.812500
26738.875000,0.812500
26739.703125,0.828125
26740.562500,0.859375
26741.390625,0.828125
26742.218750,0.828125
26743.031250,0.812500
26743.828125,0.796875
26744.593750,0.765625
26745.375000,0.781250
26746.203125,0.828125
26747.000000,0.796875
26747.781250,0.781250
26748.562500,0.781250
26749.359375,0.796875
26750.125000,0.765625
26750.906250,0.781250
26751.671875,0.765625
26752.421875,0.750000
26753.140625,0.718750
26753.859375,0.718750
26754.625000,0.765625
26755.375000,0.750000
26756.109375,0.734375
26756.875000,0.765625
26757.656250,0.781250
26758.406250,0.750000
26759.171875,0.765625
26759.937500,0.765625
26760.703125,0.765625
26761.484375,0.781250
26762.296875,0.812500
26763.109375,0.812500
26763.890625,0.781250
26764.671875,0.781250
26765.453125,0.781250
26766.203125,0.750000
26766.921875,0.718750
26767.656250,0.734375
26768.390625,0.734375
26769.171875,0.781250
26769.937500,0.765625
26770.671875,0.734375
26771.437500,0.765625
26772.265625,0.828125
26773.078125,0.812500
26773.875000,0.796875
26774.656250,0.781250
26775.453125,0.796875
26776.250000,0.796875
26777.000000,0.750000
26777.750000,0.750000
26778.500000,0.750000
26779.281250,0.781250
26780.093750,0.812500
26780.890625,0.796875
26781.640625,0.750000
26782.421875,0.781250
26783.203125,0.781250
26783.968750,0.765625
26784.734375,0.765625
26785.500000,0.765625
26786.296875,0.796875
26787.046875,0.750000
26787.812500,0.765625
26788.546875,0.734375
26789.281250,0.734375
26789.968750,0.687500
26790.640625,0.671875
26791.343750,0.703125
26792.078125,0.734375
26792.812500,0.734375
26793.515625,0.703125
26794.250000,0.734375
26795.000000,0.750000
26795.718750,0.718750
26796.437500,0.718750
26797.140625,0.703125
26797.859375,0.718750
26798.562500,0.703125
26799.281250,0.718750
26800.062500,0.781250
26800.859375,0.796875
26801.640625,0.781250
26802.437500,0.796875
26803.265625,0.828125
26804.046875,0.781250
26804.875000,0.828125
26805.703125,0.828125
26806.484375,0.781250
26807.250000,0.765625
26808.015625,0.765625
26808.796875,0.781250
26809.562500,0.765625
26810.343750,0.781250
26811.156250,0.812500
26811.953125,0.796875
26812.718750,0.765625
26813.515625,0.796875
26814.343750,0.828125
26815.125000,0.781250
26815.906250,0.781250
26816.703125,0.796875
26817.484375,0.781250
26818.250000,0.765625
26819.031250,0.781250
26819.828125,0.796875
26820.609375,0.781250
26821.375000,0.765625
26822.156250,0.781250
26822.953125,0.796875
26823.718750,0.765625
26824.500000,0.781250
26825.328125,0.828125
26826.125000,0.796875
26826.890625,0.765625
26827.640625,0.750000
26828.421875,0.781250
26829.187500,0.765625
26829.921875,0.734375
26830.687500,0.765625
26831.500000,0.812500
26832.343750,0.843750
26833.156250,0.812500
26834.015625,0.859375
26834.859375,0.843750
26835.656250,0.796875
26836.484375,0.828125
26837.296875,0.812500
26838.109375,0.812500
26838.875000,0.765625
26839.656250,0.781250
26840.468750,0.812500
26841.250000,0.781250
26842.000000,0.750000
26842.765625,0.765625
26843.531250,0.765625
26844.265625,0.734375
26845.000000,0.734375
26845.750000,0.750000
26846.484375,0.734375
26847.203125,0.718750
26847.890625,0.687500
26848.578125,0.687500
26849.296875,0.718750
26850.062500,0.765625
26850.828125,0.765625
26851.546875,0.718750
26852.250000,0.703125
26852.921875,0.671875
26853.609375,0.687500
26854.328125,0.718750
26855.078125,0.750000
26855.828125,0.750000
26856.593750,0.765625
26857.343750,0.750000
26858.078125,0.734375
26858.812500,0.734375
26859.546875,0.734375
26860.359375,0.812500
26861.234375,0.875000
26862.015625,0.781250
26862.718750,0.703125
26863.421875,0.703125
26864.140625,0.718750
26864.906250,0.765625
26865.687500,0.781250
26866.484375,0.796875
26867.296875,0.812500
26868.093750,0.796875
26868.890625,0.796875
26869.703125,0.812500
26870.500000,0.796875
26871.265625,0.765625
26872.046875,0.781250
26872.812500,0.765625
26873.531250,0.718750
26874.250000,0.718750
26874.984375,0.734375
26875.781250,0.796875
26876.578125,0.796875
26877.343750,0.765625
26878.109375,0.765625
26878.890625,0.781250
26887.171875,0.781250
26888.000000,0.828125
26888.812500,0.812500
26889.640625,0.828125
26890.468750,0.828125
26891.296875,0.828125
26892.109375,0.812500
26892.921875,0.812500
26893.687500,0.765625
26894.453125,0.765625
26895.218750,0.765625
26896.000000,0.781250
26896.750000,0.750000
26897.500000,0.750000
26898.265625,0.765625
26899.093750,0.828125
26899.890625,0.796875
26900.687500,0.796875
26901.468750,0.781250
26902.234375,0.765625
26903.000000,0.765625
26903.750000,0.750000
26904.500000,0.750000
26905.250000,0.750000
26906.000000,0.750000
26906.765625,0.765625
26907.515625,0.750000
26908.296875,0.781250
26909.078125,0.781250
26909.828125,0.750000
26910.593750,0.765625
26911.375000,0.781250
26912.187500,0.812500
26912.968750,0.781250
26913.765625,0.796875
26914.515625,0.750000
26915.265625,0.750000
26916.015625,0.750000
26916.765625,0.750000
26917.500000,0.734375
26918.250000,0.750000
26919.046875,0.796875
26919.828125,0.781250
26920.625000,0.796875
26921.375000,0.750000
26922.125000,0.750000
26922.890625,0.765625
26923.656250,0.765625
26924.390625,0.734375
26925.140625,0.750000
26925.921875,0.781250
26926.687500,0.765625
26927.437500,0.750000
26928.156250,0.718750
26928.843750,0.687500
26929.515625,0.671875
26930.187500,0.671875
26930.828125,0.640625
26931.468750,0.640625
26932.156250,0.687500
26932.937500,0.781250
26942.031250,0.812500
26942.906250,0.875000
26943.781250,0.875000
26944.640625,0.859375
26945.500000,0.859375
26946.328125,0.828125
26947.140625,0.812500
26947.953125,0.812500
26948.750000,0.796875
26949.500000,0.750000
26950.234375,0.734375
26950.921875,0.687500
26951.609375,0.687500
26952.296875,0.687500
26952.968750,0.671875
26953.687500,0.718750
26954.421875,0.734375
26955.203125,0.781250
26955.984375,0.781250
26956.734375,0.750000
26957.453125,0.718750
26958.171875,0.718750
26958.906250,0.734375
26959.671875,0.765625
26960.453125,0.781250
26961.250000,0.796875
26962.031250,0.781250
26962.796875,0.765625
26963.500000,0.703125
26964.203125,0.703125
26964.921875,0.718750
26965.640625,0.718750
26966.421875,0.781250
26967.203125,0.781250
26968.078125,0.875000
26968.937500,0.859375
26969.765625,0.828125
26970.656250,0.890625
26971.500000,0.843750
26972.328125,0.828125
26973.156250,0.828125
26973.953125,0.796875
26974.765625,0.812500
26975.578125,0.812500
26976.359375,0.781250
26977.156250,0.796875
26977.968750,0.812500
26978.750000,0.781250
26979.546875,0.796875
26980.375000,0.828125
26981.171875,0.796875
26981.984375,0.812500
26982.781250,0.796875
26983.593750,0.812500
26984.359375,0.765625
26985.156250,0.796875
26985.953125,0.796875
26986.765625,0.812500
26987.531250,0.765625
26988.281250,0.750000
26989.031250,0.750000
26989.812500,0.781250
26990.593750,0.781250
26991.328125,0.734375
26992.078125,0.750000
26992.859375,0.781250
26993.703125,0.843750
26994.546875,0.843750
26995.375000,0.828125
26996.187500,0.812500
26996.953125,0.765625
26997.718750,0.765625
26998.500000,0.781250
26999.296875,0.796875
27000.078125,0.781250
27000.906250,0.828125
27001.734375,0.828125
27002.546875,0.812500
27003.375000,0.828125
27004.203125,0.828125
27005.031250,0.828125
27005.828125,0.796875
27006.640625,0.812500
27007.406250,0.765625
27008.140625,0.734375
27008.890625,0.750000
27009.640625,0.750000
27010.421875,0.781250
27011.218750,0.796875
27012.031250,0.812500
27012.875000,0.843750
27013.703125,0.828125
27014.531250,0.828125
27015.375000,0.843750
27016.171875,0.796875
27016.984375,0.812500
27017.812500,0.828125
27018.640625,0.828125
27019.468750,0.828125
27020.296875,0.828125
27021.109375,0.812500
27021.890625,0.781250
27022.671875,0.781250
27023.406250,0.734375
27024.171875,0.765625
27024.937500,0.765625
27025.687500,0.750000
27026.453125,0.765625
27027.218750,0.765625
27028.062500,0.843750
27028.859375,0.796875
27029.640625,0.781250
27030.453125,0.812500
27031.281250,0.828125
27032.062500,0.781250
27032.859375,0.796875
27033.656250,0.796875
27034.453125,0.796875
27035.234375,0.781250
27036.031250,0.796875
27036.843750,0.812500
27037.640625,0.796875
27038.437500,0.796875
27039.218750,0.781250
27039.968750,0.750000
27040.703125,0.734375
27041.437500,0.734375
27042.187500,0.750000
27042.921875,0.734375
27043.625000,0.703125
27044.312500,0.687500
27045.015625,0.703125
27045.734375,0.718750
27046.421875,0.687500
27047.156250,0.734375
27047.921875,0.765625
27048.687500,0.765625
27049.437500,0.750000
27050.250000,0.812500
27051.109375,0.859375
27051.953125,0.843750
27052.796875,0.843750
27062.125000,0.796875
27062.968750,0.843750
27063.796875,0.828125
27064.578125,0.781250
27065.390625,0.812500
27066.187500,0.796875
27066.968750,0.781250
27067.750000,0.781250
27068.515625,0.765625
27069.265625,0.750000
27070.000000,0.734375
27070.687500,0.687500
27071.375000,0.687500
27072.078125,0.703125
27072.781250,0.703125
27073.484375,0.703125
27074.203125,0.718750
27074.953125,0.750000
27075.781250,0.828125
27076.578125,0.796875
27077.375000,0.796875
27078.156250,0.781250
27078.921875,0.765625
27079.640625,0.718750
27080.343750,0.703125
27081.015625,0.671875
27081.687500,0.671875
27082.359375,0.671875
27083.062500,0.703125
27090.437500,0.812500
27091.218750,0.781250
27091.984375,0.765625
27092.765625,0.781250
27093.531250,0.765625
27094.296875,0.765625
27095.078125,0.781250
27095.875000,0.796875
27096.656250,0.781250
27097.468750,0.812500
27098.312500,0.843750
27099.125000,0.812500
27099.921875,0.796875
27100.750000,0.828125
27101.546875,0.796875
27102.296875,0.750000
27103.062500,0.765625
27103.828125,0.765625
27104.593750,0.765625
27105.343750,0.750000
27106.093750,0.750000
27106.859375,0.765625
27107.640625,0.781250
27108.421875,0.781250
27109.265625,0.843750
27110.078125,0.812500
27110.859375,0.781250
27111.656250,0.796875
27112.437500,0.781250
27113.187500,0.750000
27113.953125,0.765625
27114.718750,0.765625
27115.500000,0.781250
27116.265625,0.765625
27117.000000,0.734375
27117.750000,0.750000
27118.515625,0.765625
27119.281250,0.765625
27120.078125,0.796875
27120.890625,0.812500
27121.671875,0.781250
27122.484375,0.812500
27123.296875,0.812500
27124.093750,0.796875
27124.859375,0.765625
27125.640625,0.781250
27126.406250,0.765625
27127.171875,0.765625
27127.937500,0.765625
27128.718750,0.781250
27129.484375,0.765625
27130.265625,0.781250
27131.078125,0.812500
27131.875000,0.796875
27132.625000,0.750000
27133.390625,0.765625
27134.140625,0.750000
27134.890625,0.750000
27164.093750,0.781250
27164.875000,0.781250
27190.703125,0.671875
27191.375000,0.671875
27192.062500,0.687500
27192.796875,0.734375
27193.609375,0.812500
27194.468750,0.859375
27195.296875,0.828125
27196.046875,0.750000
27196.828125,0.781250
27197.609375,0.781250
27198.406250,0.796875
27199.187500,0.781250
27199.953125,0.765625
27200.687500,0.734375
27201.437500,0.750000
27202.203125,0.765625
27203.000000,0.796875
27203.812500,0.812500
27204.687500,0.875000
27205.546875,0.859375
27206.328125,0.781250
27227.750000,0.734375
27228.468750,0.718750
27229.234375,0.765625
27230.078125,0.843750
27230.937500,0.859375
27231.765625,0.828125
27232.578125,0.812500
27233.218750,0.640625
27234.140625,0.921875
27234.859375,0.718750
27235.578125,0.718750
27236.343750,0.765625
27237.125000,0.781250
27237.906250,0.781250
27238.703125,0.796875
27239.453125,0.750000
27240.203125,0.750000
27240.968750,0.765625
27241.750000,0.781250
27242.562500,0.812500
27243.359375,0.796875
27244.156250,0.796875
27244.937500,0.781250
27245.687500,0.750000
27246.421875,0.734375
27247.109375,0.687500
27247.796875,0.687500
27248.468750,0.671875
27249.125000,0.656250
27249.812500,0.687500
27250.531250,0.718750
27251.234375,0.703125
27251.953125,0.718750
27252.671875,0.718750
27253.453125,0.781250
27254.250000,0.796875
27255.046875,0.796875
27255.875000,0.828125
27256.687500,0.812500
27257.500000,0.812500
27258.312500,0.812500
27259.125000,0.812500
27259.906250,0.781250
27260.703125,0.796875
27261.515625,0.812500
27262.312500,0.796875
27263.140625,0.828125
27263.984375,0.843750
27264.812500,0.828125
27265.656250,0.843750
27266.515625,0.859375
27267.343750,0.828125
27268.125000,0.781250
27268.890625,0.765625
27269.671875,0.781250
27270.421875,0.750000
27271.187500,0.765625
27271.968750,0.781250
27272.796875,0.828125
27273.640625,0.843750
27274.421875,0.781250
27275.171875,0.750000
27275.937500,0.765625
27276.703125,0.765625
27277.468750,0.765625
27278.250000,0.781250
27279.031250,0.781250
27279.828125,0.796875
27280.640625,0.812500
27281.437500,0.796875
27282.234375,0.796875
27283.031250,0.796875
27283.843750,0.812500
27284.640625,0.796875
27285.453125,0.812500
27286.265625,0.812500
27287.046875,0.781250
27287.859375,0.812500
27288.671875,0.812500
27289.453125,0.781250
27290.250000,0.796875
27291.062500,0.812500
27291.890625,0.828125
27298.656250,0.734375
27299.375000,0.718750
27300.078125,0.703125
27300.781250,0.703125
27301.484375,0.703125
27302.187500,0.703125
27302.890625,0.703125
27303.640625,0.750000
27304.390625,0.750000
27305.156250,0.765625
27305.968750,0.812500
27306.765625,0.796875
27307.562500,0.796875
27308.421875,0.859375
27309.203125,0.781250
27310.031250,0.828125
27310.828125,0.796875
27317.234375,0.812500
27318.046875,0.812500
27318.859375,0.812500
27319.656250,0.796875
27320.468750,0.812500
27321.281250,0.812500
27322.062500,0.781250
27322.875000,0.812500
27323.687500,0.812500
27324.484375,0.796875
27325.265625,0.781250
27326.062500,0.796875
27326.843750,0.781250
27327.609375,0.765625
27328.390625,0.781250
27329.156250,0.765625
27329.890625,0.734375
27330.656250,0.765625
27331.421875,0.765625
27332.171875,0.750000
27332.953125,0.781250
27333.734375,0.781250
27334.500000,0.765625
27335.296875,0.796875
27336.109375,0.812500
27336.875000,0.765625
27337.671875,0.796875
27338.453125,0.781250
27339.234375,0.781250
27340.015625,0.781250
27340.796875,0.781250
27341.546875,0.750000
27342.296875,0.750000
27343.046875,0.750000
27343.781250,0.734375
27344.531250,0.750000
27345.265625,0.734375
27345.984375,0.718750
27346.703125,0.718750
27347.390625,0.687500
27348.062500,0.671875
27348.750000,0.687500
27349.437500,0.687500
27350.109375,0.671875
27350.781250,0.671875
27351.484375,0.703125
27352.250000,0.765625
27353.000000,0.750000
27353.750000,0.750000
27354.515625,0.765625
27355.281250,0.765625
27356.046875,0.765625
27356.843750,0.796875
27357.656250,0.812500
27358.437500,0.781250
27359.203125,0.765625
27359.953125,0.750000
27360.703125,0.750000
27361.468750,0.765625
27362.250000,0.781250
27363.093750,0.843750
27363.875000,0.781250
27364.703125,0.828125
27365.546875,0.843750
27366.343750,0.796875
27367.140625,0.796875
27367.921875,0.781250
27368.687500,0.765625
27369.453125,0.765625
27370.203125,0.750000
27370.984375,0.781250
27371.750000,0.765625
27372.531250,0.781250
27373.328125,0.796875
27374.093750,0.765625
27374.859375,0.765625
27375.656250,0.796875
27376.421875,0.765625
27377.171875,0.750000
27377.921875,0.750000
27378.656250,0.734375
27379.390625,0.734375
27380.125000,0.734375
27380.843750,0.718750
27381.562500,0.718750
27382.296875,0.734375
27383.031250,0.734375
27383.765625,0.734375
27384.531250,0.765625
27385.281250,0.750000
27386.062500,0.781250
27386.859375,0.796875
27387.625000,0.765625
27388.406250,0.781250
27389.187500,0.781250
27397.968750,0.703125
27398.703125,0.734375
27399.468750,0.765625
27400.296875,0.828125
27401.062500,0.765625
27401.796875,0.734375
27402.546875,0.750000
27403.312500,0.765625
27404.062500,0.750000
27404.812500,0.750000
27405.609375,0.796875
27406.406250,0.796875
27407.171875,0.765625
27407.968750,0.796875
27408.765625,0.796875
27409.546875,0.781250
27410.296875,0.750000
27411.078125,0.781250
27411.843750,0.765625
27412.609375,0.765625
27413.375000,0.765625
27414.156250,0.781250
27414.953125,0.796875
27415.703125,0.750000
27424.968750,0.703125
27425.656250,0.687500
27426.343750,0.687500
27427.046875,0.703125
27427.781250,0.734375
27428.546875,0.765625
27429.343750,0.796875
27430.203125,0.859375
27431.031250,0.828125
27431.890625,0.859375
27432.734375,0.843750
27433.546875,0.812500
27434.359375,0.812500
27435.171875,0.812500
27435.953125,0.781250
27436.750000,0.796875
27437.531250,0.781250
27438.296875,0.765625
27439.093750,0.796875
27439.890625,0.796875
27440.671875,0.781250
27441.468750,0.796875
27442.328125,0.859375
27443.171875,0.843750
27443.984375,0.812500
27444.796875,0.812500
27445.593750,0.796875
27446.359375,0.765625
27447.156250,0.796875
27447.953125,0.796875
27448.718750,0.765625
27449.484375,0.765625
27450.265625,0.781250
27451.062500,0.796875
27451.859375,0.796875
27452.671875,0.812500
27453.500000,0.828125
27454.343750,0.843750
27455.203125,0.859375
27456.015625,0.812500
27456.812500,0.796875
27457.609375,0.796875
27458.406250,0.796875
27459.171875,0.765625
27459.968750,0.796875
27460.734375,0.765625
27461.484375,0.750000
27462.265625,0.781250
27463.093750,0.828125
27463.906250,0.812500
27464.703125,0.796875
27465.500000,0.796875
27466.296875,0.796875
27467.062500,0.765625
27467.812500,0.750000
27468.531250,0.718750
27469.265625,0.734375
27469.953125,0.687500
27470.656250,0.703125
27471.343750,0.687500
27472.062500,0.718750
27472.796875,0.734375
27473.515625,0.718750
27481.125000,0.750000
27481.875000,0.750000
27490.890625,0.718750
27491.578125,0.687500
27492.265625,0.687500
27492.921875,0.656250
27493.625000,0.703125
27547.015625,0.750000
27547.734375,0.718750
27548.484375,0.750000
27549.265625,0.781250
27555.734375,0.765625
27556.515625,0.781250
27557.375000,0.859375
27558.187500,0.812500
27558.968750,0.781250
27559.765625,0.796875
27560.531250,0.765625
27561.343750,0.812500
27562.140625,0.796875
27562.890625,0.750000
27563.656250,0.765625
27564.421875,0.765625
27565.171875,0.750000
27565.937500,0.765625
27566.718750,0.781250
27567.515625,0.796875
27568.281250,0.765625
27569.093750,0.812500
27569.921875,0.828125
27570.703125,0.781250
27571.484375,0.781250
27572.265625,0.781250
27573.062500,0.796875
27573.828125,0.765625
27574.593750,0.765625
27575.296875,0.703125
27576.015625,0.718750
27576.734375,0.718750
27577.484375,0.750000
27578.234375,0.750000
27578.984375,0.750000
27579.703125,0.718750
27591.500000,0.828125
27592.281250,0.781250
27593.078125,0.796875
27593.875000,0.796875
27594.640625,0.765625
27595.406250,0.765625
27596.218750,0.812500
27597.000000,0.781250
27597.781250,0.781250
27598.703125,0.921875
27599.593750,0.890625
27600.390625,0.796875
27601.187500,0.796875
27602.031250,0.843750
27612.906250,0.765625
27613.671875,0.765625
27614.453125,0.781250
27615.234375,0.781250
27616.015625,0.781250
27616.781250,0.765625
27617.625000,0.843750
27618.453125,0.828125
27619.265625,0.812500
27620.140625,0.875000
27621.015625,0.875000
27621.890625,0.875000
27622.796875,0.906250
27623.640625,0.843750
27624.453125,0.812500
27625.250000,0.796875
27626.031250,0.781250
27626.828125,0.796875
27627.625000,0.796875
27628.437500,0.812500
27629.234375,0.796875
27630.062500,0.828125
27630.906250,0.843750
27663.968750,0.828125
27664.796875,0.828125
27665.671875,0.875000
27666.500000,0.828125
27667.312500,0.812500
27668.156250,0.843750
27668.968750,0.812500
27669.765625,0.796875
27670.546875,0.781250
27671.328125,0.781250
27672.109375,0.781250
27672.921875,0.812500
27673.781250,0.859375
27674.593750,0.812500
27675.421875,0.828125
27676.265625,0.843750
27677.093750,0.828125
27677.906250,0.812500
27678.750000,0.843750
27679.562500,0.812500
27680.375000,0.812500
27681.203125,0.828125
27682.062500,0.859375
27698.328125,0.781250
27699.125000,0.796875
27699.953125,0.828125
27700.734375,0.781250
27701.546875,0.812500
27702.375000,0.828125
27703.156250,0.781250
27703.953125,0.796875
27704.765625,0.812500
27705.609375,0.843750
27706.421875,0.812500
27707.234375,0.812500
27708.046875,0.812500
27708.828125,0.781250
27709.609375,0.781250
27719.453125,0.781250
27720.250000,0.796875
27721.062500,0.812500
27721.859375,0.796875
27760.546875,0.812500
27761.375000,0.828125
27762.156250,0.781250
27762.968750,0.812500
27763.765625,0.796875
27764.562500,0.796875
27765.359375,0.796875
27766.171875,0.812500
27766.968750,0.796875
27767.765625,0.796875
27768.609375,0.843750
27769.359375,0.750000
27770.140625,0.781250
27770.906250,0.765625
27771.718750,0.812500
27772.546875,0.828125
27773.328125,0.781250
27774.093750,0.765625
27774.859375,0.765625
27775.656250,0.796875
27776.453125,0.796875
27777.234375,0.781250
27778.062500,0.828125
27778.937500,0.875000
27779.750000,0.812500
27780.546875,0.796875
27781.359375,0.812500
27787.515625,0.734375
27788.265625,0.750000
27789.015625,0.750000
27789.687500,0.671875
27790.406250,0.718750
27791.078125,0.671875
27791.796875,0.718750
27792.593750,0.796875
27793.421875,0.828125
27803.625000,0.765625
27804.343750,0.718750
27805.078125,0.734375
27805.828125,0.750000
27806.562500,0.734375
27807.265625,0.703125
27807.968750,0.703125
27808.671875,0.703125
27809.421875,0.750000
27810.125000,0.703125
27810.859375,0.734375
27811.625000,0.765625
27812.390625,0.765625
27813.156250,0.765625
27813.953125,0.796875
27814.765625,0.812500
27815.531250,0.765625
27816.296875,0.765625
27817.078125,0.781250
27817.843750,0.765625
27818.609375,0.765625
27819.390625,0.781250
27820.156250,0.765625
27820.906250,0.750000
27821.609375,0.703125
27822.328125,0.718750
27823.078125,0.750000
27823.843750,0.765625
27824.625000,0.781250
27825.421875,0.796875
27826.203125,0.781250
27826.984375,0.781250
27827.781250,0.796875
27828.546875,0.765625
27829.359375,0.812500
27830.187500,0.828125
27831.015625,0.828125
27831.796875,0.781250
27832.625000,0.828125
27833.437500,0.812500
27834.234375,0.796875
27835.078125,0.843750
27835.937500,0.859375
27836.781250,0.843750
27837.593750,0.812500
27838.437500,0.843750
27839.312500,0.875000
27840.125000,0.812500
27840.968750,0.843750
27841.796875,0.828125
27842.593750,0.796875
27843.390625,0.796875
27844.187500,0.796875
27845.031250,0.843750
27845.859375,0.828125
27846.656250,0.796875
27847.468750,0.812500
27848.296875,0.828125
27849.093750,0.796875
27849.937500,0.843750
27850.812500,0.875000
27851.640625,0.828125
27852.468750,0.828125
27853.296875,0.828125
27854.093750,0.796875
27854.859375,0.765625
27855.609375,0.750000
27856.359375,0.750000
27857.062500,0.703125
27857.750000,0.687500
27858.468750,0.718750
27859.218750,0.750000
27860.000000,0.781250
27860.765625,0.765625
27861.546875,0.781250
27862.281250,0.734375
27863.046875,0.765625
27863.796875,0.750000
27864.562500,0.765625
27865.312500,0.750000
27878.140625,0.812500
27878.953125,0.812500
27879.812500,0.859375
27880.656250,0.843750
27881.453125,0.796875
27882.234375,0.781250
27882.984375,0.750000
27883.718750,0.734375
27884.406250,0.687500
27885.093750,0.687500
27885.750000,0.656250
27886.406250,0.656250
27887.093750,0.687500
27887.859375,0.765625
27888.687500,0.828125
27889.515625,0.828125
27890.390625,0.875000
27891.265625,0.875000
27892.078125,0.812500
27892.890625,0.812500
27893.765625,0.875000
27894.640625,0.875000
27895.468750,0.828125
27896.265625,0.796875
27897.000000,0.734375
27897.703125,0.703125
27898.421875,0.718750
27899.140625,0.718750
27899.859375,0.718750
27900.609375,0.750000
27901.343750,0.734375
27902.078125,0.734375
27902.828125,0.750000
27903.562500,0.734375
27904.281250,0.718750
27905.000000,0.718750
27905.781250,0.781250
27906.625000,0.843750
27907.453125,0.828125
27908.234375,0.781250
27909.031250,0.796875
27909.828125,0.796875
27910.640625,0.812500
27911.437500,0.796875
27912.281250,0.843750
27913.125000,0.843750
27913.953125,0.828125
27914.812500,0.859375
27915.640625,0.828125
27916.468750,0.828125
27917.296875,0.828125
27918.140625,0.843750
27918.953125,0.812500
27919.781250,0.828125
27920.625000,0.843750
27921.437500,0.812500
27922.281250,0.843750
27923.125000,0.843750
27923.953125,0.828125
27924.781250,0.828125
27925.640625,0.859375
27926.453125,0.812500
27927.265625,0.812500
27928.078125,0.812500
27928.906250,0.828125
27929.703125,0.796875
27930.500000,0.796875
27931.312500,0.812500
27932.109375,0.796875
27932.890625,0.781250
27933.703125,0.812500
27934.484375,0.781250
27935.250000,0.765625
27935.968750,0.718750
27936.703125,0.734375
27937.421875,0.718750
27938.140625,0.718750
27938.859375,0.718750
27939.578125,0.718750
27940.312500,0.734375
27941.031250,0.718750
27941.750000,0.718750
27942.484375,0.734375
27943.218750,0.734375
27943.968750,0.750000
27944.718750,0.750000
27945.484375,0.765625
27946.234375,0.750000
27946.968750,0.734375
27947.671875,0.703125
27948.390625,0.718750
27949.140625,0.750000
27949.890625,0.750000
27950.640625,0.750000
27951.406250,0.765625
27952.234375,0.828125
27953.093750,0.859375
27953.968750,0.875000
27954.906250,0.937500
27955.859375,0.953125
27956.750000,0.890625
27957.656250,0.906250
27958.578125,0.921875
27959.468750,0.890625
27960.375000,0.906250
27961.296875,0.921875
27962.171875,0.875000
27963.046875,0.875000
27963.890625,0.843750
27964.718750,0.828125
27965.500000,0.781250
27966.328125,0.828125
27967.234375,0.906250
27968.093750,0.859375
27968.968750,0.875000
27969.875000,0.906250
27970.718750,0.843750
27971.562500,0.843750
27972.390625,0.828125
27973.203125,0.812500
27973.984375,0.781250
27974.812500,0.828125
27975.671875,0.859375
27976.468750,0.796875
27977.312500,0.843750
27978.140625,0.828125
27978.937500,0.796875
27979.765625,0.828125
27980.593750,0.828125
27981.421875,0.828125
27982.203125,0.781250
27982.937500,0.734375
27983.671875,0.734375
27984.406250,0.734375
27985.156250,0.750000
27985.937500,0.781250
27986.781250,0.843750
27987.578125,0.796875
27988.359375,0.781250
27989.171875,0.812500
27989.953125,0.781250
27990.734375,0.781250
27991.500000,0.765625
27992.281250,0.781250
27993.046875,0.765625
27993.812500,0.765625
27994.625000,0.812500
27995.437500,0.812500
27996.234375,0.796875
27997.062500,0.828125
27997.890625,0.828125
27998.718750,0.828125
27999.546875,0.828125
28000.375000,0.828125
28001.171875,0.796875
28001.968750,0.796875
28002.796875,0.828125
28003.625000,0.828125
28004.406250,0.781250
28005.203125,0.796875
28006.046875,0.843750
28006.843750,0.796875
28007.640625,0.796875
28008.453125,0.812500
28009.296875,0.843750
28010.109375,0.812500
28010.937500,0.828125
28011.796875,0.859375
28012.609375,0.812500
28013.406250,0.796875
28014.234375,0.828125
28015.078125,0.843750
28015.906250,0.828125
28016.687500,0.781250
28017.468750,0.781250
28018.218750,0.750000
28019.015625,0.796875
28019.796875,0.781250
28020.562500,0.765625
28021.343750,0.781250
28022.140625,0.796875
28022.921875,0.781250
28023.718750,0.796875
28024.562500,0.843750
28025.421875,0.859375
28026.234375,0.812500
28027.062500,0.828125
28027.875000,0.812500
28028.671875,0.796875
28029.468750,0.796875
28030.281250,0.812500
28031.125000,0.843750
28031.921875,0.796875
28032.734375,0.812500
28033.593750,0.859375
28034.437500,0.843750
28035.296875,0.859375
28036.156250,0.859375
28037.015625,0.859375
28037.828125,0.812500
28038.703125,0.875000
28039.578125,0.875000
28040.453125,0.875000
28041.343750,0.890625
28042.265625,0.921875
28043.125000,0.859375
28044.015625,0.890625
28044.906250,0.890625
28045.781250,0.875000
28046.640625,0.859375
28047.515625,0.875000
28048.375000,0.859375
28049.187500,0.812500
28050.015625,0.828125
28050.875000,0.859375
28051.703125,0.828125
28052.546875,0.843750
28053.437500,0.890625
28054.312500,0.875000
28055.156250,0.843750
28056.015625,0.859375
28056.843750,0.828125
28057.687500,0.843750
28058.515625,0.828125
28059.375000,0.859375
28060.203125,0.828125
28061.031250,0.828125
28061.890625,0.859375
28062.718750,0.828125
28063.546875,0.828125
28064.390625,0.843750
28065.218750,0.828125
28066.015625,0.796875
28066.812500,0.796875
28067.640625,0.828125
28068.453125,0.812500
28069.250000,0.796875
28070.062500,0.812500
28070.875000,0.812500
28071.656250,0.781250
28072.437500,0.781250
28073.250000,0.812500
28074.046875,0.796875
28074.812500,0.765625
28075.578125,0.765625
28076.343750,0.765625
28077.109375,0.765625
28077.875000,0.765625
28078.656250,0.781250
28079.437500,0.781250
28080.203125,0.765625
28081.000000,0.796875
28081.812500,0.812500
28082.609375,0.796875
28083.406250,0.796875
28084.250000,0.843750
28085.078125,0.828125
28085.875000,0.796875
28086.703125,0.828125
28087.531250,0.828125
28088.343750,0.812500
28089.203125,0.859375
28090.046875,0.843750
28090.859375,0.812500
28091.687500,0.828125
28092.531250,0.843750
28093.328125,0.796875
28094.140625,0.812500
28094.984375,0.843750
28095.796875,0.812500
28096.625000,0.828125
28097.468750,0.843750
28098.281250,0.812500
28099.093750,0.812500
28099.921875,0.828125
28100.734375,0.812500
28101.515625,0.781250
28102.296875,0.781250
28103.093750,0.796875
28103.875000,0.781250
28104.640625,0.765625
28105.437500,0.796875
28106.203125,0.765625
28106.953125,0.750000
28107.687500,0.734375
28108.453125,0.765625
28109.203125,0.750000
28109.953125,0.750000
28110.703125,0.750000
28111.468750,0.765625
28112.234375,0.765625
28113.015625,0.781250
28113.828125,0.812500
28114.609375,0.781250
28115.390625,0.781250
28116.171875,0.781250
28116.953125,0.781250
28125.593750,0.750000
28126.375000,0.781250
28127.171875,0.796875
28127.953125,0.781250
28128.765625,0.812500
28129.578125,0.812500
28130.375000,0.796875
28131.156250,0.781250
28131.937500,0.781250
28132.718750,0.781250
28133.500000,0.781250
28134.296875,0.796875
28135.140625,0.843750
28135.968750,0.828125
28136.781250,0.812500
28137.609375,0.828125
28138.437500,0.828125
28139.234375,0.796875
28140.062500,0.828125
28140.953125,0.890625
28141.843750,0.890625
28142.687500,0.843750
28143.468750,0.781250
28144.265625,0.796875
28145.109375,0.843750
28146.000000,0.890625
28146.875000,0.875000
28147.671875,0.796875
28148.468750,0.796875
28149.296875,0.828125
28150.125000,0.828125
28150.968750,0.843750
28151.765625,0.796875
28152.546875,0.781250
28153.312500,0.765625
28154.093750,0.781250
28154.859375,0.765625
28155.656250,0.796875
28156.453125,0.796875
28157.250000,0.796875
28158.046875,0.796875
28158.875000,0.828125
28159.703125,0.828125
28160.531250,0.828125
28161.328125,0.796875
28162.093750,0.765625
28162.859375,0.765625
28163.609375,0.750000
28164.375000,0.765625
28165.109375,0.734375
28165.843750,0.734375
28166.593750,0.750000
28167.375000,0.781250
28168.140625,0.765625
28168.906250,0.765625
28169.656250,0.750000
28170.390625,0.734375
28171.125000,0.734375
28171.875000,0.750000
28172.687500,0.812500
28173.484375,0.796875
28174.312500,0.828125
28175.156250,0.843750
28176.015625,0.859375
28176.812500,0.796875
28177.625000,0.812500
28178.437500,0.812500
28179.250000,0.812500
28180.031250,0.781250
28180.828125,0.796875
28181.625000,0.796875
28182.468750,0.843750
28183.234375,0.765625
28184.031250,0.796875
28184.843750,0.812500
28185.656250,0.812500
28186.437500,0.781250
28187.250000,0.812500
28195.703125,1.031250
28196.671875,0.968750
28197.562500,0.890625
28198.437500,0.875000
28199.296875,0.859375
28200.140625,0.843750
28200.984375,0.843750
28201.843750,0.859375
28202.734375,0.890625
28203.593750,0.859375
28204.406250,0.812500
28205.187500,0.781250
28205.968750,0.781250
28206.812500,0.843750
28207.671875,0.859375
28208.484375,0.812500
28209.296875,0.812500
28210.093750,0.796875
28210.843750,0.750000
28211.593750,0.750000
28212.343750,0.750000
28213.078125,0.734375
28213.812500,0.734375
28214.531250,0.718750
28215.265625,0.734375
28216.031250,0.765625
28216.796875,0.765625
28217.578125,0.781250
28218.390625,0.812500
28219.203125,0.812500
28219.984375,0.781250
28220.765625,0.781250
28221.562500,0.796875
28222.375000,0.812500
28223.140625,0.765625
28223.906250,0.765625
28224.703125,0.796875
28225.484375,0.781250
28226.281250,0.796875
28227.093750,0.812500
28227.937500,0.843750
28228.734375,0.796875
28229.562500,0.828125
28230.390625,0.828125
28231.265625,0.875000
28232.078125,0.812500
28232.875000,0.796875
28233.671875,0.796875
28234.453125,0.781250
28235.203125,0.750000
28235.984375,0.781250
28236.765625,0.781250
28237.578125,0.812500
28238.359375,0.781250
28239.156250,0.796875
28239.953125,0.796875
28240.734375,0.781250
28241.500000,0.765625
28242.296875,0.796875
28243.078125,0.781250
28243.843750,0.765625
28244.625000,0.781250
28245.437500,0.812500
28246.250000,0.812500
28247.078125,0.828125
28247.953125,0.875000
28248.843750,0.890625
28249.671875,0.828125
28250.484375,0.812500
28251.296875,0.812500
28252.062500,0.765625
28252.812500,0.750000
28253.593750,0.781250
28254.406250,0.812500
28255.203125,0.796875
28256.046875,0.843750
28256.890625,0.843750
28257.703125,0.812500
28258.515625,0.812500
28259.343750,0.828125
28260.171875,0.828125
28260.968750,0.796875
28261.796875,0.828125
28262.625000,0.828125
28263.421875,0.796875
28264.234375,0.812500
28265.078125,0.843750
28265.875000,0.796875
28266.656250,0.781250
28267.437500,0.781250
28268.218750,0.781250
28268.953125,0.734375
28269.718750,0.765625
28270.468750,0.750000
28271.234375,0.765625
28271.968750,0.734375
28272.687500,0.718750
28273.421875,0.734375
28274.171875,0.750000
28274.937500,0.765625
28275.671875,0.734375
28276.421875,0.750000
28277.171875,0.750000
28277.906250,0.734375
28278.609375,0.703125
28279.312500,0.703125
28280.015625,0.703125
28280.703125,0.687500
28281.437500,0.734375
28282.187500,0.750000
28282.953125,0.765625
28283.718750,0.765625
28284.484375,0.765625
28285.234375,0.750000
28285.968750,0.734375
28286.703125,0.734375
28287.453125,0.750000
28288.218750,0.765625
28288.953125,0.734375
28289.734375,0.781250
28290.546875,0.812500
28291.343750,0.796875
28292.093750,0.750000
28292.875000,0.781250
28293.656250,0.781250
28294.421875,0.765625
28295.203125,0.781250
28295.984375,0.781250
28296.765625,0.781250
28297.546875,0.781250
28298.328125,0.781250
28299.156250,0.828125
28299.968750,0.812500
28300.781250,0.812500
28301.593750,0.812500
28302.437500,0.843750
28303.250000,0.812500
28304.062500,0.812500
28304.875000,0.812500
28305.671875,0.796875
28306.468750,0.796875
28307.265625,0.796875
28308.078125,0.812500
28308.890625,0.812500
28309.687500,0.796875
28310.484375,0.796875
28311.281250,0.796875
28312.046875,0.765625
28312.828125,0.781250
28313.609375,0.781250
28314.359375,0.750000
28315.125000,0.765625
28315.921875,0.796875
28316.671875,0.750000
28317.437500,0.765625
28318.171875,0.734375
28318.890625,0.718750
28319.609375,0.718750
28320.328125,0.718750
28321.046875,0.718750
28321.765625,0.718750
28322.468750,0.703125
28323.156250,0.687500
28323.828125,0.671875
28324.500000,0.671875
28325.234375,0.734375
28326.000000,0.765625
28326.765625,0.765625
28327.484375,0.718750
28328.218750,0.734375
28328.937500,0.718750
28329.656250,0.718750
28330.375000,0.718750
28331.140625,0.765625
28331.921875,0.781250
28332.765625,0.843750
28333.562500,0.796875
28334.359375,0.796875
28335.171875,0.812500
28335.984375,0.812500
28336.765625,0.781250
28337.562500,0.796875
28338.390625,0.828125
28349.250000,0.718750
28350.000000,0.750000
28350.796875,0.796875
28351.515625,0.718750
28352.250000,0.734375
28352.984375,0.734375
28353.734375,0.750000
28354.468750,0.734375
28355.250000,0.781250
28356.062500,0.812500
28356.843750,0.781250
28357.578125,0.734375
28358.281250,0.703125
28358.984375,0.703125
28359.703125,0.718750
28360.406250,0.703125
28361.109375,0.703125
28361.796875,0.687500
28362.500000,0.703125
28363.218750,0.718750
28363.968750,0.750000
28364.734375,0.765625
28365.500000,0.765625
28366.234375,0.734375
28366.953125,0.718750
28367.656250,0.703125
28368.359375,0.703125
28369.109375,0.750000
28373.781250,0.843750
28374.609375,0.828125
28375.359375,0.750000
28376.109375,0.750000
28376.828125,0.718750
28377.578125,0.750000
28378.328125,0.750000
28379.093750,0.765625
28379.890625,0.796875
28380.718750,0.828125
28381.500000,0.781250
28382.296875,0.796875
28383.093750,0.796875
28383.890625,0.796875
28384.687500,0.796875
28385.468750,0.781250
28386.234375,0.765625
28386.984375,0.750000
28387.750000,0.765625
28388.515625,0.765625
28389.375000,0.859375
28390.187500,0.812500
28391.062500,0.875000
28391.984375,0.921875
28392.953125,0.968750
28393.796875,0.843750
28394.625000,0.828125
28395.453125,0.828125
28396.265625,0.812500
28397.031250,0.765625
28397.843750,0.812500
28398.671875,0.828125
28399.484375,0.812500
28400.281250,0.796875
28401.093750,0.812500
28401.906250,0.812500
28402.703125,0.796875
28403.515625,0.812500
28404.328125,0.812500
28405.125000,0.796875
28405.953125,0.828125
28414.015625,0.703125
28414.750000,0.734375
28415.468750,0.718750
28416.203125,0.734375
28417.015625,0.812500
28417.875000,0.859375
28431.328125,0.750000
28432.093750,0.765625
28432.875000,0.781250
28433.734375,0.859375
28434.562500,0.828125
28435.406250,0.843750
28444.031250,0.718750
28444.750000,0.718750
28445.484375,0.734375
28446.218750,0.734375
28446.953125,0.734375
28447.656250,0.703125
28448.375000,0.718750
28449.093750,0.718750
28449.828125,0.734375
28450.562500,0.734375
28451.296875,0.734375
28452.000000,0.703125
28452.703125,0.703125
28453.390625,0.687500
28454.062500,0.671875
28460.109375,0.718750
28460.890625,0.781250
28461.656250,0.765625
28462.390625,0.734375
28463.156250,0.765625
28463.906250,0.750000
28464.640625,0.734375
28465.390625,0.750000
28466.140625,0.750000
28476.687500,0.906250
28477.593750,0.906250
28478.453125,0.859375
28479.312500,0.859375
28480.171875,0.859375
28481.062500,0.890625
28481.953125,0.890625
28482.843750,0.890625
28483.734375,0.890625
28484.609375,0.875000
28485.484375,0.875000
28486.281250,0.796875
28487.031250,0.750000
28487.781250,0.750000
28488.500000,0.718750
28489.218750,0.718750
28489.906250,0.687500
28490.609375,0.703125
28491.359375,0.750000
28492.109375,0.750000
28492.906250,0.796875
28493.765625,0.859375
28494.718750,0.953125
28495.593750,0.875000
28496.390625,0.796875
28497.203125,0.812500
28498.015625,0.812500
28498.812500,0.796875
28499.578125,0.765625
28500.328125,0.750000
28501.062500,0.734375
28501.765625,0.703125
28502.453125,0.687500
28503.125000,0.671875
28503.812500,0.687500
28504.531250,0.718750
28505.421875,0.890625
28509.875000,0.859375
28510.671875,0.796875
28511.421875,0.750000
28512.140625,0.718750
28512.843750,0.703125
28513.531250,0.687500
28514.234375,0.703125
28514.984375,0.750000
28515.750000,0.765625
28516.531250,0.781250
28517.312500,0.781250
28518.062500,0.750000
28518.796875,0.734375
28519.546875,0.750000
28520.312500,0.765625
28521.078125,0.765625
28521.828125,0.750000
28522.578125,0.750000
28523.312500,0.734375
28524.000000,0.687500
28524.671875,0.671875
28525.343750,0.671875
28526.000000,0.656250
28526.656250,0.656250
28527.328125,0.671875
28527.968750,0.640625
28528.609375,0.640625
28529.250000,0.640625
28529.906250,0.656250
28530.593750,0.687500
28531.312500,0.718750
28532.031250,0.718750
28532.734375,0.703125
28533.406250,0.671875
28534.093750,0.687500
28534.765625,0.671875
28535.421875,0.656250
28536.093750,0.671875
28536.781250,0.687500
28537.484375,0.703125
28538.171875,0.687500
28538.843750,0.671875
28539.515625,0.671875
28540.187500,0.671875
28540.890625,0.703125
28541.593750,0.703125
28542.265625,0.671875
28542.937500,0.671875
28543.609375,0.671875
28544.281250,0.671875
28544.984375,0.703125
28545.687500,0.703125
28546.390625,0.703125
28547.062500,0.671875
28547.734375,0.671875
28548.406250,0.671875
28549.093750,0.687500
28549.796875,0.703125
28550.531250,0.734375
28551.281250,0.750000
28552.000000,0.718750
28552.687500,0.687500
28553.375000,0.687500
28554.046875,0.671875
28554.734375,0.687500
28555.437500,0.703125
28556.171875,0.734375
28556.921875,0.750000
28557.703125,0.781250
28558.453125,0.750000
28559.203125,0.750000
28559.953125,0.750000
28560.718750,0.765625
28561.468750,0.750000
28562.234375,0.765625
28562.984375,0.750000
28563.750000,0.765625
28564.500000,0.750000
28565.234375,0.734375
28565.953125,0.718750
28566.671875,0.718750
28567.375000,0.703125
28568.109375,0.734375
28568.859375,0.750000
28569.578125,0.718750
28570.296875,0.718750
28571.031250,0.734375
28571.781250,0.750000
28572.531250,0.750000
28573.296875,0.765625
28574.093750,0.796875
28574.890625,0.796875
28575.687500,0.796875
28576.515625,0.828125
28577.406250,0.890625
28578.234375,0.828125
28579.062500,0.828125
28579.953125,0.890625
28580.843750,0.890625
28581.718750,0.875000
28582.640625,0.921875
28583.531250,0.890625
28584.406250,0.875000
28585.281250,0.875000
28586.218750,0.937500
28587.078125,0.859375
28587.968750,0.890625
28588.875000,0.906250
28589.781250,0.906250
28590.625000,0.843750
28591.500000,0.875000
28592.375000,0.875000
28593.203125,0.828125
28594.062500,0.859375
28594.906250,0.843750
28595.734375,0.828125
28596.593750,0.859375
28597.515625,0.921875
28598.421875,0.906250
28599.296875,0.875000
28600.250000,0.953125
28601.203125,0.953125
28602.078125,0.875000
28602.984375,0.906250
28603.906250,0.921875
28604.796875,0.890625
28605.656250,0.859375
28606.578125,0.921875
28607.453125,0.875000
28608.265625,0.812500
28623.640625,0.703125
28624.359375,0.718750
28625.125000,0.765625
28625.875000,0.750000
28626.609375,0.734375
28627.390625,0.781250
28655.375000,0.625000
28669.031250,0.734375
28677.890625,0.750000
28691.109375,0.796875
28691.843750,0.734375
28692.593750,0.750000
28698.468750,0.687500
28699.171875,0.703125
28699.937500,0.765625
28709.828125,0.718750
28710.562500,0.734375
28711.328125,0.765625
28712.125000,0.796875
28712.890625,0.765625
28713.640625,0.750000
28714.406250,0.765625
28715.140625,0.734375
28715.859375,0.718750
28716.562500,0.703125
28717.234375,0.671875
28717.906250,0.671875
28718.593750,0.687500
28719.328125,0.734375
28720.093750,0.765625
28720.906250,0.812500
28721.640625,0.734375
28722.390625,0.750000
28723.218750,0.828125
28724.125000,0.906250
28725.078125,0.953125
28726.062500,0.984375
28727.000000,0.937500
28727.859375,0.859375
28728.718750,0.859375
28729.562500,0.843750
28730.359375,0.796875
28731.109375,0.750000
28731.890625,0.781250
28732.703125,0.812500
28733.562500,0.859375
28734.390625,0.828125
28735.171875,0.781250
28735.984375,0.812500
28736.906250,0.921875
28737.812500,0.906250
28738.656250,0.843750
28739.468750,0.812500
28740.312500,0.843750
28741.187500,0.875000
28742.000000,0.812500
28742.781250,0.781250
28743.593750,0.812500
28744.406250,0.812500
28745.203125,0.796875
28746.015625,0.812500
28746.859375,0.843750
28747.703125,0.843750
28748.531250,0.828125
28749.328125,0.796875
28750.078125,0.750000
28750.796875,0.718750
28751.531250,0.734375
28752.281250,0.750000
28753.062500,0.781250
28753.843750,0.781250
28754.593750,0.750000
28755.343750,0.750000
28756.109375,0.765625
28756.937500,0.828125
28757.750000,0.812500
28758.515625,0.765625
28759.281250,0.765625
28760.046875,0.765625
28760.843750,0.796875
28761.625000,0.781250
28762.390625,0.765625
28763.187500,0.796875
28764.000000,0.812500
28764.859375,0.859375
28765.687500,0.828125
28766.531250,0.843750
28767.359375,0.828125
28768.187500,0.828125
28768.984375,0.796875
28769.796875,0.812500
28770.671875,0.875000
28771.546875,0.875000
28772.343750,0.796875
28773.125000,0.781250
28773.921875,0.796875
28774.718750,0.796875
28775.515625,0.796875
28776.343750,0.828125
28777.203125,0.859375
28778.109375,0.906250
28778.953125,0.843750
28779.765625,0.812500
28780.578125,0.812500
28781.406250,0.828125
28782.203125,0.796875
28783.015625,0.812500
28783.828125,0.812500
28784.640625,0.812500
28785.484375,0.843750
28786.312500,0.828125
28787.078125,0.765625
28787.843750,0.765625
28788.593750,0.750000
28789.375000,0.781250
28790.156250,0.781250
28790.953125,0.796875
28791.765625,0.812500
28792.609375,0.843750
28793.406250,0.796875
28794.171875,0.765625
28794.968750,0.796875
28795.750000,0.781250
28796.562500,0.812500
28797.406250,0.843750
28798.281250,0.875000
28799.125000,0.843750
28799.953125,0.828125
28800.812500,0.859375
28801.640625,0.828125
28802.437500,0.796875
28803.265625,0.828125
28804.109375,0.843750
28804.906250,0.796875
28805.718750,0.812500
28806.515625,0.796875
28807.312500,0.796875
28808.062500,0.750000
28808.812500,0.750000
28809.593750,0.781250
28810.421875,0.828125
28811.250000,0.828125
28812.078125,0.828125
28812.921875,0.843750
28813.765625,0.843750
28814.578125,0.812500
28815.390625,0.812500
28816.203125,0.812500
28816.984375,0.781250
28817.781250,0.796875
28818.625000,0.843750
28819.484375,0.859375
28820.328125,0.843750
28821.171875,0.843750
28821.968750,0.796875
28822.734375,0.765625
28823.531250,0.796875
28824.375000,0.843750
28825.218750,0.843750
28826.109375,0.890625
28827.000000,0.890625
28827.859375,0.859375
28828.687500,0.828125
28829.531250,0.843750
28830.406250,0.875000
28831.234375,0.828125
28832.078125,0.843750
28832.937500,0.859375
28833.765625,0.828125
28834.546875,0.781250
28835.375000,0.828125
28836.187500,0.812500
28836.984375,0.796875
28837.765625,0.781250
28838.562500,0.796875
28839.406250,0.843750
28840.265625,0.859375
28841.109375,0.843750
28841.921875,0.812500
28842.734375,0.812500
28843.562500,0.828125
28844.343750,0.781250
28845.140625,0.796875
28845.921875,0.781250
28846.718750,0.796875
28847.500000,0.781250
28848.296875,0.796875
28849.125000,0.828125
28849.921875,0.796875
28850.687500,0.765625
28851.437500,0.750000
28852.203125,0.765625
28852.953125,0.750000
28853.718750,0.765625
28854.500000,0.781250
28855.312500,0.812500
28856.093750,0.781250
28856.890625,0.796875
28857.687500,0.796875
28858.468750,0.781250
28859.234375,0.765625
28860.015625,0.781250
28860.796875,0.781250
28861.531250,0.734375
28862.265625,0.734375
28863.015625,0.750000
28863.796875,0.781250
28864.562500,0.765625
28865.343750,0.781250
28866.156250,0.812500
28867.015625,0.859375
28867.906250,0.890625
28868.718750,0.812500
28869.515625,0.796875
28870.328125,0.812500
28871.156250,0.828125
28871.953125,0.796875
28872.687500,0.734375
28873.437500,0.750000
28874.203125,0.765625
28875.062500,0.859375
28875.906250,0.843750
28876.703125,0.796875
28877.500000,0.796875
28878.296875,0.796875
28879.093750,0.796875
28879.859375,0.765625
28880.640625,0.781250
28881.453125,0.812500
28882.312500,0.859375
28883.140625,0.828125
28883.921875,0.781250
28884.671875,0.750000
28885.390625,0.718750
28886.109375,0.718750
28886.906250,0.796875
28887.843750,0.937500
28888.796875,0.953125
28889.750000,0.953125
28890.703125,0.953125
28891.640625,0.937500
28892.546875,0.906250
28893.390625,0.843750
28894.218750,0.828125
28894.984375,0.765625
28895.703125,0.718750
28896.437500,0.734375
28897.234375,0.796875
28898.125000,0.890625
28899.031250,0.906250
28899.921875,0.890625
28900.781250,0.859375
28901.562500,0.781250
28902.312500,0.750000
28903.046875,0.734375
28903.781250,0.734375
28904.531250,0.750000
28905.265625,0.734375
28906.015625,0.750000
28906.781250,0.765625
28907.609375,0.828125
28908.437500,0.828125
28909.234375,0.796875
28910.000000,0.765625
28910.765625,0.765625
28911.515625,0.750000
28912.234375,0.718750
28912.953125,0.718750
28913.640625,0.687500
28914.312500,0.671875
28915.000000,0.687500
28915.718750,0.718750
28916.468750,0.750000
28917.218750,0.750000
28924.062500,0.796875
28924.875000,0.812500
28925.656250,0.781250
28926.468750,0.812500
28927.265625,0.796875
28928.062500,0.796875
28928.828125,0.765625
28929.562500,0.734375
28930.328125,0.765625
28931.109375,0.781250
28931.890625,0.781250
28932.656250,0.765625
28933.390625,0.734375
28934.125000,0.734375
28934.890625,0.765625
28935.656250,0.765625
28936.437500,0.781250
28937.218750,0.781250
28937.968750,0.750000
28938.718750,0.750000
28939.484375,0.765625
28940.250000,0.765625
28941.000000,0.750000
28941.750000,0.750000
28951.015625,0.765625
28951.796875,0.781250
28952.578125,0.781250
28953.343750,0.765625
28954.109375,0.765625
28954.859375,0.750000
28955.593750,0.734375
28956.296875,0.703125
28956.968750,0.671875
28957.640625,0.671875
28958.312500,0.671875
28958.968750,0.656250
28959.625000,0.656250
28960.296875,0.671875
28960.984375,0.687500
28961.671875,0.687500
28962.390625,0.718750
28963.140625,0.750000
28963.859375,0.718750
28964.593750,0.734375
28965.312500,0.718750
28966.000000,0.687500
28966.671875,0.671875
28967.343750,0.671875
28968.000000,0.656250
28968.656250,0.656250
28969.312500,0.656250
28969.984375,0.671875
28970.640625,0.656250
28971.312500,0.671875
28971.984375,0.671875
28972.671875,0.687500
28973.343750,0.671875
28974.015625,0.671875
28974.703125,0.687500
28975.390625,0.687500
28976.078125,0.687500
28976.765625,0.687500
28982.984375,0.671875
28983.671875,0.687500
28984.390625,0.718750
28985.078125,0.687500
28985.765625,0.687500
28986.453125,0.687500
28987.109375,0.656250
28987.765625,0.656250
28988.421875,0.656250
28989.125000,0.703125
28989.843750,0.718750
28990.562500,0.718750
28991.265625,0.703125
28991.968750,0.703125
28992.640625,0.671875
28993.328125,0.687500
28994.015625,0.687500
28994.765625,0.750000
28995.546875,0.781250
28996.312500,0.765625
28997.062500,0.750000
28997.781250,0.718750
28998.500000,0.718750
28999.187500,0.687500
28999.875000,0.687500
29000.609375,0.734375
29001.312500,0.703125
29002.015625,0.703125
29002.718750,0.703125
29003.406250,0.687500
29004.093750,0.687500
29004.796875,0.703125
29005.484375,0.687500
29006.171875,0.687500
29006.828125,0.656250
29007.500000,0.671875
29008.187500,0.687500
29008.921875,0.734375
29009.609375,0.687500
29010.312500,0.703125
29010.984375,0.671875
29011.687500,0.703125
29012.421875,0.734375
29013.171875,0.750000
29013.921875,0.750000
29014.734375,0.812500
29015.546875,0.812500
29016.328125,0.781250
29017.109375,0.781250
29017.890625,0.781250
29018.640625,0.750000
29019.375000,0.734375
29020.109375,0.734375
29020.812500,0.703125
29021.500000,0.687500
29022.203125,0.703125
29022.875000,0.671875
29023.531250,0.656250
29024.187500,0.656250
29024.875000,0.687500
29025.578125,0.703125
29026.265625,0.687500
29026.937500,0.671875
29027.593750,0.656250
29028.250000,0.656250
29028.921875,0.671875
29029.640625,0.718750
29030.406250,0.765625
29031.171875,0.765625
29031.890625,0.718750
29032.593750,0.703125
29033.265625,0.671875
29033.921875,0.656250
29034.593750,0.671875
29035.296875,0.703125
29036.015625,0.718750
29036.750000,0.734375
29037.468750,0.718750
29038.187500,0.718750
29038.921875,0.734375
29039.671875,0.750000
29040.421875,0.750000
29041.171875,0.750000
29041.890625,0.718750
29042.609375,0.718750
29064.843750,0.671875
29065.515625,0.671875
29066.218750,0.703125
29066.984375,0.765625
29067.812500,0.828125
29068.656250,0.843750
29069.421875,0.765625
29070.187500,0.765625
29070.968750,0.781250
29071.765625,0.796875
29072.531250,0.765625
29085.296875,0.921875
29086.171875,0.875000
29086.984375,0.812500
29087.812500,0.828125
29088.640625,0.828125
29089.484375,0.843750
29090.328125,0.843750
29091.109375,0.781250
29091.890625,0.781250
29092.687500,0.796875
29093.515625,0.828125
29094.312500,0.796875
29095.140625,0.828125
29095.953125,0.812500
29104.062500,0.718750
29104.750000,0.687500
29105.468750,0.718750
29106.203125,0.734375
29106.968750,0.765625
29107.734375,0.765625
29108.531250,0.796875
29109.328125,0.796875
29110.125000,0.796875
29110.953125,0.828125
29111.750000,0.796875
29112.515625,0.765625
29113.296875,0.781250
29114.062500,0.765625
29114.796875,0.734375
29115.500000,0.703125
29116.234375,0.734375
29126.187500,0.750000
29126.984375,0.796875
29127.765625,0.781250
29128.562500,0.796875
29129.359375,0.796875
29130.140625,0.781250
29130.937500,0.796875
29131.734375,0.796875
29132.593750,0.859375
29133.406250,0.812500
29134.234375,0.828125
29135.093750,0.859375
29135.953125,0.859375
29136.781250,0.828125
29137.671875,0.890625
29138.562500,0.890625
29139.421875,0.859375
29140.281250,0.859375
29141.125000,0.843750
29141.937500,0.812500
29142.750000,0.812500
29143.578125,0.828125
29144.421875,0.843750
29145.281250,0.859375
29146.125000,0.843750
29146.937500,0.812500
29147.750000,0.812500
29148.562500,0.812500
29149.390625,0.828125
29150.203125,0.812500
29164.937500,0.828125
29165.796875,0.859375
29166.671875,0.875000
29167.546875,0.875000
29168.343750,0.796875
29169.156250,0.812500
29169.968750,0.812500
29170.750000,0.781250
29171.531250,0.781250
29172.312500,0.781250
29181.656250,0.812500
29182.468750,0.812500
29183.281250,0.812500
29184.109375,0.828125
29184.953125,0.843750
29185.750000,0.796875
29186.546875,0.796875
29187.328125,0.781250
29188.109375,0.781250
29188.875000,0.765625
29189.656250,0.781250
29190.468750,0.812500
29191.265625,0.796875
29192.078125,0.812500
29192.890625,0.812500
29193.718750,0.828125
29194.500000,0.781250
29195.296875,0.796875
29196.093750,0.796875
29196.859375,0.765625
29197.625000,0.765625
29198.421875,0.796875
29199.218750,0.796875
29199.984375,0.765625
29200.796875,0.812500
29201.625000,0.828125
29202.437500,0.812500
29203.234375,0.796875
29204.046875,0.812500
29204.812500,0.765625
29205.562500,0.750000
29206.343750,0.781250
29207.109375,0.765625
29207.875000,0.765625
29208.609375,0.734375
29209.375000,0.765625
29210.156250,0.781250
29210.953125,0.796875
29211.734375,0.781250
29212.531250,0.796875
29213.312500,0.781250
29214.078125,0.765625
29214.843750,0.765625
29215.625000,0.781250
29216.406250,0.781250
29217.171875,0.765625
29217.984375,0.812500
29218.781250,0.796875
29219.546875,0.765625
29220.328125,0.781250
29221.109375,0.781250
29227.890625,0.812500
29228.734375,0.843750
29229.531250,0.796875
29230.343750,0.812500
29240.000000,0.718750
29240.765625,0.765625
29241.562500,0.796875
29242.437500,0.875000
29243.265625,0.828125
29244.062500,0.796875
29244.875000,0.812500
29252.734375,0.812500
29253.578125,0.843750
29254.406250,0.828125
29255.234375,0.828125
29256.078125,0.843750
29256.890625,0.812500
29257.671875,0.781250
29258.468750,0.796875
29259.265625,0.796875
29269.656250,0.734375
29270.421875,0.765625
29271.187500,0.765625
29271.953125,0.765625
29282.343750,0.781250
29283.109375,0.765625
29283.859375,0.750000
29284.609375,0.750000
29285.375000,0.765625
29286.140625,0.765625
29286.906250,0.765625
29287.687500,0.781250
29288.468750,0.781250
29289.234375,0.765625
29290.031250,0.796875
29290.859375,0.828125
29291.656250,0.796875
29292.531250,0.875000
29293.421875,0.890625
29294.265625,0.843750
29295.062500,0.796875
29295.859375,0.796875
29296.671875,0.812500
29297.453125,0.781250
29298.234375,0.781250
29299.046875,0.812500
29299.890625,0.843750
29315.359375,0.781250
29316.140625,0.781250
29316.953125,0.812500
29328.359375,0.796875
29329.171875,0.812500
29329.937500,0.765625
29330.703125,0.765625
29331.468750,0.765625
29332.234375,0.765625
29333.015625,0.781250
29333.796875,0.781250
29334.625000,0.828125
29335.468750,0.843750
29336.250000,0.781250
29337.031250,0.781250
29337.796875,0.765625
29338.562500,0.765625
29339.312500,0.750000
29340.093750,0.781250
29350.593750,0.750000
29351.328125,0.734375
29352.078125,0.750000
29352.843750,0.765625
29353.609375,0.765625
29354.375000,0.765625
29355.187500,0.812500
29356.000000,0.812500
29356.796875,0.796875
29357.562500,0.765625
29358.359375,0.796875
29359.156250,0.796875
29359.953125,0.796875
29360.718750,0.765625
29361.500000,0.781250
29362.296875,0.796875
29363.062500,0.765625
29363.828125,0.765625
29364.609375,0.781250
29365.406250,0.796875
29366.187500,0.781250
29366.984375,0.796875
29367.796875,0.812500
29368.609375,0.812500
29369.406250,0.796875
29370.218750,0.812500
29371.046875,0.828125
29371.859375,0.812500
29372.687500,0.828125
29373.531250,0.843750
29374.343750,0.812500
29375.140625,0.796875
29375.921875,0.781250
29376.703125,0.781250
29377.468750,0.765625
29378.234375,0.765625
29379.046875,0.812500
29379.875000,0.828125
29380.687500,0.812500
29389.921875,0.765625
29390.734375,0.812500
29391.593750,0.859375
29392.421875,0.828125
29393.203125,0.781250
29393.984375,0.781250
29394.781250,0.796875
29395.546875,0.765625
29396.312500,0.765625
29397.093750,0.781250
29397.890625,0.796875
29398.671875,0.781250
29399.468750,0.796875
29400.281250,0.812500
29401.062500,0.781250
29401.859375,0.796875
29402.640625,0.781250
29403.421875,0.781250
29404.187500,0.765625
29404.953125,0.765625
29405.734375,0.781250
29406.515625,0.781250
29407.281250,0.765625
29408.078125,0.796875
29408.859375,0.781250
29409.656250,0.796875
29410.421875,0.765625
29411.203125,0.781250
29411.984375,0.781250
29412.750000,0.765625
29413.500000,0.750000
29414.250000,0.750000
29415.015625,0.765625
29415.765625,0.750000
29416.500000,0.734375
29417.265625,0.765625
29418.046875,0.781250
29418.859375,0.812500
29419.640625,0.781250
29420.406250,0.765625
29421.187500,0.781250
29421.968750,0.781250
29422.718750,0.750000
29423.437500,0.718750
29424.156250,0.718750
29424.875000,0.718750
29425.609375,0.734375
29426.312500,0.703125
29427.015625,0.703125
29427.750000,0.734375
29428.500000,0.750000
29429.218750,0.718750
29429.937500,0.718750
29430.656250,0.718750
29431.375000,0.718750
29432.093750,0.718750
29432.812500,0.718750
29433.515625,0.703125
29434.234375,0.718750
29434.937500,0.703125
29435.656250,0.718750
29436.390625,0.734375
29437.125000,0.734375
29437.843750,0.718750
29438.531250,0.687500
29439.187500,0.656250
29439.875000,0.687500
29440.578125,0.703125
29441.312500,0.734375
29442.031250,0.718750
29442.750000,0.718750
29443.437500,0.687500
29444.109375,0.671875
29444.796875,0.687500
29445.500000,0.703125
29446.203125,0.703125
29446.906250,0.703125
29447.625000,0.718750
29448.359375,0.734375
29449.093750,0.734375
29449.812500,0.718750
29450.546875,0.734375
29461.921875,0.671875
29470.265625,0.906250
29471.156250,0.890625
29472.015625,0.859375
29479.062500,0.640625
29479.750000,0.687500
29480.515625,0.765625
29481.281250,0.765625
29482.031250,0.750000
29482.765625,0.734375
29483.531250,0.765625
29484.281250,0.750000
29485.031250,0.750000
29485.765625,0.734375
29486.500000,0.734375
29487.203125,0.703125
29487.906250,0.703125
29488.625000,0.718750
29489.359375,0.734375
29490.078125,0.718750
29490.796875,0.718750
29491.515625,0.718750
29492.234375,0.718750
29492.968750,0.734375
29493.750000,0.781250
29494.484375,0.734375
29495.218750,0.734375
29495.937500,0.718750
29496.671875,0.734375
29497.453125,0.781250
29498.250000,0.796875
29499.000000,0.750000
29499.734375,0.734375
29500.437500,0.703125
29501.171875,0.734375
29501.906250,0.734375
29502.656250,0.750000
29503.421875,0.765625
29504.140625,0.718750
29504.875000,0.734375
29505.625000,0.750000
29506.375000,0.750000
29507.125000,0.750000
29507.859375,0.734375
29508.593750,0.734375
29509.343750,0.750000
29510.093750,0.750000
29510.828125,0.734375
29511.562500,0.734375
29512.328125,0.765625
29513.093750,0.765625
29513.843750,0.750000
29514.593750,0.750000
29515.343750,0.750000
29516.109375,0.765625
29516.859375,0.750000
29517.609375,0.750000
29518.343750,0.734375
29519.078125,0.734375
29519.812500,0.734375
29520.531250,0.718750
29521.265625,0.734375
29522.000000,0.734375
29522.750000,0.750000
29523.468750,0.718750
29524.187500,0.718750
29524.890625,0.703125
29525.593750,0.703125
29526.296875,0.703125
29526.984375,0.687500
29527.671875,0.687500
29528.390625,0.718750
29529.109375,0.718750
29529.843750,0.734375
29530.656250,0.812500
29531.406250,0.750000
29532.156250,0.750000
29532.921875,0.765625
29533.671875,0.750000
29534.421875,0.750000
29535.171875,0.750000
29535.984375,0.812500
29536.781250,0.796875
29537.609375,0.828125
29538.484375,0.875000
29539.359375,0.875000
29540.171875,0.812500
29540.937500,0.765625
29541.718750,0.781250
29542.515625,0.796875
29543.359375,0.843750
29544.140625,0.781250
29544.906250,0.765625
29545.671875,0.765625
29546.453125,0.781250
29547.281250,0.828125
29548.078125,0.796875
29548.890625,0.812500
29549.687500,0.796875
29550.500000,0.812500
29551.296875,0.796875
29552.046875,0.750000
29552.859375,0.812500
29553.687500,0.828125
29554.531250,0.843750
29555.359375,0.828125
29556.218750,0.859375
29557.078125,0.859375
29557.906250,0.828125
29558.765625,0.859375
29559.656250,0.890625
29560.500000,0.843750
29561.343750,0.843750
29562.187500,0.843750
29563.031250,0.843750
29563.859375,0.828125
29564.718750,0.859375
29565.593750,0.875000
29566.421875,0.828125
29567.203125,0.781250
29568.000000,0.796875
29568.796875,0.796875
29569.546875,0.750000
29570.250000,0.703125
29570.937500,0.687500
29571.609375,0.671875
29572.312500,0.703125
29573.078125,0.765625
29573.828125,0.750000
29574.562500,0.734375
29575.343750,0.781250
29576.140625,0.796875
29576.906250,0.765625
29577.656250,0.750000
29578.421875,0.765625
29579.218750,0.796875
29580.015625,0.796875
29580.750000,0.734375
29581.515625,0.765625
29582.296875,0.781250
29583.093750,0.796875
29583.890625,0.796875
29584.671875,0.781250
29585.453125,0.781250
29586.234375,0.781250
29586.984375,0.750000
29587.750000,0.765625
29588.531250,0.781250
29589.296875,0.765625
29590.031250,0.734375
29590.765625,0.734375
29591.515625,0.750000
29592.281250,0.765625
29593.046875,0.765625
29593.796875,0.750000
29594.562500,0.765625
29595.328125,0.765625
29596.093750,0.765625
29596.843750,0.750000
29604.890625,0.750000
29605.656250,0.765625
29606.453125,0.796875
29607.218750,0.765625
29608.000000,0.781250
29608.781250,0.781250
29609.593750,0.812500
29610.375000,0.781250
29611.171875,0.796875
29611.984375,0.812500
29612.750000,0.765625
29613.515625,0.765625
29614.265625,0.750000
29615.062500,0.796875
29615.828125,0.765625
29616.562500,0.734375
29617.312500,0.750000
29618.093750,0.781250
29618.906250,0.812500
29619.703125,0.796875
29620.468750,0.765625
29621.218750,0.750000
29621.953125,0.734375
29622.687500,0.734375
29623.421875,0.734375
29624.187500,0.765625
29624.984375,0.796875
29625.750000,0.765625
29626.500000,0.750000
29627.265625,0.765625
29628.015625,0.750000
29628.750000,0.734375
29629.500000,0.750000
29630.281250,0.781250
29631.093750,0.812500
29631.859375,0.765625
29632.625000,0.765625
29633.375000,0.750000
29634.109375,0.734375
29654.656250,0.765625
29655.453125,0.796875
29656.234375,0.781250
29657.015625,0.781250
29657.812500,0.796875
29658.609375,0.796875
29659.375000,0.765625
29660.156250,0.781250
29660.937500,0.781250
29661.703125,0.765625
29662.437500,0.734375
29663.171875,0.734375
29663.890625,0.718750
29664.593750,0.703125
29665.343750,0.750000
29666.093750,0.750000
29666.828125,0.734375
29667.562500,0.734375
29668.328125,0.765625
29669.093750,0.765625
29669.843750,0.750000
29670.562500,0.718750
29671.281250,0.718750
29672.031250,0.750000
29672.796875,0.765625
29673.625000,0.828125
29674.421875,0.796875
29675.234375,0.812500
29676.062500,0.828125
29676.875000,0.812500
29677.703125,0.828125
29678.531250,0.828125
29679.328125,0.796875
29680.125000,0.796875
29680.937500,0.812500
29681.718750,0.781250
29682.484375,0.765625
29683.265625,0.781250
29684.062500,0.796875
29684.859375,0.796875
29685.640625,0.781250
29686.437500,0.796875
29687.265625,0.828125
29688.046875,0.781250
29688.828125,0.781250
29689.640625,0.812500
29690.437500,0.796875
29691.203125,0.765625
29691.984375,0.781250
29692.765625,0.781250
29693.531250,0.765625
29694.281250,0.750000
29695.062500,0.781250
29695.859375,0.796875
29696.640625,0.781250
29697.390625,0.750000
29698.140625,0.750000
29698.937500,0.796875
29699.734375,0.796875
29700.515625,0.781250
29701.296875,0.781250
29702.078125,0.781250
29702.843750,0.765625
29703.609375,0.765625
29704.390625,0.781250
29705.187500,0.796875
29705.953125,0.765625
29706.718750,0.765625
29707.500000,0.781250
29708.265625,0.765625
29715.046875,0.781250
29715.843750,0.796875
29716.640625,0.796875
29717.406250,0.765625
29718.140625,0.734375
29718.890625,0.750000
29719.671875,0.781250
29720.437500,0.765625
29721.203125,0.765625
29721.984375,0.781250
29722.812500,0.828125
29723.625000,0.812500
29724.453125,0.828125
29725.312500,0.859375
29726.140625,0.828125
29726.937500,0.796875
29727.750000,0.812500
29728.562500,0.812500
29729.328125,0.765625
29730.109375,0.781250
29730.890625,0.781250
29731.687500,0.796875
29732.453125,0.765625
29733.265625,0.812500
29734.093750,0.828125
29734.890625,0.796875
29735.703125,0.812500
29736.500000,0.796875
29737.296875,0.796875
29738.046875,0.750000
29738.750000,0.703125
29739.453125,0.703125
29740.156250,0.703125
29740.828125,0.671875
29741.500000,0.671875
29742.218750,0.718750
29742.968750,0.750000
29743.703125,0.734375
29744.421875,0.718750
29745.156250,0.734375
29745.953125,0.796875
29746.734375,0.781250
29747.500000,0.765625
29748.265625,0.765625
29749.046875,0.781250
29749.828125,0.781250
29750.625000,0.796875
29751.453125,0.828125
29752.265625,0.812500
29753.046875,0.781250
29753.828125,0.781250
29754.593750,0.765625
29755.328125,0.734375
29756.093750,0.765625
29756.875000,0.781250
29757.640625,0.765625
29758.421875,0.781250
29759.234375,0.812500
29760.046875,0.812500
29760.843750,0.796875
29761.671875,0.828125
29762.484375,0.812500
29763.265625,0.781250
29764.046875,0.781250
29764.859375,0.812500
29765.640625,0.781250
29766.406250,0.765625
29767.171875,0.765625
29767.937500,0.765625
29768.703125,0.765625
29769.468750,0.765625
29770.250000,0.781250
29771.078125,0.828125
29771.875000,0.796875
29772.671875,0.796875
29773.468750,0.796875
29774.250000,0.781250
29775.000000,0.750000
29775.734375,0.734375
29776.468750,0.734375
29777.203125,0.734375
29777.921875,0.718750
29778.656250,0.734375
29779.406250,0.750000
29780.171875,0.765625
29780.921875,0.750000
29781.687500,0.765625
29782.453125,0.765625
29783.218750,0.765625
29783.968750,0.750000
29784.765625,0.796875
29785.546875,0.781250
29786.328125,0.781250
29787.078125,0.750000
29787.843750,0.765625
29788.609375,0.765625
29789.390625,0.781250
29790.156250,0.765625
29790.937500,0.781250
29791.734375,0.796875
29792.515625,0.781250
29793.296875,0.781250
29794.093750,0.796875
29794.906250,0.812500
29795.687500,0.781250
29796.437500,0.750000
29797.203125,0.765625
29797.984375,0.781250
29798.765625,0.781250
29799.546875,0.781250
29800.343750,0.796875
29801.125000,0.781250
29801.875000,0.750000
29802.625000,0.750000
29803.406250,0.781250
29804.171875,0.765625
29804.921875,0.750000
29805.687500,0.765625
29806.453125,0.765625
29807.234375,0.781250
29807.984375,0.750000
29808.765625,0.781250
29809.546875,0.781250
29810.312500,0.765625
29811.062500,0.750000
29811.812500,0.750000
29812.562500,0.750000
29813.312500,0.750000
29814.062500,0.750000
29814.812500,0.750000
29815.531250,0.718750
29816.265625,0.734375
29817.000000,0.734375
29817.765625,0.765625
29818.531250,0.765625
29819.296875,0.765625
29820.015625,0.718750
29820.750000,0.734375
29821.484375,0.734375
29822.234375,0.750000
29822.968750,0.734375
29823.671875,0.703125
29824.390625,0.718750
29825.140625,0.750000
29825.906250,0.765625
29826.671875,0.765625
29827.484375,0.812500
29828.296875,0.812500
29829.140625,0.843750
29829.921875,0.781250
29830.703125,0.781250
29831.468750,0.765625
29832.250000,0.781250
29833.046875,0.796875
29833.812500,0.765625
29834.578125,0.765625
29835.375000,0.796875
29836.187500,0.812500
29836.968750,0.781250
29837.765625,0.796875
29838.546875,0.781250
29839.328125,0.781250
29840.093750,0.765625
29840.843750,0.750000
29841.593750,0.750000
29842.312500,0.718750
29843.000000,0.687500
29843.687500,0.687500
29844.390625,0.703125
29845.093750,0.703125
29845.828125,0.734375
29846.578125,0.750000
29847.343750,0.765625
29848.093750,0.750000
29848.890625,0.796875
29849.687500,0.796875
29850.468750,0.781250
29851.250000,0.781250
29852.015625,0.765625
29852.781250,0.765625
29853.531250,0.750000
29854.312500,0.781250
29855.093750,0.781250
29855.859375,0.765625
29856.671875,0.812500
29857.484375,0.812500
29858.296875,0.812500
29859.125000,0.828125
29859.968750,0.843750
29860.765625,0.796875
29861.546875,0.781250
29862.281250,0.734375
29863.015625,0.734375
29863.734375,0.718750
29864.437500,0.703125
29865.171875,0.734375
29865.953125,0.781250
29866.734375,0.781250
29867.515625,0.781250
29868.281250,0.765625
29869.000000,0.718750
29869.703125,0.703125
29870.437500,0.734375
29871.203125,0.765625
29871.968750,0.765625
29872.734375,0.765625
29873.546875,0.812500
29874.328125,0.781250
29875.109375,0.781250
29875.875000,0.765625
29876.656250,0.781250
29877.437500,0.781250
29878.203125,0.765625
29878.937500,0.734375
29879.625000,0.687500
29880.312500,0.687500
29881.031250,0.718750
29881.750000,0.718750
29882.500000,0.750000
29883.218750,0.718750
29883.937500,0.718750
29884.671875,0.734375
29885.453125,0.781250
29886.265625,0.812500
29887.031250,0.765625
29887.781250,0.750000
29888.546875,0.765625
29889.343750,0.796875
29890.140625,0.796875
29890.953125,0.812500
29891.703125,0.750000
29892.421875,0.718750
29893.125000,0.703125
29893.828125,0.703125
29894.562500,0.734375
29895.406250,0.843750
29896.265625,0.859375
29897.062500,0.796875
29897.859375,0.796875
29898.671875,0.812500
29899.500000,0.828125
29900.328125,0.828125
29901.125000,0.796875
29901.890625,0.765625
29902.671875,0.781250
29903.468750,0.796875
29904.250000,0.781250
29905.031250,0.781250
29905.843750,0.812500
29906.640625,0.796875
29907.421875,0.781250
29908.171875,0.750000
29908.890625,0.718750
29909.609375,0.718750
29910.328125,0.718750
29911.046875,0.718750
29911.765625,0.718750
29912.484375,0.718750
29913.171875,0.687500
29913.875000,0.703125
29914.593750,0.718750
29915.359375,0.765625
29916.140625,0.781250
29916.875000,0.734375
29917.609375,0.734375
29918.359375,0.750000
29919.125000,0.765625
29919.875000,0.750000
29920.609375,0.734375
29945.000000,0.765625
29945.781250,0.781250
29946.578125,0.796875
29947.359375,0.781250
29948.171875,0.812500
29948.968750,0.796875
29949.750000,0.781250
29950.531250,0.781250
29951.328125,0.796875
29952.093750,0.765625
29952.812500,0.718750
29953.531250,0.718750
29954.250000,0.718750
29954.968750,0.718750
29955.703125,0.734375
29956.421875,0.718750
29957.140625,0.718750
29957.859375,0.718750
29958.609375,0.750000
29959.390625,0.781250
29960.140625,0.750000
29960.921875,0.781250
29961.734375,0.812500
29962.515625,0.781250
29963.281250,0.765625
29964.046875,0.765625
29964.828125,0.781250
29965.578125,0.750000
29966.359375,0.781250
29967.140625,0.781250
29967.906250,0.765625
29968.703125,0.796875
29969.531250,0.828125
29970.343750,0.812500
29971.109375,0.765625
29971.875000,0.765625
29972.625000,0.750000
29973.343750,0.718750
29974.031250,0.687500
29974.718750,0.687500
29975.406250,0.687500
29976.109375,0.703125
29976.843750,0.734375
29977.562500,0.718750
29978.265625,0.703125
29979.031250,0.765625
29979.796875,0.765625
29980.562500,0.765625
29981.343750,0.781250
29982.140625,0.796875
29982.906250,0.765625
29983.671875,0.765625
29984.484375,0.812500
29985.281250,0.796875
29986.078125,0.796875
29986.890625,0.812500
29987.718750,0.828125
29988.515625,0.796875
29989.312500,0.796875
29990.125000,0.812500
29990.953125,0.828125
29991.718750,0.765625
29992.500000,0.781250
29993.312500,0.812500
29994.171875,0.859375
29994.984375,0.812500
29995.765625,0.781250
29996.578125,0.812500
29997.343750,0.765625
29998.078125,0.734375
29998.812500,0.734375
29999.578125,0.765625
30000.343750,0.765625
30001.093750,0.750000
30001.828125,0.734375
30002.578125,0.750000
30003.312500,0.734375
30004.062500,0.750000
30004.828125,0.765625
30005.625000,0.796875
30006.437500,0.812500
30007.218750,0.781250
30007.984375,0.765625
30008.781250,0.796875
30009.593750,0.812500
30010.375000,0.781250
30011.125000,0.750000
30011.890625,0.765625
30012.656250,0.765625
30013.421875,0.765625
30014.171875,0.750000
30014.953125,0.781250
30015.796875,0.843750
30016.656250,0.859375
30017.453125,0.796875
30018.265625,0.812500
30019.031250,0.765625
30019.765625,0.734375
30020.453125,0.687500
30021.140625,0.687500
30021.875000,0.734375
30022.593750,0.718750
30023.375000,0.781250
30024.156250,0.781250
30024.921875,0.765625
30025.671875,0.750000
30026.421875,0.750000
30027.203125,0.781250
30027.984375,0.781250
30028.734375,0.750000
30029.531250,0.796875
30030.343750,0.812500
30031.125000,0.781250
30031.921875,0.796875
30032.718750,0.796875
30033.531250,0.812500
30034.312500,0.781250
30035.109375,0.796875
30035.906250,0.796875
30036.671875,0.765625
30037.421875,0.750000
30038.171875,0.750000
30038.953125,0.781250
30039.734375,0.781250
30040.515625,0.781250
30041.281250,0.765625
30042.000000,0.718750
30042.718750,0.718750
30043.406250,0.687500
30044.109375,0.703125
30044.921875,0.812500
30045.875000,0.953125
30046.921875,1.046875
30047.937500,1.015625
30048.843750,0.906250
30049.718750,0.875000
30050.562500,0.843750
30051.390625,0.828125
30052.156250,0.765625
30052.937500,0.781250
30053.765625,0.828125
30054.718750,0.953125
30055.625000,0.906250
30056.531250,0.906250
30057.421875,0.890625
30058.296875,0.875000
30059.140625,0.843750
30059.953125,0.812500
30060.734375,0.781250
30061.531250,0.796875
30062.359375,0.828125
30063.171875,0.812500
30063.984375,0.812500
30064.796875,0.812500
30065.625000,0.828125
30066.406250,0.781250
30067.203125,0.796875
30067.984375,0.781250
30068.750000,0.765625
30069.531250,0.781250
30070.312500,0.781250
30071.109375,0.796875
30071.890625,0.781250
30072.703125,0.812500
30073.531250,0.828125
30074.343750,0.812500
30075.125000,0.781250
30075.921875,0.796875
30076.718750,0.796875
30077.531250,0.812500
30078.328125,0.796875
30109.281250,0.734375
30109.968750,0.687500
30137.109375,0.640625
30137.765625,0.656250
30150.671875,0.656250
30151.312500,0.640625
30151.937500,0.625000
30152.593750,0.656250
30153.265625,0.671875
30153.937500,0.671875
30154.609375,0.671875
30155.265625,0.656250
30155.953125,0.687500
30156.640625,0.687500
30157.296875,0.656250
30157.968750,0.671875
30158.656250,0.687500
30159.359375,0.703125
30160.078125,0.718750
30160.796875,0.718750
30161.515625,0.718750
30162.218750,0.703125
30162.906250,0.687500
30163.593750,0.687500
30164.312500,0.718750
30165.062500,0.750000
30165.796875,0.734375
30166.515625,0.718750
30167.234375,0.718750
30167.953125,0.718750
30168.687500,0.734375
30169.390625,0.703125
30170.078125,0.687500
30170.796875,0.718750
30171.500000,0.703125
30172.187500,0.687500
30172.843750,0.656250
30173.500000,0.656250
30174.171875,0.671875
30174.828125,0.656250
30175.500000,0.671875
30176.187500,0.687500
30176.890625,0.703125
30177.593750,0.703125
30178.250000,0.656250
30178.937500,0.687500
30179.625000,0.687500
30191.656250,0.703125
30192.375000,0.718750
30193.093750,0.718750
30193.796875,0.703125
30194.468750,0.671875
30195.187500,0.718750
30195.890625,0.703125
30196.593750,0.703125
30197.265625,0.671875
30197.937500,0.671875
30198.609375,0.671875
30199.281250,0.671875
30199.937500,0.656250
30200.640625,0.703125
30201.328125,0.687500
30202.031250,0.703125
30202.750000,0.718750
30203.500000,0.750000
30204.234375,0.734375
30204.937500,0.703125
30205.625000,0.687500
30206.312500,0.687500
30207.015625,0.703125
30207.750000,0.734375
30208.468750,0.718750
30209.187500,0.718750
30219.312500,0.718750
30220.062500,0.750000
30220.859375,0.796875
30221.609375,0.750000
30222.328125,0.718750
30223.062500,0.734375
30223.781250,0.718750
30224.484375,0.703125
30225.187500,0.703125
30225.921875,0.734375
30245.937500,0.640625
30246.578125,0.640625
30247.203125,0.625000
30247.859375,0.656250
30248.531250,0.671875
30249.234375,0.703125
30249.953125,0.718750
30250.703125,0.750000
30251.500000,0.796875
30252.265625,0.765625
30253.015625,0.750000
30253.750000,0.734375
30254.437500,0.687500
30255.125000,0.687500
30255.828125,0.703125
30256.562500,0.734375
30257.281250,0.718750
30258.031250,0.750000
30258.765625,0.734375
30259.484375,0.718750
30260.171875,0.687500
30260.890625,0.718750
30261.609375,0.718750
30269.843750,0.671875
30270.484375,0.640625
30271.156250,0.671875
30271.828125,0.671875
30272.515625,0.687500
30273.187500,0.671875
30273.875000,0.687500
30274.562500,0.687500
30275.218750,0.656250
30281.875000,0.656250
30282.531250,0.656250
30283.187500,0.656250
30283.843750,0.656250
30284.484375,0.640625
30285.125000,0.640625
30285.796875,0.671875
30286.437500,0.640625
30287.125000,0.687500
30287.812500,0.687500
30288.515625,0.703125
30289.203125,0.687500
30289.875000,0.671875
30290.562500,0.687500
30291.281250,0.718750
30292.062500,0.781250
30292.859375,0.796875
30293.625000,0.765625
30294.390625,0.765625
30295.109375,0.718750
30295.812500,0.703125
30296.546875,0.734375
30297.312500,0.765625
30298.093750,0.781250
30298.859375,0.765625
30299.640625,0.781250
30300.437500,0.796875
30301.250000,0.812500
30302.046875,0.796875
30302.890625,0.843750
30303.765625,0.875000
30304.578125,0.812500
30305.359375,0.781250
30306.171875,0.812500
30306.984375,0.812500
30307.765625,0.781250
30308.531250,0.765625
30309.296875,0.765625
30310.062500,0.765625
30310.781250,0.718750
30311.484375,0.703125
30312.203125,0.718750
30312.906250,0.703125
30313.609375,0.703125
30314.343750,0.734375
30315.171875,0.828125
30316.093750,0.921875
30317.031250,0.937500
30317.828125,0.796875
30318.593750,0.765625
30319.343750,0.750000
30320.109375,0.765625
30320.890625,0.781250
30321.640625,0.750000
30322.421875,0.781250
30323.234375,0.812500
30324.046875,0.812500
30324.828125,0.781250
30325.609375,0.781250
30326.406250,0.796875
30327.156250,0.750000
30327.921875,0.765625
30328.640625,0.718750
30329.328125,0.687500
30330.015625,0.687500
30330.687500,0.671875
30331.359375,0.671875
30332.093750,0.734375
30332.890625,0.796875
30333.765625,0.875000
30334.593750,0.828125
30335.343750,0.750000
30336.109375,0.765625
30336.875000,0.765625
30337.656250,0.781250
30338.421875,0.765625
30339.140625,0.718750
30339.859375,0.718750
30340.578125,0.718750
30341.343750,0.765625
30342.078125,0.734375
30342.828125,0.750000
30343.625000,0.796875
30344.484375,0.859375
30345.281250,0.796875
30346.078125,0.796875
30346.906250,0.828125
30347.796875,0.890625
30348.671875,0.875000
30349.468750,0.796875
30350.234375,0.765625
30351.046875,0.812500
30351.890625,0.843750
30352.734375,0.843750
30353.531250,0.796875
30354.375000,0.843750
30355.234375,0.859375
30356.031250,0.796875
30356.765625,0.734375
30357.500000,0.734375
30358.234375,0.734375
30358.937500,0.703125
30359.671875,0.734375
30360.421875,0.750000
30361.203125,0.781250
30361.984375,0.781250
30362.781250,0.796875
30363.609375,0.828125
30364.468750,0.859375
30365.250000,0.781250
30366.015625,0.765625
30366.812500,0.796875
30367.640625,0.828125
30368.421875,0.781250
30369.187500,0.765625
30370.015625,0.828125
30370.890625,0.875000
30371.781250,0.890625
30372.609375,0.828125
30373.375000,0.765625
30374.156250,0.781250
30374.968750,0.812500
30375.765625,0.796875
30376.546875,0.781250
30377.296875,0.750000
30378.031250,0.734375
30378.718750,0.687500
30379.437500,0.718750
30380.171875,0.734375
30380.984375,0.812500
30381.828125,0.843750
30382.609375,0.781250
30383.375000,0.765625
30384.156250,0.781250
30384.953125,0.796875
30385.703125,0.750000
30386.453125,0.750000
30387.234375,0.781250
30388.078125,0.843750
30388.906250,0.828125
30389.765625,0.859375
30390.640625,0.875000
30391.468750,0.828125
30392.328125,0.859375
30393.171875,0.843750
30393.984375,0.812500
30394.750000,0.765625
30395.546875,0.796875
30396.359375,0.812500
30397.140625,0.781250
30397.921875,0.781250
30398.703125,0.781250
30399.500000,0.796875
30400.296875,0.796875
30401.078125,0.781250
30401.843750,0.765625
30402.578125,0.734375
30403.281250,0.703125
30403.968750,0.687500
30404.687500,0.718750
30405.421875,0.734375
30406.140625,0.718750
30406.875000,0.734375
30407.625000,0.750000
30408.421875,0.796875
30409.187500,0.765625
30409.937500,0.750000
30410.703125,0.765625
30411.500000,0.796875
30412.328125,0.828125
30413.125000,0.796875
30413.906250,0.781250
30423.609375,0.734375
30424.328125,0.718750
30425.046875,0.718750
30425.765625,0.718750
30426.468750,0.703125
30427.156250,0.687500
30427.828125,0.671875
30428.531250,0.703125
30429.281250,0.750000
30430.078125,0.796875
30430.843750,0.765625
30431.578125,0.734375
30432.296875,0.718750
30433.125000,0.828125
30434.062500,0.937500
30434.921875,0.859375
30435.734375,0.812500
30436.500000,0.765625
30437.203125,0.703125
30437.921875,0.718750
30438.640625,0.718750
30439.343750,0.703125
30440.031250,0.687500
30440.734375,0.703125
30448.484375,0.656250
30449.187500,0.703125
30449.875000,0.687500
30450.578125,0.703125
30451.281250,0.703125
30451.968750,0.687500
30452.640625,0.671875
30453.328125,0.687500
30454.031250,0.703125
30454.718750,0.687500
30455.421875,0.703125
30456.109375,0.687500
30456.796875,0.687500
30457.484375,0.687500
30458.218750,0.734375
30458.937500,0.718750
30459.625000,0.687500
30460.328125,0.703125
30461.062500,0.734375
30461.812500,0.750000
30462.578125,0.765625
30463.453125,0.875000
30464.375000,0.921875
30465.343750,0.968750
30466.218750,0.875000
30474.703125,0.812500
30475.531250,0.828125
30476.375000,0.843750
30477.203125,0.828125
30477.984375,0.781250
30478.781250,0.796875
30479.578125,0.796875
30486.640625,0.750000
30487.406250,0.765625
30488.218750,0.812500
30488.984375,0.765625
30489.765625,0.781250
30490.546875,0.781250
30491.296875,0.750000
30492.046875,0.750000
30492.796875,0.750000
30493.546875,0.750000
30494.281250,0.734375
30495.000000,0.718750
30495.718750,0.718750
30496.453125,0.734375
30497.218750,0.765625
30498.000000,0.781250
30498.765625,0.765625
30499.546875,0.781250
30500.328125,0.781250
30501.078125,0.750000
30501.843750,0.765625
30502.609375,0.765625
30503.343750,0.734375
30504.078125,0.734375
30504.796875,0.718750
30505.531250,0.734375
30506.234375,0.703125
30506.921875,0.687500
30507.625000,0.703125
30508.312500,0.687500
30509.015625,0.703125
30509.718750,0.703125
30510.421875,0.703125
30511.109375,0.687500
30511.843750,0.734375
30512.609375,0.765625
30513.406250,0.796875
30514.187500,0.781250
30515.046875,0.859375
30515.859375,0.812500
30516.625000,0.765625
30517.421875,0.796875
30518.187500,0.765625
30518.906250,0.718750
30519.625000,0.718750
30520.375000,0.750000
30521.125000,0.750000
30521.859375,0.734375
30531.078125,0.687500
30531.765625,0.687500
30532.484375,0.718750
30533.234375,0.750000
30533.968750,0.734375
30534.687500,0.718750
30535.421875,0.734375
30536.140625,0.718750
30536.859375,0.718750
30537.546875,0.687500
30538.250000,0.703125
30538.937500,0.687500
30539.625000,0.687500
30540.359375,0.734375
30541.171875,0.812500
30542.140625,0.968750
30543.062500,0.921875
30543.890625,0.828125
30544.656250,0.765625
30545.453125,0.796875
30546.250000,0.796875
30546.984375,0.734375
30547.718750,0.734375
30548.468750,0.750000
30549.250000,0.781250
30550.046875,0.796875
30550.859375,0.812500
30551.718750,0.859375
30552.562500,0.843750
30553.390625,0.828125
30554.250000,0.859375
30555.078125,0.828125
30555.921875,0.843750
30556.796875,0.875000
30557.609375,0.812500
30558.437500,0.828125
30559.265625,0.828125
30560.078125,0.812500
30560.890625,0.812500
30561.734375,0.843750
30562.562500,0.828125
30570.921875,0.734375
30571.687500,0.765625
30572.468750,0.781250
30573.265625,0.796875
30574.015625,0.750000
30574.765625,0.750000
30575.531250,0.765625
30576.312500,0.781250
30577.109375,0.796875
30577.843750,0.734375
30578.562500,0.718750
30579.359375,0.796875
30580.203125,0.843750
30581.046875,0.843750
30581.859375,0.812500
30582.625000,0.765625
30583.421875,0.796875
30584.234375,0.812500
30584.984375,0.750000
30585.734375,0.750000
30586.500000,0.765625
30587.250000,0.750000
30588.000000,0.750000
30588.750000,0.750000
30589.531250,0.781250
30590.328125,0.796875
30591.109375,0.781250
30591.890625,0.781250
30592.687500,0.796875
30593.453125,0.765625
30594.234375,0.781250
30595.000000,0.765625
30595.734375,0.734375
30596.500000,0.765625
30597.281250,0.781250
30598.046875,0.765625
30598.796875,0.750000
30599.609375,0.812500
30600.437500,0.828125
30601.234375,0.796875
30602.046875,0.812500
30602.859375,0.812500
30603.609375,0.750000
30610.812500,0.687500
30611.484375,0.671875
30612.140625,0.656250
30612.796875,0.656250
30613.484375,0.687500
30614.171875,0.687500
30614.859375,0.687500
30615.593750,0.734375
30616.375000,0.781250
30617.156250,0.781250
30624.031250,0.750000
30624.781250,0.750000
30625.500000,0.718750
30626.234375,0.734375
30635.343750,0.687500
30636.078125,0.734375
30636.843750,0.765625
30637.609375,0.765625
30638.375000,0.765625
30639.125000,0.750000
30639.875000,0.750000
30640.578125,0.703125
30641.265625,0.687500
30641.968750,0.703125
30642.640625,0.671875
30643.296875,0.656250
30643.968750,0.671875
30644.671875,0.703125
30645.406250,0.734375
30646.156250,0.750000
30646.984375,0.828125
30647.875000,0.890625
30648.687500,0.812500
30649.515625,0.828125
30650.296875,0.781250
30651.062500,0.765625
30667.015625,0.734375
30667.765625,0.750000
30668.500000,0.734375
30669.234375,0.734375
30670.015625,0.781250
30670.781250,0.765625
30671.546875,0.765625
30672.328125,0.781250
30673.140625,0.812500
30673.921875,0.781250
30674.656250,0.734375
30675.421875,0.765625
30676.187500,0.765625
30676.921875,0.734375
30677.656250,0.734375
30678.437500,0.781250
30679.218750,0.781250
30679.984375,0.765625
30680.765625,0.781250
30681.578125,0.812500
30682.359375,0.781250
30683.156250,0.796875
30683.968750,0.812500
30684.750000,0.781250
30685.515625,0.765625
30686.296875,0.781250
30687.062500,0.765625
30687.812500,0.750000
30688.562500,0.750000
30689.328125,0.765625
30690.093750,0.765625
30690.859375,0.765625
30691.640625,0.781250
30692.500000,0.859375
30693.312500,0.812500
30694.109375,0.796875
30694.921875,0.812500
30695.703125,0.781250
30696.453125,0.750000
30697.218750,0.765625
30698.000000,0.781250
30698.750000,0.750000
30699.531250,0.781250
30700.312500,0.781250
30701.093750,0.781250
30701.843750,0.750000
30702.609375,0.765625
30703.359375,0.750000
30704.093750,0.734375
30704.812500,0.718750
30705.578125,0.765625
30706.359375,0.781250
30707.140625,0.781250
30707.968750,0.828125
30708.843750,0.875000
30709.671875,0.828125
30710.515625,0.843750
30711.390625,0.875000
30712.234375,0.843750
30713.062500,0.828125
30713.937500,0.875000
30714.796875,0.859375
30715.625000,0.828125
30716.468750,0.843750
30717.312500,0.843750
30718.125000,0.812500
30718.968750,0.843750
30719.812500,0.843750
30720.625000,0.812500
30721.437500,0.812500
30722.281250,0.843750
30723.125000,0.843750
30723.953125,0.828125
30724.765625,0.812500
30725.640625,0.875000
30726.437500,0.796875
30727.250000,0.812500
30728.062500,0.812500
30738.234375,0.750000
30739.031250,0.796875
30739.812500,0.781250
30740.578125,0.765625
30741.359375,0.781250
30742.125000,0.765625
30742.859375,0.734375
30743.562500,0.703125
30744.250000,0.687500
30744.953125,0.703125
30745.671875,0.718750
30746.406250,0.734375
30747.125000,0.718750
30747.843750,0.718750
30748.593750,0.750000
30749.390625,0.796875
30767.500000,0.890625
30768.312500,0.812500
30769.125000,0.812500
30769.953125,0.828125
30770.796875,0.843750
30771.640625,0.843750
30772.500000,0.859375
30773.312500,0.812500
30774.156250,0.843750
30775.000000,0.843750
30775.843750,0.843750
30776.640625,0.796875
30777.484375,0.843750
30778.328125,0.843750
30779.140625,0.812500
30779.984375,0.843750
30780.812500,0.828125
30781.640625,0.828125
30782.437500,0.796875
30783.265625,0.828125
30784.125000,0.859375
30784.937500,0.812500
30785.703125,0.765625
30786.484375,0.781250
30787.296875,0.812500
30788.109375,0.812500
30788.921875,0.812500
30789.734375,0.812500
30790.546875,0.812500
30791.312500,0.765625
30792.093750,0.781250
30799.390625,0.750000
30800.171875,0.781250
30800.953125,0.781250
30801.718750,0.765625
30802.468750,0.750000
30803.234375,0.765625
30804.000000,0.765625
30804.765625,0.765625
30805.531250,0.765625
30806.281250,0.750000
30807.000000,0.718750
30807.734375,0.734375
30808.468750,0.734375
30809.187500,0.718750
30809.906250,0.718750
30810.609375,0.703125
30811.312500,0.703125
30812.031250,0.718750
30812.734375,0.703125
30813.437500,0.703125
30814.171875,0.734375
30814.906250,0.734375
30815.625000,0.718750
30828.343750,0.640625
30828.984375,0.640625
30829.703125,0.718750
30830.406250,0.703125
30831.093750,0.687500
30831.781250,0.687500
30832.453125,0.671875
30833.140625,0.687500
30833.875000,0.734375
30834.765625,0.890625
30835.781250,1.015625
30836.640625,0.859375
30837.468750,0.828125
30838.312500,0.843750
30839.140625,0.828125
30839.953125,0.812500
30840.781250,0.828125
30841.625000,0.843750
30842.406250,0.781250
30843.187500,0.781250
30843.968750,0.781250
30844.750000,0.781250
30845.515625,0.765625
30846.250000,0.734375
30851.921875,0.656250
30852.578125,0.656250
30853.218750,0.640625
30853.859375,0.640625
30854.484375,0.625000
30855.140625,0.656250
30855.796875,0.656250
30856.437500,0.640625
30857.078125,0.640625
30857.703125,0.625000
30858.328125,0.625000
30858.984375,0.656250
30859.640625,0.656250
30860.296875,0.656250
30860.968750,0.671875
30861.671875,0.703125
30900.656250,0.593750
30901.250000,0.593750
30901.843750,0.593750
30902.421875,0.578125
30903.031250,0.609375
30903.625000,0.593750
30904.234375,0.609375
30904.875000,0.640625
30905.531250,0.656250
30906.187500,0.656250
30906.828125,0.640625
30907.468750,0.640625
30908.093750,0.625000
30908.703125,0.609375
30909.312500,0.609375
30909.906250,0.593750
30910.484375,0.578125
30911.078125,0.593750
30911.687500,0.609375
30912.281250,0.593750
30912.859375,0.578125
30913.453125,0.593750
30914.062500,0.609375
30914.671875,0.609375
30915.281250,0.609375
30915.875000,0.593750
30916.468750,0.593750
30917.046875,0.578125
30917.640625,0.593750
30918.218750,0.578125
30918.781250,0.562500
30919.359375,0.578125
30919.968750,0.609375
30920.578125,0.609375
30921.187500,0.609375
30921.796875,0.609375
30922.453125,0.656250
30923.125000,0.671875
30923.781250,0.656250
30924.421875,0.640625
30925.093750,0.671875
30925.734375,0.640625
30926.343750,0.609375
30926.968750,0.625000
30927.593750,0.625000
30928.187500,0.593750
30928.796875,0.609375
30929.375000,0.578125
30929.953125,0.578125
30930.531250,0.578125
30931.093750,0.562500
30931.671875,0.578125
30932.250000,0.578125
30932.812500,0.562500
30938.281250,0.593750
30938.859375,0.578125
30939.453125,0.593750
30940.031250,0.578125
30940.609375,0.578125
30941.203125,0.593750
30941.765625,0.562500
30942.328125,0.562500
30942.906250,0.578125
30943.468750,0.562500
30950.953125,0.609375
30951.562500,0.609375
30952.140625,0.578125
30952.750000,0.609375
30953.375000,0.625000
31043.156250,0.609375
31051.359375,0.703125
31052.046875,0.687500
31052.656250,0.609375
31078.421875,0.703125
31079.109375,0.687500
31079.781250,0.671875
31080.437500,0.656250
31081.125000,0.687500
31081.812500,0.687500
31082.515625,0.703125
31083.218750,0.703125
31083.937500,0.718750
31084.656250,0.718750
31085.390625,0.734375
31086.109375,0.718750
31086.796875,0.687500
31087.453125,0.656250
31093.109375,0.687500
31093.781250,0.671875
31094.468750,0.687500
31095.187500,0.718750
31095.921875,0.734375
31096.703125,0.781250
31097.484375,0.781250
31098.281250,0.796875
31099.046875,0.765625
31099.765625,0.718750
31100.468750,0.703125
31101.187500,0.718750
31101.968750,0.781250
31102.781250,0.812500
31103.640625,0.859375
31104.500000,0.859375
31105.296875,0.796875
31106.078125,0.781250
31106.859375,0.781250
31107.625000,0.765625
31108.390625,0.765625
31109.234375,0.843750
31110.078125,0.843750
31110.921875,0.843750
31111.890625,0.968750
31112.859375,0.968750
31113.734375,0.875000
31114.625000,0.890625
31115.468750,0.843750
31116.312500,0.843750
31117.171875,0.859375
31118.093750,0.921875
31119.078125,0.984375
31120.078125,1.000000
31121.093750,1.015625
31122.000000,0.906250
31122.921875,0.921875
31123.796875,0.875000
31124.640625,0.843750
31125.468750,0.828125
31126.359375,0.890625
31127.218750,0.859375
31128.093750,0.875000
31128.953125,0.859375
31129.781250,0.828125
31130.562500,0.781250
31131.359375,0.796875
31132.156250,0.796875
31132.937500,0.781250
31133.718750,0.781250
31134.500000,0.781250
31135.265625,0.765625
31136.046875,0.781250
31136.828125,0.781250
31137.640625,0.812500
31138.437500,0.796875
31139.203125,0.765625
31139.968750,0.765625
31140.734375,0.765625
31141.453125,0.718750
31142.140625,0.687500
31142.843750,0.703125
31143.671875,0.828125
31144.531250,0.859375
31145.453125,0.921875
31146.406250,0.953125
31147.281250,0.875000
31148.125000,0.843750
31148.953125,0.828125
31149.765625,0.812500
31150.546875,0.781250
31151.343750,0.796875
31152.203125,0.859375
31153.031250,0.828125
31153.859375,0.828125
31154.703125,0.843750
31155.484375,0.781250
31156.281250,0.796875
31157.062500,0.781250
31157.859375,0.796875
31158.625000,0.765625
31159.421875,0.796875
31160.234375,0.812500
31161.031250,0.796875
31161.812500,0.781250
31162.625000,0.812500
31163.421875,0.796875
31164.187500,0.765625
31164.953125,0.765625
31165.734375,0.781250
31166.500000,0.765625
31167.296875,0.796875
31168.109375,0.812500
31168.890625,0.781250
31169.656250,0.765625
31170.453125,0.796875
31171.281250,0.828125
31172.140625,0.859375
31172.984375,0.843750
31173.859375,0.875000
31174.781250,0.921875
31175.640625,0.859375
31176.515625,0.875000
31177.406250,0.890625
31178.281250,0.875000
31179.109375,0.828125
31179.937500,0.828125
31180.781250,0.843750
31181.593750,0.812500
31182.390625,0.796875
31183.187500,0.796875
31184.000000,0.812500
31184.812500,0.812500
31185.640625,0.828125
31186.468750,0.828125
31187.234375,0.765625
31188.015625,0.781250
31188.812500,0.796875
31189.625000,0.812500
31190.406250,0.781250
31191.187500,0.781250
31191.968750,0.781250
31192.718750,0.750000
31193.453125,0.734375
31194.187500,0.734375
31194.906250,0.718750
31195.640625,0.734375
31196.359375,0.718750
31197.125000,0.765625
31197.906250,0.781250
31198.703125,0.796875
31199.468750,0.765625
31200.218750,0.750000
31200.968750,0.750000
31201.687500,0.718750
31202.406250,0.718750
31203.093750,0.687500
31203.781250,0.687500
31204.500000,0.718750
31205.234375,0.734375
31205.984375,0.750000
31206.765625,0.781250
31207.593750,0.828125
31208.390625,0.796875
31209.156250,0.765625
31209.937500,0.781250
31210.703125,0.765625
31211.468750,0.765625
31212.234375,0.765625
31213.000000,0.765625
31213.734375,0.734375
31214.437500,0.703125
31215.156250,0.718750
31215.906250,0.750000
31216.656250,0.750000
31217.437500,0.781250
31218.281250,0.843750
31219.093750,0.812500
31219.875000,0.781250
31220.687500,0.812500
31221.500000,0.812500
31222.312500,0.812500
31223.109375,0.796875
31223.906250,0.796875
31224.687500,0.781250
31225.484375,0.796875
31226.265625,0.781250
31227.109375,0.843750
31227.937500,0.828125
31228.765625,0.828125
31229.625000,0.859375
31230.531250,0.906250
31231.375000,0.843750
31232.187500,0.812500
31233.015625,0.828125
31233.875000,0.859375
31234.687500,0.812500
31235.515625,0.828125
31236.343750,0.828125
31237.187500,0.843750
31238.000000,0.812500
31238.828125,0.828125
31239.703125,0.875000
31240.593750,0.890625
31241.421875,0.828125
31242.218750,0.796875
31243.031250,0.812500
31243.812500,0.781250
31244.593750,0.781250
31245.406250,0.812500
31246.281250,0.875000
31247.109375,0.828125
31247.968750,0.859375
31248.812500,0.843750
31249.656250,0.843750
31250.453125,0.796875
31251.296875,0.843750
31252.156250,0.859375
31252.984375,0.828125
31253.781250,0.796875
31254.531250,0.750000
31255.312500,0.781250
31256.125000,0.812500
31256.968750,0.843750
31257.812500,0.843750
31258.671875,0.859375
31259.500000,0.828125
31260.390625,0.890625
31261.250000,0.859375
31262.062500,0.812500
31262.828125,0.765625
31263.609375,0.781250
31264.421875,0.812500
31265.328125,0.906250
31266.218750,0.890625
31267.140625,0.921875
31268.046875,0.906250
31268.937500,0.890625
31269.812500,0.875000
31270.703125,0.890625
31271.593750,0.890625
31272.421875,0.828125
31273.265625,0.843750
31274.171875,0.906250
31275.109375,0.937500
31275.984375,0.875000
31276.859375,0.875000
31277.734375,0.875000
31278.562500,0.828125
31279.375000,0.812500
31280.203125,0.828125
31281.046875,0.843750
31281.906250,0.859375
31282.765625,0.859375
31283.625000,0.859375
31284.453125,0.828125
31285.265625,0.812500
31286.109375,0.843750
31286.953125,0.843750
31287.812500,0.859375
31288.671875,0.859375
31289.562500,0.890625
31290.421875,0.859375
31291.250000,0.828125
31292.078125,0.828125
31292.906250,0.828125
31293.734375,0.828125
31294.546875,0.812500
31295.359375,0.812500
31296.187500,0.828125
31297.046875,0.859375
31297.859375,0.812500
31298.687500,0.828125
31299.515625,0.828125
31300.359375,0.843750
31301.171875,0.812500
31301.968750,0.796875
31302.765625,0.796875
31303.515625,0.750000
31304.250000,0.734375
31304.953125,0.703125
31305.640625,0.687500
31306.343750,0.703125
31307.078125,0.734375
31307.843750,0.765625
31308.609375,0.765625
31309.390625,0.781250
31310.187500,0.796875
31310.968750,0.781250
31311.734375,0.765625
31312.515625,0.781250
31313.312500,0.796875
31314.109375,0.796875
31314.906250,0.796875
31315.718750,0.812500
31316.531250,0.812500
31317.312500,0.781250
31318.078125,0.765625
31318.828125,0.750000
31319.656250,0.828125
31320.484375,0.828125
31321.296875,0.812500
31336.500000,0.750000
31337.250000,0.750000
31338.015625,0.765625
31338.781250,0.765625
31339.593750,0.812500
31340.406250,0.812500
31341.218750,0.812500
31342.046875,0.828125
31342.843750,0.796875
31343.625000,0.781250
31344.421875,0.796875
31345.203125,0.781250
31345.828125,0.625000
31349.812500,0.718750
31350.531250,0.718750
31359.765625,0.796875
31360.578125,0.812500
31361.375000,0.796875
31362.140625,0.765625
31362.921875,0.781250
31363.750000,0.828125
31364.625000,0.875000
31365.468750,0.843750
31366.312500,0.843750
31367.171875,0.859375
31368.015625,0.843750
31368.843750,0.828125
31369.671875,0.828125
31370.531250,0.859375
31371.375000,0.843750
31372.218750,0.843750
31373.046875,0.828125
31373.859375,0.812500
31374.640625,0.781250
31375.421875,0.781250
31376.218750,0.796875
31377.015625,0.796875
31377.796875,0.781250
31378.578125,0.781250
31379.390625,0.812500
31380.171875,0.781250
31380.968750,0.796875
31381.781250,0.812500
31382.625000,0.843750
31383.468750,0.843750
31384.296875,0.828125
31385.093750,0.796875
31385.875000,0.781250
31386.671875,0.796875
31387.500000,0.828125
31388.312500,0.812500
31389.109375,0.796875
31389.921875,0.812500
31390.734375,0.812500
31391.515625,0.781250
31392.296875,0.781250
31393.093750,0.796875
31393.921875,0.828125
31394.750000,0.828125
31395.578125,0.828125
31396.437500,0.859375
31397.281250,0.843750
31398.093750,0.812500
31398.937500,0.843750
31399.781250,0.843750
31400.593750,0.812500
31401.390625,0.796875
31402.187500,0.796875
31402.984375,0.796875
31403.734375,0.750000
31404.500000,0.765625
31405.281250,0.781250
31406.046875,0.765625
31406.812500,0.765625
31407.578125,0.765625
31408.359375,0.781250
31409.156250,0.796875
31409.906250,0.750000
31410.671875,0.765625
31411.453125,0.781250
31412.203125,0.750000
31412.953125,0.750000
31413.687500,0.734375
31414.406250,0.718750
31415.125000,0.718750
31415.875000,0.750000
31416.625000,0.750000
31417.375000,0.750000
31418.109375,0.734375
31418.859375,0.750000
31419.625000,0.765625
31420.375000,0.750000
31421.140625,0.765625
31421.906250,0.765625
31422.640625,0.734375
31423.390625,0.750000
31424.109375,0.718750
31424.828125,0.718750
31425.531250,0.703125
31426.250000,0.718750
31426.968750,0.718750
31427.718750,0.750000
31428.468750,0.750000
31429.187500,0.718750
31429.937500,0.750000
31430.671875,0.734375
31431.437500,0.765625
31432.171875,0.734375
31432.875000,0.703125
31433.562500,0.687500
31434.265625,0.703125
31434.906250,0.640625
31435.625000,0.718750
31436.312500,0.687500
31437.015625,0.703125
31437.734375,0.718750
31438.484375,0.750000
31439.250000,0.765625
31440.015625,0.765625
31440.750000,0.734375
31441.484375,0.734375
31442.218750,0.734375
31442.968750,0.750000
31443.750000,0.781250
31444.515625,0.765625
31445.328125,0.812500
31446.156250,0.828125
31446.968750,0.812500
31447.781250,0.812500
31448.593750,0.812500
31449.406250,0.812500
31450.218750,0.812500
31451.000000,0.781250
31451.796875,0.796875
31452.593750,0.796875
31453.406250,0.812500
31454.203125,0.796875
31455.015625,0.812500
31455.812500,0.796875
31456.578125,0.765625
31457.343750,0.765625
31458.093750,0.750000
31458.859375,0.765625
31459.593750,0.734375
31460.343750,0.750000
31461.125000,0.781250
31461.921875,0.796875
31462.718750,0.796875
31463.515625,0.796875
31464.375000,0.859375
31465.203125,0.828125
31466.031250,0.828125
31466.859375,0.828125
31467.703125,0.843750
31468.500000,0.796875
31469.328125,0.828125
31470.187500,0.859375
31471.078125,0.890625
31471.937500,0.859375
31472.812500,0.875000
31473.656250,0.843750
31474.468750,0.812500
31475.296875,0.828125
31476.140625,0.843750
31476.968750,0.828125
31477.781250,0.812500
31478.593750,0.812500
31479.437500,0.843750
31480.234375,0.796875
31481.078125,0.843750
31481.937500,0.859375
31482.781250,0.843750
31483.625000,0.843750
31484.468750,0.843750
31485.312500,0.843750
31486.140625,0.828125
31486.968750,0.828125
31487.812500,0.843750
31488.640625,0.828125
31489.453125,0.812500
31490.281250,0.828125
31491.125000,0.843750
31491.968750,0.843750
31492.765625,0.796875
31493.625000,0.859375
31494.515625,0.890625
31495.343750,0.828125
31496.109375,0.765625
31496.906250,0.796875
31497.750000,0.843750
31498.578125,0.828125
31499.421875,0.843750
31500.296875,0.875000
31501.203125,0.906250
31502.078125,0.875000
31502.968750,0.890625
31503.859375,0.890625
31504.734375,0.875000
31505.625000,0.890625
31506.546875,0.921875
31507.406250,0.859375
31508.218750,0.812500
31509.078125,0.859375
31509.968750,0.890625
31510.812500,0.843750
31511.656250,0.843750
31512.546875,0.890625
31513.421875,0.875000
31514.250000,0.828125
31515.109375,0.859375
31515.984375,0.875000
31516.843750,0.859375
31517.671875,0.828125
31518.484375,0.812500
31519.281250,0.796875
31520.062500,0.781250
31520.859375,0.796875
31521.703125,0.843750
31522.562500,0.859375
31523.390625,0.828125
31524.234375,0.843750
31525.078125,0.843750
31525.906250,0.828125
31526.718750,0.812500
31527.546875,0.828125
31528.390625,0.843750
31529.250000,0.859375
31530.078125,0.828125
31530.921875,0.843750
31531.781250,0.859375
31532.609375,0.828125
31533.484375,0.875000
31534.359375,0.875000
31535.218750,0.859375
31536.046875,0.828125
31536.859375,0.812500
31537.671875,0.812500
31538.468750,0.796875
31539.250000,0.781250
31540.046875,0.796875
31540.812500,0.765625
31541.562500,0.750000
31542.265625,0.703125
31542.984375,0.718750
31543.703125,0.718750
31544.500000,0.796875
31545.328125,0.828125
31546.187500,0.859375
31547.000000,0.812500
31547.812500,0.812500
31548.640625,0.828125
31549.421875,0.781250
31550.203125,0.781250
31550.984375,0.781250
31551.828125,0.843750
31552.640625,0.812500
31553.437500,0.796875
31554.265625,0.828125
31555.093750,0.828125
31555.906250,0.812500
31556.687500,0.781250
31557.468750,0.781250
31558.281250,0.812500
31559.078125,0.796875
31559.875000,0.796875
31560.671875,0.796875
31561.500000,0.828125
31562.390625,0.890625
31563.250000,0.859375
31564.109375,0.859375
31564.953125,0.843750
31565.765625,0.812500
31566.562500,0.796875
31567.390625,0.828125
31568.234375,0.843750
31569.078125,0.843750
31569.890625,0.812500
31570.718750,0.828125
31571.546875,0.828125
31572.390625,0.843750
31573.203125,0.812500
31574.046875,0.843750
31574.906250,0.859375
31575.750000,0.843750
31576.578125,0.828125
31577.421875,0.843750
31578.328125,0.906250
31579.203125,0.875000
31580.031250,0.828125
31580.859375,0.828125
31581.718750,0.859375
31582.531250,0.812500
31583.312500,0.781250
31584.125000,0.812500
31584.921875,0.796875
31585.750000,0.828125
31586.531250,0.781250
31587.296875,0.765625
31588.046875,0.750000
31588.796875,0.750000
31589.546875,0.750000
31590.312500,0.765625
31591.109375,0.796875
31591.937500,0.828125
31592.718750,0.781250
31593.531250,0.812500
31594.328125,0.796875
31595.156250,0.828125
31595.937500,0.781250
31596.734375,0.796875
31597.531250,0.796875
31598.312500,0.781250
31599.093750,0.781250
31599.875000,0.781250
31600.656250,0.781250
31601.437500,0.781250
31602.234375,0.796875
31603.015625,0.781250
31603.812500,0.796875
31604.625000,0.812500
31605.390625,0.765625
31606.171875,0.781250
31606.937500,0.765625
31607.718750,0.781250
31608.468750,0.750000
31609.234375,0.765625
31610.000000,0.765625
31610.765625,0.765625
31611.515625,0.750000
31612.296875,0.781250
31613.109375,0.812500
31613.968750,0.859375
31614.781250,0.812500
31615.593750,0.812500
31616.437500,0.843750
31617.265625,0.828125
31618.062500,0.796875
31618.859375,0.796875
31619.656250,0.796875
31620.421875,0.765625
31621.203125,0.781250
31622.000000,0.796875
31622.812500,0.812500
31623.593750,0.781250
31624.375000,0.781250
31625.171875,0.796875
31625.968750,0.796875
31626.750000,0.781250
31627.500000,0.750000
31628.234375,0.734375
31629.015625,0.781250
31629.796875,0.781250
31630.562500,0.765625
31631.312500,0.750000
31632.062500,0.750000
31632.812500,0.750000
31633.546875,0.734375
31634.265625,0.718750
31635.031250,0.765625
31635.781250,0.750000
31636.546875,0.765625
31637.359375,0.812500
31638.203125,0.843750
31639.046875,0.843750
31639.890625,0.843750
31640.734375,0.843750
31641.531250,0.796875
31642.328125,0.796875
31643.156250,0.828125
31644.000000,0.843750
31644.812500,0.812500
31645.609375,0.796875
31646.421875,0.812500
31647.234375,0.812500
31648.031250,0.796875
31648.828125,0.796875
31649.640625,0.812500
31650.437500,0.796875
31651.218750,0.781250
31652.000000,0.781250
31652.812500,0.812500
31653.625000,0.812500
31654.375000,0.750000
31655.125000,0.750000
31655.890625,0.765625
31656.625000,0.734375
31657.359375,0.734375
31658.093750,0.734375
31658.843750,0.750000
31659.640625,0.796875
31660.468750,0.828125
31661.265625,0.796875
31662.015625,0.750000
31662.796875,0.781250
31663.593750,0.796875
31664.437500,0.843750
31665.265625,0.828125
31666.109375,0.843750
31666.968750,0.859375
31667.812500,0.843750
31668.625000,0.812500
31669.421875,0.796875
31670.218750,0.796875
31671.031250,0.812500
31671.812500,0.781250
31672.625000,0.812500
31673.421875,0.796875
31674.250000,0.828125
31675.046875,0.796875
31675.843750,0.796875
31676.640625,0.796875
31677.421875,0.781250
31678.187500,0.765625
31678.921875,0.734375
31679.625000,0.703125
31680.375000,0.750000
31681.187500,0.812500
31682.078125,0.890625
31682.953125,0.875000
31683.765625,0.812500
31684.562500,0.796875
31685.328125,0.765625
31686.093750,0.765625
31686.890625,0.796875
31687.687500,0.796875
31688.515625,0.828125
31689.343750,0.828125
31690.156250,0.812500
31690.984375,0.828125
31691.781250,0.796875
31692.593750,0.812500
31693.390625,0.796875
31694.234375,0.843750
31695.062500,0.828125
31695.890625,0.828125
31696.734375,0.843750
31697.578125,0.843750
31698.390625,0.812500
31699.187500,0.796875
31700.000000,0.812500
31700.828125,0.828125
31701.625000,0.796875
31702.453125,0.828125
31703.281250,0.828125
31704.125000,0.843750
31704.937500,0.812500
31705.765625,0.828125
31706.578125,0.812500
31707.390625,0.812500
31708.187500,0.796875
31709.000000,0.812500
31709.828125,0.828125
31710.625000,0.796875
31711.437500,0.812500
31712.250000,0.812500
31713.031250,0.781250
31713.812500,0.781250
31714.593750,0.781250
31715.406250,0.812500
31716.203125,0.796875
31717.000000,0.796875
31717.796875,0.796875
31718.593750,0.796875
31719.343750,0.750000
31720.093750,0.750000
31720.843750,0.750000
31721.593750,0.750000
31722.312500,0.718750
31723.031250,0.718750
31723.750000,0.718750
31724.500000,0.750000
31725.296875,0.796875
31726.109375,0.812500
31726.906250,0.796875
31727.671875,0.765625
31728.468750,0.796875
31729.265625,0.796875
31730.031250,0.765625
31730.781250,0.750000
31731.531250,0.750000
31732.296875,0.765625
31733.046875,0.750000
31733.812500,0.765625
31734.609375,0.796875
31735.390625,0.781250
31736.171875,0.781250
31736.953125,0.781250
31737.750000,0.796875
31738.515625,0.765625
31739.281250,0.765625
31740.031250,0.750000
31740.796875,0.765625
31741.546875,0.750000
31742.281250,0.734375
31743.031250,0.750000
31743.796875,0.765625
31744.546875,0.750000
31745.250000,0.703125
31745.953125,0.703125
31746.671875,0.718750
31747.390625,0.718750
31748.093750,0.703125
31748.812500,0.718750
31749.578125,0.765625
31750.328125,0.750000
31751.062500,0.734375
31751.796875,0.734375
31752.562500,0.765625
31753.343750,0.781250
31754.109375,0.765625
31754.859375,0.750000
31755.609375,0.750000
31756.359375,0.750000
31757.109375,0.750000
31757.875000,0.765625
31758.671875,0.796875
31759.484375,0.812500
31760.296875,0.812500
31761.093750,0.796875
31761.875000,0.781250
31762.640625,0.765625
31763.359375,0.718750
31764.031250,0.671875
31764.718750,0.687500
31765.406250,0.687500
31766.078125,0.671875
31766.765625,0.687500
31767.468750,0.703125
31768.156250,0.687500
31768.859375,0.703125
31769.562500,0.703125
31770.281250,0.718750
31770.984375,0.703125
31771.703125,0.718750
31772.406250,0.703125
31773.093750,0.687500
31773.781250,0.687500
31774.437500,0.656250
31775.093750,0.656250
31775.750000,0.656250
31776.437500,0.687500
31777.140625,0.703125
31777.906250,0.765625
31778.640625,0.734375
31779.375000,0.734375
31780.109375,0.734375
31780.843750,0.734375
31781.562500,0.718750
31782.281250,0.718750
31782.984375,0.703125
31783.718750,0.734375
31784.437500,0.718750
31785.156250,0.718750
31785.875000,0.718750
31786.593750,0.718750
31787.312500,0.718750
31788.046875,0.734375
31788.796875,0.750000
31789.531250,0.734375
31790.250000,0.718750
31791.000000,0.750000
31791.765625,0.765625
31792.515625,0.750000
31793.265625,0.750000
31794.031250,0.765625
31794.781250,0.750000
31795.531250,0.750000
31796.265625,0.734375
31797.000000,0.734375
31797.718750,0.718750
31798.437500,0.718750
31799.187500,0.750000
31799.937500,0.750000
31800.687500,0.750000
31801.453125,0.765625
31802.218750,0.765625
31811.078125,0.671875
31811.750000,0.671875
31812.406250,0.656250
31813.125000,0.718750
31813.921875,0.796875
31814.703125,0.781250
31815.468750,0.765625
31816.187500,0.718750
31816.859375,0.671875
31823.265625,0.687500
31830.250000,0.734375
31831.000000,0.750000
31831.750000,0.750000
31837.750000,0.703125
31838.453125,0.703125
31844.968750,0.843750
31845.796875,0.828125
31846.625000,0.828125
31847.453125,0.828125
31892.812500,0.718750
31893.578125,0.765625
31894.312500,0.734375
31895.046875,0.734375
31895.750000,0.703125
31896.468750,0.718750
31897.203125,0.734375
31897.937500,0.734375
31898.687500,0.750000
31899.453125,0.765625
31900.218750,0.765625
31900.968750,0.750000
31901.718750,0.750000
31902.453125,0.734375
31903.171875,0.718750
31903.890625,0.718750
31904.609375,0.718750
31905.343750,0.734375
31906.093750,0.750000
31906.828125,0.734375
31907.531250,0.703125
31908.203125,0.671875
31908.890625,0.687500
31909.593750,0.703125
31910.406250,0.812500
31911.218750,0.812500
31912.046875,0.828125
31912.890625,0.843750
31913.765625,0.875000
31914.562500,0.796875
31915.343750,0.781250
31916.171875,0.828125
31916.953125,0.781250
31917.750000,0.796875
31918.562500,0.812500
31919.343750,0.781250
31920.125000,0.781250
31920.906250,0.781250
31921.671875,0.765625
31922.421875,0.750000
31923.156250,0.734375
31923.875000,0.718750
31924.609375,0.734375
31925.343750,0.734375
31926.078125,0.734375
31926.812500,0.734375
31927.562500,0.750000
31928.296875,0.734375
31929.062500,0.765625
31929.843750,0.781250
31930.609375,0.765625
31931.375000,0.765625
31932.156250,0.781250
31932.937500,0.781250
31933.718750,0.781250
31934.500000,0.781250
31935.281250,0.781250
31936.062500,0.781250
31936.875000,0.812500
31937.671875,0.796875
31938.468750,0.796875
31939.250000,0.781250
31940.062500,0.812500
31940.843750,0.781250
31941.640625,0.796875
31942.421875,0.781250
31943.218750,0.796875
31943.984375,0.765625
31944.765625,0.781250
31945.562500,0.796875
31946.328125,0.765625
31947.109375,0.781250
31947.968750,0.859375
31948.796875,0.828125
31949.609375,0.812500
31950.406250,0.796875
31951.156250,0.750000
31951.921875,0.765625
31952.687500,0.765625
31953.453125,0.765625
31954.218750,0.765625
31954.984375,0.765625
31955.734375,0.750000
31956.484375,0.750000
31957.234375,0.750000
31958.000000,0.765625
31958.796875,0.796875
31959.578125,0.781250
31960.390625,0.812500
31961.234375,0.843750
31962.031250,0.796875
31962.796875,0.765625
31963.578125,0.781250
31964.328125,0.750000
31965.078125,0.750000
31965.828125,0.750000
31966.609375,0.781250
31967.375000,0.765625
31968.140625,0.765625
31968.906250,0.765625
31969.671875,0.765625
31997.484375,0.718750
31998.203125,0.718750
31998.921875,0.718750
31999.687500,0.765625
32000.468750,0.781250
32001.218750,0.750000
32001.968750,0.750000
32002.703125,0.734375
32003.468750,0.765625
32004.203125,0.734375
32004.906250,0.703125
32005.609375,0.703125
32006.312500,0.703125
32007.000000,0.687500
32007.640625,0.640625
32008.328125,0.687500
32009.046875,0.718750
32009.843750,0.796875
32010.593750,0.750000
32011.328125,0.734375
32012.046875,0.718750
32012.781250,0.734375
32013.484375,0.703125
32014.187500,0.703125
32014.890625,0.703125
32015.578125,0.687500
32016.250000,0.671875
32016.921875,0.671875
32017.593750,0.671875
32018.265625,0.671875
32019.015625,0.750000
32019.750000,0.734375
32020.484375,0.734375
32021.250000,0.765625
32022.015625,0.765625
32022.781250,0.765625
32023.546875,0.765625
32024.328125,0.781250
32025.109375,0.781250
32025.828125,0.718750
32026.515625,0.687500
32027.203125,0.687500
32027.875000,0.671875
32028.546875,0.671875
32029.250000,0.703125
32029.984375,0.734375
32030.718750,0.734375
32031.484375,0.765625
32032.250000,0.765625
32033.046875,0.796875
32033.796875,0.750000
32034.546875,0.750000
32035.312500,0.765625
32036.062500,0.750000
32036.796875,0.734375
32037.531250,0.734375
32038.281250,0.750000
32039.093750,0.812500
32039.890625,0.796875
32040.640625,0.750000
32041.406250,0.765625
32042.203125,0.796875
32042.984375,0.781250
32043.750000,0.765625
32044.515625,0.765625
32045.312500,0.796875
32046.140625,0.828125
32046.953125,0.812500
32047.781250,0.828125
32048.656250,0.875000
32049.484375,0.828125
32050.296875,0.812500
32051.125000,0.828125
32051.937500,0.812500
32052.734375,0.796875
32053.515625,0.781250
32054.312500,0.796875
32055.078125,0.765625
32055.843750,0.765625
32056.593750,0.750000
32057.359375,0.765625
32058.093750,0.734375
32058.843750,0.750000
32059.578125,0.734375
32060.328125,0.750000
32061.062500,0.734375
32061.781250,0.718750
32062.484375,0.703125
32063.171875,0.687500
32063.890625,0.718750
32064.625000,0.734375
32065.328125,0.703125
32066.046875,0.718750
32066.812500,0.765625
32067.593750,0.781250
32068.375000,0.781250
32069.125000,0.750000
32069.875000,0.750000
32070.656250,0.781250
32071.421875,0.765625
32072.187500,0.765625
32072.984375,0.796875
32073.796875,0.812500
32074.609375,0.812500
32075.437500,0.828125
32076.296875,0.859375
32077.140625,0.843750
32077.953125,0.812500
32078.765625,0.812500
32079.593750,0.828125
32080.390625,0.796875
32081.187500,0.796875
32082.000000,0.812500
32082.812500,0.812500
32083.609375,0.796875
32084.421875,0.812500
32085.265625,0.843750
32086.078125,0.812500
32086.875000,0.796875
32087.687500,0.812500
32088.468750,0.781250
32089.234375,0.765625
32090.015625,0.781250
32090.781250,0.765625
32091.531250,0.750000
32092.281250,0.750000
32093.046875,0.765625
32093.781250,0.734375
32094.531250,0.750000
32095.296875,0.765625
32096.046875,0.750000
32096.796875,0.750000
32097.562500,0.765625
32098.343750,0.781250
32099.093750,0.750000
32099.875000,0.781250
32100.640625,0.765625
32101.390625,0.750000
32102.140625,0.750000
32102.875000,0.734375
32103.625000,0.750000
32104.343750,0.718750
32105.062500,0.718750
32105.781250,0.718750
32106.531250,0.750000
32107.281250,0.750000
32108.031250,0.750000
32108.796875,0.765625
32109.562500,0.765625
32110.312500,0.750000
32111.078125,0.765625
32111.859375,0.781250
32112.609375,0.750000
32113.375000,0.765625
32114.156250,0.781250
32114.953125,0.796875
32115.703125,0.750000
32116.484375,0.781250
32117.265625,0.781250
32118.046875,0.781250
32118.796875,0.750000
32119.562500,0.765625
32120.328125,0.765625
32121.093750,0.765625
32121.843750,0.750000
32122.609375,0.765625
32123.406250,0.796875
32124.171875,0.765625
32124.953125,0.781250
32125.734375,0.781250
32126.484375,0.750000
32127.281250,0.796875
32128.109375,0.828125
32128.921875,0.812500
32129.703125,0.781250
32130.484375,0.781250
32131.281250,0.796875
32132.062500,0.781250
32132.828125,0.765625
32133.609375,0.781250
32134.390625,0.781250
32135.140625,0.750000
32135.875000,0.734375
32136.625000,0.750000
32137.359375,0.734375
32138.109375,0.750000
32138.890625,0.781250
32139.718750,0.828125
32140.531250,0.812500
32141.328125,0.796875
32142.125000,0.796875
32142.953125,0.828125
32143.781250,0.828125
32144.578125,0.796875
32145.390625,0.812500
32146.203125,0.812500
32146.968750,0.765625
32147.718750,0.750000
32148.484375,0.765625
32149.234375,0.750000
32149.968750,0.734375
32150.718750,0.750000
32151.484375,0.765625
32152.234375,0.750000
32153.000000,0.765625
32153.781250,0.781250
32154.593750,0.812500
32155.359375,0.765625
32156.093750,0.734375
32156.796875,0.703125
32157.531250,0.734375
32158.281250,0.750000
32159.046875,0.765625
32159.812500,0.765625
32160.578125,0.765625
32161.359375,0.781250
32162.156250,0.796875
32162.921875,0.765625
32163.640625,0.718750
32164.328125,0.687500
32165.015625,0.687500
32165.734375,0.718750
32166.453125,0.718750
32167.156250,0.703125
32167.859375,0.703125
32168.609375,0.750000
32169.328125,0.718750
32170.078125,0.750000
32170.859375,0.781250
32171.640625,0.781250
32172.375000,0.734375
32173.093750,0.718750
32173.843750,0.750000
32174.593750,0.750000
32175.328125,0.734375
32176.078125,0.750000
32176.843750,0.765625
32177.593750,0.750000
32178.343750,0.750000
32179.125000,0.781250
32179.953125,0.828125
32180.734375,0.781250
32181.515625,0.781250
32182.312500,0.796875
32183.109375,0.796875
32183.875000,0.765625
32184.609375,0.734375
32185.359375,0.750000
32186.140625,0.781250
32186.984375,0.843750
32187.796875,0.812500
32188.656250,0.859375
32189.515625,0.859375
32190.359375,0.843750
32191.156250,0.796875
32191.953125,0.796875
32192.750000,0.796875
32193.500000,0.750000
32194.265625,0.765625
32195.031250,0.765625
32195.890625,0.859375
32196.734375,0.843750
32197.578125,0.843750
32198.421875,0.843750
32199.265625,0.843750
32200.062500,0.796875
32200.859375,0.796875
32201.687500,0.828125
32202.515625,0.828125
32203.359375,0.843750
32204.187500,0.828125
32205.015625,0.828125
32205.812500,0.796875
32206.609375,0.796875
32207.421875,0.812500
32208.187500,0.765625
32208.953125,0.765625
32209.703125,0.750000
32210.515625,0.812500
32211.312500,0.796875
32212.125000,0.812500
32212.953125,0.828125
32213.796875,0.843750
32214.593750,0.796875
32215.406250,0.812500
32216.203125,0.796875
32217.000000,0.796875
32217.812500,0.812500
32218.640625,0.828125
32219.453125,0.812500
32220.281250,0.828125
32221.109375,0.828125
32221.937500,0.828125
32222.703125,0.765625
32223.468750,0.765625
32224.234375,0.765625
32225.000000,0.765625
32225.750000,0.750000
32226.515625,0.765625
32227.312500,0.796875
32228.078125,0.765625
32228.812500,0.734375
32229.531250,0.718750
32230.234375,0.703125
32230.984375,0.750000
32231.765625,0.781250
32232.562500,0.796875
32233.328125,0.765625
32234.109375,0.781250
32234.859375,0.750000
32235.640625,0.781250
32236.437500,0.796875
32237.265625,0.828125
32238.078125,0.812500
32238.859375,0.781250
32239.640625,0.781250
32240.421875,0.781250
32241.156250,0.734375
32241.890625,0.734375
32242.625000,0.734375
32243.375000,0.750000
32244.140625,0.765625
32244.937500,0.796875
32245.734375,0.796875
32246.531250,0.796875
32247.328125,0.796875
32248.125000,0.796875
32248.875000,0.750000
32249.640625,0.765625
32250.421875,0.781250
32251.203125,0.781250
32251.984375,0.781250
32252.781250,0.796875
32253.625000,0.843750
32254.437500,0.812500
32255.281250,0.843750
32256.140625,0.859375
32257.015625,0.875000
32257.859375,0.843750
32258.750000,0.890625
32259.656250,0.906250
32260.515625,0.859375
32261.359375,0.843750
32262.203125,0.843750
32263.031250,0.828125
32263.875000,0.843750
32264.750000,0.875000
32265.625000,0.875000
32266.437500,0.812500
32267.281250,0.843750
32268.109375,0.828125
32268.921875,0.812500
32269.734375,0.812500
32270.546875,0.812500
32271.359375,0.812500
32272.140625,0.781250
32272.906250,0.765625
32273.687500,0.781250
32274.453125,0.765625
32275.250000,0.796875
32276.062500,0.812500
32276.875000,0.812500
32277.671875,0.796875
32278.484375,0.812500
32279.250000,0.765625
32280.000000,0.750000
32280.718750,0.718750
32281.437500,0.718750
32282.140625,0.703125
32282.828125,0.687500
32283.484375,0.656250
32284.156250,0.671875
32284.843750,0.687500
32285.593750,0.750000
32286.328125,0.734375
32287.046875,0.718750
32287.812500,0.765625
32288.562500,0.750000
32289.312500,0.750000
32290.062500,0.750000
32290.828125,0.765625
32291.562500,0.734375
32292.312500,0.750000
32293.093750,0.781250
32293.890625,0.796875
32294.671875,0.781250
32295.453125,0.781250
32296.187500,0.734375
32296.968750,0.781250
32297.765625,0.796875
32298.609375,0.843750
32299.421875,0.812500
32300.281250,0.859375
32301.140625,0.859375
32302.015625,0.875000
32302.890625,0.875000
32303.765625,0.875000
32304.609375,0.843750
32305.453125,0.843750
32306.296875,0.843750
32307.109375,0.812500
32307.875000,0.765625
32308.656250,0.781250
32309.468750,0.812500
32310.281250,0.812500
32311.062500,0.781250
32311.843750,0.781250
32312.625000,0.781250
32313.390625,0.765625
32314.156250,0.765625
32314.937500,0.781250
32315.687500,0.750000
32316.437500,0.750000
32317.203125,0.765625
32317.984375,0.781250
32318.765625,0.781250
32319.531250,0.765625
32320.265625,0.734375
32321.000000,0.734375
32321.703125,0.703125
32322.437500,0.734375
32323.203125,0.765625
32323.984375,0.781250
32324.750000,0.765625
32325.531250,0.781250
32326.359375,0.828125
32327.171875,0.812500
32327.968750,0.796875
32328.765625,0.796875
32329.578125,0.812500
32330.343750,0.765625
32331.125000,0.781250
32331.906250,0.781250
32332.671875,0.765625
32333.437500,0.765625
32334.203125,0.765625
32334.953125,0.750000
32335.671875,0.718750
32336.390625,0.718750
32337.125000,0.734375
32337.843750,0.718750
32338.562500,0.718750
32339.281250,0.718750
32340.015625,0.734375
32340.734375,0.718750
32341.453125,0.718750
32342.187500,0.734375
32342.937500,0.750000
32343.671875,0.734375
32344.375000,0.703125
32345.078125,0.703125
32345.765625,0.687500
32346.421875,0.656250
32347.078125,0.656250
32347.734375,0.656250
32361.234375,0.750000
32362.015625,0.781250
32362.828125,0.812500
32363.671875,0.843750
32364.578125,0.906250
32365.390625,0.812500
32366.171875,0.781250
32366.968750,0.796875
32367.796875,0.828125
32373.687500,0.687500
32374.390625,0.703125
32375.078125,0.687500
32375.750000,0.671875
32376.437500,0.687500
32377.093750,0.656250
32377.734375,0.640625
32378.375000,0.640625
32379.031250,0.656250
32379.656250,0.625000
32380.296875,0.640625
32380.968750,0.671875
32381.703125,0.734375
32382.531250,0.828125
32383.328125,0.796875
32384.062500,0.734375
32384.796875,0.734375
32385.531250,0.734375
32386.250000,0.718750
32386.953125,0.703125
32404.671875,0.625000
32405.328125,0.656250
32405.968750,0.640625
32406.625000,0.656250
32416.046875,0.734375
32416.734375,0.687500
32417.437500,0.703125
32418.171875,0.734375
32418.906250,0.734375
32419.609375,0.703125
32420.328125,0.718750
32421.031250,0.703125
32436.984375,0.765625
32445.671875,0.734375
32446.578125,0.906250
32447.421875,0.843750
32448.265625,0.843750
32449.125000,0.859375
32449.921875,0.796875
32450.703125,0.781250
32451.484375,0.781250
32452.218750,0.734375
32452.953125,0.734375
32463.359375,0.750000
32483.890625,0.859375
32484.734375,0.843750
32497.109375,0.718750
32497.812500,0.703125
32498.531250,0.718750
32504.562500,0.812500
32505.437500,0.875000
32506.234375,0.796875
32507.015625,0.781250
32507.828125,0.812500
32508.625000,0.796875
32520.515625,0.781250
32521.296875,0.781250
32522.046875,0.750000
32522.796875,0.750000
32523.546875,0.750000
32524.296875,0.750000
32525.046875,0.750000
32525.796875,0.750000
32526.593750,0.796875
32527.390625,0.796875
32528.187500,0.796875
32529.000000,0.812500
32529.796875,0.796875
32530.562500,0.765625
32531.312500,0.750000
32532.093750,0.781250
32544.265625,0.812500
32545.031250,0.765625
32545.781250,0.750000
32546.546875,0.765625
32547.328125,0.781250
32548.125000,0.796875
32548.890625,0.765625
32549.640625,0.750000
32550.390625,0.750000
32551.171875,0.781250
32551.937500,0.765625
32552.703125,0.765625
32553.500000,0.796875
32554.281250,0.781250
32555.046875,0.765625
32555.812500,0.765625
32556.609375,0.796875
32557.406250,0.796875
32558.171875,0.765625
32558.937500,0.765625
32559.718750,0.781250
32560.484375,0.765625
32561.234375,0.750000
32562.015625,0.781250
32562.750000,0.734375
32563.484375,0.734375
32564.234375,0.750000
32564.984375,0.750000
32572.843750,0.687500
32573.515625,0.671875
32581.812500,0.734375
32582.531250,0.718750
32583.265625,0.734375
32584.031250,0.765625
32584.781250,0.750000
32585.515625,0.734375
32586.250000,0.734375
32587.000000,0.750000
32587.718750,0.718750
32588.453125,0.734375
32589.171875,0.718750
32589.906250,0.734375
32590.640625,0.734375
32591.390625,0.750000
32592.171875,0.781250
32593.000000,0.828125
32593.812500,0.812500
32594.656250,0.843750
32595.515625,0.859375
32596.343750,0.828125
32597.140625,0.796875
32597.937500,0.796875
32598.718750,0.781250
32599.500000,0.781250
32600.281250,0.781250
32601.078125,0.796875
32601.875000,0.796875
32602.656250,0.781250
32603.406250,0.750000
32604.156250,0.750000
32604.890625,0.734375
32605.625000,0.734375
32606.343750,0.718750
32607.125000,0.781250
32607.921875,0.796875
32608.687500,0.765625
32609.468750,0.781250
32610.234375,0.765625
32611.015625,0.781250
32611.781250,0.765625
32612.546875,0.765625
32613.312500,0.765625
32614.078125,0.765625
32614.796875,0.718750
32615.515625,0.718750
32616.218750,0.703125
32616.921875,0.703125
32617.625000,0.703125
32618.343750,0.718750
32619.125000,0.781250
32619.953125,0.828125
32620.765625,0.812500
32621.531250,0.765625
32622.312500,0.781250
32623.078125,0.765625
32623.828125,0.750000
32624.562500,0.734375
32625.312500,0.750000
32626.062500,0.750000
32626.812500,0.750000
32627.562500,0.750000
32628.343750,0.781250
32629.156250,0.812500
32629.937500,0.781250
32630.703125,0.765625
32631.484375,0.781250
32632.281250,0.796875
32633.046875,0.765625
32633.796875,0.750000
32634.531250,0.734375
32635.281250,0.750000
32636.031250,0.750000
32636.750000,0.718750
32637.500000,0.750000
32638.250000,0.750000
32639.015625,0.765625
32639.750000,0.734375
32640.515625,0.765625
32641.312500,0.796875
32642.062500,0.750000
32642.796875,0.734375
32643.531250,0.734375
32644.265625,0.734375
32644.984375,0.718750
32645.687500,0.703125
32646.390625,0.703125
32647.093750,0.703125
32647.812500,0.718750
32648.515625,0.703125
32649.234375,0.718750
32649.984375,0.750000
32650.765625,0.781250
32651.531250,0.765625
32652.296875,0.765625
32653.062500,0.765625
32653.812500,0.750000
32654.515625,0.703125
32655.187500,0.671875
32655.859375,0.671875
32656.562500,0.703125
32657.343750,0.781250
32658.156250,0.812500
32658.953125,0.796875
32659.750000,0.796875
32660.515625,0.765625
32661.281250,0.765625
32662.031250,0.750000
32662.765625,0.734375
32663.468750,0.703125
32664.171875,0.703125
32664.875000,0.703125
32665.578125,0.703125
32666.296875,0.718750
32667.062500,0.765625
32667.875000,0.812500
32668.671875,0.796875
32669.421875,0.750000
32670.171875,0.750000
32670.937500,0.765625
32671.687500,0.750000
32672.421875,0.734375
32673.187500,0.765625
32673.968750,0.781250
32674.750000,0.781250
32675.515625,0.765625
32676.281250,0.765625
32677.031250,0.750000
32677.750000,0.718750
32678.484375,0.734375
32679.218750,0.734375
32679.984375,0.765625
32680.734375,0.750000
32681.500000,0.765625
32682.281250,0.781250
32683.062500,0.781250
32683.828125,0.765625
32684.593750,0.765625
32685.343750,0.750000
32686.062500,0.718750
32686.781250,0.718750
32687.531250,0.750000
32688.312500,0.781250
32689.093750,0.781250
32689.906250,0.812500
32690.734375,0.828125
32691.546875,0.812500
32692.375000,0.828125
32693.187500,0.812500
32693.968750,0.781250
32694.750000,0.781250
32695.531250,0.781250
32696.296875,0.765625
32697.046875,0.750000
32697.796875,0.750000
32698.578125,0.781250
32699.343750,0.765625
32700.109375,0.765625
32700.875000,0.765625
32701.640625,0.765625
32702.390625,0.750000
32703.140625,0.750000
32703.875000,0.734375
32704.593750,0.718750
32705.296875,0.703125
32706.015625,0.718750
32706.765625,0.750000
32707.500000,0.734375
32708.234375,0.734375
32708.968750,0.734375
32709.718750,0.750000
32710.437500,0.718750
32711.187500,0.750000
32711.921875,0.734375
32712.640625,0.718750
32713.375000,0.734375
32714.125000,0.750000
32714.859375,0.734375
32715.593750,0.734375
32716.328125,0.734375
32717.062500,0.734375
32717.781250,0.718750
32718.531250,0.750000
32719.281250,0.750000
32720.062500,0.781250
32720.812500,0.750000
32721.562500,0.750000
32722.312500,0.750000
32723.062500,0.750000
32723.796875,0.734375
32724.562500,0.765625
32725.296875,0.734375
32726.062500,0.765625
32726.828125,0.765625
32727.578125,0.750000
32728.312500,0.734375
32729.062500,0.750000
32729.828125,0.765625
32730.609375,0.781250
32731.359375,0.750000
32732.125000,0.765625
32732.906250,0.781250
32733.640625,0.734375
32734.375000,0.734375
32735.093750,0.718750
32735.828125,0.734375
32736.546875,0.718750
32737.265625,0.718750
32738.000000,0.734375
32738.734375,0.734375
32739.453125,0.718750
32740.156250,0.703125
32740.859375,0.703125
32741.546875,0.687500
32742.234375,0.687500
32742.953125,0.718750
32743.687500,0.734375
32744.421875,0.734375
32745.171875,0.750000
32745.953125,0.781250
32746.734375,0.781250
32747.500000,0.765625
32748.250000,0.750000
32749.015625,0.765625
32749.781250,0.765625
32750.546875,0.765625
32751.296875,0.750000
32752.062500,0.765625
32752.796875,0.734375
32753.562500,0.765625
32754.343750,0.781250
32755.125000,0.781250
32755.906250,0.781250
32756.703125,0.796875
32757.484375,0.781250
32758.265625,0.781250
32759.031250,0.765625
32759.796875,0.765625
32760.515625,0.718750
32761.218750,0.703125
32761.906250,0.687500
32762.546875,0.640625
32763.187500,0.640625
32763.859375,0.671875
32764.593750,0.734375
32765.453125,0.859375
32775.593750,0.625000
32776.250000,0.656250
32776.921875,0.671875
32777.609375,0.687500
32778.296875,0.687500
32779.046875,0.750000
32779.843750,0.796875
32780.593750,0.750000
32781.343750,0.750000
32782.125000,0.781250
32782.921875,0.796875
32783.687500,0.765625
32784.453125,0.765625
32785.234375,0.781250
32786.000000,0.765625
32786.750000,0.750000
32787.531250,0.781250
32788.281250,0.750000
32789.031250,0.750000
32789.781250,0.750000
32816.671875,0.718750
32817.437500,0.765625
32818.250000,0.812500
32819.109375,0.859375
32820.031250,0.921875
32820.968750,0.937500
32821.890625,0.921875
32822.781250,0.890625
32823.578125,0.796875
32824.359375,0.781250
32825.140625,0.781250
32825.921875,0.781250
32837.062500,0.734375
32837.828125,0.765625
32838.640625,0.812500
32839.468750,0.828125
32840.234375,0.765625
32840.984375,0.750000
32841.703125,0.718750
32842.437500,0.734375
32843.187500,0.750000
32843.968750,0.781250
32850.734375,0.687500
32851.406250,0.671875
32859.000000,0.781250
32859.765625,0.765625
32860.515625,0.750000
32861.296875,0.781250
32862.093750,0.796875
32862.843750,0.750000
32863.546875,0.703125
32864.265625,0.718750
32864.984375,0.718750
32865.718750,0.734375
32937.234375,0.656250
32937.890625,0.656250
32938.546875,0.656250
32939.218750,0.671875
32939.890625,0.671875
32940.546875,0.656250
32941.203125,0.656250
32941.859375,0.656250
32942.500000,0.640625
32943.125000,0.625000
32943.765625,0.640625
32944.453125,0.687500
32945.171875,0.718750
32945.875000,0.703125
32946.562500,0.687500
32989.671875,0.765625
32990.421875,0.750000
32991.156250,0.734375
32991.921875,0.765625
32992.734375,0.812500
32993.515625,0.781250
32994.281250,0.765625
32995.046875,0.765625
32995.812500,0.765625
32996.562500,0.750000
32997.328125,0.765625
32998.093750,0.765625
32998.843750,0.750000
32999.609375,0.765625
33000.375000,0.765625
33001.218750,0.843750
33002.015625,0.796875
33002.765625,0.750000
33003.500000,0.734375
33004.203125,0.703125
33004.890625,0.687500
33005.578125,0.687500
33006.265625,0.687500
33007.000000,0.734375
33007.812500,0.812500
33008.781250,0.968750
33009.765625,0.984375
33010.640625,0.875000
33011.484375,0.843750
33012.359375,0.875000
33013.265625,0.906250
33014.093750,0.828125
33014.906250,0.812500
33015.750000,0.843750
33016.562500,0.812500
33017.359375,0.796875
33018.203125,0.843750
33019.062500,0.859375
33019.890625,0.828125
33020.765625,0.875000
33021.609375,0.843750
33022.421875,0.812500
33023.218750,0.796875
33024.031250,0.812500
33024.812500,0.781250
33025.593750,0.781250
33026.421875,0.828125
33027.218750,0.796875
33028.000000,0.781250
33028.781250,0.781250
33029.546875,0.765625
33030.281250,0.734375
33030.968750,0.687500
33031.640625,0.671875
33032.343750,0.703125
33033.046875,0.703125
33033.781250,0.734375
33034.531250,0.750000
33035.312500,0.781250
33036.125000,0.812500
33036.906250,0.781250
33037.703125,0.796875
33038.515625,0.812500
33039.281250,0.765625
33040.046875,0.765625
33040.812500,0.765625
33041.625000,0.812500
33042.546875,0.921875
33043.421875,0.875000
33044.265625,0.843750
33062.015625,0.906250
33062.859375,0.843750
33063.656250,0.796875
33064.468750,0.812500
33065.328125,0.859375
33066.265625,0.937500
33075.171875,0.828125
33075.968750,0.796875
33076.765625,0.796875
33077.546875,0.781250
33078.296875,0.750000
33079.015625,0.718750
33079.734375,0.718750
33080.468750,0.734375
33081.187500,0.718750
33081.906250,0.718750
33082.625000,0.718750
33083.359375,0.734375
33084.078125,0.718750
33084.796875,0.718750
33085.546875,0.750000
33086.296875,0.750000
33087.046875,0.750000
33087.828125,0.781250
33088.625000,0.796875
33089.406250,0.781250
33090.218750,0.812500
33091.031250,0.812500
33091.859375,0.828125
33092.671875,0.812500
33093.484375,0.812500
33094.312500,0.828125
33095.109375,0.796875
33095.906250,0.796875
33096.781250,0.875000
33097.609375,0.828125
33098.406250,0.796875
33099.234375,0.828125
33100.046875,0.812500
33100.843750,0.796875
33101.640625,0.796875
33102.437500,0.796875
33103.218750,0.781250
33104.031250,0.812500
33104.843750,0.812500
33105.625000,0.781250
33106.406250,0.781250
33107.156250,0.750000
33107.906250,0.750000
33108.640625,0.734375
33109.390625,0.750000
33110.171875,0.781250
33110.953125,0.781250
33111.718750,0.765625
33112.484375,0.765625
33113.250000,0.765625
33114.000000,0.750000
33114.734375,0.734375
33115.468750,0.734375
33116.203125,0.734375
33116.921875,0.718750
33117.656250,0.734375
33118.421875,0.765625
33119.171875,0.750000
33119.937500,0.765625
33120.703125,0.765625
33121.468750,0.765625
33122.234375,0.765625
33122.968750,0.734375
33123.703125,0.734375
33124.437500,0.734375
33125.203125,0.765625
33125.968750,0.765625
33126.734375,0.765625
33127.484375,0.750000
33128.218750,0.734375
33128.968750,0.750000
33129.703125,0.734375
33130.453125,0.750000
33131.218750,0.765625
33132.000000,0.781250
33132.796875,0.796875
33133.562500,0.765625
33134.343750,0.781250
33135.093750,0.750000
33135.828125,0.734375
33136.562500,0.734375
33137.296875,0.734375
33138.031250,0.734375
33138.734375,0.703125
33139.421875,0.687500
33140.125000,0.703125
33140.828125,0.703125
33141.531250,0.703125
33142.296875,0.765625
33143.125000,0.828125
33144.000000,0.875000
33144.812500,0.812500
33145.593750,0.781250
33146.375000,0.781250
33147.140625,0.765625
33147.906250,0.765625
33148.656250,0.750000
33149.468750,0.812500
33150.265625,0.796875
33151.078125,0.812500
33151.906250,0.828125
33152.750000,0.843750
33153.593750,0.843750
33154.390625,0.796875
33155.218750,0.828125
33156.046875,0.828125
33156.859375,0.812500
33157.640625,0.781250
33158.437500,0.796875
33159.234375,0.796875
33160.015625,0.781250
33160.796875,0.781250
33161.593750,0.796875
33162.390625,0.796875
33163.203125,0.812500
33163.984375,0.781250
33164.718750,0.734375
33165.437500,0.718750
33166.109375,0.671875
33166.796875,0.687500
33167.484375,0.687500
33168.203125,0.718750
33168.953125,0.750000
33169.734375,0.781250
33170.468750,0.734375
33171.218750,0.750000
33171.984375,0.765625
33172.796875,0.812500
33173.609375,0.812500
33174.421875,0.812500
33175.218750,0.796875
33176.000000,0.781250
33176.796875,0.796875
33177.562500,0.765625
33178.312500,0.750000
33179.062500,0.750000
33179.843750,0.781250
33180.578125,0.734375
33181.343750,0.765625
33182.140625,0.796875
33182.953125,0.812500
33183.718750,0.765625
33184.500000,0.781250
33185.281250,0.781250
33186.062500,0.781250
33186.812500,0.750000
33187.593750,0.781250
33188.359375,0.765625
33189.140625,0.781250
33189.937500,0.796875
33190.750000,0.812500
33191.593750,0.843750
33192.390625,0.796875
33193.171875,0.781250
33193.953125,0.781250
33194.765625,0.812500
33195.578125,0.812500
33196.359375,0.781250
33197.140625,0.781250
33197.937500,0.796875
33198.734375,0.796875
33199.531250,0.796875
33200.343750,0.812500
33201.125000,0.781250
33201.906250,0.781250
33202.687500,0.781250
33203.500000,0.812500
33204.265625,0.765625
33205.046875,0.781250
33205.875000,0.828125
33206.656250,0.781250
33207.437500,0.781250
33208.234375,0.796875
33209.062500,0.828125
33209.921875,0.859375
33210.781250,0.859375
33211.562500,0.781250
33212.343750,0.781250
33213.093750,0.750000
33213.828125,0.734375
33214.593750,0.765625
33215.390625,0.796875
33216.375000,0.984375
33217.296875,0.921875
33218.140625,0.843750
33218.906250,0.765625
33219.703125,0.796875
33220.531250,0.828125
33221.390625,0.859375
33222.265625,0.875000
33223.156250,0.890625
33224.046875,0.890625
33224.890625,0.843750
33225.671875,0.781250
33226.437500,0.765625
33227.187500,0.750000
33227.937500,0.750000
33228.671875,0.734375
33229.437500,0.765625
33230.265625,0.828125
33231.062500,0.796875
33231.812500,0.750000
33232.578125,0.765625
33233.359375,0.781250
33234.156250,0.796875
33234.937500,0.781250
33235.703125,0.765625
33236.453125,0.750000
33237.218750,0.765625
33238.015625,0.796875
33238.812500,0.796875
33239.578125,0.765625
33240.359375,0.781250
33241.156250,0.796875
33241.906250,0.750000
33242.640625,0.734375
33243.406250,0.765625
33244.171875,0.765625
33244.921875,0.750000
33245.625000,0.703125
33246.312500,0.687500
33246.984375,0.671875
33247.671875,0.687500
33248.406250,0.734375
33276.593750,0.750000
33277.375000,0.781250
33278.156250,0.781250
33278.890625,0.734375
33279.625000,0.734375
33280.359375,0.734375
33281.109375,0.750000
33281.906250,0.796875
33282.718750,0.812500
33283.593750,0.875000
33284.484375,0.890625
33285.328125,0.843750
33286.218750,0.890625
33287.078125,0.859375
33287.890625,0.812500
33288.687500,0.796875
33289.484375,0.796875
33290.281250,0.796875
33291.125000,0.843750
33292.078125,0.953125
33292.937500,0.859375
33293.859375,0.921875
33294.812500,0.953125
33295.703125,0.890625
33296.593750,0.890625
33297.453125,0.859375
33298.265625,0.812500
33299.109375,0.843750
33299.984375,0.875000
33300.859375,0.875000
33301.734375,0.875000
33302.609375,0.875000
33303.500000,0.890625
33304.359375,0.859375
33305.156250,0.796875
33305.968750,0.812500
33306.796875,0.828125
33307.593750,0.796875
33308.406250,0.812500
33309.250000,0.843750
33310.078125,0.828125
33310.906250,0.828125
33311.718750,0.812500
33312.531250,0.812500
33313.328125,0.796875
33314.125000,0.796875
33314.921875,0.796875
33315.703125,0.781250
33316.484375,0.781250
33317.296875,0.812500
33318.093750,0.796875
33318.921875,0.828125
33319.734375,0.812500
33320.562500,0.828125
33321.375000,0.812500
33322.140625,0.765625
33322.921875,0.781250
33323.734375,0.812500
33324.562500,0.828125
33325.375000,0.812500
33326.250000,0.875000
33338.031250,0.609375
33338.609375,0.578125
33339.218750,0.609375
33339.812500,0.593750
33340.406250,0.593750
33341.000000,0.593750
33341.578125,0.578125
33342.171875,0.593750
33342.781250,0.609375
33343.390625,0.609375
33344.000000,0.609375
33344.640625,0.640625
33345.359375,0.718750
33346.156250,0.796875
33346.921875,0.765625
33347.531250,0.609375
33348.375000,0.843750
33367.109375,0.781250
33367.859375,0.750000
33375.578125,0.812500
33376.390625,0.812500
33377.218750,0.828125
33378.015625,0.796875
33387.734375,0.796875
33397.375000,0.781250
33398.171875,0.796875
33399.000000,0.828125
33417.593750,0.828125
33418.437500,0.843750
33425.078125,0.875000
33426.015625,0.937500
33426.875000,0.859375
33427.734375,0.859375
33428.640625,0.906250
33429.562500,0.921875
33430.437500,0.875000
33431.328125,0.890625
33432.218750,0.890625
33433.109375,0.890625
33433.937500,0.828125
33434.765625,0.828125
33435.625000,0.859375
33436.437500,0.812500
33437.265625,0.828125
33438.171875,0.906250
33439.093750,0.921875
33439.953125,0.859375
33440.796875,0.843750
33441.640625,0.843750
33442.437500,0.796875
33443.218750,0.781250
33444.000000,0.781250
33444.796875,0.796875
33445.625000,0.828125
33446.437500,0.812500
33447.296875,0.859375
33448.140625,0.843750
33448.984375,0.843750
33449.796875,0.812500
33450.625000,0.828125
33451.500000,0.875000
33452.375000,0.875000
33453.203125,0.828125
33454.015625,0.812500
33454.875000,0.859375
33455.765625,0.890625
33456.640625,0.875000
33457.453125,0.812500
33458.218750,0.765625
33458.953125,0.734375
33459.703125,0.750000
33460.484375,0.781250
33461.312500,0.828125
33462.171875,0.859375
33463.046875,0.875000
33463.890625,0.843750
33464.687500,0.796875
33465.453125,0.765625
33466.218750,0.765625
33466.984375,0.765625
33467.765625,0.781250
33468.546875,0.781250
33469.359375,0.812500
33470.203125,0.843750
33471.093750,0.890625
33471.953125,0.859375
33472.812500,0.859375
33482.031250,0.765625
33482.843750,0.812500
33483.671875,0.828125
33484.453125,0.781250
33485.234375,0.781250
33486.015625,0.781250
33486.796875,0.781250
33487.546875,0.750000
33488.281250,0.734375
33489.046875,0.765625
33489.828125,0.781250
33490.625000,0.796875
33491.406250,0.781250
33492.187500,0.781250
33492.984375,0.796875
33493.765625,0.781250
33494.531250,0.765625
33495.312500,0.781250
33496.109375,0.796875
33496.890625,0.781250
33497.687500,0.796875
33506.296875,0.796875
33507.078125,0.781250
33507.875000,0.796875
33508.687500,0.812500
33509.484375,0.796875
33510.281250,0.796875
33511.109375,0.828125
33511.937500,0.828125
33512.734375,0.796875
33513.546875,0.812500
33514.343750,0.796875
33515.156250,0.812500
33515.953125,0.796875
33516.781250,0.828125
33517.640625,0.859375
33518.484375,0.843750
33519.312500,0.828125
33520.140625,0.828125
33520.968750,0.828125
33521.765625,0.796875
33522.562500,0.796875
33523.359375,0.796875
33524.140625,0.781250
33524.890625,0.750000
33525.671875,0.781250
33526.468750,0.796875
33527.296875,0.828125
33528.125000,0.828125
33528.984375,0.859375
33529.859375,0.875000
33530.687500,0.828125
33531.484375,0.796875
33532.296875,0.812500
33533.109375,0.812500
33542.015625,0.734375
33542.765625,0.750000
33543.546875,0.781250
33544.375000,0.828125
33545.218750,0.843750
33546.031250,0.812500
33546.875000,0.843750
33547.703125,0.828125
33548.546875,0.843750
33549.359375,0.812500
33550.203125,0.843750
33551.093750,0.890625
33551.953125,0.859375
33552.765625,0.812500
33553.593750,0.828125
33554.437500,0.843750
33561.375000,0.734375
33562.109375,0.734375
33562.843750,0.734375
33563.593750,0.750000
33564.328125,0.734375
33565.078125,0.750000
33573.296875,0.734375
33596.468750,0.750000
33607.187500,0.718750
33607.859375,0.671875
33608.593750,0.734375
33609.359375,0.765625
33616.593750,0.812500
33617.375000,0.781250
33618.187500,0.812500
33619.015625,0.828125
33619.906250,0.890625
33626.671875,0.812500
33627.484375,0.812500
33628.359375,0.875000
33638.031250,0.843750
33638.843750,0.812500
33639.671875,0.828125
33640.531250,0.859375
33641.390625,0.859375
33642.281250,0.890625
33643.140625,0.859375
33644.000000,0.859375
33644.843750,0.843750
33645.687500,0.843750
33646.468750,0.781250
33647.265625,0.796875
33648.062500,0.796875
33648.859375,0.796875
33649.656250,0.796875
33650.453125,0.796875
33651.250000,0.796875
33652.046875,0.796875
33652.843750,0.796875
33653.656250,0.812500
33654.437500,0.781250
33655.218750,0.781250
33664.640625,0.687500
33665.359375,0.718750
33666.078125,0.718750
33666.796875,0.718750
33667.562500,0.765625
33668.359375,0.796875
33669.156250,0.796875
33669.937500,0.781250
33670.765625,0.828125
33671.609375,0.843750
33672.421875,0.812500
33673.218750,0.796875
33674.062500,0.843750
33674.890625,0.828125
33675.703125,0.812500
33676.515625,0.812500
33677.359375,0.843750
33678.171875,0.812500
33678.968750,0.796875
33679.781250,0.812500
33680.593750,0.812500
33681.406250,0.812500
33682.187500,0.781250
33682.984375,0.796875
33683.796875,0.812500
33684.625000,0.828125
33685.406250,0.781250
33686.218750,0.812500
33687.046875,0.828125
33687.875000,0.828125
33688.687500,0.812500
33689.546875,0.859375
33690.406250,0.859375
33691.250000,0.843750
33692.078125,0.828125
33692.906250,0.828125
33693.750000,0.843750
33694.578125,0.828125
33695.437500,0.859375
33696.343750,0.906250
33697.343750,1.000000
33698.265625,0.921875
33699.187500,0.921875
33700.125000,0.937500
33701.031250,0.906250
33701.859375,0.828125
33702.671875,0.812500
33703.468750,0.796875
33704.265625,0.796875
33705.046875,0.781250
33705.796875,0.750000
33706.578125,0.781250
33707.437500,0.859375
33708.328125,0.890625
33709.171875,0.843750
33710.031250,0.859375
33710.875000,0.843750
33711.671875,0.796875
33712.453125,0.781250
33713.234375,0.781250
33714.031250,0.796875
33714.812500,0.781250
33715.562500,0.750000
33716.328125,0.765625
33717.109375,0.781250
33717.890625,0.781250
33718.656250,0.765625
33719.453125,0.796875
33720.265625,0.812500
33721.078125,0.812500
33721.859375,0.781250
33722.640625,0.781250
33723.406250,0.765625
33724.203125,0.796875
33724.968750,0.765625
33725.718750,0.750000
33726.484375,0.765625
33727.234375,0.750000
33734.453125,0.859375
33735.265625,0.812500
33736.062500,0.796875
33736.843750,0.781250
33737.640625,0.796875
33738.406250,0.765625
33739.171875,0.765625
33739.953125,0.781250
33740.734375,0.781250
33741.515625,0.781250
33742.328125,0.812500
33743.156250,0.828125
33743.984375,0.828125
33744.781250,0.796875
33745.593750,0.812500
33746.406250,0.812500
33747.203125,0.796875
33747.968750,0.765625
33748.781250,0.812500
33749.562500,0.781250
33750.359375,0.796875
33751.109375,0.750000
33751.890625,0.781250
33752.703125,0.812500
33753.531250,0.828125
33754.328125,0.796875
33755.140625,0.812500
33755.953125,0.812500
33756.734375,0.781250
33757.500000,0.765625
33758.296875,0.796875
33759.140625,0.843750
33759.953125,0.812500
33760.750000,0.796875
33761.515625,0.765625
33762.296875,0.781250
33763.078125,0.781250
33763.906250,0.828125
33764.687500,0.781250
33765.453125,0.765625
33766.203125,0.750000
33766.953125,0.750000
33767.734375,0.781250
33768.500000,0.765625
33769.250000,0.750000
33770.015625,0.765625
33770.812500,0.796875
33771.671875,0.859375
33772.609375,0.937500
33773.468750,0.859375
33774.312500,0.843750
33775.171875,0.859375
33776.015625,0.843750
33776.843750,0.828125
33777.671875,0.828125
33778.531250,0.859375
33779.406250,0.875000
33780.234375,0.828125
33781.062500,0.828125
33781.890625,0.828125
33782.718750,0.828125
33783.515625,0.796875
33784.328125,0.812500
33785.140625,0.812500
33785.984375,0.843750
33786.796875,0.812500
33787.625000,0.828125
33788.484375,0.859375
33789.375000,0.890625
33790.203125,0.828125
33791.000000,0.796875
33791.812500,0.812500
33792.609375,0.796875
33793.375000,0.765625
33794.140625,0.765625
33794.921875,0.781250
33795.718750,0.796875
33813.000000,0.750000
33813.765625,0.765625
33814.531250,0.765625
33815.328125,0.796875
33816.109375,0.781250
33822.703125,0.734375
33823.453125,0.750000
33824.250000,0.796875
33825.046875,0.796875
33825.843750,0.796875
33826.593750,0.750000
33827.359375,0.765625
33828.140625,0.781250
33828.953125,0.812500
33829.718750,0.765625
33830.515625,0.796875
33831.312500,0.796875
33832.125000,0.812500
33832.937500,0.812500
33833.703125,0.765625
33834.515625,0.812500
33840.937500,0.796875
33841.734375,0.796875
33842.531250,0.796875
33843.328125,0.796875
33844.109375,0.781250
33844.921875,0.812500
33845.625000,0.703125
33846.515625,0.890625
33847.296875,0.781250
33848.093750,0.796875
33848.843750,0.750000
33849.718750,0.875000
33850.500000,0.781250
33851.312500,0.812500
33852.140625,0.828125
33852.953125,0.812500
33865.625000,0.781250
33866.406250,0.781250
33874.406250,0.718750
33875.125000,0.718750
33875.968750,0.843750
33876.906250,0.937500
33877.890625,0.984375
33878.921875,1.031250
33879.843750,0.921875
33880.718750,0.875000
33881.515625,0.796875
33882.343750,0.828125
33883.203125,0.859375
33884.078125,0.875000
33884.968750,0.890625
33885.875000,0.906250
33886.765625,0.890625
33887.656250,0.890625
33888.500000,0.843750
33889.312500,0.812500
33890.125000,0.812500
33890.953125,0.828125
33891.781250,0.828125
33892.593750,0.812500
33893.375000,0.781250
33894.140625,0.765625
33894.921875,0.781250
33895.703125,0.781250
33896.500000,0.796875
33897.296875,0.796875
33898.093750,0.796875
33898.890625,0.796875
33966.078125,0.687500
33966.781250,0.703125
33967.500000,0.718750
33968.234375,0.734375
33968.968750,0.734375
33969.687500,0.718750
33975.796875,0.671875
33976.484375,0.687500
33977.156250,0.671875
33977.828125,0.671875
33978.484375,0.656250
33979.156250,0.671875
33979.859375,0.703125
33980.562500,0.703125
33991.093750,0.703125
34001.218750,0.687500
34001.875000,0.656250
34002.578125,0.703125
34013.875000,0.812500
34014.687500,0.812500
34015.562500,0.875000
34016.421875,0.859375
34017.218750,0.796875
34018.015625,0.796875
34018.812500,0.796875
34019.609375,0.796875
34020.375000,0.765625
34021.140625,0.765625
34021.921875,0.781250
34022.718750,0.796875
34023.515625,0.796875
34024.250000,0.734375
34024.968750,0.718750
34025.718750,0.750000
34026.468750,0.750000
34027.281250,0.812500
34028.125000,0.843750
34029.031250,0.906250
34029.921875,0.890625
34030.750000,0.828125
34031.562500,0.812500
34032.359375,0.796875
34033.109375,0.750000
34033.859375,0.750000
34034.671875,0.812500
34035.593750,0.921875
34036.515625,0.921875
34037.359375,0.843750
34038.203125,0.843750
34047.218750,0.703125
34047.906250,0.687500
34048.593750,0.687500
34049.296875,0.703125
34050.015625,0.718750
34050.750000,0.734375
34051.484375,0.734375
34052.281250,0.796875
34053.031250,0.750000
34053.765625,0.734375
34054.500000,0.734375
34055.265625,0.765625
34056.000000,0.734375
34056.703125,0.703125
34057.437500,0.734375
34058.203125,0.765625
34058.937500,0.734375
34059.687500,0.750000
34060.437500,0.750000
34061.203125,0.765625
34061.937500,0.734375
34062.687500,0.750000
34069.687500,0.703125
34070.453125,0.765625
34071.203125,0.750000
34071.921875,0.718750
34072.640625,0.718750
34073.390625,0.750000
34074.140625,0.750000
34074.859375,0.718750
34075.609375,0.750000
34076.359375,0.750000
34077.125000,0.765625
34077.859375,0.734375
34078.609375,0.750000
34079.375000,0.765625
34080.109375,0.734375
34080.843750,0.734375
34081.578125,0.734375
34082.312500,0.734375
34083.078125,0.765625
34083.828125,0.750000
34084.593750,0.765625
34085.375000,0.781250
34086.156250,0.781250
34086.921875,0.765625
34087.671875,0.750000
34088.468750,0.796875
34089.250000,0.781250
34090.000000,0.750000
34090.765625,0.765625
34091.531250,0.765625
34092.265625,0.734375
34092.984375,0.718750
34093.703125,0.718750
34094.406250,0.703125
34095.140625,0.734375
34095.843750,0.703125
34096.546875,0.703125
34097.218750,0.671875
34097.890625,0.671875
34098.546875,0.656250
34099.218750,0.671875
34099.921875,0.703125
34100.640625,0.718750
34101.375000,0.734375
34102.093750,0.718750
34102.859375,0.765625
34103.656250,0.796875
34104.437500,0.781250
34105.218750,0.781250
34106.015625,0.796875
34106.765625,0.750000
34107.500000,0.734375
34108.265625,0.765625
34109.046875,0.781250
34109.828125,0.781250
34110.609375,0.781250
34111.421875,0.812500
34112.218750,0.796875
34113.015625,0.796875
34113.812500,0.796875
34114.671875,0.859375
34115.484375,0.812500
34116.296875,0.812500
34117.109375,0.812500
34117.921875,0.812500
34118.687500,0.765625
34119.453125,0.765625
34120.234375,0.781250
34121.000000,0.765625
34121.765625,0.765625
34122.562500,0.796875
34123.359375,0.796875
34124.140625,0.781250
34124.953125,0.812500
34125.781250,0.828125
34126.593750,0.812500
34127.375000,0.781250
34128.171875,0.796875
34128.984375,0.812500
34129.765625,0.781250
34130.531250,0.765625
34131.296875,0.765625
34132.078125,0.781250
34132.859375,0.781250
34133.656250,0.796875
34134.484375,0.828125
34135.281250,0.796875
34136.062500,0.781250
34160.703125,0.609375
34161.328125,0.625000
34161.953125,0.625000
34162.609375,0.656250
34173.812500,0.656250
34174.437500,0.625000
34217.875000,0.640625
34218.531250,0.656250
34219.156250,0.625000
34219.828125,0.671875
34220.515625,0.687500
34221.187500,0.671875
34221.859375,0.671875
34222.531250,0.671875
34246.687500,0.671875
34247.375000,0.687500
34248.031250,0.656250
34248.671875,0.640625
34249.359375,0.687500
34250.093750,0.734375
34250.812500,0.718750
34251.515625,0.703125
34252.234375,0.718750
34252.937500,0.703125
34253.625000,0.687500
34254.296875,0.671875
34255.015625,0.718750
34255.703125,0.687500
34256.390625,0.687500
34257.093750,0.703125
34257.812500,0.718750
34258.500000,0.687500
34259.218750,0.718750
34259.921875,0.703125
34260.625000,0.703125
34261.296875,0.671875
34261.968750,0.671875
34262.625000,0.656250
34263.281250,0.656250
34263.921875,0.640625
34264.546875,0.625000
34265.156250,0.609375
34265.796875,0.640625
34266.359375,0.562500
34266.953125,0.593750
34282.187500,0.640625
34282.828125,0.640625
34283.484375,0.656250
34284.140625,0.656250
34284.781250,0.640625
34285.468750,0.687500
34286.156250,0.687500
34286.859375,0.703125
34287.578125,0.718750
34288.312500,0.734375
34289.062500,0.750000
34289.812500,0.750000
34290.546875,0.734375
34291.281250,0.734375
34292.000000,0.718750
34292.687500,0.687500
34293.375000,0.687500
34294.062500,0.687500
34294.765625,0.703125
34295.484375,0.718750
34296.250000,0.765625
34297.046875,0.796875
34297.890625,0.843750
34304.265625,0.750000
34304.984375,0.718750
34305.687500,0.703125
34306.421875,0.734375
34307.203125,0.781250
34308.000000,0.796875
34308.781250,0.781250
34309.625000,0.843750
34310.437500,0.812500
34311.234375,0.796875
34312.046875,0.812500
34312.875000,0.828125
34313.640625,0.765625
34314.421875,0.781250
34315.203125,0.781250
34315.968750,0.765625
34316.734375,0.765625
34317.531250,0.796875
34318.375000,0.843750
34319.203125,0.828125
34319.968750,0.765625
34320.703125,0.734375
34321.421875,0.718750
34322.140625,0.718750
34322.875000,0.734375
34323.718750,0.843750
34324.578125,0.859375
34325.406250,0.828125
34326.265625,0.859375
34327.187500,0.921875
34328.078125,0.890625
34328.937500,0.859375
34329.781250,0.843750
34330.593750,0.812500
34331.406250,0.812500
34332.218750,0.812500
34333.000000,0.781250
34333.781250,0.781250
34334.578125,0.796875
34335.406250,0.828125
34336.218750,0.812500
34337.015625,0.796875
34337.828125,0.812500
34338.671875,0.843750
34339.468750,0.796875
34340.250000,0.781250
34341.046875,0.796875
34341.875000,0.828125
34342.656250,0.781250
34343.390625,0.734375
34344.109375,0.718750
34344.812500,0.703125
34345.500000,0.687500
34346.203125,0.703125
34346.890625,0.687500
34347.562500,0.671875
34348.265625,0.703125
34349.000000,0.734375
34349.703125,0.703125
34350.453125,0.750000
34351.187500,0.734375
34351.890625,0.703125
34352.593750,0.703125
34353.250000,0.656250
34353.906250,0.656250
34354.593750,0.687500
34355.328125,0.734375
34356.171875,0.843750
34356.984375,0.812500
34357.718750,0.734375
34358.453125,0.734375
34359.203125,0.750000
34359.937500,0.734375
34360.687500,0.750000
34361.453125,0.765625
34362.265625,0.812500
34363.078125,0.812500
34363.843750,0.765625
34364.609375,0.765625
34365.375000,0.765625
34366.125000,0.750000
34366.843750,0.718750
34367.562500,0.718750
34368.250000,0.687500
34376.078125,0.703125
34376.765625,0.687500
34377.421875,0.656250
34378.078125,0.656250
34378.750000,0.671875
34385.140625,0.875000
34386.031250,0.890625
34386.843750,0.812500
34387.656250,0.812500
34388.500000,0.843750
34389.312500,0.812500
34390.156250,0.843750
34391.062500,0.906250
34391.968750,0.906250
34392.812500,0.843750
34393.703125,0.890625
34394.593750,0.890625
34395.421875,0.828125
34396.250000,0.828125
34397.093750,0.843750
34397.984375,0.890625
34398.859375,0.875000
34399.703125,0.843750
34400.593750,0.890625
34401.500000,0.906250
34402.390625,0.890625
34403.281250,0.890625
34404.156250,0.875000
34405.000000,0.843750
34405.812500,0.812500
34406.640625,0.828125
34407.546875,0.906250
34408.437500,0.890625
34409.281250,0.843750
34410.187500,0.906250
34411.125000,0.937500
34412.000000,0.875000
34412.875000,0.875000
34413.750000,0.875000
34414.640625,0.890625
34415.484375,0.843750
34416.359375,0.875000
34417.281250,0.921875
34418.140625,0.859375
34418.937500,0.796875
34419.687500,0.750000
34420.453125,0.765625
34421.265625,0.812500
34422.125000,0.859375
34422.953125,0.828125
34423.734375,0.781250
34424.500000,0.765625
34425.296875,0.796875
34426.156250,0.859375
34426.968750,0.812500
34427.781250,0.812500
34428.593750,0.812500
34429.375000,0.781250
34430.203125,0.828125
34431.171875,0.968750
34432.218750,1.046875
34433.125000,0.906250
34433.937500,0.812500
34434.703125,0.765625
34435.437500,0.734375
34436.171875,0.734375
34436.859375,0.687500
34437.546875,0.687500
34438.234375,0.687500
34438.875000,0.640625
34439.546875,0.671875
34440.234375,0.687500
34440.984375,0.750000
34441.828125,0.843750
34442.640625,0.812500
34443.437500,0.796875
34444.265625,0.828125
34445.078125,0.812500
34445.890625,0.812500
34446.734375,0.843750
34447.578125,0.843750
34448.390625,0.812500
34449.203125,0.812500
34450.031250,0.828125
34450.859375,0.828125
34451.671875,0.812500
34452.562500,0.890625
34453.437500,0.875000
34454.265625,0.828125
34455.125000,0.859375
34455.906250,0.781250
34456.734375,0.828125
34457.578125,0.843750
34458.375000,0.796875
34459.187500,0.812500
34460.046875,0.859375
34460.875000,0.828125
34461.687500,0.812500
34462.531250,0.843750
34463.406250,0.875000
34464.281250,0.875000
34465.109375,0.828125
34465.906250,0.796875
34466.687500,0.781250
34467.453125,0.765625
34468.218750,0.765625
34469.015625,0.796875
34469.953125,0.937500
34470.828125,0.875000
34471.703125,0.875000
34472.578125,0.875000
34473.437500,0.859375
34474.234375,0.796875
34475.031250,0.796875
34475.843750,0.812500
34476.671875,0.828125
34477.468750,0.796875
34478.281250,0.812500
34486.328125,0.890625
34487.156250,0.828125
34488.000000,0.843750
34488.812500,0.812500
34489.578125,0.765625
34490.328125,0.750000
34491.046875,0.718750
34491.765625,0.718750
34492.500000,0.734375
34493.312500,0.812500
34494.140625,0.828125
34494.968750,0.828125
34495.781250,0.812500
34496.578125,0.796875
34497.343750,0.765625
34498.125000,0.781250
34498.906250,0.781250
34499.687500,0.781250
34506.156250,0.781250
34506.937500,0.781250
34507.703125,0.765625
34508.468750,0.765625
34509.250000,0.781250
34510.031250,0.781250
34510.828125,0.796875
34511.640625,0.812500
34512.453125,0.812500
34513.250000,0.796875
34514.078125,0.828125
34514.890625,0.812500
34515.656250,0.765625
34516.437500,0.781250
34517.234375,0.796875
34518.078125,0.843750
34518.921875,0.843750
34519.765625,0.843750
34520.656250,0.890625
34521.500000,0.843750
34522.281250,0.781250
34523.078125,0.796875
34523.859375,0.781250
34524.625000,0.765625
34525.421875,0.796875
34526.234375,0.812500
34527.031250,0.796875
34527.796875,0.765625
34528.609375,0.812500
34529.421875,0.812500
34530.234375,0.812500
34531.015625,0.781250
34531.812500,0.796875
34532.609375,0.796875
34533.390625,0.781250
34534.187500,0.796875
34535.046875,0.859375
34535.875000,0.828125
34536.703125,0.828125
34537.515625,0.812500
34538.328125,0.812500
34539.078125,0.750000
34539.843750,0.765625
34540.625000,0.781250
34541.421875,0.796875
34542.203125,0.781250
34542.984375,0.781250
34543.796875,0.812500
34544.609375,0.812500
34545.375000,0.765625
34546.156250,0.781250
34546.937500,0.781250
34547.703125,0.765625
34548.468750,0.765625
34549.234375,0.765625
34550.015625,0.781250
34550.796875,0.781250
34551.546875,0.750000
34552.312500,0.765625
34553.109375,0.796875
34553.937500,0.828125
34554.734375,0.796875
34555.531250,0.796875
34556.343750,0.812500
34557.140625,0.796875
34557.937500,0.796875
34558.750000,0.812500
34559.609375,0.859375
34560.453125,0.843750
34561.250000,0.796875
34562.062500,0.812500
34562.906250,0.843750
34563.718750,0.812500
34564.515625,0.796875
34565.328125,0.812500
34566.171875,0.843750
34567.000000,0.828125
34567.796875,0.796875
34568.625000,0.828125
34569.453125,0.828125
34570.281250,0.828125
34571.078125,0.796875
34571.890625,0.812500
34572.687500,0.796875
34573.484375,0.796875
34574.265625,0.781250
34575.046875,0.781250
34575.828125,0.781250
34576.625000,0.796875
34577.421875,0.796875
34578.234375,0.812500
34579.015625,0.781250
34579.812500,0.796875
34580.625000,0.812500
34581.453125,0.828125
34582.250000,0.796875
34583.031250,0.781250
34583.812500,0.781250
34584.562500,0.750000
34585.281250,0.718750
34585.984375,0.703125
34586.703125,0.718750
34587.468750,0.765625
34588.234375,0.765625
34588.984375,0.750000
34589.781250,0.796875
34590.593750,0.812500
34591.390625,0.796875
34592.156250,0.765625
34592.937500,0.781250
34593.750000,0.812500
34594.578125,0.828125
34595.359375,0.781250
34596.140625,0.781250
34596.937500,0.796875
34597.703125,0.765625
34598.468750,0.765625
34599.250000,0.781250
34600.093750,0.843750
34601.000000,0.906250
34601.828125,0.828125
34602.609375,0.781250
34603.406250,0.796875
34604.218750,0.812500
34605.078125,0.859375
34605.890625,0.812500
34606.671875,0.781250
34607.468750,0.796875
34608.281250,0.812500
34609.093750,0.812500
34609.890625,0.796875
34610.656250,0.765625
34611.437500,0.781250
34612.234375,0.796875
34613.015625,0.781250
34613.781250,0.765625
34614.578125,0.796875
34615.390625,0.812500
34616.171875,0.781250
34616.937500,0.765625
34617.718750,0.781250
34618.500000,0.781250
34619.250000,0.750000
34619.984375,0.734375
34620.718750,0.734375
34621.500000,0.781250
34622.375000,0.875000
34623.218750,0.843750
34624.046875,0.828125
34624.890625,0.843750
34625.703125,0.812500
34626.468750,0.765625
34627.234375,0.765625
34628.015625,0.781250
34628.781250,0.765625
34629.531250,0.750000
34630.218750,0.687500
34630.968750,0.750000
34631.718750,0.750000
34632.515625,0.796875
34639.937500,0.781250
34640.687500,0.750000
34641.406250,0.718750
34642.171875,0.765625
34642.921875,0.750000
34643.687500,0.765625
34644.421875,0.734375
34645.140625,0.718750
34645.843750,0.703125
34646.578125,0.734375
34647.328125,0.750000
34648.062500,0.734375
34648.796875,0.734375
34649.531250,0.734375
34650.281250,0.750000
34651.031250,0.750000
34651.796875,0.765625
34652.578125,0.781250
34653.375000,0.796875
34654.156250,0.781250
34654.921875,0.765625
34655.718750,0.796875
34656.546875,0.828125
34657.343750,0.796875
34658.156250,0.812500
34658.984375,0.828125
34659.796875,0.812500
34660.593750,0.796875
34661.390625,0.796875
34662.203125,0.812500
34663.000000,0.796875
34663.781250,0.781250
34664.593750,0.812500
34665.421875,0.828125
34666.203125,0.781250
34666.968750,0.765625
34667.734375,0.765625
34668.484375,0.750000
34669.265625,0.781250
34670.015625,0.750000
34679.140625,0.718750
34679.828125,0.687500
34680.546875,0.718750
34681.312500,0.765625
34682.078125,0.765625
34682.812500,0.734375
34683.609375,0.796875
34684.406250,0.796875
34685.156250,0.750000
34685.906250,0.750000
34686.656250,0.750000
34687.390625,0.734375
34688.109375,0.718750
34695.015625,0.781250
34695.796875,0.781250
34696.578125,0.781250
34697.343750,0.765625
34698.093750,0.750000
34698.906250,0.812500
34699.750000,0.843750
34700.546875,0.796875
34701.359375,0.812500
34702.203125,0.843750
34703.000000,0.796875
34703.781250,0.781250
34704.578125,0.796875
34705.343750,0.765625
34706.093750,0.750000
34706.859375,0.765625
34707.656250,0.796875
34708.437500,0.781250
34709.203125,0.765625
34710.015625,0.812500
34710.859375,0.843750
34711.687500,0.828125
34712.515625,0.828125
34713.312500,0.796875
34714.093750,0.781250
34714.875000,0.781250
34715.625000,0.750000
34716.343750,0.718750
34717.046875,0.703125
34717.765625,0.718750
34718.515625,0.750000
34719.343750,0.828125
34720.171875,0.828125
34720.984375,0.812500
34721.750000,0.765625
34722.546875,0.796875
34723.328125,0.781250
34724.093750,0.765625
34724.859375,0.765625
34725.640625,0.781250
34726.484375,0.843750
34727.281250,0.796875
34728.046875,0.765625
34728.828125,0.781250
34729.593750,0.765625
34730.328125,0.734375
34731.078125,0.750000
34731.875000,0.796875
34732.671875,0.796875
34733.421875,0.750000
34734.156250,0.734375
34734.906250,0.750000
34735.671875,0.765625
34736.453125,0.781250
34737.218750,0.765625
34737.984375,0.765625
34738.750000,0.765625
34739.515625,0.765625
34740.265625,0.750000
34740.984375,0.718750
34741.750000,0.765625
34742.515625,0.765625
34743.265625,0.750000
34744.000000,0.734375
34744.781250,0.781250
34745.546875,0.765625
34746.328125,0.781250
34747.078125,0.750000
34747.843750,0.765625
34748.625000,0.781250
34749.359375,0.734375
34750.109375,0.750000
34750.843750,0.734375
34751.609375,0.765625
34752.375000,0.765625
34753.109375,0.734375
34753.875000,0.765625
34754.640625,0.765625
34755.390625,0.750000
34756.109375,0.718750
34756.843750,0.734375
34757.609375,0.765625
34758.375000,0.765625
34759.125000,0.750000
34759.875000,0.750000
34760.656250,0.781250
34768.156250,0.781250
34768.906250,0.750000
34769.687500,0.781250
34770.468750,0.781250
34771.265625,0.796875
34772.031250,0.765625
34772.781250,0.750000
34773.546875,0.765625
34796.718750,0.703125
34797.453125,0.734375
34798.234375,0.781250
34798.953125,0.718750
34799.640625,0.687500
34800.296875,0.656250
34809.203125,0.718750
34809.921875,0.718750
34810.671875,0.750000
34811.406250,0.734375
34812.125000,0.718750
34812.859375,0.734375
34813.656250,0.796875
34814.421875,0.765625
34815.156250,0.734375
34815.906250,0.750000
34816.703125,0.796875
34817.546875,0.843750
34818.375000,0.828125
34819.140625,0.765625
34829.390625,0.843750
34830.218750,0.828125
34831.031250,0.812500
34831.875000,0.843750
34832.687500,0.812500
34833.453125,0.765625
34834.218750,0.765625
34835.000000,0.781250
34835.796875,0.796875
34836.625000,0.828125
34837.546875,0.921875
34838.406250,0.859375
34839.328125,0.921875
34840.281250,0.953125
34841.187500,0.906250
34842.093750,0.906250
34842.984375,0.890625
34843.828125,0.843750
34844.703125,0.875000
34845.578125,0.875000
34846.468750,0.890625
34847.312500,0.843750
34848.234375,0.921875
34849.140625,0.906250
34849.984375,0.843750
34850.765625,0.781250
34851.546875,0.781250
34852.296875,0.750000
34853.046875,0.750000
34853.750000,0.703125
34854.453125,0.703125
34855.203125,0.750000
34855.984375,0.781250
34856.781250,0.796875
34857.578125,0.796875
34858.343750,0.765625
34859.125000,0.781250
34859.921875,0.796875
34860.734375,0.812500
34861.515625,0.781250
34862.328125,0.812500
34863.218750,0.890625
34864.078125,0.859375
34864.906250,0.828125
34865.734375,0.828125
34866.562500,0.828125
34867.343750,0.781250
34868.140625,0.796875
34868.953125,0.812500
34869.796875,0.843750
34870.609375,0.812500
34871.406250,0.796875
34872.218750,0.812500
34873.109375,0.890625
34873.953125,0.843750
34874.765625,0.812500
34875.578125,0.812500
34876.406250,0.828125
34877.187500,0.781250
34877.968750,0.781250
34878.718750,0.750000
34879.500000,0.781250
34880.312500,0.812500
34881.140625,0.828125
34881.953125,0.812500
34882.765625,0.812500
34883.531250,0.765625
34884.281250,0.750000
34885.062500,0.781250
34885.828125,0.765625
34886.593750,0.765625
34887.359375,0.765625
34888.125000,0.765625
34888.890625,0.765625
34889.703125,0.812500
34890.515625,0.812500
34891.375000,0.859375
34892.187500,0.812500
34892.968750,0.781250
34893.734375,0.765625
34894.500000,0.765625
34895.218750,0.718750
34895.937500,0.718750
34908.687500,0.734375
34909.453125,0.765625
34910.203125,0.750000
34910.968750,0.765625
34911.750000,0.781250
34912.578125,0.828125
34913.375000,0.796875
34914.109375,0.734375
34914.843750,0.734375
34915.593750,0.750000
34916.390625,0.796875
34917.234375,0.843750
34918.078125,0.843750
34918.921875,0.843750
34919.734375,0.812500
34920.531250,0.796875
34921.328125,0.796875
34922.140625,0.812500
34922.953125,0.812500
34923.750000,0.796875
34924.500000,0.750000
34925.281250,0.781250
34926.062500,0.781250
34926.828125,0.765625
34927.593750,0.765625
34928.390625,0.796875
34929.250000,0.859375
34930.062500,0.812500
34930.875000,0.812500
34931.687500,0.812500
34932.453125,0.765625
34933.250000,0.796875
34934.078125,0.828125
34934.875000,0.796875
34935.640625,0.765625
34936.375000,0.734375
34937.078125,0.703125
34937.781250,0.703125
34938.484375,0.703125
34939.218750,0.734375
34939.968750,0.750000
34940.765625,0.796875
34941.531250,0.765625
34942.312500,0.781250
34943.078125,0.765625
34943.843750,0.765625
34944.593750,0.750000
34945.375000,0.781250
34946.171875,0.796875
34946.968750,0.796875
34947.750000,0.781250
34948.531250,0.781250
34949.312500,0.781250
34950.093750,0.781250
34950.875000,0.781250
34951.656250,0.781250
34952.453125,0.796875
34953.218750,0.765625
34954.000000,0.781250
34954.765625,0.765625
34955.515625,0.750000
34956.281250,0.765625
34957.046875,0.765625
34957.812500,0.765625
34958.562500,0.750000
34959.328125,0.765625
34960.125000,0.796875
34960.890625,0.765625
34961.687500,0.796875
34962.484375,0.796875
34963.265625,0.781250
34964.031250,0.765625
34964.828125,0.796875
34965.640625,0.812500
34966.421875,0.781250
34967.187500,0.765625
34967.953125,0.765625
34968.687500,0.734375
34969.406250,0.718750
34970.109375,0.703125
34970.859375,0.750000
34971.625000,0.765625
34972.390625,0.765625
34973.156250,0.765625
34973.937500,0.781250
34974.718750,0.781250
34975.515625,0.796875
34976.312500,0.796875
34977.078125,0.765625
34977.828125,0.750000
34978.593750,0.765625
34979.359375,0.765625
34980.109375,0.750000
34980.859375,0.750000
34981.609375,0.750000
34982.375000,0.765625
34983.125000,0.750000
34983.875000,0.750000
34984.656250,0.781250
34985.437500,0.781250
34986.187500,0.750000
34986.953125,0.765625
34987.687500,0.734375
34988.406250,0.718750
34989.140625,0.734375
34989.859375,0.718750
34990.578125,0.718750
34991.296875,0.718750
34992.031250,0.734375
34992.796875,0.765625
34993.578125,0.781250
34994.359375,0.781250
34995.125000,0.765625
34995.890625,0.765625
34996.625000,0.734375
34997.375000,0.750000
34998.109375,0.734375
34998.843750,0.734375
34999.578125,0.734375
35000.375000,0.796875
35001.171875,0.796875
35001.984375,0.812500
35002.812500,0.828125
35003.640625,0.828125
35004.484375,0.843750
35005.328125,0.843750
35006.171875,0.843750
35006.984375,0.812500
35007.781250,0.796875
35008.562500,0.781250
35009.343750,0.781250
35010.140625,0.796875
35010.906250,0.765625
35011.703125,0.796875
35012.546875,0.843750
35013.375000,0.828125
35014.203125,0.828125
35015.046875,0.843750
35015.875000,0.828125
35016.671875,0.796875
35017.453125,0.781250
35018.234375,0.781250
35019.015625,0.781250
35019.765625,0.750000
35020.546875,0.781250
35021.343750,0.796875
35022.109375,0.765625
35022.859375,0.750000
35023.640625,0.781250
35024.453125,0.812500
35025.234375,0.781250
35026.015625,0.781250
35026.781250,0.765625
35027.531250,0.750000
35028.265625,0.734375
35029.000000,0.734375
35029.750000,0.750000
35030.500000,0.750000
35031.218750,0.718750
35032.000000,0.781250
35032.718750,0.718750
35033.468750,0.750000
35034.250000,0.781250
35041.609375,0.750000
35042.359375,0.750000
35043.140625,0.781250
35043.906250,0.765625
35044.656250,0.750000
35045.406250,0.750000
35046.140625,0.734375
35046.890625,0.750000
35047.625000,0.734375
35048.312500,0.687500
35049.000000,0.687500
35049.687500,0.687500
35050.406250,0.718750
35051.156250,0.750000
35051.875000,0.718750
35052.562500,0.687500
35053.250000,0.687500
35053.953125,0.703125
35054.687500,0.734375
35055.468750,0.781250
35056.218750,0.750000
35056.984375,0.765625
35057.796875,0.812500
35058.671875,0.875000
35059.500000,0.828125
35060.265625,0.765625
35061.031250,0.765625
35061.765625,0.734375
35062.484375,0.718750
35063.234375,0.750000
35063.984375,0.750000
35064.796875,0.812500
35065.656250,0.859375
35066.468750,0.812500
35067.265625,0.796875
35068.046875,0.781250
35068.796875,0.750000
35069.531250,0.734375
35070.234375,0.703125
35070.906250,0.671875
35071.578125,0.671875
35072.265625,0.687500
35072.968750,0.703125
35073.656250,0.687500
35074.359375,0.703125
35075.062500,0.703125
35075.765625,0.703125
35076.453125,0.687500
35077.125000,0.671875
35077.812500,0.687500
35078.562500,0.750000
35079.343750,0.781250
35080.125000,0.781250
35080.921875,0.796875
35081.750000,0.828125
35082.578125,0.828125
35083.343750,0.765625
35084.125000,0.781250
35084.921875,0.796875
35085.703125,0.781250
35086.468750,0.765625
35087.265625,0.796875
35088.046875,0.781250
35088.812500,0.765625
35089.562500,0.750000
35090.328125,0.765625
35091.109375,0.781250
35091.843750,0.734375
35092.593750,0.750000
35093.343750,0.750000
35094.062500,0.718750
35094.843750,0.781250
35095.656250,0.812500
35096.453125,0.796875
35097.218750,0.765625
35097.984375,0.765625
35098.734375,0.750000
35099.468750,0.734375
35100.187500,0.718750
35100.921875,0.734375
35101.687500,0.765625
35102.453125,0.765625
35103.203125,0.750000
35103.953125,0.750000
35104.718750,0.765625
35105.468750,0.750000
35106.187500,0.718750
35106.921875,0.734375
35107.687500,0.765625
35108.421875,0.734375
35109.156250,0.734375
35109.906250,0.750000
35110.687500,0.781250
35111.453125,0.765625
35112.187500,0.734375
35112.937500,0.750000
35113.703125,0.765625
35114.484375,0.781250
35115.218750,0.734375
35115.984375,0.765625
35116.734375,0.750000
35117.500000,0.765625
35118.218750,0.718750
35118.953125,0.734375
35119.687500,0.734375
35120.390625,0.703125
35121.109375,0.718750
35121.796875,0.687500
35122.484375,0.687500
35123.187500,0.703125
35123.859375,0.671875
35124.546875,0.687500
35125.218750,0.671875
35125.875000,0.656250
35126.484375,0.609375
35127.125000,0.640625
35127.781250,0.656250
35128.500000,0.718750
35129.203125,0.703125
35129.890625,0.687500
35130.562500,0.671875
35131.250000,0.687500
35131.984375,0.734375
35132.734375,0.750000
35133.515625,0.781250
35134.296875,0.781250
35135.062500,0.765625
35135.781250,0.718750
35136.484375,0.703125
35137.187500,0.703125
35137.937500,0.750000
35138.703125,0.765625
35139.515625,0.812500
35140.328125,0.812500
35141.125000,0.796875
35141.875000,0.750000
35142.625000,0.750000
35143.406250,0.781250
35144.218750,0.812500
35145.000000,0.781250
35145.796875,0.796875
35146.593750,0.796875
35147.437500,0.843750
35148.203125,0.765625
35148.968750,0.765625
35149.703125,0.734375
35150.406250,0.703125
35151.109375,0.703125
35151.843750,0.734375
35152.609375,0.765625
35153.390625,0.781250
35154.140625,0.750000
35154.875000,0.734375
35155.578125,0.703125
35156.296875,0.718750
35157.031250,0.734375
35157.843750,0.812500
35158.703125,0.859375
35159.546875,0.843750
35160.453125,0.906250
35161.421875,0.968750
35162.359375,0.937500
35163.234375,0.875000
35164.093750,0.859375
35164.921875,0.828125
35165.718750,0.796875
35166.484375,0.765625
35167.234375,0.750000
35167.984375,0.750000
35168.765625,0.781250
35169.531250,0.765625
35170.296875,0.765625
35171.062500,0.765625
35171.859375,0.796875
35172.593750,0.734375
35173.359375,0.765625
35174.125000,0.765625
35174.921875,0.796875
35175.687500,0.765625
35176.437500,0.750000
35177.203125,0.765625
35177.984375,0.781250
35178.765625,0.781250
35179.562500,0.796875
35180.343750,0.781250
35181.140625,0.796875
35181.953125,0.812500
35182.734375,0.781250
35183.515625,0.781250
35184.312500,0.796875
35185.078125,0.765625
35185.843750,0.765625
35186.625000,0.781250
35187.421875,0.796875
35188.187500,0.765625
35188.937500,0.750000
35189.718750,0.781250
35190.515625,0.796875
35191.375000,0.859375
35192.171875,0.796875
35192.968750,0.796875
35193.765625,0.796875
35194.546875,0.781250
35195.296875,0.750000
35196.062500,0.765625
35196.828125,0.765625
35197.593750,0.765625
35198.328125,0.734375
35199.093750,0.765625
35199.859375,0.765625
35200.640625,0.781250
35201.390625,0.750000
35202.156250,0.765625
35202.937500,0.781250
35203.687500,0.750000
35204.437500,0.750000
35205.203125,0.765625
35205.953125,0.750000
35206.718750,0.765625
35207.437500,0.718750
35208.203125,0.765625
35208.984375,0.781250
35209.765625,0.781250
35210.546875,0.781250
35211.250000,0.703125
35212.000000,0.750000
35212.718750,0.718750
35213.437500,0.718750
35214.109375,0.671875
35214.781250,0.671875
35215.453125,0.671875
35216.109375,0.656250
35216.734375,0.625000
35217.375000,0.640625
35218.031250,0.656250
35218.703125,0.671875
35238.468750,0.734375
35239.218750,0.750000
35240.015625,0.796875
35240.796875,0.781250
35241.593750,0.796875
35242.406250,0.812500
35248.687500,0.671875
35249.359375,0.671875
35250.078125,0.718750
35250.796875,0.718750
35251.593750,0.796875
35252.453125,0.859375
35253.281250,0.828125
35254.078125,0.796875
35254.937500,0.859375
35255.734375,0.796875
35256.500000,0.765625
35257.265625,0.765625
35258.015625,0.750000
35266.468750,0.843750
35267.296875,0.828125
35268.078125,0.781250
35268.859375,0.781250
35269.656250,0.796875
35270.453125,0.796875
35271.234375,0.781250
35272.015625,0.781250
35272.796875,0.781250
35273.531250,0.734375
35274.265625,0.734375
35275.031250,0.765625
35275.796875,0.765625
35276.578125,0.781250
35277.328125,0.750000
35278.109375,0.781250
35278.906250,0.796875
35279.734375,0.828125
35280.546875,0.812500
35281.359375,0.812500
35282.171875,0.812500
35282.953125,0.781250
35283.734375,0.781250
35284.515625,0.781250
35285.312500,0.796875
35286.109375,0.796875
35286.906250,0.796875
35287.734375,0.828125
35288.531250,0.796875
35289.312500,0.781250
35290.078125,0.765625
35290.796875,0.718750
35291.484375,0.687500
35292.156250,0.671875
35292.843750,0.687500
35293.562500,0.718750
35294.328125,0.765625
35295.093750,0.765625
35295.890625,0.796875
35296.703125,0.812500
35297.500000,0.796875
35298.265625,0.765625
35299.062500,0.796875
35299.890625,0.828125
35300.703125,0.812500
35301.468750,0.765625
35302.250000,0.781250
35303.031250,0.781250
35303.812500,0.781250
35304.593750,0.781250
35305.375000,0.781250
35306.187500,0.812500
35306.984375,0.796875
35307.796875,0.812500
35308.593750,0.796875
35309.375000,0.781250
35310.109375,0.734375
35310.828125,0.718750
35311.562500,0.734375
35312.343750,0.781250
35313.062500,0.718750
35313.781250,0.718750
35314.546875,0.765625
35315.140625,0.593750
35315.968750,0.828125
35321.515625,0.718750
35322.281250,0.765625
35323.031250,0.750000
35323.796875,0.765625
35324.562500,0.765625
35325.296875,0.734375
35326.015625,0.718750
35341.187500,0.703125
35341.859375,0.671875
35342.562500,0.703125
35343.296875,0.734375
35344.062500,0.765625
35344.843750,0.781250
35345.593750,0.750000
35346.343750,0.750000
35347.093750,0.750000
35347.859375,0.765625
35348.625000,0.765625
35349.375000,0.750000
35350.125000,0.750000
35350.890625,0.765625
35351.703125,0.812500
35352.531250,0.828125
35353.390625,0.859375
35354.312500,0.921875
35355.218750,0.906250
35356.062500,0.843750
35356.875000,0.812500
35357.671875,0.796875
35358.453125,0.781250
35359.203125,0.750000
35360.000000,0.796875
35360.828125,0.828125
35361.703125,0.875000
35362.578125,0.875000
35363.453125,0.875000
35364.296875,0.843750
35365.093750,0.796875
35365.875000,0.781250
35366.656250,0.781250
35367.437500,0.781250
35368.218750,0.781250
35369.000000,0.781250
35369.796875,0.796875
35370.578125,0.781250
35371.343750,0.765625
35372.109375,0.765625
35372.890625,0.781250
35373.687500,0.796875
35374.453125,0.765625
35375.234375,0.781250
35376.015625,0.781250
35376.750000,0.734375
35377.515625,0.765625
35378.296875,0.781250
35379.062500,0.765625
35379.828125,0.765625
35380.625000,0.796875
35381.406250,0.781250
35382.187500,0.781250
35382.921875,0.734375
35383.671875,0.750000
35384.421875,0.750000
35385.156250,0.734375
35385.906250,0.750000
35386.656250,0.750000
35387.421875,0.765625
35388.187500,0.765625
35388.937500,0.750000
35389.703125,0.765625
35401.859375,0.796875
35402.671875,0.812500
35403.437500,0.765625
35404.187500,0.750000
35404.937500,0.750000
35405.656250,0.718750
35406.421875,0.765625
35407.171875,0.750000
35407.968750,0.796875
35408.750000,0.781250
35409.546875,0.796875
35410.328125,0.781250
35411.109375,0.781250
35411.875000,0.765625
35412.625000,0.750000
35413.359375,0.734375
35414.109375,0.750000
35414.843750,0.734375
35415.578125,0.734375
35416.343750,0.765625
35417.109375,0.765625
35417.875000,0.765625
35418.671875,0.796875
35419.468750,0.796875
35420.281250,0.812500
35421.078125,0.796875
35421.843750,0.765625
35422.593750,0.750000
35513.828125,0.671875
35514.484375,0.656250
35515.109375,0.625000
35515.718750,0.609375
35516.328125,0.609375
35516.937500,0.609375
35517.546875,0.609375
35518.140625,0.593750
35518.734375,0.593750
35519.328125,0.593750
35519.921875,0.593750
35520.531250,0.609375
35521.156250,0.625000
35521.781250,0.625000
35522.453125,0.671875
35523.203125,0.750000
35523.984375,0.781250
35524.703125,0.718750
35525.406250,0.703125
35526.062500,0.656250
35526.750000,0.687500
35527.406250,0.656250
35528.062500,0.656250
35531.812500,0.656250
35532.468750,0.656250
35533.125000,0.656250
35533.796875,0.671875
35534.515625,0.718750
35535.234375,0.718750
35535.953125,0.718750
35536.640625,0.687500
35537.343750,0.703125
35538.031250,0.687500
35538.718750,0.687500
35539.375000,0.656250
35540.015625,0.640625
35540.640625,0.625000
35541.312500,0.671875
35542.031250,0.718750
35542.796875,0.765625
35543.546875,0.750000
35544.265625,0.718750
35545.000000,0.734375
35545.781250,0.781250
35546.562500,0.781250
35547.312500,0.750000
35548.015625,0.703125
35548.734375,0.718750
35549.453125,0.718750
35550.171875,0.718750
35550.890625,0.718750
35551.609375,0.718750
35552.390625,0.781250
35553.203125,0.812500
35553.968750,0.765625
35554.734375,0.765625
35555.484375,0.750000
35556.250000,0.765625
35556.984375,0.734375
35557.718750,0.734375
35558.437500,0.718750
35559.156250,0.718750
35559.843750,0.687500
35560.531250,0.687500
35561.203125,0.671875
35561.875000,0.671875
35562.531250,0.656250
35563.156250,0.625000
35563.796875,0.640625
35564.468750,0.671875
35565.140625,0.671875
35565.828125,0.687500
35566.593750,0.765625
35567.390625,0.796875
35568.156250,0.765625
35568.890625,0.734375
35569.625000,0.734375
35570.375000,0.750000
35571.109375,0.734375
35571.828125,0.718750
35572.531250,0.703125
35573.265625,0.734375
35574.000000,0.734375
35574.765625,0.765625
35575.500000,0.734375
35576.265625,0.765625
35577.046875,0.781250
35577.828125,0.781250
35578.593750,0.765625
35579.328125,0.734375
35580.078125,0.750000
35580.875000,0.796875
35581.656250,0.781250
35582.437500,0.781250
35583.234375,0.796875
35584.046875,0.812500
35584.828125,0.781250
35585.609375,0.781250
35586.406250,0.796875
35587.218750,0.812500
35587.984375,0.765625
35588.750000,0.765625
35589.531250,0.781250
35590.328125,0.796875
35591.093750,0.765625
35591.859375,0.765625
35592.609375,0.750000
35593.343750,0.734375
35594.062500,0.718750
35594.781250,0.718750
35595.468750,0.687500
35596.125000,0.656250
35596.796875,0.671875
35597.453125,0.656250
35598.125000,0.671875
35598.828125,0.703125
35599.531250,0.703125
35600.234375,0.703125
35600.921875,0.687500
35601.656250,0.734375
35602.421875,0.765625
35603.156250,0.734375
35603.890625,0.734375
35604.640625,0.750000
35605.390625,0.750000
35606.109375,0.718750
35606.828125,0.718750
35607.546875,0.718750
35608.250000,0.703125
35608.953125,0.703125
35609.625000,0.671875
35610.328125,0.703125
35611.062500,0.734375
35611.796875,0.734375
35612.593750,0.796875
35613.406250,0.812500
35614.203125,0.796875
35614.953125,0.750000
35615.671875,0.718750
35616.359375,0.687500
35617.031250,0.671875
35617.671875,0.640625
35618.328125,0.656250
35618.968750,0.640625
35619.656250,0.687500
35620.359375,0.703125
35621.078125,0.718750
35621.796875,0.718750
35622.515625,0.718750
35623.250000,0.734375
35624.000000,0.750000
35624.765625,0.765625
35625.515625,0.750000
35626.281250,0.765625
35627.062500,0.781250
35627.859375,0.796875
35628.609375,0.750000
35629.390625,0.781250
35630.156250,0.765625
35630.937500,0.781250
35631.687500,0.750000
35632.453125,0.765625
35633.187500,0.734375
35633.921875,0.734375
35634.609375,0.687500
35635.265625,0.656250
35635.921875,0.656250
35636.578125,0.656250
35637.250000,0.671875
35637.968750,0.718750
35638.734375,0.765625
35639.546875,0.812500
35640.328125,0.781250
35641.062500,0.734375
35641.812500,0.750000
35642.562500,0.750000
35643.296875,0.734375
35644.015625,0.718750
35644.718750,0.703125
35645.421875,0.703125
35646.125000,0.703125
35646.781250,0.656250
35647.421875,0.640625
35648.046875,0.625000
35648.703125,0.656250
35649.390625,0.687500
35650.093750,0.703125
35650.796875,0.703125
35651.484375,0.687500
35652.171875,0.687500
35652.906250,0.734375
35653.593750,0.687500
35654.281250,0.687500
35654.968750,0.687500
35655.671875,0.703125
35656.359375,0.687500
35657.046875,0.687500
35657.703125,0.656250
35658.390625,0.687500
35659.109375,0.718750
35659.796875,0.687500
35660.453125,0.656250
35661.156250,0.703125
35661.859375,0.703125
35662.578125,0.718750
35663.328125,0.750000
35664.109375,0.781250
35664.890625,0.781250
35665.640625,0.750000
35666.359375,0.718750
35667.046875,0.687500
35667.718750,0.671875
35668.359375,0.640625
35668.984375,0.625000
35669.625000,0.640625
35670.265625,0.640625
35670.921875,0.656250
35671.609375,0.687500
35672.312500,0.703125
35673.062500,0.750000
35673.828125,0.765625
35674.578125,0.750000
35675.328125,0.750000
35676.109375,0.781250
35676.843750,0.734375
35677.546875,0.703125
35678.281250,0.734375
35692.578125,0.671875
35693.250000,0.671875
35693.937500,0.687500
35694.640625,0.703125
35695.359375,0.718750
35707.906250,0.703125
35708.640625,0.734375
35709.421875,0.781250
35710.171875,0.750000
35710.953125,0.781250
35711.718750,0.765625
35712.484375,0.765625
35725.171875,0.718750
35725.937500,0.765625
35726.781250,0.843750
35727.687500,0.906250
35728.640625,0.953125
35729.468750,0.828125
35730.312500,0.843750
35731.171875,0.859375
35732.000000,0.828125
35732.812500,0.812500
35733.671875,0.859375
35734.546875,0.875000
35735.453125,0.906250
35736.328125,0.875000
35737.171875,0.843750
35738.046875,0.875000
35738.906250,0.859375
35739.734375,0.828125
35740.562500,0.828125
35741.375000,0.812500
35742.156250,0.781250
35742.968750,0.812500
35743.812500,0.843750
35744.656250,0.843750
35745.468750,0.812500
35746.312500,0.843750
35747.156250,0.843750
35747.953125,0.796875
35748.750000,0.796875
35761.109375,0.812500
35761.937500,0.828125
35762.781250,0.843750
35763.609375,0.828125
35764.437500,0.828125
35765.250000,0.812500
35766.046875,0.796875
35766.812500,0.765625
35767.562500,0.750000
35768.312500,0.750000
35769.078125,0.765625
35769.843750,0.765625
35770.609375,0.765625
35771.359375,0.750000
35772.093750,0.734375
35772.828125,0.734375
35773.531250,0.703125
35774.265625,0.734375
35775.031250,0.765625
35775.765625,0.734375
35776.515625,0.750000
35777.281250,0.765625
35778.062500,0.781250
35778.828125,0.765625
35779.593750,0.765625
35780.359375,0.765625
35781.109375,0.750000
35781.875000,0.765625
35782.640625,0.765625
35783.421875,0.781250
35784.203125,0.781250
35785.000000,0.796875
35785.812500,0.812500
35786.640625,0.828125
35787.437500,0.796875
35788.265625,0.828125
35789.093750,0.828125
35789.890625,0.796875
35790.687500,0.796875
35791.468750,0.781250
35792.250000,0.781250
35793.031250,0.781250
35793.796875,0.765625
35794.593750,0.796875
35795.359375,0.765625
35796.125000,0.765625
35796.906250,0.781250
35797.703125,0.796875
35798.484375,0.781250
35799.250000,0.765625
35800.015625,0.765625
35800.750000,0.734375
35801.562500,0.812500
35802.421875,0.859375
35803.281250,0.859375
35804.062500,0.781250
35804.859375,0.796875
35805.640625,0.781250
35806.406250,0.765625
35807.171875,0.765625
35807.953125,0.781250
35808.750000,0.796875
35809.546875,0.796875
35810.328125,0.781250
35811.093750,0.765625
35811.859375,0.765625
35812.593750,0.734375
35813.328125,0.734375
35814.062500,0.734375
35814.812500,0.750000
35815.546875,0.734375
35816.296875,0.750000
35817.062500,0.765625
35817.843750,0.781250
35818.609375,0.765625
35819.406250,0.796875
35820.203125,0.796875
35821.000000,0.796875
35821.781250,0.781250
35822.562500,0.781250
35823.328125,0.765625
35824.078125,0.750000
35824.828125,0.750000
35825.578125,0.750000
35826.343750,0.765625
35827.109375,0.765625
35827.875000,0.765625
35828.656250,0.781250
35829.406250,0.750000
35830.140625,0.734375
35830.890625,0.750000
35831.671875,0.781250
35832.437500,0.765625
35833.171875,0.734375
35833.937500,0.765625
35834.734375,0.796875
35835.500000,0.765625
35836.234375,0.734375
35836.984375,0.750000
35837.734375,0.750000
35838.453125,0.718750
35839.187500,0.734375
35839.953125,0.765625
35840.734375,0.781250
35841.500000,0.765625
35842.296875,0.796875
35843.093750,0.796875
35843.875000,0.781250
35844.640625,0.765625
35845.437500,0.796875
35846.218750,0.781250
35846.984375,0.765625
35847.750000,0.765625
35848.531250,0.781250
35849.296875,0.765625
35850.046875,0.750000
35850.812500,0.765625
35851.578125,0.765625
35852.359375,0.781250
35853.125000,0.765625
35853.906250,0.781250
35854.687500,0.781250
35855.437500,0.750000
35856.187500,0.750000
35856.953125,0.765625
35857.718750,0.765625
35858.437500,0.718750
35859.187500,0.750000
35859.937500,0.750000
35860.718750,0.781250
35861.500000,0.781250
35862.328125,0.828125
35863.156250,0.828125
35863.921875,0.765625
35864.656250,0.734375
35865.390625,0.734375
35866.171875,0.781250
35866.937500,0.765625
35867.687500,0.750000
35868.453125,0.765625
35869.234375,0.781250
35870.031250,0.796875
35870.843750,0.812500
35871.656250,0.812500
35872.468750,0.812500
35873.234375,0.765625
35874.000000,0.765625
35874.781250,0.781250
35875.562500,0.781250
35876.328125,0.765625
35877.125000,0.796875
35877.937500,0.812500
35878.750000,0.812500
35879.546875,0.796875
35880.359375,0.812500
35881.250000,0.890625
35882.062500,0.812500
35882.875000,0.812500
35883.718750,0.843750
35884.546875,0.828125
35885.359375,0.812500
35886.187500,0.828125
35887.015625,0.828125
35887.859375,0.843750
35888.656250,0.796875
35889.453125,0.796875
35890.234375,0.781250
35891.015625,0.781250
35891.796875,0.781250
35892.562500,0.765625
35893.359375,0.796875
35894.125000,0.765625
35894.890625,0.765625
35895.656250,0.765625
35896.468750,0.812500
35897.250000,0.781250
35898.015625,0.765625
35898.812500,0.796875
35899.640625,0.828125
35900.421875,0.781250
35901.187500,0.765625
35901.984375,0.796875
35902.765625,0.781250
35903.531250,0.765625
35904.296875,0.765625
35905.078125,0.781250
35905.890625,0.812500
35906.671875,0.781250
35907.453125,0.781250
35908.234375,0.781250
35909.031250,0.796875
35909.796875,0.765625
35910.593750,0.796875
35911.390625,0.796875
35912.171875,0.781250
35912.937500,0.765625
35913.687500,0.750000
35914.453125,0.765625
35915.234375,0.781250
35916.015625,0.781250
35916.765625,0.750000
35917.562500,0.796875
35918.375000,0.812500
35919.156250,0.781250
35919.968750,0.812500
35920.812500,0.843750
35921.609375,0.796875
35922.390625,0.781250
35923.171875,0.781250
35923.968750,0.796875
35924.750000,0.781250
35925.515625,0.765625
35926.281250,0.765625
35927.046875,0.765625
35927.796875,0.750000
35928.531250,0.734375
35929.265625,0.734375
35930.046875,0.781250
35930.828125,0.781250
35931.609375,0.781250
35932.343750,0.734375
35933.093750,0.750000
35933.796875,0.703125
35934.484375,0.687500
35935.171875,0.687500
35935.906250,0.734375
35936.656250,0.750000
35937.375000,0.718750
35938.109375,0.734375
35938.859375,0.750000
35939.593750,0.734375
35940.296875,0.703125
35940.984375,0.687500
35941.687500,0.703125
35942.406250,0.718750
35943.156250,0.750000
35943.875000,0.718750
35944.593750,0.718750
35945.312500,0.718750
35946.046875,0.734375
35946.781250,0.734375
35947.515625,0.734375
35948.265625,0.750000
35949.031250,0.765625
35949.843750,0.812500
35950.656250,0.812500
35951.515625,0.859375
35952.375000,0.859375
35953.234375,0.859375
35954.078125,0.843750
35954.937500,0.859375
35955.750000,0.812500
35956.531250,0.781250
35957.312500,0.781250
35958.109375,0.796875
35958.937500,0.828125
35959.750000,0.812500
35960.640625,0.890625
35961.484375,0.843750
35962.281250,0.796875
35963.031250,0.750000
35963.781250,0.750000
35964.531250,0.750000
35965.359375,0.828125
35966.234375,0.875000
35967.046875,0.812500
35967.859375,0.812500
35968.703125,0.843750
35969.593750,0.890625
35970.437500,0.843750
35971.250000,0.812500
35972.062500,0.812500
35972.890625,0.828125
35973.703125,0.812500
35974.500000,0.796875
35975.281250,0.781250
35976.078125,0.796875
35976.890625,0.812500
35977.750000,0.859375
35978.562500,0.812500
35979.359375,0.796875
35980.171875,0.812500
35980.984375,0.812500
35981.781250,0.796875
35982.562500,0.781250
35983.296875,0.734375
35984.046875,0.750000
35984.828125,0.781250
35985.625000,0.796875
35986.390625,0.765625
35987.125000,0.734375
35987.828125,0.703125
35988.562500,0.734375
35989.328125,0.765625
35990.125000,0.796875
35990.906250,0.781250
35991.656250,0.750000
35992.390625,0.734375
35993.140625,0.750000
35993.953125,0.812500
35994.765625,0.812500
35995.546875,0.781250
35996.296875,0.750000
35997.031250,0.734375
35997.796875,0.765625
35998.609375,0.812500
35999.437500,0.828125
36000.218750,0.781250
36000.984375,0.765625
36001.718750,0.734375
36002.453125,0.734375
36003.218750,0.765625
36003.984375,0.765625
36004.781250,0.796875
36005.531250,0.750000
36006.234375,0.703125
36006.921875,0.687500
36007.609375,0.687500
36008.343750,0.734375
36009.109375,0.765625
36009.875000,0.765625
36010.625000,0.750000
36011.421875,0.796875
36012.265625,0.843750
36013.109375,0.843750
36013.937500,0.828125
36014.734375,0.796875
36015.546875,0.812500
36016.312500,0.765625
36017.046875,0.734375
36037.312500,0.875000
36038.234375,0.921875
36039.093750,0.859375
36039.921875,0.828125
36040.765625,0.843750
36041.609375,0.843750
36042.406250,0.796875
36043.187500,0.781250
36043.968750,0.781250
36044.718750,0.750000
36045.437500,0.718750
36046.156250,0.718750
36046.859375,0.703125
36047.578125,0.718750
36048.296875,0.718750
36048.984375,0.687500
36049.640625,0.656250
36050.312500,0.671875
36050.984375,0.671875
36051.671875,0.687500
36052.390625,0.718750
36053.093750,0.703125
36059.000000,0.734375
36059.765625,0.765625
36060.546875,0.781250
36061.343750,0.796875
36062.093750,0.750000
36062.828125,0.734375
36063.546875,0.718750
36064.265625,0.718750
36064.953125,0.687500
36065.656250,0.703125
36066.406250,0.750000
36067.171875,0.765625
36067.921875,0.750000
36068.703125,0.781250
36069.531250,0.828125
36070.343750,0.812500
36071.156250,0.812500
36071.968750,0.812500
36072.765625,0.796875
36073.515625,0.750000
36074.265625,0.750000
36075.031250,0.765625
36075.765625,0.734375
36076.453125,0.687500
36077.171875,0.718750
36077.906250,0.734375
36078.640625,0.734375
36079.343750,0.703125
36080.046875,0.703125
36080.781250,0.734375
36081.515625,0.734375
36082.281250,0.765625
36083.000000,0.718750
36105.546875,0.625000
36106.156250,0.609375
36106.765625,0.609375
36107.375000,0.609375
36107.984375,0.609375
36108.578125,0.593750
36109.187500,0.609375
36109.843750,0.656250
36110.484375,0.640625
36111.125000,0.640625
36111.781250,0.656250
36112.468750,0.687500
36113.203125,0.734375
36113.921875,0.718750
36114.593750,0.671875
36115.296875,0.703125
36115.984375,0.687500
36116.687500,0.703125
36117.406250,0.718750
36118.156250,0.750000
36118.875000,0.718750
36119.593750,0.718750
36120.312500,0.718750
36121.046875,0.734375
36121.796875,0.750000
36373.296875,0.687500
36373.984375,0.687500
36374.734375,0.750000
36375.531250,0.796875
36406.390625,0.812500
36407.140625,0.750000
36407.875000,0.734375
36408.625000,0.750000
36428.859375,0.734375
36429.578125,0.718750
36430.281250,0.703125
36431.000000,0.718750
36431.781250,0.781250
36432.578125,0.796875
36433.296875,0.718750
36434.093750,0.796875
36434.890625,0.796875
36441.968750,0.781250
36442.656250,0.687500
36443.421875,0.765625
36444.062500,0.640625
36444.906250,0.843750
36445.656250,0.750000
36446.437500,0.781250
36447.218750,0.781250
36448.015625,0.796875
36448.812500,0.796875
36449.640625,0.828125
36450.421875,0.781250
36451.187500,0.765625
36451.953125,0.765625
36452.718750,0.765625
36453.484375,0.765625
36454.203125,0.718750
36454.906250,0.703125
36455.593750,0.687500
36456.312500,0.718750
36457.046875,0.734375
36465.250000,0.765625
36465.968750,0.718750
36466.718750,0.750000
36467.484375,0.765625
36468.203125,0.718750
36468.937500,0.734375
36469.640625,0.703125
36470.390625,0.750000
36471.171875,0.781250
36472.062500,0.890625
36473.000000,0.937500
36473.921875,0.921875
36474.703125,0.781250
36475.500000,0.796875
36476.250000,0.750000
36476.968750,0.718750
36492.046875,0.781250
36492.796875,0.750000
36493.562500,0.765625
36507.671875,0.734375
36508.421875,0.750000
36509.156250,0.734375
36517.171875,0.765625
36517.953125,0.781250
36539.000000,0.812500
36539.781250,0.781250
36540.578125,0.796875
36541.375000,0.796875
36542.140625,0.765625
36542.906250,0.765625
36543.640625,0.734375
36544.359375,0.718750
36545.078125,0.718750
36545.812500,0.734375
36546.546875,0.734375
36547.281250,0.734375
36548.062500,0.781250
36548.875000,0.812500
36549.687500,0.812500
36550.515625,0.828125
36551.312500,0.796875
36552.125000,0.812500
36552.875000,0.750000
36553.625000,0.750000
36554.359375,0.734375
36555.093750,0.734375
36555.828125,0.734375
36556.562500,0.734375
36557.296875,0.734375
36558.031250,0.734375
36558.781250,0.750000
36559.531250,0.750000
36560.250000,0.718750
36560.968750,0.718750
36561.671875,0.703125
36562.359375,0.687500
36563.062500,0.703125
36563.781250,0.718750
36564.484375,0.703125
36565.218750,0.734375
36565.953125,0.734375
36566.671875,0.718750
36567.421875,0.750000
36568.156250,0.734375
36584.906250,0.687500
36585.625000,0.718750
36586.359375,0.734375
36587.109375,0.750000
36587.906250,0.796875
36588.703125,0.796875
36589.515625,0.812500
36590.312500,0.796875
36591.109375,0.796875
36591.843750,0.734375
36592.609375,0.765625
36593.343750,0.734375
36594.062500,0.718750
36594.750000,0.687500
36616.828125,0.640625
36617.421875,0.593750
36618.046875,0.625000
36624.109375,0.718750
36624.796875,0.687500
36625.484375,0.687500
36626.171875,0.687500
36626.828125,0.656250
36627.500000,0.671875
36628.156250,0.656250
36628.828125,0.671875
36629.500000,0.671875
36630.156250,0.656250
36630.828125,0.671875
36699.343750,0.734375
36700.000000,0.656250
36700.671875,0.671875
36701.343750,0.671875
36702.031250,0.687500
36702.734375,0.703125
36714.843750,0.734375
36715.515625,0.671875
36716.265625,0.750000
36717.046875,0.781250
36717.781250,0.734375
36718.515625,0.734375
36719.203125,0.687500
36719.937500,0.734375
36720.546875,0.609375
36721.312500,0.765625
36721.968750,0.656250
36722.656250,0.687500
36723.359375,0.703125
36724.093750,0.734375
36724.796875,0.703125
36725.531250,0.734375
36726.234375,0.703125
36726.921875,0.687500
36727.640625,0.718750
36728.390625,0.750000
36729.125000,0.734375
36729.843750,0.718750
36730.562500,0.718750
36731.328125,0.765625
36731.968750,0.640625
36732.640625,0.671875
36733.296875,0.656250
36733.968750,0.671875
36734.656250,0.687500
36735.296875,0.640625
36736.000000,0.703125
36736.781250,0.781250
36737.500000,0.718750
36738.218750,0.718750
36738.921875,0.703125
36749.687500,0.781250
36750.421875,0.734375
36751.140625,0.718750
36751.875000,0.734375
36752.609375,0.734375
36753.343750,0.734375
36754.078125,0.734375
36754.765625,0.687500
36755.453125,0.687500
36756.156250,0.703125
36756.859375,0.703125
36757.578125,0.718750
36758.328125,0.750000
36759.078125,0.750000
36759.859375,0.781250
36760.609375,0.750000
36761.359375,0.750000
36762.125000,0.765625
36762.890625,0.765625
36763.656250,0.765625
36764.359375,0.703125
36765.062500,0.703125
36765.750000,0.687500
36766.421875,0.671875
36767.109375,0.687500
36767.812500,0.703125
36768.546875,0.734375
36769.343750,0.796875
36770.187500,0.843750
36771.000000,0.812500
36777.093750,0.734375
36777.828125,0.734375
36778.546875,0.718750
36779.265625,0.718750
36779.968750,0.703125
36780.703125,0.734375
36781.437500,0.734375
36782.187500,0.750000
36782.953125,0.765625
36783.734375,0.781250
36789.359375,0.687500
36790.078125,0.718750
36790.812500,0.734375
36791.531250,0.718750
36792.312500,0.781250
36793.031250,0.718750
36793.828125,0.796875
36794.578125,0.750000
36795.296875,0.718750
36796.031250,0.734375
36796.781250,0.750000
36797.515625,0.734375
36798.218750,0.703125
36798.906250,0.687500
36799.609375,0.703125
36800.312500,0.703125
36801.000000,0.687500
36801.718750,0.718750
36802.437500,0.718750
36803.203125,0.765625
36803.968750,0.765625
36804.781250,0.812500
36805.625000,0.843750
36806.453125,0.828125
36807.265625,0.812500
36808.046875,0.781250
36817.859375,0.687500
36818.562500,0.703125
36819.265625,0.703125
36819.984375,0.718750
36820.671875,0.687500
36821.390625,0.718750
36822.109375,0.718750
36822.812500,0.703125
36823.500000,0.687500
36824.187500,0.687500
36824.859375,0.671875
36825.515625,0.656250
36826.203125,0.687500
36826.890625,0.687500
36827.562500,0.671875
36828.234375,0.671875
36828.890625,0.656250
36829.593750,0.703125
36830.359375,0.765625
36831.109375,0.750000
36831.890625,0.781250
36832.671875,0.781250
36833.453125,0.781250
36834.203125,0.750000
36834.968750,0.765625
36835.765625,0.796875
36836.515625,0.750000
36837.296875,0.781250
36838.109375,0.812500
36838.906250,0.796875
36839.750000,0.843750
36840.578125,0.828125
36841.359375,0.781250
36842.109375,0.750000
36842.812500,0.703125
36843.531250,0.718750
36844.250000,0.718750
36844.968750,0.718750
36845.671875,0.703125
36846.406250,0.734375
36847.187500,0.781250
36847.984375,0.796875
36848.781250,0.796875
36849.640625,0.859375
36850.484375,0.843750
36851.250000,0.765625
36852.000000,0.750000
36852.765625,0.765625
36853.500000,0.734375
36854.218750,0.718750
36854.921875,0.703125
36855.625000,0.703125
36856.328125,0.703125
36857.031250,0.703125
36857.765625,0.734375
36858.531250,0.765625
36877.046875,0.750000
36877.781250,0.734375
36878.484375,0.703125
36879.218750,0.734375
36879.937500,0.718750
36880.687500,0.750000
36881.359375,0.671875
36882.078125,0.718750
36882.812500,0.734375
36883.609375,0.796875
36884.375000,0.765625
36885.156250,0.781250
36885.953125,0.796875
36886.734375,0.781250
36887.515625,0.781250
36888.312500,0.796875
36889.062500,0.750000
36889.843750,0.781250
36890.625000,0.781250
36891.390625,0.765625
36892.140625,0.750000
36892.937500,0.796875
36893.687500,0.750000
36894.453125,0.765625
36917.062500,0.593750
36917.640625,0.578125
36918.218750,0.578125
36918.828125,0.609375
36935.734375,0.718750
36936.484375,0.750000
36937.187500,0.703125
36937.906250,0.718750
36938.640625,0.734375
36939.359375,0.718750
36940.046875,0.687500
36940.687500,0.640625
36941.343750,0.656250
36942.000000,0.656250
36942.703125,0.703125
36943.421875,0.718750
36944.109375,0.687500
36944.796875,0.687500
36945.500000,0.703125
36946.203125,0.703125
36946.875000,0.671875
36947.562500,0.687500
36948.250000,0.687500
36948.906250,0.656250
36949.546875,0.640625
36950.234375,0.687500
36950.906250,0.671875
36951.531250,0.625000
36979.015625,0.765625
36979.718750,0.703125
36980.421875,0.703125
36981.140625,0.718750
36981.812500,0.671875
36982.453125,0.640625
36983.125000,0.671875
36983.750000,0.625000
36984.390625,0.640625
36985.000000,0.609375
36985.609375,0.609375
36986.234375,0.625000
36986.843750,0.609375
36987.468750,0.625000
36988.062500,0.593750
36988.687500,0.625000
36989.296875,0.609375
36989.906250,0.609375
36990.500000,0.593750
36991.125000,0.625000
36991.750000,0.625000
36992.390625,0.640625
36993.078125,0.687500
36993.781250,0.703125
36994.453125,0.671875
36995.109375,0.656250
36995.781250,0.671875
36996.437500,0.656250
36997.109375,0.671875
36997.734375,0.625000
36998.359375,0.625000
36999.015625,0.656250
36999.656250,0.640625
37000.296875,0.640625
37000.937500,0.640625
37001.562500,0.625000
37002.171875,0.609375
37002.812500,0.640625
37003.421875,0.609375
37004.046875,0.625000
37004.656250,0.609375
37005.281250,0.625000
37005.921875,0.640625
37006.531250,0.609375
37007.140625,0.609375
37007.765625,0.625000
37008.390625,0.625000
37009.046875,0.656250
37009.687500,0.640625
37010.312500,0.625000
37010.921875,0.609375
37011.546875,0.625000
37012.171875,0.625000
37012.781250,0.609375
37013.406250,0.625000
37014.046875,0.640625
37014.687500,0.640625
37015.343750,0.656250
37015.968750,0.625000
37016.609375,0.640625
37017.281250,0.671875
37017.953125,0.671875
37018.640625,0.687500
37019.296875,0.656250
37019.953125,0.656250
37020.640625,0.687500
37021.328125,0.687500
37021.953125,0.625000
37022.609375,0.656250
37023.265625,0.656250
37023.937500,0.671875
37024.578125,0.640625
37025.218750,0.640625
37025.843750,0.625000
37026.468750,0.625000
37027.093750,0.625000
37027.718750,0.625000
37028.343750,0.625000
37028.984375,0.640625
37029.656250,0.671875
37030.359375,0.703125
37031.062500,0.703125
37031.781250,0.718750
37032.531250,0.750000
37033.265625,0.734375
37110.078125,0.687500
37110.734375,0.656250
37111.406250,0.671875
37112.125000,0.718750
37112.859375,0.734375
37113.578125,0.718750
37114.296875,0.718750
37114.984375,0.687500
37115.640625,0.656250
37116.312500,0.671875
37117.000000,0.687500
37117.718750,0.718750
37118.406250,0.687500
37119.125000,0.718750
37119.843750,0.718750
37120.609375,0.765625
37121.328125,0.718750
37122.031250,0.703125
37122.765625,0.734375
37123.593750,0.828125
37124.421875,0.828125
37125.203125,0.781250
37125.937500,0.734375
37126.703125,0.765625
37127.453125,0.750000
37128.171875,0.718750
37128.906250,0.734375
37129.640625,0.734375
37130.328125,0.687500
37131.031250,0.703125
37131.765625,0.734375
37132.484375,0.718750
37133.171875,0.687500
37133.906250,0.734375
37134.656250,0.750000
37135.468750,0.812500
37136.234375,0.765625
37137.015625,0.781250
37137.812500,0.796875
37138.562500,0.750000
37139.312500,0.750000
37140.062500,0.750000
37140.843750,0.781250
37141.656250,0.812500
37142.500000,0.843750
37153.390625,0.750000
37154.109375,0.718750
37154.796875,0.687500
37155.468750,0.671875
37156.125000,0.656250
37156.828125,0.703125
37157.671875,0.843750
37158.468750,0.796875
37159.281250,0.812500
37160.078125,0.796875
37160.890625,0.812500
37161.640625,0.750000
37162.437500,0.796875
37163.265625,0.828125
37164.078125,0.812500
37164.843750,0.765625
37165.625000,0.781250
37166.390625,0.765625
37167.156250,0.765625
37167.906250,0.750000
37168.656250,0.750000
37169.375000,0.718750
37170.093750,0.718750
37170.812500,0.718750
37171.531250,0.718750
37172.265625,0.734375
37172.984375,0.718750
37208.875000,0.734375
37209.593750,0.718750
37210.328125,0.734375
37211.046875,0.718750
37211.796875,0.750000
37212.609375,0.812500
37213.437500,0.828125
37214.250000,0.812500
37215.078125,0.828125
37215.875000,0.796875
37216.718750,0.843750
37217.562500,0.843750
37218.390625,0.828125
37219.171875,0.781250
37219.937500,0.765625
37220.734375,0.796875
37221.578125,0.843750
37222.406250,0.828125
37223.171875,0.765625
37223.937500,0.765625
37224.671875,0.734375
37225.421875,0.750000
37226.171875,0.750000
37226.890625,0.718750
37227.593750,0.703125
37228.296875,0.703125
37229.015625,0.718750
37229.734375,0.718750
37230.453125,0.718750
37231.218750,0.765625
37232.015625,0.796875
37232.796875,0.781250
37241.968750,0.781250
37242.718750,0.750000
37243.453125,0.734375
37244.156250,0.703125
37244.859375,0.703125
37245.578125,0.718750
37246.250000,0.671875
37246.953125,0.703125
37247.656250,0.703125
37248.375000,0.718750
37249.093750,0.718750
37249.828125,0.734375
37250.593750,0.765625
37251.390625,0.796875
37252.156250,0.765625
37252.937500,0.781250
37253.734375,0.796875
37254.484375,0.750000
37255.218750,0.734375
37255.921875,0.703125
37256.671875,0.750000
37257.515625,0.843750
37258.406250,0.890625
37259.234375,0.828125
37260.000000,0.765625
37260.765625,0.765625
37261.515625,0.750000
37262.234375,0.718750
37262.921875,0.687500
37263.609375,0.687500
37264.296875,0.687500
37264.953125,0.656250
37265.656250,0.703125
37266.406250,0.750000
37267.125000,0.718750
37267.890625,0.765625
37268.640625,0.750000
37269.390625,0.750000
37270.140625,0.750000
37270.859375,0.718750
37271.562500,0.703125
37272.296875,0.734375
37273.062500,0.765625
37273.796875,0.734375
37274.546875,0.750000
37275.296875,0.750000
37276.046875,0.750000
37276.781250,0.734375
37277.484375,0.703125
37278.187500,0.703125
37278.875000,0.687500
37279.562500,0.687500
37280.265625,0.703125
37280.984375,0.718750
37281.734375,0.750000
37282.484375,0.750000
37283.203125,0.718750
37283.937500,0.734375
37284.687500,0.750000
37285.406250,0.718750
37286.140625,0.734375
37286.890625,0.750000
37287.687500,0.796875
37288.468750,0.781250
37289.250000,0.781250
37290.015625,0.765625
37290.750000,0.734375
37291.500000,0.750000
37292.250000,0.750000
37293.031250,0.781250
37293.796875,0.765625
37294.546875,0.750000
37295.234375,0.687500
37295.921875,0.687500
37296.625000,0.703125
37297.296875,0.671875
37297.984375,0.687500
37298.687500,0.703125
37299.437500,0.750000
37300.234375,0.796875
37301.046875,0.812500
37301.796875,0.750000
37302.562500,0.765625
37303.343750,0.781250
37304.093750,0.750000
37304.859375,0.765625
37305.656250,0.796875
37306.421875,0.765625
37307.203125,0.781250
37307.953125,0.750000
37308.687500,0.734375
37309.453125,0.765625
37310.234375,0.781250
37311.031250,0.796875
37311.828125,0.796875
37312.593750,0.765625
37313.328125,0.734375
37314.046875,0.718750
37314.765625,0.718750
37315.484375,0.718750
37316.187500,0.703125
37316.921875,0.734375
37317.625000,0.703125
37318.359375,0.734375
37319.109375,0.750000
37319.875000,0.765625
37320.609375,0.734375
37321.375000,0.765625
37322.187500,0.812500
37328.765625,0.687500
37329.437500,0.671875
37330.140625,0.703125
37336.531250,0.781250
37337.250000,0.718750
37337.968750,0.718750
37338.656250,0.687500
37339.375000,0.718750
37340.140625,0.765625
37340.937500,0.796875
37341.750000,0.812500
37342.500000,0.750000
37343.265625,0.765625
37344.015625,0.750000
37344.750000,0.734375
37345.546875,0.796875
37346.312500,0.765625
37347.109375,0.796875
37347.859375,0.750000
37348.546875,0.687500
37349.265625,0.718750
37349.968750,0.703125
37350.703125,0.734375
37351.437500,0.734375
37352.187500,0.750000
37353.000000,0.812500
37353.765625,0.765625
37354.531250,0.765625
37355.265625,0.734375
37356.000000,0.734375
37356.734375,0.734375
37357.437500,0.703125
37358.156250,0.718750
37358.859375,0.703125
37372.953125,0.718750
37373.656250,0.703125
37374.328125,0.671875
37375.031250,0.703125
37375.718750,0.687500
37376.421875,0.703125
37377.140625,0.718750
37377.875000,0.734375
37378.562500,0.687500
37379.265625,0.703125
37380.000000,0.734375
37380.812500,0.812500
37381.640625,0.828125
37382.437500,0.796875
37383.218750,0.781250
37384.031250,0.812500
37384.812500,0.781250
37385.578125,0.765625
37386.328125,0.750000
37387.093750,0.765625
37387.875000,0.781250
37388.687500,0.812500
37389.468750,0.781250
37390.234375,0.765625
37390.953125,0.718750
37391.625000,0.671875
37392.312500,0.687500
37392.984375,0.671875
37393.734375,0.750000
37394.546875,0.812500
37395.343750,0.796875
37396.062500,0.718750
37396.781250,0.718750
37397.484375,0.703125
37398.203125,0.718750
37398.890625,0.687500
37399.578125,0.687500
37400.312500,0.734375
37401.031250,0.718750
37401.734375,0.703125
37402.484375,0.750000
37403.250000,0.765625
37404.046875,0.796875
37404.812500,0.765625
37405.562500,0.750000
37406.296875,0.734375
37407.015625,0.718750
37407.750000,0.734375
37408.484375,0.734375
37409.203125,0.718750
37409.890625,0.687500
37410.578125,0.687500
37411.265625,0.687500
37411.953125,0.687500
37412.671875,0.718750
37413.359375,0.687500
37414.062500,0.703125
37414.765625,0.703125
37415.515625,0.750000
37416.203125,0.687500
37416.906250,0.703125
37417.625000,0.718750
37418.359375,0.734375
37419.062500,0.703125
37419.750000,0.687500
37420.437500,0.687500
37421.109375,0.671875
37421.796875,0.687500
37422.468750,0.671875
37423.171875,0.703125
37423.890625,0.718750
37424.625000,0.734375
37425.343750,0.718750
37426.031250,0.687500
37426.734375,0.703125
37427.453125,0.718750
37428.234375,0.781250
37429.046875,0.812500
37429.828125,0.781250
37430.578125,0.750000
37431.343750,0.765625
37454.390625,0.718750
37455.109375,0.718750
37455.859375,0.750000
37456.625000,0.765625
37457.390625,0.765625
37458.187500,0.796875
37458.953125,0.765625
37459.718750,0.765625
37460.468750,0.750000
37461.203125,0.734375
37461.921875,0.718750
37462.656250,0.734375
37463.390625,0.734375
37464.125000,0.734375
37464.875000,0.750000
37465.578125,0.703125
37466.312500,0.734375
37467.046875,0.734375
37467.765625,0.718750
37468.468750,0.703125
37469.218750,0.750000
37470.015625,0.796875
37470.812500,0.796875
37471.593750,0.781250
37472.375000,0.781250
37481.046875,0.781250
37491.234375,0.828125
37492.046875,0.812500
37492.812500,0.765625
37493.562500,0.750000
37494.312500,0.750000
37495.062500,0.750000
37495.812500,0.750000
37496.562500,0.750000
37497.296875,0.734375
37498.062500,0.765625
37498.843750,0.781250
37499.625000,0.781250
37500.406250,0.781250
37501.156250,0.750000
37501.906250,0.750000
37502.625000,0.718750
37503.312500,0.687500
37504.015625,0.703125
37504.718750,0.703125
37505.437500,0.718750
37506.171875,0.734375
37506.937500,0.765625
37507.687500,0.750000
37508.421875,0.734375
37509.156250,0.734375
37509.890625,0.734375
37510.625000,0.734375
37511.328125,0.703125
37512.000000,0.671875
37512.687500,0.687500
37513.359375,0.671875
37514.000000,0.640625
37514.687500,0.687500
37515.390625,0.703125
37516.156250,0.765625
37516.875000,0.718750
37517.640625,0.765625
37518.421875,0.781250
37519.234375,0.812500
37519.968750,0.734375
37520.718750,0.750000
37528.640625,0.671875
37529.296875,0.656250
37529.953125,0.656250
37530.609375,0.656250
37531.296875,0.687500
37532.031250,0.734375
37532.828125,0.796875
37533.578125,0.750000
37534.390625,0.812500
37535.218750,0.828125
37536.031250,0.812500
37536.812500,0.781250
37537.609375,0.796875
37538.406250,0.796875
37539.218750,0.812500
37540.062500,0.843750
37540.890625,0.828125
37541.703125,0.812500
37542.515625,0.812500
37543.328125,0.812500
37544.187500,0.859375
37545.015625,0.828125
37545.812500,0.796875
37546.625000,0.812500
37547.468750,0.843750
37548.265625,0.796875
37549.046875,0.781250
37549.828125,0.781250
37550.609375,0.781250
37551.375000,0.765625
37552.109375,0.734375
37552.859375,0.750000
37553.625000,0.765625
37554.406250,0.781250
37555.125000,0.718750
37555.859375,0.734375
37556.609375,0.750000
37557.406250,0.796875
37558.187500,0.781250
37558.937500,0.750000
37559.656250,0.718750
37560.421875,0.765625
37561.156250,0.734375
37561.906250,0.750000
37562.687500,0.781250
37563.468750,0.781250
37564.250000,0.781250
37565.062500,0.812500
37565.937500,0.875000
37566.781250,0.843750
37567.546875,0.765625
37568.343750,0.796875
37569.125000,0.781250
37569.921875,0.796875
37570.703125,0.781250
37571.453125,0.750000
37572.203125,0.750000
37572.968750,0.765625
37573.718750,0.750000
37574.453125,0.734375
37575.156250,0.703125
37575.859375,0.703125
37576.531250,0.671875
37577.218750,0.687500
37577.921875,0.703125
37578.703125,0.781250
37579.484375,0.781250
37580.234375,0.750000
37580.937500,0.703125
37581.640625,0.703125
37582.375000,0.734375
37583.109375,0.734375
37583.859375,0.750000
37584.593750,0.734375
37585.328125,0.734375
37586.046875,0.718750
37586.796875,0.750000
37587.562500,0.765625
37588.296875,0.734375
37589.031250,0.734375
37589.750000,0.718750
37590.453125,0.703125
37591.140625,0.687500
37591.859375,0.718750
37592.593750,0.734375
37593.328125,0.734375
37594.046875,0.718750
37594.750000,0.703125
37595.468750,0.718750
37596.187500,0.718750
37596.937500,0.750000
37597.656250,0.718750
37598.375000,0.718750
37599.093750,0.718750
37599.828125,0.734375
37600.593750,0.765625
37601.343750,0.750000
37602.062500,0.718750
37602.796875,0.734375
37603.562500,0.765625
37604.343750,0.781250
37605.125000,0.781250
37605.890625,0.765625
37606.640625,0.750000
37607.390625,0.750000
37608.140625,0.750000
37608.859375,0.718750
37609.593750,0.734375
37610.375000,0.781250
37611.140625,0.765625
37611.875000,0.734375
37612.625000,0.750000
37613.375000,0.750000
37614.187500,0.812500
37614.953125,0.765625
37615.671875,0.718750
37616.359375,0.687500
37617.062500,0.703125
37617.781250,0.718750
37618.562500,0.781250
37619.312500,0.750000
37620.031250,0.718750
37620.781250,0.750000
37621.531250,0.750000
37622.296875,0.765625
37623.078125,0.781250
37623.875000,0.796875
37624.625000,0.750000
37625.390625,0.765625
37626.171875,0.781250
37627.015625,0.843750
37627.859375,0.843750
37628.703125,0.843750
37629.515625,0.812500
37630.312500,0.796875
37631.078125,0.765625
37631.859375,0.781250
37632.578125,0.718750
37633.296875,0.718750
37634.046875,0.750000
37634.765625,0.718750
37635.500000,0.734375
37636.265625,0.765625
37637.046875,0.781250
37637.859375,0.812500
37638.640625,0.781250
37639.437500,0.796875
37640.187500,0.750000
37640.921875,0.734375
37641.625000,0.703125
37642.328125,0.703125
37643.015625,0.687500
37643.734375,0.718750
37644.515625,0.781250
37645.328125,0.812500
37646.109375,0.781250
37646.843750,0.734375
37647.578125,0.734375
37648.343750,0.765625
37649.156250,0.812500
37649.968750,0.812500
37650.781250,0.812500
37651.562500,0.781250
37652.312500,0.750000
37653.062500,0.750000
37653.734375,0.671875
37654.406250,0.671875
37655.093750,0.687500
37655.781250,0.687500
37656.500000,0.718750
37657.234375,0.734375
37657.968750,0.734375
37658.687500,0.718750
37659.406250,0.718750
37660.125000,0.718750
37660.812500,0.687500
37661.531250,0.718750
37662.203125,0.671875
37662.859375,0.656250
37663.515625,0.656250
37664.203125,0.687500
37664.906250,0.703125
37665.593750,0.687500
37666.312500,0.718750
37667.062500,0.750000
37667.828125,0.765625
37668.562500,0.734375
37669.250000,0.687500
37669.968750,0.718750
37670.718750,0.750000
37671.453125,0.734375
37672.171875,0.718750
37672.890625,0.718750
37673.609375,0.718750
37674.312500,0.703125
37675.015625,0.703125
37675.734375,0.718750
37676.484375,0.750000
37677.218750,0.734375
37677.937500,0.718750
37678.656250,0.718750
37679.328125,0.671875
37680.015625,0.687500
37680.703125,0.687500
37681.375000,0.671875
37682.078125,0.703125
37682.812500,0.734375
37683.562500,0.750000
37684.328125,0.765625
37685.046875,0.718750
37685.750000,0.703125
37686.468750,0.718750
37687.156250,0.687500
37687.843750,0.687500
37688.562500,0.718750
37689.343750,0.781250
37690.156250,0.812500
37690.968750,0.812500
37691.765625,0.796875
37692.546875,0.781250
37693.328125,0.781250
37694.093750,0.765625
37694.843750,0.750000
37695.562500,0.718750
37696.250000,0.687500
37696.953125,0.703125
37697.703125,0.750000
37698.515625,0.812500
37699.343750,0.828125
37700.140625,0.796875
37700.937500,0.796875
37701.703125,0.765625
37702.484375,0.781250
37703.234375,0.750000
37703.953125,0.718750
37704.640625,0.687500
37705.312500,0.671875
37706.046875,0.734375
37706.828125,0.781250
37707.656250,0.828125
37708.421875,0.765625
37709.171875,0.750000
37709.921875,0.750000
37710.687500,0.765625
37711.437500,0.750000
37712.140625,0.703125
37712.859375,0.718750
37713.609375,0.750000
37714.390625,0.781250
37715.218750,0.828125
37716.062500,0.843750
37716.890625,0.828125
37717.703125,0.812500
37718.421875,0.718750
37719.156250,0.734375
37719.906250,0.750000
37720.640625,0.734375
37721.375000,0.734375
37722.062500,0.687500
37722.765625,0.703125
37723.562500,0.796875
37747.671875,0.828125
37748.500000,0.828125
37749.328125,0.828125
37750.109375,0.781250
37750.875000,0.765625
37751.609375,0.734375
37752.312500,0.703125
37753.000000,0.687500
37753.671875,0.671875
37754.375000,0.703125
37755.140625,0.765625
37755.968750,0.828125
37756.750000,0.781250
37757.500000,0.750000
37758.281250,0.781250
37759.062500,0.781250
37759.859375,0.796875
37760.625000,0.765625
37761.359375,0.734375
37762.062500,0.703125
37762.781250,0.718750
37763.500000,0.718750
37764.234375,0.734375
37764.984375,0.750000
37765.734375,0.750000
37766.453125,0.718750
37767.218750,0.765625
37767.984375,0.765625
37768.750000,0.765625
37769.546875,0.796875
37770.359375,0.812500
37771.093750,0.734375
37771.875000,0.781250
37772.640625,0.765625
37773.406250,0.765625
37774.187500,0.781250
37774.968750,0.781250
37775.765625,0.796875
37776.500000,0.734375
37777.218750,0.718750
37777.906250,0.687500
37778.578125,0.671875
37779.218750,0.640625
37779.890625,0.671875
37780.593750,0.703125
37781.421875,0.828125
37782.312500,0.890625
37783.093750,0.781250
37783.843750,0.750000
37784.593750,0.750000
37785.375000,0.781250
37786.140625,0.765625
37786.890625,0.750000
37787.625000,0.734375
37788.343750,0.718750
37789.109375,0.765625
37789.875000,0.765625
37795.984375,0.796875
37796.734375,0.750000
37797.500000,0.765625
37798.296875,0.796875
37799.093750,0.796875
37799.875000,0.781250
37800.703125,0.828125
37801.531250,0.828125
37802.296875,0.765625
37803.109375,0.812500
37803.968750,0.859375
37804.781250,0.812500
37805.609375,0.828125
37806.453125,0.843750
37807.250000,0.796875
37808.078125,0.828125
37808.921875,0.843750
37809.734375,0.812500
37810.562500,0.828125
37811.375000,0.812500
37818.625000,0.703125
37819.390625,0.765625
37820.187500,0.796875
37821.031250,0.843750
37821.843750,0.812500
37822.609375,0.765625
37823.375000,0.765625
37824.109375,0.734375
37824.859375,0.750000
37852.890625,0.718750
37853.593750,0.703125
37854.296875,0.703125
37855.000000,0.703125
37855.656250,0.656250
37856.359375,0.703125
37857.078125,0.718750
37857.828125,0.750000
37858.562500,0.734375
37859.250000,0.687500
37859.968750,0.718750
37860.718750,0.750000
37861.484375,0.765625
37862.234375,0.750000
37862.968750,0.734375
37863.718750,0.750000
37864.453125,0.734375
37865.203125,0.750000
37865.953125,0.750000
37866.765625,0.812500
37867.546875,0.781250
37868.375000,0.828125
37869.234375,0.859375
37870.078125,0.843750
37870.921875,0.843750
37871.734375,0.812500
37877.406250,0.671875
37878.109375,0.703125
37878.781250,0.671875
37879.515625,0.734375
37880.281250,0.765625
37881.015625,0.734375
37881.781250,0.765625
37882.562500,0.781250
37883.343750,0.781250
37884.125000,0.781250
37884.859375,0.734375
37885.562500,0.703125
37886.265625,0.703125
37886.968750,0.703125
37924.296875,0.656250
37925.015625,0.718750
37925.718750,0.703125
37926.453125,0.734375
37927.140625,0.687500
37927.812500,0.671875
37928.468750,0.656250
37929.125000,0.656250
37929.765625,0.640625
37935.843750,0.718750
37936.546875,0.703125
37937.234375,0.687500
37937.937500,0.703125
37938.609375,0.671875
37939.296875,0.687500
37939.984375,0.687500
37940.640625,0.656250
37941.328125,0.687500
37942.015625,0.687500
37942.703125,0.687500
37943.375000,0.671875
37954.640625,0.703125
37955.343750,0.703125
37956.093750,0.750000
37956.796875,0.703125
37963.937500,0.703125
37964.656250,0.718750
37965.375000,0.718750
37966.093750,0.718750
37966.812500,0.718750
37967.562500,0.750000
37976.468750,0.656250
37977.156250,0.687500
37977.890625,0.734375
37978.703125,0.812500
37979.546875,0.843750
37980.343750,0.796875
37981.093750,0.750000
38005.750000,0.656250
38006.390625,0.640625
38007.062500,0.671875
38007.765625,0.703125
38008.562500,0.796875
38009.421875,0.859375
38010.312500,0.890625
38011.140625,0.828125
38011.890625,0.750000
38012.640625,0.750000
38013.375000,0.734375
38014.015625,0.640625
38023.218750,0.781250
38023.968750,0.750000
38024.734375,0.765625
38025.468750,0.734375
38026.171875,0.703125
38026.890625,0.718750
38057.046875,0.765625
38057.828125,0.781250
38058.625000,0.796875
38059.406250,0.781250
38060.156250,0.750000
38060.906250,0.750000
38061.625000,0.718750
38062.312500,0.687500
38062.984375,0.671875
38063.703125,0.718750
38064.437500,0.734375
38065.187500,0.750000
38065.906250,0.718750
38066.640625,0.734375
38067.390625,0.750000
38068.140625,0.750000
38068.859375,0.718750
38069.593750,0.734375
38070.343750,0.750000
38071.093750,0.750000
38071.843750,0.750000
38072.546875,0.703125
38073.265625,0.718750
38073.984375,0.718750
38074.687500,0.703125
38075.359375,0.671875
38076.062500,0.703125
38076.812500,0.750000
38077.593750,0.781250
38078.375000,0.781250
38079.140625,0.765625
38096.468750,0.734375
38097.187500,0.718750
38097.906250,0.718750
38098.671875,0.765625
38099.484375,0.812500
38124.781250,0.750000
38125.562500,0.781250
38126.312500,0.750000
38127.062500,0.750000
38127.828125,0.765625
38128.546875,0.718750
38129.250000,0.703125
38129.953125,0.703125
38130.703125,0.750000
38131.484375,0.781250
38132.265625,0.781250
38133.031250,0.765625
38133.796875,0.765625
38134.531250,0.734375
38135.265625,0.734375
38136.000000,0.734375
38136.718750,0.718750
38137.453125,0.734375
38138.140625,0.687500
38138.859375,0.718750
38139.593750,0.734375
38140.390625,0.796875
38141.171875,0.781250
38141.906250,0.734375
38142.656250,0.750000
38143.390625,0.734375
38154.406250,0.734375
38155.187500,0.781250
38155.937500,0.750000
38156.640625,0.703125
38157.359375,0.718750
38158.093750,0.734375
38158.781250,0.687500
38159.484375,0.703125
38160.218750,0.734375
38161.000000,0.781250
38161.812500,0.812500
38162.578125,0.765625
38163.390625,0.812500
38164.140625,0.750000
38164.875000,0.734375
38165.609375,0.734375
38175.125000,0.796875
38175.921875,0.796875
38176.750000,0.828125
38177.546875,0.796875
38178.328125,0.781250
38179.109375,0.781250
38179.859375,0.750000
38180.593750,0.734375
38181.343750,0.750000
38223.046875,0.781250
38245.406250,0.750000
38246.093750,0.687500
38246.796875,0.703125
38247.484375,0.687500
38248.171875,0.687500
38248.828125,0.656250
38249.500000,0.671875
38250.218750,0.718750
38250.921875,0.703125
38255.109375,0.859375
38255.953125,0.843750
38256.765625,0.812500
38257.484375,0.718750
38258.250000,0.765625
38258.921875,0.671875
38259.609375,0.687500
38260.281250,0.671875
38261.000000,0.718750
38261.765625,0.765625
38262.531250,0.765625
38263.328125,0.796875
38264.156250,0.828125
38264.968750,0.812500
38265.765625,0.796875
38266.609375,0.843750
38267.421875,0.812500
38268.250000,0.828125
38269.031250,0.781250
38269.812500,0.781250
38270.593750,0.781250
38271.406250,0.812500
38272.281250,0.875000
38273.125000,0.843750
38273.968750,0.843750
38274.843750,0.875000
38275.640625,0.796875
38276.406250,0.765625
38277.140625,0.734375
38277.906250,0.765625
38278.734375,0.828125
38279.640625,0.906250
38280.593750,0.953125
38281.515625,0.921875
38282.437500,0.921875
38283.265625,0.828125
38284.078125,0.812500
38284.843750,0.765625
38285.609375,0.765625
38286.390625,0.781250
38287.203125,0.812500
38288.046875,0.843750
38288.875000,0.828125
38289.703125,0.828125
38290.484375,0.781250
38291.265625,0.781250
38292.062500,0.796875
38292.937500,0.875000
38293.828125,0.890625
38294.671875,0.843750
38295.531250,0.859375
38296.421875,0.890625
38297.265625,0.843750
38298.109375,0.843750
38298.937500,0.828125
38299.765625,0.828125
38300.562500,0.796875
38301.359375,0.796875
38302.140625,0.781250
38302.890625,0.750000
38303.671875,0.781250
38304.437500,0.765625
38305.187500,0.750000
38305.921875,0.734375
38306.640625,0.718750
38307.343750,0.703125
38308.062500,0.718750
38308.765625,0.703125
38309.453125,0.687500
38310.156250,0.703125
38310.875000,0.718750
38311.609375,0.734375
38312.359375,0.750000
38313.125000,0.765625
38313.968750,0.843750
38314.781250,0.812500
38315.593750,0.812500
38316.421875,0.828125
38317.250000,0.828125
38318.031250,0.781250
38318.796875,0.765625
38319.546875,0.750000
38320.312500,0.765625
38321.062500,0.750000
38321.812500,0.750000
38322.578125,0.765625
38323.343750,0.765625
38324.093750,0.750000
38324.843750,0.750000
38325.578125,0.734375
38326.265625,0.687500
38326.984375,0.718750
38335.843750,0.796875
38336.609375,0.765625
38337.406250,0.796875
38346.828125,0.859375
38347.640625,0.812500
38348.453125,0.812500
38349.218750,0.765625
38349.968750,0.750000
38350.750000,0.781250
38351.562500,0.812500
38352.343750,0.781250
38353.078125,0.734375
38353.828125,0.750000
38354.625000,0.796875
38355.421875,0.796875
38356.203125,0.781250
38356.937500,0.734375
38357.718750,0.781250
38358.468750,0.750000
38359.281250,0.812500
38360.078125,0.796875
38360.859375,0.781250
38361.609375,0.750000
38362.359375,0.750000
38363.125000,0.765625
38363.921875,0.796875
38364.687500,0.765625
38365.484375,0.796875
38366.296875,0.812500
38367.093750,0.796875
38367.859375,0.765625
38368.640625,0.781250
38369.406250,0.765625
38370.140625,0.734375
38370.906250,0.765625
38371.656250,0.750000
38372.390625,0.734375
38373.109375,0.718750
38373.828125,0.718750
38374.515625,0.687500
38375.218750,0.703125
38375.890625,0.671875
38376.578125,0.687500
38377.265625,0.687500
38377.953125,0.687500
38378.671875,0.718750
38379.390625,0.718750
38380.093750,0.703125
38380.843750,0.750000
38381.625000,0.781250
38382.406250,0.781250
38383.187500,0.781250
38383.968750,0.781250
38384.750000,0.781250
38385.484375,0.734375
38386.234375,0.750000
38386.984375,0.750000
38387.718750,0.734375
38388.453125,0.734375
38389.203125,0.750000
38389.968750,0.765625
38390.687500,0.718750
38391.406250,0.718750
38392.109375,0.703125
38392.812500,0.703125
38393.515625,0.703125
38394.218750,0.703125
38394.921875,0.703125
38395.625000,0.703125
38396.390625,0.765625
38397.140625,0.750000
38397.859375,0.718750
38398.593750,0.734375
38399.296875,0.703125
38399.984375,0.687500
38400.703125,0.718750
38401.437500,0.734375
38402.140625,0.703125
38402.859375,0.718750
38403.515625,0.656250
38404.296875,0.781250
38405.093750,0.796875
38405.953125,0.859375
38406.812500,0.859375
38407.656250,0.843750
38408.468750,0.812500
38409.281250,0.812500
38410.078125,0.796875
38410.859375,0.781250
38411.609375,0.750000
38412.375000,0.765625
38413.187500,0.812500
38413.984375,0.796875
38414.781250,0.796875
38424.984375,0.781250
38425.734375,0.750000
38426.453125,0.718750
38427.171875,0.718750
38427.890625,0.718750
38435.000000,0.796875
38435.828125,0.828125
38436.687500,0.859375
38437.531250,0.843750
38438.359375,0.828125
38439.125000,0.765625
38439.875000,0.750000
38440.609375,0.734375
38441.359375,0.750000
38442.078125,0.718750
38442.812500,0.734375
38443.609375,0.796875
38444.453125,0.843750
38445.296875,0.843750
38446.062500,0.765625
38446.812500,0.750000
38447.531250,0.718750
38448.234375,0.703125
38448.937500,0.703125
38449.656250,0.718750
38450.375000,0.718750
38451.093750,0.718750
38451.781250,0.687500
38452.484375,0.703125
38453.218750,0.734375
38454.000000,0.781250
38454.750000,0.750000
38455.531250,0.781250
38456.328125,0.796875
38457.093750,0.765625
38457.843750,0.750000
38458.562500,0.718750
38459.250000,0.687500
38459.937500,0.687500
38460.640625,0.703125
38461.343750,0.703125
38462.078125,0.734375
38462.781250,0.703125
38463.531250,0.750000
38464.343750,0.812500
38465.296875,0.953125
38466.203125,0.906250
38467.031250,0.828125
38467.843750,0.812500
38468.687500,0.843750
38469.500000,0.812500
38470.281250,0.781250
38471.078125,0.796875
38471.921875,0.843750
38472.765625,0.843750
38473.625000,0.859375
38474.468750,0.843750
38475.343750,0.875000
38476.203125,0.859375
38477.062500,0.859375
38477.875000,0.812500
38478.703125,0.828125
38479.515625,0.812500
38480.328125,0.812500
38481.078125,0.750000
38481.796875,0.718750
38482.500000,0.703125
38483.265625,0.765625
38484.140625,0.875000
38485.000000,0.859375
38485.781250,0.781250
38486.578125,0.796875
38487.375000,0.796875
38488.140625,0.765625
38488.890625,0.750000
38489.640625,0.750000
38490.406250,0.765625
38491.171875,0.765625
38491.968750,0.796875
38492.812500,0.843750
38499.421875,0.765625
38500.234375,0.812500
38501.031250,0.796875
38501.812500,0.781250
38502.593750,0.781250
38503.390625,0.796875
38504.156250,0.765625
38504.953125,0.796875
38505.750000,0.796875
38506.562500,0.812500
38507.359375,0.796875
38508.171875,0.812500
38509.000000,0.828125
38509.796875,0.796875
38510.609375,0.812500
38511.421875,0.812500
38512.234375,0.812500
38513.031250,0.796875
38513.859375,0.828125
38514.671875,0.812500
38515.468750,0.796875
38516.250000,0.781250
38517.015625,0.765625
38517.781250,0.765625
38518.484375,0.703125
38519.187500,0.703125
38519.921875,0.734375
38520.656250,0.734375
38521.421875,0.765625
38522.218750,0.796875
38523.062500,0.843750
38523.828125,0.765625
38524.593750,0.765625
38525.343750,0.750000
38526.078125,0.734375
38526.781250,0.703125
38527.484375,0.703125
38528.203125,0.718750
38528.906250,0.703125
38529.609375,0.703125
38530.328125,0.718750
38531.046875,0.718750
38531.750000,0.703125
38532.484375,0.734375
38533.218750,0.734375
38534.015625,0.796875
38534.781250,0.765625
38535.531250,0.750000
38536.296875,0.765625
38537.078125,0.781250
38537.843750,0.765625
38538.562500,0.718750
38539.312500,0.750000
38540.046875,0.734375
38540.796875,0.750000
38541.515625,0.718750
38542.234375,0.718750
38542.906250,0.671875
38543.578125,0.671875
38544.250000,0.671875
38544.875000,0.625000
38545.531250,0.656250
38546.203125,0.671875
38546.937500,0.734375
38547.718750,0.781250
38548.484375,0.765625
38549.234375,0.750000
38549.953125,0.718750
38550.671875,0.718750
38551.406250,0.734375
38552.140625,0.734375
38552.828125,0.687500
38553.515625,0.687500
38554.187500,0.671875
38554.906250,0.718750
38555.609375,0.703125
38556.343750,0.734375
38557.156250,0.812500
38558.015625,0.859375
38558.843750,0.828125
38559.640625,0.796875
38560.453125,0.812500
38561.234375,0.781250
38561.953125,0.718750
38562.687500,0.734375
38563.437500,0.750000
38564.156250,0.718750
38564.843750,0.687500
38565.546875,0.703125
38566.234375,0.687500
38566.937500,0.703125
38567.640625,0.703125
38568.390625,0.750000
38569.187500,0.796875
38569.984375,0.796875
38570.750000,0.765625
38571.515625,0.765625
38572.312500,0.796875
38573.093750,0.781250
38573.890625,0.796875
38574.703125,0.812500
38575.515625,0.812500
38576.296875,0.781250
38577.046875,0.750000
38577.843750,0.796875
38578.703125,0.859375
38579.578125,0.875000
38580.406250,0.828125
38581.250000,0.843750
38582.093750,0.843750
38582.921875,0.828125
38583.718750,0.796875
38584.500000,0.781250
38585.281250,0.781250
38589.156250,0.796875
38589.937500,0.781250
38590.781250,0.843750
38591.625000,0.843750
38592.484375,0.859375
38593.312500,0.828125
38594.140625,0.828125
38594.984375,0.843750
38595.812500,0.828125
38596.578125,0.765625
38597.359375,0.781250
38598.140625,0.781250
38598.906250,0.765625
38599.656250,0.750000
38600.406250,0.750000
38601.171875,0.765625
38601.921875,0.750000
38602.703125,0.781250
38603.437500,0.734375
38604.171875,0.734375
38604.875000,0.703125
38605.562500,0.687500
38606.250000,0.687500
38606.921875,0.671875
38607.578125,0.656250
38608.234375,0.656250
38608.906250,0.671875
38609.687500,0.781250
38610.562500,0.875000
38611.406250,0.843750
38612.171875,0.765625
38612.968750,0.796875
38613.765625,0.796875
38614.531250,0.765625
38615.265625,0.734375
38616.000000,0.734375
38616.750000,0.750000
38617.500000,0.750000
38618.250000,0.750000
38618.968750,0.718750
38619.656250,0.687500
38620.343750,0.687500
38621.015625,0.671875
38621.703125,0.687500
38622.406250,0.703125
38647.078125,0.828125
38647.906250,0.828125
38648.687500,0.781250
38649.453125,0.765625
38650.218750,0.765625
38650.968750,0.750000
38651.750000,0.781250
38652.562500,0.812500
38653.359375,0.796875
38660.750000,0.687500
38661.437500,0.687500
38662.125000,0.687500
38662.843750,0.718750
38663.578125,0.734375
38664.312500,0.734375
38665.046875,0.734375
38665.765625,0.718750
38666.484375,0.718750
38667.218750,0.734375
38667.953125,0.734375
38668.671875,0.718750
38676.687500,0.765625
38677.500000,0.812500
38678.265625,0.765625
38678.875000,0.609375
38682.828125,0.734375
38683.578125,0.750000
38684.312500,0.734375
38685.031250,0.718750
38685.750000,0.718750
38686.500000,0.750000
38687.281250,0.781250
38688.062500,0.781250
38688.796875,0.734375
38689.593750,0.796875
38690.406250,0.812500
38691.218750,0.812500
38715.546875,0.734375
38716.296875,0.750000
38717.109375,0.812500
38717.921875,0.812500
38718.734375,0.812500
38719.515625,0.781250
38720.281250,0.765625
38721.031250,0.750000
38721.812500,0.781250
38722.625000,0.812500
38723.484375,0.859375
38724.343750,0.859375
38725.187500,0.843750
38726.000000,0.812500
38726.812500,0.812500
38727.625000,0.812500
38728.375000,0.750000
38729.109375,0.734375
38729.859375,0.750000
38730.656250,0.796875
38731.531250,0.875000
38732.359375,0.828125
38733.171875,0.812500
38733.968750,0.796875
38734.718750,0.750000
38735.468750,0.750000
38736.187500,0.718750
38736.875000,0.687500
38737.562500,0.687500
38738.265625,0.703125
38739.015625,0.750000
38739.828125,0.812500
38740.640625,0.812500
38741.390625,0.750000
38742.125000,0.734375
38742.859375,0.734375
38743.562500,0.703125
38744.281250,0.718750
38745.000000,0.718750
38745.671875,0.671875
38746.343750,0.671875
38747.015625,0.671875
38747.734375,0.718750
38748.468750,0.734375
38749.203125,0.734375
38749.968750,0.765625
38750.718750,0.750000
38751.437500,0.718750
38752.109375,0.671875
38752.781250,0.671875
38753.468750,0.687500
38754.140625,0.671875
38754.843750,0.703125
38755.500000,0.656250
38756.187500,0.687500
38756.890625,0.703125
38757.625000,0.734375
38758.390625,0.765625
38759.125000,0.734375
38759.828125,0.703125
38760.546875,0.718750
38761.296875,0.750000
38762.046875,0.750000
38762.781250,0.734375
38763.515625,0.734375
38764.250000,0.734375
38764.953125,0.703125
38765.656250,0.703125
38766.343750,0.687500
38767.015625,0.671875
38767.656250,0.640625
38768.312500,0.656250
38769.031250,0.718750
38769.828125,0.796875
38770.640625,0.812500
38771.421875,0.781250
38772.156250,0.734375
38772.875000,0.718750
38773.609375,0.734375
38774.343750,0.734375
38775.078125,0.734375
38775.781250,0.703125
38776.468750,0.687500
38777.171875,0.703125
38777.859375,0.687500
38778.531250,0.671875
38779.203125,0.671875
38779.906250,0.703125
38780.578125,0.671875
38781.250000,0.671875
38781.937500,0.687500
38782.640625,0.703125
38783.375000,0.734375
38784.156250,0.781250
38784.921875,0.765625
38785.640625,0.718750
38786.375000,0.734375
38787.109375,0.734375
38787.843750,0.734375
38788.578125,0.734375
38789.312500,0.734375
38790.031250,0.718750
38790.734375,0.703125
38791.421875,0.687500
38792.109375,0.687500
38792.796875,0.687500
38793.500000,0.703125
38794.171875,0.671875
38794.875000,0.703125
38795.625000,0.750000
38796.453125,0.828125
38797.296875,0.843750
38798.156250,0.859375
38799.015625,0.859375
38799.875000,0.859375
38800.703125,0.828125
38801.484375,0.781250
38802.234375,0.750000
38802.984375,0.750000
38803.734375,0.750000
38804.500000,0.765625
38805.281250,0.781250
38806.031250,0.750000
38806.750000,0.718750
38807.484375,0.734375
38808.265625,0.781250
38809.125000,0.859375
38809.984375,0.859375
38810.812500,0.828125
38811.609375,0.796875
38812.375000,0.765625
38813.140625,0.765625
38813.906250,0.765625
38814.687500,0.781250
38815.468750,0.781250
38816.250000,0.781250
38817.031250,0.781250
38817.812500,0.781250
38818.562500,0.750000
38819.265625,0.703125
38820.031250,0.765625
38820.843750,0.812500
38821.718750,0.875000
38822.593750,0.875000
38823.453125,0.859375
38824.281250,0.828125
38825.062500,0.781250
38825.843750,0.781250
38826.593750,0.750000
38827.375000,0.781250
38828.156250,0.781250
38828.953125,0.796875
38829.765625,0.812500
38830.578125,0.812500
38831.406250,0.828125
38832.187500,0.781250
38832.953125,0.765625
38833.734375,0.781250
38834.531250,0.796875
38835.312500,0.781250
38836.093750,0.781250
38836.890625,0.796875
38837.671875,0.781250
38838.437500,0.765625
38844.421875,0.734375
38845.171875,0.750000
38845.906250,0.734375
38846.640625,0.734375
38847.343750,0.703125
38854.015625,0.796875
38854.796875,0.781250
38855.515625,0.718750
38856.265625,0.750000
38857.000000,0.734375
38857.781250,0.781250
38858.578125,0.796875
38859.359375,0.781250
38860.093750,0.734375
38860.828125,0.734375
38861.562500,0.734375
38862.328125,0.765625
38863.078125,0.750000
38863.812500,0.734375
38864.531250,0.718750
38865.281250,0.750000
38866.046875,0.765625
38866.812500,0.765625
38867.625000,0.812500
38868.468750,0.843750
38869.281250,0.812500
38870.046875,0.765625
38870.843750,0.796875
38871.625000,0.781250
38872.390625,0.765625
38873.156250,0.765625
38873.906250,0.750000
38874.656250,0.750000
38875.421875,0.765625
38876.218750,0.796875
38877.000000,0.781250
38877.734375,0.734375
38878.500000,0.765625
38879.265625,0.765625
38880.046875,0.781250
38880.812500,0.765625
38881.578125,0.765625
38882.375000,0.796875
38883.187500,0.812500
38883.953125,0.765625
38884.718750,0.765625
38885.484375,0.765625
38886.265625,0.781250
38887.031250,0.765625
38887.812500,0.781250
38888.609375,0.796875
38889.359375,0.750000
38890.125000,0.765625
38890.875000,0.750000
38891.640625,0.765625
38892.375000,0.734375
38893.078125,0.703125
38893.765625,0.687500
38894.500000,0.734375
38895.234375,0.734375
38895.953125,0.718750
38896.703125,0.750000
38897.484375,0.781250
38898.218750,0.734375
38898.968750,0.750000
38899.718750,0.750000
38900.500000,0.781250
38901.265625,0.765625
38902.015625,0.750000
38902.781250,0.765625
38903.562500,0.781250
38904.343750,0.781250
38905.125000,0.781250
38905.906250,0.781250
38906.671875,0.765625
38907.453125,0.781250
38908.234375,0.781250
38909.000000,0.765625
38909.765625,0.765625
38910.531250,0.765625
38911.312500,0.781250
38912.062500,0.750000
38912.796875,0.734375
38913.546875,0.750000
38914.281250,0.734375
38915.015625,0.734375
38915.765625,0.750000
38916.515625,0.750000
38917.281250,0.765625
38918.046875,0.765625
38918.812500,0.765625
38919.609375,0.796875
38920.375000,0.765625
38921.156250,0.781250
38921.937500,0.781250
38922.687500,0.750000
38923.437500,0.750000
38924.203125,0.765625
38924.953125,0.750000
38925.671875,0.718750
38926.375000,0.703125
38927.062500,0.687500
38927.750000,0.687500
38928.453125,0.703125
38929.156250,0.703125
38929.859375,0.703125
38930.578125,0.718750
38931.312500,0.734375
38932.046875,0.734375
38932.765625,0.718750
38933.500000,0.734375
38934.250000,0.750000
38934.953125,0.703125
38935.656250,0.703125
38936.359375,0.703125
38937.078125,0.718750
38937.781250,0.703125
38938.468750,0.687500
38939.187500,0.718750
38939.921875,0.734375
38940.656250,0.734375
38941.406250,0.750000
38942.140625,0.734375
38942.921875,0.781250
38943.671875,0.750000
38944.437500,0.765625
38945.203125,0.765625
38945.984375,0.781250
38946.718750,0.734375
38947.484375,0.765625
38948.250000,0.765625
38949.046875,0.796875
38949.812500,0.765625
38950.578125,0.765625
38951.359375,0.781250
38952.109375,0.750000
38952.859375,0.750000
38953.625000,0.765625
38954.406250,0.781250
38955.156250,0.750000
38955.937500,0.781250
38956.703125,0.765625
38957.453125,0.750000
38958.203125,0.750000
38958.968750,0.765625
38959.734375,0.765625
38960.484375,0.750000
38961.203125,0.718750
38961.937500,0.734375
38962.750000,0.812500
38963.593750,0.843750
38964.421875,0.828125
38965.218750,0.796875
38965.984375,0.765625
38966.750000,0.765625
38967.562500,0.812500
38968.343750,0.781250
38969.078125,0.734375
38969.828125,0.750000
38970.609375,0.781250
38971.421875,0.812500
38972.218750,0.796875
38973.046875,0.828125
38973.843750,0.796875
38974.656250,0.812500
38975.453125,0.796875
38976.265625,0.812500
38977.078125,0.812500
38977.953125,0.875000
38978.859375,0.906250
38979.703125,0.843750
38980.531250,0.828125
38981.390625,0.859375
38982.265625,0.875000
38983.125000,0.859375
38983.937500,0.812500
38984.750000,0.812500
38985.546875,0.796875
38986.312500,0.765625
38987.062500,0.750000
38987.812500,0.750000
38988.562500,0.750000
38989.296875,0.734375
38990.015625,0.718750
38990.703125,0.687500
38991.375000,0.671875
38992.046875,0.671875
38992.765625,0.718750
38993.515625,0.750000
38994.265625,0.750000
38995.015625,0.750000
38995.765625,0.750000
38996.578125,0.812500
38997.406250,0.828125
38998.203125,0.796875
38998.984375,0.781250
38999.734375,0.750000
39000.437500,0.703125
39001.109375,0.671875
39001.796875,0.687500
39002.500000,0.703125
39003.234375,0.734375
39004.000000,0.765625
39004.781250,0.781250
39005.562500,0.781250
39006.296875,0.734375
39007.015625,0.718750
39007.765625,0.750000
39008.531250,0.765625
39009.328125,0.796875
39010.171875,0.843750
39010.953125,0.781250
39011.671875,0.718750
39012.406250,0.734375
39013.140625,0.734375
39013.890625,0.750000
39014.656250,0.765625
39015.406250,0.750000
39016.187500,0.781250
39017.078125,0.890625
39017.953125,0.875000
39018.812500,0.859375
39019.640625,0.828125
39020.437500,0.796875
39021.171875,0.734375
39021.906250,0.734375
39022.609375,0.703125
39023.312500,0.703125
39024.015625,0.703125
39024.718750,0.703125
39025.437500,0.718750
39036.750000,0.718750
39037.468750,0.718750
39038.218750,0.750000
39038.953125,0.734375
39039.640625,0.687500
39040.375000,0.734375
39041.078125,0.703125
39041.875000,0.796875
39042.671875,0.796875
39043.453125,0.781250
39044.250000,0.796875
39045.078125,0.828125
39045.843750,0.765625
39046.593750,0.750000
39047.328125,0.734375
39048.062500,0.734375
39048.828125,0.765625
39049.671875,0.843750
39050.531250,0.859375
39051.375000,0.843750
39052.187500,0.812500
39052.984375,0.796875
39053.781250,0.796875
39054.531250,0.750000
39055.265625,0.734375
39055.968750,0.703125
39056.703125,0.734375
39057.546875,0.843750
39058.437500,0.890625
39059.265625,0.828125
39060.078125,0.812500
39060.875000,0.796875
39061.703125,0.828125
39062.437500,0.734375
39063.156250,0.718750
39063.859375,0.703125
39064.531250,0.671875
39065.203125,0.671875
39065.937500,0.734375
39066.796875,0.859375
39067.609375,0.812500
39068.453125,0.843750
39069.375000,0.921875
39070.281250,0.906250
39071.171875,0.890625
39071.968750,0.796875
39072.750000,0.781250
39073.546875,0.796875
39074.359375,0.812500
39075.078125,0.718750
39075.843750,0.765625
39076.640625,0.796875
39077.437500,0.796875
39078.281250,0.843750
39079.125000,0.843750
39079.968750,0.843750
39080.734375,0.765625
39081.468750,0.734375
39082.187500,0.718750
39082.921875,0.734375
39083.671875,0.750000
39084.515625,0.843750
39085.437500,0.921875
39086.265625,0.828125
39087.140625,0.875000
39088.015625,0.875000
39088.875000,0.859375
39089.718750,0.843750
39090.546875,0.828125
39091.328125,0.781250
39092.093750,0.765625
39092.828125,0.734375
39096.875000,0.687500
39097.671875,0.796875
39098.453125,0.781250
39099.250000,0.796875
39100.062500,0.812500
39100.875000,0.812500
39101.640625,0.765625
39102.390625,0.750000
39103.109375,0.718750
39103.796875,0.687500
39104.484375,0.687500
39105.187500,0.703125
39105.921875,0.734375
39106.703125,0.781250
39107.531250,0.828125
39108.390625,0.859375
39109.203125,0.812500
39110.062500,0.859375
39110.953125,0.890625
39111.843750,0.890625
39112.656250,0.812500
39113.421875,0.765625
39114.156250,0.734375
39114.859375,0.703125
39115.562500,0.703125
39116.312500,0.750000
39117.078125,0.765625
39117.812500,0.734375
39118.578125,0.765625
39119.328125,0.750000
39120.078125,0.750000
39120.812500,0.734375
39121.562500,0.750000
39122.296875,0.734375
39123.000000,0.703125
39123.718750,0.718750
39124.406250,0.687500
39125.093750,0.687500
39125.765625,0.671875
39126.421875,0.656250
39127.062500,0.640625
39127.718750,0.656250
39128.375000,0.656250
39129.031250,0.656250
39129.687500,0.656250
39130.359375,0.671875
39131.031250,0.671875
39131.703125,0.671875
39132.390625,0.687500
39133.078125,0.687500
39133.796875,0.718750
39134.546875,0.750000
39135.296875,0.750000
39136.046875,0.750000
39136.796875,0.750000
39137.562500,0.765625
39138.328125,0.765625
39139.046875,0.718750
39139.750000,0.703125
39140.453125,0.703125
39141.171875,0.718750
39141.906250,0.734375
39142.640625,0.734375
39143.375000,0.734375
39144.125000,0.750000
39144.890625,0.765625
39145.640625,0.750000
39146.406250,0.765625
39147.171875,0.765625
39147.921875,0.750000
39148.656250,0.734375
39149.390625,0.734375
39150.109375,0.718750
39150.828125,0.718750
39151.546875,0.718750
39152.265625,0.718750
39152.968750,0.703125
39153.687500,0.718750
39154.421875,0.734375
39155.187500,0.765625
39155.937500,0.750000
39156.703125,0.765625
39157.484375,0.781250
39158.250000,0.765625
39159.000000,0.750000
39159.765625,0.765625
39160.500000,0.734375
39161.203125,0.703125
39161.906250,0.703125
39162.609375,0.703125
39163.328125,0.718750
39164.046875,0.718750
39164.718750,0.671875
39165.421875,0.703125
39166.125000,0.703125
39166.812500,0.687500
39167.515625,0.703125
39168.203125,0.687500
39168.906250,0.703125
39169.593750,0.687500
39170.265625,0.671875
39170.968750,0.703125
39171.703125,0.734375
39172.453125,0.750000
39173.171875,0.718750
39173.875000,0.703125
39174.593750,0.718750
39175.296875,0.703125
39176.000000,0.703125
39176.703125,0.703125
39177.375000,0.671875
39178.046875,0.671875
39178.718750,0.671875
39179.421875,0.703125
39180.109375,0.687500
39180.812500,0.703125
39181.484375,0.671875
39182.187500,0.703125
39182.890625,0.703125
39183.609375,0.718750
39184.359375,0.750000
39185.062500,0.703125
39185.765625,0.703125
39186.484375,0.718750
39187.218750,0.734375
39187.921875,0.703125
39188.640625,0.718750
39189.359375,0.718750
39190.125000,0.765625
39190.875000,0.750000
39191.640625,0.765625
39192.421875,0.781250
39193.203125,0.781250
39193.984375,0.781250
39194.734375,0.750000
39195.453125,0.718750
39196.171875,0.718750
39196.906250,0.734375
39197.593750,0.687500
39198.328125,0.734375
39199.078125,0.750000
39199.890625,0.812500
39200.656250,0.765625
39201.437500,0.781250
39202.187500,0.750000
39202.953125,0.765625
39203.718750,0.765625
39204.515625,0.796875
39205.312500,0.796875
39206.093750,0.781250
39206.828125,0.734375
39207.531250,0.703125
39208.265625,0.734375
39209.015625,0.750000
39209.843750,0.828125
39210.671875,0.828125
39211.500000,0.828125
39212.281250,0.781250
39213.046875,0.765625
39213.812500,0.765625
39214.593750,0.781250
39215.406250,0.812500
39216.203125,0.796875
39216.953125,0.750000
39217.718750,0.765625
39218.468750,0.750000
39219.203125,0.734375
39219.953125,0.750000
39220.734375,0.781250
39221.546875,0.812500
39222.343750,0.796875
39223.187500,0.843750
39224.031250,0.843750
39224.859375,0.828125
39225.671875,0.812500
39226.500000,0.828125
39227.359375,0.859375
39228.218750,0.859375
39229.015625,0.796875
39229.812500,0.796875
39230.609375,0.796875
39231.406250,0.796875
39232.218750,0.812500
39233.109375,0.890625
39234.015625,0.906250
39234.906250,0.890625
39235.796875,0.890625
39236.750000,0.953125
39237.640625,0.890625
39238.515625,0.875000
39239.375000,0.859375
39240.187500,0.812500
39241.000000,0.812500
39241.812500,0.812500
39242.640625,0.828125
39243.453125,0.812500
39244.281250,0.828125
39245.062500,0.781250
39245.796875,0.734375
39246.531250,0.734375
39247.281250,0.750000
39248.031250,0.750000
39248.828125,0.796875
39249.640625,0.812500
39250.484375,0.843750
39251.375000,0.890625
39252.234375,0.859375
39253.125000,0.890625
39253.968750,0.843750
39254.796875,0.828125
39255.640625,0.843750
39256.437500,0.796875
39257.203125,0.765625
39257.984375,0.781250
39258.781250,0.796875
39259.625000,0.843750
39260.468750,0.843750
39261.296875,0.828125
39262.109375,0.812500
39262.906250,0.796875
39263.687500,0.781250
39264.437500,0.750000
39265.156250,0.718750
39265.875000,0.718750
39266.578125,0.703125
39267.343750,0.765625
39268.203125,0.859375
39269.078125,0.875000
39269.921875,0.843750
39270.703125,0.781250
39271.484375,0.781250
39272.234375,0.750000
39272.968750,0.734375
39273.703125,0.734375
39274.437500,0.734375
39275.156250,0.718750
39275.875000,0.718750
39276.609375,0.734375
39277.359375,0.750000
39278.156250,0.796875
39278.984375,0.828125
39279.781250,0.796875
39280.531250,0.750000
39281.265625,0.734375
39282.031250,0.765625
39282.812500,0.781250
39283.609375,0.796875
39284.359375,0.750000
39285.125000,0.765625
39285.906250,0.781250
39286.703125,0.796875
39287.531250,0.828125
39288.375000,0.843750
39289.203125,0.828125
39289.984375,0.781250
39290.750000,0.765625
39291.562500,0.812500
39292.375000,0.812500
39293.187500,0.812500
39293.968750,0.781250
39294.765625,0.796875
39295.578125,0.812500
39296.421875,0.843750
39297.281250,0.859375
39298.125000,0.843750
39298.906250,0.781250
39299.671875,0.765625
39300.406250,0.734375
39301.156250,0.750000
39301.921875,0.765625
39302.765625,0.843750
39303.656250,0.890625
39304.546875,0.890625
39305.421875,0.875000
39306.281250,0.859375
39307.125000,0.843750
39307.890625,0.765625
39308.640625,0.750000
39309.375000,0.734375
39310.125000,0.750000
39310.921875,0.796875
39311.734375,0.812500
39312.546875,0.812500
39313.312500,0.765625
39314.078125,0.765625
39314.859375,0.781250
39315.640625,0.781250
39316.406250,0.765625
39317.187500,0.781250
39318.015625,0.828125
39318.859375,0.843750
39319.656250,0.796875
39320.437500,0.781250
39321.250000,0.812500
39322.046875,0.796875
39322.859375,0.812500
39323.640625,0.781250
39324.421875,0.781250
39325.171875,0.750000
39325.906250,0.734375
39326.593750,0.687500
39346.937500,0.671875
39347.656250,0.718750
39348.406250,0.750000
39349.187500,0.781250
39349.984375,0.796875
39350.781250,0.796875
39351.546875,0.765625
39352.296875,0.750000
39353.062500,0.765625
39353.843750,0.781250
39354.640625,0.796875
39361.390625,0.734375
39362.203125,0.812500
39363.125000,0.921875
39364.015625,0.890625
39364.859375,0.843750
39365.625000,0.765625
39366.359375,0.734375
39367.109375,0.750000
39367.843750,0.734375
39368.562500,0.718750
39369.312500,0.750000
39370.031250,0.718750
39370.765625,0.734375
39371.515625,0.750000
39372.343750,0.828125
39373.187500,0.843750
39374.015625,0.828125
39374.843750,0.828125
39375.640625,0.796875
39376.437500,0.796875
39386.156250,0.734375
39386.890625,0.734375
39387.578125,0.687500
39388.250000,0.671875
39388.968750,0.718750
39389.718750,0.750000
39390.546875,0.828125
39406.109375,0.703125
39406.843750,0.734375
39407.562500,0.718750
39408.265625,0.703125
39408.968750,0.703125
39409.687500,0.718750
39410.375000,0.687500
39411.046875,0.671875
39411.750000,0.703125
39412.421875,0.671875
39420.140625,0.796875
39420.921875,0.781250
39421.640625,0.718750
39422.359375,0.718750
39423.078125,0.718750
39423.796875,0.718750
39424.531250,0.734375
39425.250000,0.718750
39425.984375,0.734375
39426.687500,0.703125
39427.390625,0.703125
39428.125000,0.734375
39428.875000,0.750000
39429.640625,0.765625
39430.421875,0.781250
39431.140625,0.718750
39431.875000,0.734375
39432.625000,0.750000
39433.390625,0.765625
39434.156250,0.765625
39434.921875,0.765625
39435.671875,0.750000
39436.406250,0.734375
39437.109375,0.703125
39437.828125,0.718750
39438.500000,0.671875
39439.156250,0.656250
39439.828125,0.671875
39440.500000,0.671875
39441.234375,0.734375
39442.062500,0.828125
39448.109375,0.656250
39448.796875,0.687500
39449.500000,0.703125
39450.250000,0.750000
39451.062500,0.812500
39451.859375,0.796875
39452.656250,0.796875
39453.437500,0.781250
39454.203125,0.765625
39454.921875,0.718750
39455.625000,0.703125
39456.328125,0.703125
39457.062500,0.734375
39457.812500,0.750000
39458.578125,0.765625
39459.296875,0.718750
39460.046875,0.750000
39460.781250,0.734375
39461.484375,0.703125
39462.171875,0.687500
39462.875000,0.703125
39463.593750,0.718750
39464.359375,0.765625
39465.125000,0.765625
39465.890625,0.765625
39466.625000,0.734375
39467.375000,0.750000
39468.093750,0.718750
39468.781250,0.687500
39469.500000,0.718750
39470.218750,0.718750
39470.984375,0.765625
39471.781250,0.796875
39472.625000,0.843750
39473.359375,0.734375
39474.078125,0.718750
39474.765625,0.687500
39475.453125,0.687500
39476.125000,0.671875
39476.812500,0.687500
39477.484375,0.671875
39478.203125,0.718750
39478.921875,0.718750
39479.687500,0.765625
39480.390625,0.703125
39481.109375,0.718750
39481.859375,0.750000
39482.609375,0.750000
39531.750000,0.875000
39532.625000,0.875000
39533.437500,0.812500
39534.187500,0.750000
39534.906250,0.718750
39535.640625,0.734375
39536.453125,0.812500
39537.281250,0.828125
39538.078125,0.796875
39538.843750,0.765625
39539.562500,0.718750
39540.343750,0.781250
39541.171875,0.828125
39542.093750,0.921875
39542.968750,0.875000
39543.765625,0.796875
39544.562500,0.796875
39545.390625,0.828125
39546.187500,0.796875
39546.984375,0.796875
39547.750000,0.765625
39548.500000,0.750000
39549.250000,0.750000
39549.968750,0.718750
39550.687500,0.718750
39551.468750,0.781250
39552.406250,0.937500
39553.406250,1.000000
39554.359375,0.953125
39555.234375,0.875000
39556.125000,0.890625
39557.000000,0.875000
39557.859375,0.859375
39558.703125,0.843750
39559.531250,0.828125
39560.343750,0.812500
39561.140625,0.796875
39561.906250,0.765625
39562.640625,0.734375
39563.359375,0.718750
39564.062500,0.703125
39564.812500,0.750000
39565.640625,0.828125
39566.484375,0.843750
39567.265625,0.781250
39568.125000,0.859375
39569.031250,0.906250
39569.921875,0.890625
39570.781250,0.859375
39571.625000,0.843750
39572.453125,0.828125
39573.218750,0.765625
39574.000000,0.781250
39574.765625,0.765625
39575.578125,0.812500
39576.328125,0.750000
39577.109375,0.781250
39577.906250,0.796875
39578.734375,0.828125
39579.609375,0.875000
39580.421875,0.812500
39581.203125,0.781250
39581.984375,0.781250
39582.781250,0.796875
39583.562500,0.781250
39584.375000,0.812500
39585.171875,0.796875
39585.953125,0.781250
39586.687500,0.734375
39587.406250,0.718750
39588.125000,0.718750
39588.875000,0.750000
39589.640625,0.765625
39590.375000,0.734375
39591.125000,0.750000
39591.843750,0.718750
39592.578125,0.734375
39593.312500,0.734375
39594.046875,0.734375
39594.796875,0.750000
39595.562500,0.765625
39596.328125,0.765625
39597.062500,0.734375
39597.828125,0.765625
39598.609375,0.781250
39599.375000,0.765625
39600.156250,0.781250
39600.921875,0.765625
39601.734375,0.812500
39602.546875,0.812500
39603.343750,0.796875
39604.093750,0.750000
39604.859375,0.765625
39605.656250,0.796875
39606.437500,0.781250
39607.218750,0.781250
39608.015625,0.796875
39608.828125,0.812500
39609.593750,0.765625
39610.375000,0.781250
39611.171875,0.796875
39611.937500,0.765625
39612.687500,0.750000
39613.468750,0.781250
39614.265625,0.796875
39615.062500,0.796875
39615.828125,0.765625
39616.593750,0.765625
39617.375000,0.781250
39618.140625,0.765625
39618.906250,0.765625
39619.671875,0.765625
39620.468750,0.796875
39621.250000,0.781250
39622.046875,0.796875
39622.875000,0.828125
39623.656250,0.781250
39624.437500,0.781250
39625.203125,0.765625
39625.984375,0.781250
39626.718750,0.734375
39627.468750,0.750000
39628.203125,0.734375
39628.953125,0.750000
39629.703125,0.750000
39630.453125,0.750000
39631.218750,0.765625
39632.000000,0.781250
39632.750000,0.750000
39633.531250,0.781250
39634.328125,0.796875
39635.078125,0.750000
39635.828125,0.750000
39636.578125,0.750000
39637.328125,0.750000
39638.062500,0.734375
39638.812500,0.750000
39639.562500,0.750000
39640.312500,0.750000
39641.062500,0.750000
39641.859375,0.796875
39642.718750,0.859375
39643.546875,0.828125
39644.343750,0.796875
39645.171875,0.828125
39645.984375,0.812500
39646.765625,0.781250
39672.437500,0.718750
39673.140625,0.703125
39673.843750,0.703125
39674.578125,0.734375
39675.406250,0.828125
39676.218750,0.812500
39677.031250,0.812500
39677.875000,0.843750
39678.734375,0.859375
39679.609375,0.875000
39680.421875,0.812500
39681.218750,0.796875
39681.968750,0.750000
39682.703125,0.734375
39693.671875,0.687500
39694.375000,0.703125
39695.109375,0.734375
39695.937500,0.828125
39696.843750,0.906250
39697.687500,0.843750
39698.500000,0.812500
39699.312500,0.812500
39700.125000,0.812500
39700.921875,0.796875
39701.703125,0.781250
39702.500000,0.796875
39703.328125,0.828125
39704.171875,0.843750
39705.000000,0.828125
39705.796875,0.796875
39706.546875,0.750000
39707.296875,0.750000
39708.046875,0.750000
39708.828125,0.781250
39709.609375,0.781250
39728.203125,0.703125
39728.953125,0.750000
39729.703125,0.750000
39730.500000,0.796875
39731.328125,0.828125
39732.156250,0.828125
39733.015625,0.859375
39733.859375,0.843750
39740.390625,0.859375
39741.234375,0.843750
39742.031250,0.796875
39742.828125,0.796875
39743.609375,0.781250
39744.406250,0.796875
39745.187500,0.781250
39745.953125,0.765625
39746.687500,0.734375
39747.453125,0.765625
39766.343750,0.750000
39810.593750,0.703125
39811.281250,0.687500
39838.656250,0.796875
39839.406250,0.750000
39840.171875,0.765625
39840.953125,0.781250
39841.734375,0.781250
39842.531250,0.796875
39859.593750,0.750000
39860.375000,0.781250
39861.171875,0.796875
39861.953125,0.781250
39862.703125,0.750000
39863.437500,0.734375
39864.187500,0.750000
39864.921875,0.734375
39865.687500,0.765625
39866.484375,0.796875
39867.296875,0.812500
39868.093750,0.796875
39868.890625,0.796875
39875.671875,0.703125
39876.437500,0.765625
39877.250000,0.812500
39878.062500,0.812500
39878.859375,0.796875
39879.671875,0.812500
39880.515625,0.843750
39881.312500,0.796875
39882.140625,0.828125
39883.031250,0.890625
39899.796875,0.796875
39900.578125,0.781250
39901.328125,0.750000
39911.453125,0.750000
39912.171875,0.718750
39912.953125,0.781250
39913.750000,0.796875
39914.500000,0.750000
39915.296875,0.796875
39916.093750,0.796875
39916.875000,0.781250
39917.640625,0.765625
39918.421875,0.781250
39919.171875,0.750000
39919.921875,0.750000
39920.687500,0.765625
39934.921875,0.828125
39935.781250,0.859375
39936.640625,0.859375
39937.500000,0.859375
39938.281250,0.781250
39939.140625,0.859375
39957.812500,0.671875
39958.531250,0.718750
39959.250000,0.718750
39960.062500,0.812500
39960.859375,0.796875
39961.609375,0.750000
39962.375000,0.765625
39963.125000,0.750000
39963.859375,0.734375
39964.578125,0.718750
39965.265625,0.687500
39966.031250,0.765625
39966.781250,0.750000
39967.562500,0.781250
39968.359375,0.796875
39969.156250,0.796875
39969.968750,0.812500
39970.796875,0.828125
39971.625000,0.828125
39972.421875,0.796875
39973.140625,0.718750
39973.890625,0.750000
39974.656250,0.765625
39975.453125,0.796875
39976.187500,0.734375
39982.625000,0.750000
39983.359375,0.734375
39984.078125,0.718750
39990.687500,0.859375
39991.484375,0.796875
39992.234375,0.750000
39992.968750,0.734375
39993.671875,0.703125
39994.375000,0.703125
39995.062500,0.687500
39995.875000,0.812500
39996.687500,0.812500
39997.421875,0.734375
39998.218750,0.796875
39999.062500,0.843750
39999.937500,0.875000
40000.765625,0.828125
40001.562500,0.796875
40002.375000,0.812500
40003.140625,0.765625
40003.890625,0.750000
40004.656250,0.765625
40005.453125,0.796875
40006.187500,0.734375
40006.937500,0.750000
40007.718750,0.781250
40008.515625,0.796875
40009.343750,0.828125
40010.156250,0.812500
40010.921875,0.765625
40011.703125,0.781250
40012.437500,0.734375
40013.125000,0.687500
40013.812500,0.687500
40035.015625,0.906250
40035.937500,0.921875
40036.765625,0.828125
40037.593750,0.828125
40038.421875,0.828125
40039.187500,0.765625
40039.953125,0.765625
40040.718750,0.765625
40041.578125,0.859375
40042.421875,0.843750
40043.203125,0.781250
40063.390625,0.796875
40064.140625,0.750000
40064.890625,0.750000
40065.640625,0.750000
40066.421875,0.781250
40067.187500,0.765625
40067.968750,0.781250
40068.765625,0.796875
40069.546875,0.781250
40070.343750,0.796875
40071.171875,0.828125
40071.953125,0.781250
40072.703125,0.750000
40073.484375,0.781250
40074.265625,0.781250
40075.031250,0.765625
40075.765625,0.734375
40076.468750,0.703125
40077.203125,0.734375
40078.000000,0.796875
40078.875000,0.875000
40079.828125,0.953125
40080.765625,0.937500
40081.640625,0.875000
40082.546875,0.906250
40083.375000,0.828125
40090.625000,0.765625
40091.390625,0.765625
40092.171875,0.781250
40092.968750,0.796875
40093.718750,0.750000
40094.375000,0.656250
40098.640625,0.734375
40099.343750,0.703125
40100.031250,0.687500
40100.718750,0.687500
40101.406250,0.687500
40102.093750,0.687500
40102.781250,0.687500
40103.484375,0.703125
40104.171875,0.687500
40104.906250,0.734375
40105.656250,0.750000
40106.437500,0.781250
40107.265625,0.828125
40108.140625,0.875000
40108.968750,0.828125
40109.828125,0.859375
40110.687500,0.859375
40111.484375,0.796875
40112.281250,0.796875
40113.093750,0.812500
40113.890625,0.796875
40114.656250,0.765625
40115.421875,0.765625
40116.171875,0.750000
40116.906250,0.734375
40117.640625,0.734375
40118.343750,0.703125
40119.046875,0.703125
40119.796875,0.750000
40120.531250,0.734375
40121.281250,0.750000
40122.062500,0.781250
40122.843750,0.781250
40123.609375,0.765625
40124.375000,0.765625
40125.140625,0.765625
40125.921875,0.781250
40126.671875,0.750000
40127.453125,0.781250
40128.265625,0.812500
40154.734375,0.718750
40155.453125,0.718750
40193.890625,0.687500
40194.562500,0.671875
40195.234375,0.671875
40221.375000,0.687500
40222.031250,0.656250
40222.703125,0.671875
40223.421875,0.718750
40224.203125,0.781250
40225.015625,0.812500
40225.796875,0.781250
40226.546875,0.750000
40227.312500,0.765625
40228.093750,0.781250
40228.875000,0.781250
40229.656250,0.781250
40230.453125,0.796875
40255.125000,0.734375
40255.859375,0.734375
40256.593750,0.734375
40257.328125,0.734375
40258.062500,0.734375
40258.796875,0.734375
40278.640625,0.750000
40279.375000,0.734375
40280.125000,0.750000
40280.875000,0.750000
40281.609375,0.734375
40282.375000,0.765625
40283.156250,0.781250
40283.968750,0.812500
40284.781250,0.812500
40285.578125,0.796875
40286.437500,0.859375
40287.234375,0.796875
40288.031250,0.796875
40288.812500,0.781250
40289.609375,0.796875
40290.390625,0.781250
40291.140625,0.750000
40291.890625,0.750000
40292.671875,0.781250
40335.859375,0.750000
40336.625000,0.765625
40337.406250,0.781250
40338.218750,0.812500
40339.015625,0.796875
40339.781250,0.765625
40340.578125,0.796875
40341.375000,0.796875
40342.203125,0.828125
40342.984375,0.781250
40343.796875,0.812500
40344.640625,0.843750
40345.546875,0.906250
40346.390625,0.843750
40347.203125,0.812500
40348.015625,0.812500
40356.156250,0.875000
40356.953125,0.796875
40357.765625,0.812500
40358.562500,0.796875
40359.375000,0.812500
40360.140625,0.765625
40360.875000,0.734375
40361.593750,0.718750
40362.296875,0.703125
40363.046875,0.750000
40363.875000,0.828125
40364.718750,0.843750
40365.562500,0.843750
40366.406250,0.843750
40367.218750,0.812500
40367.984375,0.765625
40368.750000,0.765625
40369.500000,0.750000
40370.296875,0.796875
40371.062500,0.765625
40371.828125,0.765625
40372.609375,0.781250
40373.343750,0.734375
40374.109375,0.765625
40374.890625,0.781250
40375.687500,0.796875
40376.468750,0.781250
40377.250000,0.781250
40378.031250,0.781250
40378.796875,0.765625
40379.531250,0.734375
40380.234375,0.703125
40380.921875,0.687500
40381.640625,0.718750
40382.406250,0.765625
40383.187500,0.781250
40383.953125,0.765625
40390.578125,0.828125
40391.406250,0.828125
40392.187500,0.781250
40392.984375,0.796875
40393.812500,0.828125
40394.453125,0.640625
40395.140625,0.687500
40398.984375,0.734375
40399.734375,0.750000
40400.500000,0.765625
40401.265625,0.765625
40402.062500,0.796875
40402.859375,0.796875
40403.625000,0.765625
40404.390625,0.765625
40415.703125,0.812500
40416.468750,0.765625
40417.171875,0.703125
40417.906250,0.734375
40418.640625,0.734375
40419.406250,0.765625
40420.125000,0.718750
40420.859375,0.734375
40421.625000,0.765625
40422.468750,0.843750
40423.359375,0.890625
40424.203125,0.843750
40425.031250,0.828125
40425.750000,0.718750
40442.109375,0.687500
40442.937500,0.828125
40450.203125,0.734375
40450.937500,0.734375
40451.640625,0.703125
40452.359375,0.718750
40453.078125,0.718750
40453.828125,0.750000
40454.609375,0.781250
40455.359375,0.750000
40456.078125,0.718750
40456.828125,0.750000
40457.687500,0.859375
40458.625000,0.937500
40459.515625,0.890625
40460.375000,0.859375
40461.171875,0.796875
40461.937500,0.765625
40462.640625,0.703125
40468.796875,0.843750
40469.593750,0.796875
40470.390625,0.796875
40471.203125,0.812500
40472.078125,0.875000
40472.859375,0.781250
40473.656250,0.796875
40474.484375,0.828125
40475.328125,0.843750
40476.093750,0.765625
40476.875000,0.781250
40477.578125,0.703125
40488.125000,0.718750
40500.125000,0.640625
40500.781250,0.656250
40501.437500,0.656250
40502.093750,0.656250
40502.765625,0.671875
40503.421875,0.656250
40504.062500,0.640625
40504.718750,0.656250
40505.375000,0.656250
40506.031250,0.656250
40506.671875,0.640625
40507.312500,0.640625
40507.953125,0.640625
40508.593750,0.640625
40509.234375,0.640625
40509.921875,0.687500
40510.703125,0.781250
40511.609375,0.906250
40512.453125,0.843750
40513.234375,0.781250
40514.015625,0.781250
40514.781250,0.765625
40515.515625,0.734375
40516.187500,0.671875
40516.890625,0.703125
40517.609375,0.718750
40518.296875,0.687500
40518.968750,0.671875
40519.656250,0.687500
40520.406250,0.750000
40550.453125,0.671875
40551.109375,0.656250
40551.812500,0.703125
40552.609375,0.796875
40553.500000,0.890625
40554.375000,0.875000
40555.171875,0.796875
40555.984375,0.812500
40556.843750,0.859375
40557.671875,0.828125
40558.484375,0.812500
40559.281250,0.796875
40560.093750,0.812500
40560.921875,0.828125
40561.703125,0.781250
40562.484375,0.781250
40563.250000,0.765625
40564.031250,0.781250
40580.640625,0.828125
40581.421875,0.781250
40582.234375,0.812500
40583.062500,0.828125
40583.890625,0.828125
40584.703125,0.812500
40585.500000,0.796875
40586.265625,0.765625
40587.000000,0.734375
40587.687500,0.687500
40588.375000,0.687500
40589.062500,0.687500
40589.781250,0.718750
40590.546875,0.765625
40591.343750,0.796875
40592.078125,0.734375
40592.875000,0.796875
40593.734375,0.859375
40594.531250,0.796875
40595.375000,0.843750
40596.250000,0.875000
40597.156250,0.906250
40598.015625,0.859375
40598.812500,0.796875
40599.609375,0.796875
40600.437500,0.828125
40601.218750,0.781250
40602.000000,0.781250
40602.796875,0.796875
40603.609375,0.812500
40604.390625,0.781250
40605.203125,0.812500
40606.046875,0.843750
40606.875000,0.828125
40607.687500,0.812500
40608.484375,0.796875
40609.265625,0.781250
40610.046875,0.781250
40610.796875,0.750000
40611.500000,0.703125
40612.218750,0.718750
40612.921875,0.703125
40613.625000,0.703125
40614.343750,0.718750
40615.093750,0.750000
40615.828125,0.734375
40616.593750,0.765625
40617.421875,0.828125
40618.218750,0.796875
40619.031250,0.812500
40619.875000,0.843750
40632.171875,0.875000
40633.046875,0.875000
40633.937500,0.890625
40634.750000,0.812500
40635.578125,0.828125
40636.390625,0.812500
40637.171875,0.781250
40637.953125,0.781250
40638.750000,0.796875
40639.546875,0.796875
40640.265625,0.718750
40640.984375,0.718750
40641.734375,0.750000
40642.515625,0.781250
40643.296875,0.781250
40644.031250,0.734375
40658.125000,0.937500
40664.843750,0.687500
40665.500000,0.656250
40666.171875,0.671875
40666.859375,0.687500
40667.593750,0.734375
40668.406250,0.812500
40669.250000,0.843750
40670.093750,0.843750
40670.828125,0.734375
40671.593750,0.765625
40672.390625,0.796875
40673.296875,0.906250
40674.187500,0.890625
40675.031250,0.843750
40675.875000,0.843750
40676.625000,0.750000
40677.375000,0.750000
40678.140625,0.765625
40678.953125,0.812500
40679.828125,0.875000
40680.703125,0.875000
40681.562500,0.859375
40682.328125,0.765625
40683.109375,0.781250
40683.890625,0.781250
40684.671875,0.781250
40685.500000,0.828125
40686.296875,0.796875
40687.109375,0.812500
40687.906250,0.796875
40688.718750,0.812500
40689.531250,0.812500
40690.328125,0.796875
40691.093750,0.765625
40691.859375,0.765625
40692.609375,0.750000
40693.296875,0.687500
40693.984375,0.687500
40694.687500,0.703125
40695.437500,0.750000
40696.281250,0.843750
40697.078125,0.796875
40697.859375,0.781250
40698.687500,0.828125
40699.593750,0.906250
40700.531250,0.937500
40701.359375,0.828125
40702.187500,0.828125
40703.031250,0.843750
40703.875000,0.843750
40704.718750,0.843750
40705.562500,0.843750
40706.343750,0.781250
40707.093750,0.750000
40707.859375,0.765625
40708.546875,0.687500
40709.265625,0.718750
40710.015625,0.750000
40710.890625,0.875000
40711.796875,0.906250
40712.703125,0.906250
40713.562500,0.859375
40714.390625,0.828125
40715.156250,0.765625
40715.921875,0.765625
40716.687500,0.765625
40717.437500,0.750000
40718.187500,0.750000
40718.968750,0.781250
40719.812500,0.843750
40720.640625,0.828125
40721.406250,0.765625
40722.203125,0.796875
40723.015625,0.812500
40723.812500,0.796875
40724.546875,0.734375
40725.312500,0.765625
40726.078125,0.765625
40726.906250,0.828125
40727.671875,0.765625
40728.406250,0.734375
40729.187500,0.781250
40730.078125,0.890625
40731.015625,0.937500
40731.937500,0.921875
40732.796875,0.859375
40733.593750,0.796875
40734.343750,0.750000
40735.078125,0.734375
40735.796875,0.718750
40736.515625,0.718750
40737.218750,0.703125
40737.953125,0.734375
40738.703125,0.750000
40739.656250,0.953125
40740.687500,1.031250
40741.609375,0.921875
40742.453125,0.843750
40743.281250,0.828125
40744.109375,0.828125
40754.265625,0.781250
40755.062500,0.796875
40755.828125,0.765625
40756.578125,0.750000
40757.281250,0.703125
40768.937500,0.718750
40769.640625,0.703125
40770.343750,0.703125
40771.078125,0.734375
40771.859375,0.781250
40772.687500,0.828125
40773.531250,0.843750
40774.328125,0.796875
40775.109375,0.781250
40775.937500,0.828125
40776.828125,0.890625
40777.750000,0.921875
40814.531250,0.812500
40815.296875,0.765625
40816.031250,0.734375
40816.750000,0.718750
40817.515625,0.765625
40818.218750,0.703125
40818.937500,0.718750
40819.656250,0.718750
40820.500000,0.843750
40821.484375,0.984375
40822.406250,0.921875
40823.203125,0.796875
40823.984375,0.781250
40824.765625,0.781250
40825.609375,0.843750
40826.484375,0.875000
40827.406250,0.921875
40828.296875,0.890625
40937.828125,0.671875
40938.468750,0.640625
40939.093750,0.625000
40939.734375,0.640625
40940.359375,0.625000
40949.640625,0.656250
40950.312500,0.671875
40950.953125,0.640625
40951.609375,0.656250
40952.250000,0.640625
40952.890625,0.640625
40953.515625,0.625000
40954.125000,0.609375
40954.750000,0.625000
40955.359375,0.609375
40966.078125,0.687500
40966.750000,0.671875
40972.015625,0.687500
40972.734375,0.718750
40973.515625,0.781250
40974.312500,0.796875
40975.125000,0.812500
40975.906250,0.781250
40976.656250,0.750000
40977.390625,0.734375
40978.078125,0.687500
40978.750000,0.671875
40979.421875,0.671875
40980.093750,0.671875
40980.781250,0.687500
40981.468750,0.687500
40989.375000,0.671875
40990.109375,0.734375
40990.796875,0.687500
40991.468750,0.671875
40992.125000,0.656250
40992.781250,0.656250
40993.437500,0.656250
40994.062500,0.625000
40994.687500,0.625000
40995.312500,0.625000
40995.937500,0.625000
41019.281250,0.734375
41042.953125,0.703125
41188.328125,0.687500
41188.984375,0.656250
41189.625000,0.640625
41190.281250,0.656250
41190.968750,0.687500
41191.703125,0.734375
41192.421875,0.718750
41193.218750,0.796875
41194.046875,0.828125
41194.828125,0.781250
41195.671875,0.843750
41196.484375,0.812500
41197.234375,0.750000
41198.015625,0.781250
41198.796875,0.781250
41199.578125,0.781250
41206.078125,0.671875
41206.765625,0.687500
41212.609375,0.796875
41213.421875,0.812500
41214.140625,0.718750
41214.906250,0.765625
41215.656250,0.750000
41216.406250,0.750000
41217.171875,0.765625
41217.968750,0.796875
41218.750000,0.781250
41219.515625,0.765625
41239.828125,0.828125
41240.609375,0.781250
41241.406250,0.796875
41242.156250,0.750000
41242.875000,0.718750
41243.593750,0.718750
41244.312500,0.718750
41245.078125,0.765625
41245.796875,0.718750
41246.562500,0.765625
41247.343750,0.781250
41248.171875,0.828125
41248.968750,0.796875
41249.796875,0.828125
41250.625000,0.828125
41251.406250,0.781250
41252.187500,0.781250
41252.968750,0.781250
41253.734375,0.765625
41254.531250,0.796875
41255.328125,0.796875
41256.156250,0.828125
41256.984375,0.828125
41257.812500,0.828125
41258.687500,0.875000
41259.500000,0.812500
41260.296875,0.796875
41267.250000,0.734375
41267.937500,0.687500
41268.640625,0.703125
41269.375000,0.734375
41270.140625,0.765625
41270.921875,0.781250
41271.640625,0.718750
41272.343750,0.703125
41273.046875,0.703125
41273.781250,0.734375
41274.546875,0.765625
41285.000000,0.750000
41285.765625,0.765625
41286.546875,0.781250
41287.328125,0.781250
41288.140625,0.812500
41288.968750,0.828125
41289.750000,0.781250
41290.500000,0.750000
41291.250000,0.750000
41292.000000,0.750000
41292.734375,0.734375
41293.468750,0.734375
41294.234375,0.765625
41295.015625,0.781250
41295.781250,0.765625
41296.625000,0.843750
41297.453125,0.828125
41298.234375,0.781250
41299.015625,0.781250
41299.796875,0.781250
41300.578125,0.781250
41301.328125,0.750000
41302.109375,0.781250
41302.953125,0.843750
41303.765625,0.812500
41304.593750,0.828125
41305.421875,0.828125
41306.234375,0.812500
41307.015625,0.781250
41307.812500,0.796875
41308.609375,0.796875
41309.375000,0.765625
41310.125000,0.750000
41310.875000,0.750000
41311.593750,0.718750
41312.312500,0.718750
41313.046875,0.734375
41313.781250,0.734375
41314.500000,0.718750
41315.203125,0.703125
41315.890625,0.687500
41316.546875,0.656250
41317.250000,0.703125
41317.984375,0.734375
41318.703125,0.718750
41319.421875,0.718750
41320.156250,0.734375
41320.906250,0.750000
41321.656250,0.750000
41322.390625,0.734375
41323.140625,0.750000
41323.921875,0.781250
41324.687500,0.765625
41325.421875,0.734375
41326.171875,0.750000
41326.937500,0.765625
41327.671875,0.734375
41342.531250,0.781250
41343.312500,0.781250
41344.078125,0.765625
41344.875000,0.796875
41345.703125,0.828125
41346.484375,0.781250
41347.250000,0.765625
41348.031250,0.781250
41348.812500,0.781250
41349.562500,0.750000
41350.312500,0.750000
41351.078125,0.765625
41351.875000,0.796875
41352.656250,0.781250
41353.421875,0.765625
41354.203125,0.781250
41354.968750,0.765625
41355.734375,0.765625
41356.500000,0.765625
41357.281250,0.781250
41358.046875,0.765625
41358.781250,0.734375
41359.546875,0.765625
41360.296875,0.750000
41361.046875,0.750000
41361.796875,0.750000
41369.312500,0.765625
41370.093750,0.781250
41376.390625,0.765625
41377.171875,0.781250
41377.984375,0.812500
41378.781250,0.796875
41379.578125,0.796875
41380.375000,0.796875
41381.187500,0.812500
41381.984375,0.796875
41392.031250,0.750000
41392.812500,0.781250
41393.609375,0.796875
41394.375000,0.765625
41400.593750,0.750000
41401.359375,0.765625
41402.125000,0.765625
41402.890625,0.765625
41403.640625,0.750000
41404.390625,0.750000
41405.156250,0.765625
41405.937500,0.781250
41406.687500,0.750000
41407.421875,0.734375
41408.187500,0.765625
41408.953125,0.765625
41409.718750,0.765625
41410.468750,0.750000
41411.218750,0.750000
41411.984375,0.765625
41412.750000,0.765625
41413.484375,0.734375
41414.234375,0.750000
41415.000000,0.765625
41415.781250,0.781250
41416.531250,0.750000
41417.296875,0.765625
41423.796875,0.750000
41424.531250,0.734375
41425.281250,0.750000
41426.046875,0.765625
41426.843750,0.796875
41427.625000,0.781250
41428.437500,0.812500
41429.250000,0.812500
41430.031250,0.781250
41430.796875,0.765625
41431.562500,0.765625
41432.343750,0.781250
41433.078125,0.734375
41433.812500,0.734375
41434.562500,0.750000
41435.343750,0.781250
41436.109375,0.765625
41436.875000,0.765625
41437.656250,0.781250
41438.437500,0.781250
41439.203125,0.765625
41439.984375,0.781250
41440.765625,0.781250
41441.562500,0.796875
41442.359375,0.796875
41443.125000,0.765625
41443.906250,0.781250
41444.687500,0.781250
41445.468750,0.781250
41446.218750,0.750000
41446.968750,0.750000
41447.718750,0.750000
41448.468750,0.750000
41449.203125,0.734375
41449.984375,0.781250
41450.781250,0.796875
41451.578125,0.796875
41452.359375,0.781250
41453.156250,0.796875
41453.921875,0.765625
41462.937500,0.765625
41463.687500,0.750000
41464.453125,0.765625
41465.203125,0.750000
41465.968750,0.765625
41466.718750,0.750000
41467.484375,0.765625
41468.265625,0.781250
41469.078125,0.812500
41469.859375,0.781250
41470.656250,0.796875
41471.468750,0.812500
41472.281250,0.812500
41473.046875,0.765625
41473.828125,0.781250
41474.625000,0.796875
41475.390625,0.765625
41476.156250,0.765625
41476.921875,0.765625
41477.703125,0.781250
41478.484375,0.781250
41479.250000,0.765625
41480.031250,0.781250
41480.812500,0.781250
41481.562500,0.750000
41482.328125,0.765625
41483.093750,0.765625
41483.843750,0.750000
41484.562500,0.718750
41485.265625,0.703125
41485.937500,0.671875
41486.640625,0.703125
41487.375000,0.734375
41488.156250,0.781250
41488.906250,0.750000
41489.687500,0.781250
41490.500000,0.812500
41491.296875,0.796875
41492.078125,0.781250
41492.859375,0.781250
41493.671875,0.812500
41494.453125,0.781250
41495.234375,0.781250
41496.031250,0.796875
41496.828125,0.796875
41497.593750,0.765625
41498.343750,0.750000
41499.109375,0.765625
41499.875000,0.765625
41500.609375,0.734375
41501.343750,0.734375
41502.109375,0.765625
41502.875000,0.765625
41503.625000,0.750000
41504.390625,0.765625
41505.171875,0.781250
41505.953125,0.781250
41506.718750,0.765625
41507.515625,0.796875
41508.312500,0.796875
41509.093750,0.781250
41509.828125,0.734375
41510.609375,0.781250
41511.421875,0.812500
41512.250000,0.828125
41513.046875,0.796875
41513.812500,0.765625
41520.718750,0.750000
41521.453125,0.734375
41522.187500,0.734375
41522.890625,0.703125
41596.390625,0.640625
41597.062500,0.671875
41597.734375,0.671875
41598.406250,0.671875
41599.078125,0.671875
41599.781250,0.703125
41600.500000,0.718750
41601.187500,0.687500
41601.890625,0.703125
41602.578125,0.687500
41603.250000,0.671875
41603.906250,0.656250
41604.562500,0.656250
41605.234375,0.671875
41605.890625,0.656250
41606.546875,0.656250
41607.203125,0.656250
41607.859375,0.656250
41608.531250,0.671875
41609.218750,0.687500
41609.906250,0.687500
41610.562500,0.656250
41618.437500,0.703125
41619.062500,0.625000
41627.531250,0.656250
41628.187500,0.656250
41628.828125,0.640625
41640.250000,0.593750
41640.875000,0.625000
41641.468750,0.593750
41642.062500,0.593750
41642.687500,0.625000
41694.968750,0.640625
41695.593750,0.625000
41696.234375,0.640625
41696.890625,0.656250
41702.609375,0.593750
41703.265625,0.656250
41703.906250,0.640625
41704.562500,0.656250
41705.203125,0.640625
41705.812500,0.609375
41706.437500,0.625000
41707.093750,0.656250
41707.734375,0.640625
41708.390625,0.656250
41709.031250,0.640625
41709.687500,0.656250
41710.328125,0.640625
41710.968750,0.640625
41711.593750,0.625000
41712.218750,0.625000
41712.859375,0.640625
41713.484375,0.625000
41714.109375,0.625000
41714.781250,0.671875
41715.421875,0.640625
41716.078125,0.656250
41716.734375,0.656250
41717.375000,0.640625
41718.031250,0.656250
41718.703125,0.671875
41719.343750,0.640625
41719.984375,0.640625
41720.625000,0.640625
41721.234375,0.609375
41721.828125,0.593750
41722.453125,0.625000
41723.062500,0.609375
41723.703125,0.640625
41724.312500,0.609375
41724.953125,0.640625
41725.640625,0.687500
41726.328125,0.687500
41726.984375,0.656250
41727.640625,0.656250
41728.312500,0.671875
41728.968750,0.656250
41729.609375,0.640625
41730.250000,0.640625
41730.890625,0.640625
41731.515625,0.625000
41740.359375,0.687500
41741.046875,0.687500
41741.750000,0.703125
41742.468750,0.718750
41743.156250,0.687500
41743.781250,0.625000
41744.468750,0.687500
41745.187500,0.718750
41745.843750,0.656250
41799.062500,0.656250
41799.703125,0.640625
41800.343750,0.640625
41801.000000,0.656250
41801.671875,0.671875
41802.312500,0.640625
41802.937500,0.625000
41803.578125,0.640625
41804.187500,0.609375
41804.812500,0.625000
41805.453125,0.640625
41806.156250,0.703125
41806.828125,0.671875
41807.531250,0.703125
41808.265625,0.734375
41809.125000,0.859375
41870.750000,0.609375
41871.343750,0.593750
41871.937500,0.593750
41877.828125,0.640625
41890.359375,0.687500
41891.015625,0.656250
41891.750000,0.734375
41892.484375,0.734375
41893.203125,0.718750
41893.890625,0.687500
41894.593750,0.703125
41910.921875,0.640625
41911.546875,0.625000
41912.140625,0.593750
41912.750000,0.609375
41913.375000,0.625000
41913.984375,0.609375
41922.953125,0.640625
41923.578125,0.625000
41924.218750,0.640625
41924.875000,0.656250
41925.546875,0.671875
41973.578125,0.703125
41974.281250,0.703125
41975.015625,0.734375
41975.703125,0.687500
41976.375000,0.671875
41997.750000,0.640625
41998.390625,0.640625
41999.000000,0.609375
41999.593750,0.593750
42000.187500,0.593750
42000.796875,0.609375
42001.421875,0.625000
42002.109375,0.687500
42025.484375,0.718750
42026.250000,0.765625
42027.000000,0.750000
42027.703125,0.703125
42028.421875,0.718750
42029.156250,0.734375
42029.859375,0.703125
42039.765625,0.687500
42040.453125,0.687500
42041.125000,0.671875
42077.531250,0.671875
42149.234375,0.734375
42149.937500,0.703125
42150.609375,0.671875
42151.343750,0.734375
42151.906250,0.562500
42152.671875,0.765625
42153.406250,0.734375
42154.046875,0.640625
42154.593750,0.546875
42158.359375,0.703125
42159.062500,0.703125
42159.734375,0.671875
42203.250000,0.734375
42221.703125,0.703125
42222.453125,0.750000
42223.234375,0.781250
42224.000000,0.765625
42224.781250,0.781250
42225.593750,0.812500
42226.343750,0.750000
42227.062500,0.718750
42227.781250,0.718750
42228.515625,0.734375
42229.328125,0.812500
42230.156250,0.828125
42234.546875,0.734375
42235.265625,0.718750
42235.953125,0.687500
42236.609375,0.656250
42237.281250,0.671875
42237.953125,0.671875
42238.656250,0.703125
42239.250000,0.593750
42240.031250,0.781250
42240.734375,0.703125
42247.703125,0.765625
42248.468750,0.765625
42266.078125,0.687500
42266.796875,0.718750
42267.500000,0.703125
42268.218750,0.718750
42268.937500,0.718750
42269.640625,0.703125
42270.343750,0.703125
42271.031250,0.687500
42271.781250,0.750000
42272.515625,0.734375
42273.281250,0.765625
42316.218750,0.593750
42316.812500,0.593750
42317.390625,0.578125
